#airframe_info,log_version="1.00",log_content_version="1.02",product="GDU 460",aircraft_ident="N397EA",unit_software_part_number="006-B1727-37",software_version="9.41",system_id="60002CE0956A8",unit="PFD1",airframe_hours="778.5",engine_hours="439.1"
Date (yyyy-mm-dd),Time (hh:mm:ss),UTC Time (hh:mm:ss),UTC Offset (hh:mm),Latitude (deg),Longitude (deg),GPS Altitude (ft),GPS Fix Status,GPS Time of Week (sec),GPS Ground Speed (kt),GPS Ground Track (deg),GPS Velocity E (m/sec),GPS Velocity N (m/sec),GPS Velocity U (m/sec),Magnetic Heading (deg),GPS HFOM (ft),GPS VFOM (ft),GPS Sats,Pressure Altitude (ft),Baro Altitude (ft),Vertical Speed (ft/min),Indicated Airspeed (kt),True Airspeed (kt),Pitch (deg),Roll (deg),Lateral Acceleration (G),Normal Acceleration (G),AOA Cp,AOA,Selected Heading (deg),Selected Altitude (ft),Selected Vertical Speed (ft/min),Selected Airspeed (kt),Baro Setting (inch Hg),COM Frequency 1 (MHz),COM Frequency 2 (MHz),NAV Frequency 2 (MHz),Active Nav Source,Nav Annunciation,Nav Identifier,Nav Distance (nm),Nav Bearing (deg),Nav Course (deg),Nav Cross Track Distance (nm),Horizontal CDI Deflection,Horizontal CDI Full Scale (ft),Horizontal CDI Scale,Vertical CDI Deflection,Vertical CDI Full Scale (ft),VNAV CDI Deflection,VNAV Altitude (ft),Autopilot State,FD Lateral Mode,FD Vertical Mode,FD Roll Command (deg),FD Pitch Command (deg),FD Altitude (ft),AP Roll Command (deg),AP Pitch Command (deg),AP VS Command (ft/min),AP Altitude Command (ft),AP Roll Torque (%),AP Pitch Torque (%),Magnetic Variation (deg),Outside Air Temp (deg C),Density Altitude (ft),Height Above Ground (ft),Wind Speed (kt),Wind Direction (deg),AHRS/Mag 1 Status,SFD AHRS Status,Pitch Delta (deg),Roll Delta (deg),AHRS 1 Dev (%),SFD AHRS Dev (%),Network Status,Transponder Code,Transponder Mode,Manifold Press (inch Hg),RPM,Oil Press (PSI),Oil Temp (deg F),Fuel Qty (gal),Fuel Flow (gal/hour),Fuel Press (PSI),Elevator Trim,Coolant Temp 1 (deg F),Coolant Temp 2 (deg F),Volts,Amps,EGT1 (deg F),EGT2 (deg F),CAS Alert,Terrain Alert
Lcl Date,Lcl Time,UTC Time,UTCOfst,Latitude,Longitude,AltGPS,GPSfix,,GndSpd,TRK,GPSVelE,GPSVelN,GPSVelU,HDG,HFOM,VFOM,,AltP,AltInd,VSpd,IAS,TAS,Pitch,Roll,LatAc,NormAc,,AOA,SelHDG,SelALT,SelVSpd,SelIAS,Baro,COM1,COM2,NAV2,NavSrc,,NavIdent,NavDist,NavBrg,NavCRS,NavXTK,HCDI,,,VCDI,,VNAV CDI,VNAVAlt,,,,,,,,,,,,,MagVar,OAT,AltD,AGL,WndSpd,WndDr,,,,,,,,,,E1 MAP,E1 RPM,E1 OilP,E1 OilT,FQty1,E1 FFlow,E1 FPres,PTrim,,,Volts1,Amps1,E1 EGT1,E1 EGT2,,
2026-07-21,18:13:50,01:13:50,-07:00,+33.6365176,-116.1606889,305,3D-,263648.3,0.0,,0,0,0.00,,152,27609,5,85,-46,5,10.9,11,,,0.008,1.002,-0.279,,320,,,,29.78,123.000,121.500,116.200,VOR2,,TRM,,164,347,,+0.28,,,,,,,Powerup,,,,,,,,,,,,-10.8,42.4,3176,,,,081101F8 A33 A33 *,080197FF N19 D45,,,2,3,,1200,ALT,29.7,0,2,118,14,0.0,0.6,-4,119,118,13.1,-5,105,105,OIL PRESS,
2026-07-21,18:13:50,01:13:50,-07:00,+33.6365176,-116.1606889,305,3D-,263648.3,0.0,,0,0,0.00,,152,27609,5,85,-46,5,10.9,11,,,0.008,1.002,-0.279,,320,,,,29.78,123.000,121.500,116.200,VOR2,,TRM,,164,347,,+0.28,,,,,,,Powerup,,,,,,,,,,,,-10.8,42.4,3176,,,,081101F8 A33 A33 *,080197FF N19 D45,,,2,3,,1200,ALT,29.7,0,2,118,14,0.0,0.6,-4,119,118,13.1,-5,105,105,OIL PRESS,
2026-07-21,18:13:51,01:13:51,-07:00,+33.6365194,-116.1606815,310,3D-,263649.3,0.0,,0,0,0.00,,140,22903,5,85,-46,2,10.9,11,,,0.008,1.002,-0.276,,320,,,,29.78,123.000,121.500,116.200,VOR2,,TRM,,164,347,,+0.28,,,,,,,Powerup,,,,,,,,,,,,-10.8,42.4,3176,,,,081101F8 A36 A36 *,080197FF N23 D55,,,2,3,L+,1200,ALT,29.7,0,2,118,14,0.0,0.6,-4,119,118,13.1,-5,105,105,OIL PRESS,
2026-07-21,18:13:52,01:13:52,-07:00,+33.6365207,-116.1606744,313,3D-,263650.3,0.0,,0,0,0.00,,129,19556,5,85,-46,1,10.9,11,,,0.009,1.001,-0.280,,320,,,,29.78,123.000,121.500,116.200,VOR2,,TRM,,164,347,,+0.28,,,,,,,Powerup,,,,,,,,,,,,-10.8,42.4,3177,,,,081101F8 A39 A39 *,080197FF N27 D62,,,3,2,,1200,ALT,29.7,0,2,118,14,0.0,0.6,-4,119,118,13.1,-5,105,105,OIL PRESS,
2026-07-21,18:13:53,01:13:53,-07:00,+33.6365255,-116.1606675,322,3D-,263651.3,0.0,,0,0,0.00,,118,16897,5,85,-46,0,11.0,12,,,0.008,1.002,-0.290,,320,,,,29.78,123.000,121.500,116.200,VOR2,,TRM,,164,347,,+0.28,,,,,,,PFT,,,,,,,,,,,,-10.8,42.4,3178,,,,081101F8 A42 A42 *,080197FF N31 D71,,,3,2,,1200,ALT,29.7,0,2,118,14,0.0,0.6,-4,119,118,13.1,-5,105,105,OIL PRESS,
2026-07-21,18:13:54,01:13:54,-07:00,+33.6365300,-116.1606615,329,3D-,263652.3,0.0,,0,0,0.00,,109,14799,5,85,-46,1,11.0,12,,,0.005,1.005,-0.305,,320,,,,29.78,123.000,121.500,116.200,VOR2,,TRM,,164,347,,+0.29,,,,,,,PFT,,,,,,,,,,,,-10.8,42.4,3178,,,,081101F8 A45 A45 *,080197FF N35 D81,,,4,6,,1200,ALT,29.7,0,2,118,14,0.0,0.6,-4,119,118,13.1,-5,105,105,OIL PRESS,
2026-07-21,18:13:55,01:13:55,-07:00,+33.6365308,-116.1606602,328,3D-,263653.3,0.0,,0,0,-0.00,,86,8413,5,85,-46,1,10.9,11,,,0.008,1.002,-0.336,,320,,,,29.78,123.000,121.500,116.200,VOR2,,TRM,,164,347,,+0.29,,,,,,,PFT,,,,,,,,,,,,-10.8,42.4,3179,,,,081101F8 A48 A48 *,080197FF N39 D91,,,2,3,,1200,ALT,29.7,0,2,118,14,0.0,0.6,-4,119,118,13.1,-5,105,105,OIL PRESS,
2026-07-21,18:13:56,01:13:56,-07:00,+33.6364460,-116.1606825,210,3D-,263654.3,0.0,,0,0,-0.00,,90,6474,5,85,-46,3,10.9,11,,,0.008,1.001,-0.367,,320,,,,29.78,123.000,121.500,116.200,VOR2,,TRM,,164,347,,+0.28,,,,,,,PFT,,,,,,,,,,,,-10.8,42.4,3179,,,,081101F8 A51 A51 *,080197FF N43 D98,,,4,4,,1200,ALT,29.7,0,2,118,14,0.0,0.6,-4,119,118,13.1,-5,105,105,OIL PRESS,
2026-07-21,18:13:57,01:13:57,-07:00,+33.6364407,-116.1607079,178,3D-,263655.3,0.0,,0,0,0.00,,87,4197,5,85,-46,4,10.9,11,,,0.008,1.001,-0.403,,320,,,,29.78,123.000,121.500,116.200,VOR2,,TRM,,164,347,,+0.28,,,,,,,PFT,,,,,,,,,,,,-10.8,42.5,3180,,,,081101F8 A54 A54 *,080197FF N47 D99,,,3,3,,1200,ALT,29.7,0,2,118,14,0.0,0.6,-4,119,118,13.1,-5,105,105,OIL PRESS,
2026-07-21,18:13:58,01:13:58,-07:00,+33.6364343,-116.1607230,161,3D-,263656.3,0.0,,0,0,0.00,,73,3244,5,85,-46,1,11.0,11,,,0.008,1.001,-0.440,,320,,,,29.78,123.000,121.500,116.200,VOR2,,TRM,,164,347,,+0.28,,,,,,,PFT,,,,,,,,,,,,-10.8,42.5,3180,,,,081101F8 A57 A57 *,080197FF N51 D99,,,3,3,,1200,ALT,29.7,0,2,118,14,0.0,0.6,-4,119,118,13.1,-5,105,105,OIL PRESS,
2026-07-21,18:13:59,01:13:59,-07:00,+33.6364288,-116.1607317,149,3D-,263657.3,0.0,,0,0,-0.00,,65,2637,5,85,-46,-1,10.9,12,,,0.008,1.001,-0.466,,320,,,,29.78,123.000,121.500,116.200,VOR2,,TRM,,164,347,,+0.28,,,,,,,PFT,,,,,,,,,,,,-10.8,42.5,3180,,,,081101F8 A60 A60 *,080197FF N55 D99,,,2,2,,1200,ALT,29.7,0,2,118,14,0.0,0.6,-4,119,118,13.1,-5,105,105,OIL PRESS,
2026-07-21,18:14:00,01:14:00,-07:00,+33.6364252,-116.1607395,138,3D-,263658.3,0.0,,0,0,-0.00,,59,2241,5,85,-46,1,11.0,11,,,0.009,1.001,-0.483,,320,,,,29.78,123.000,121.500,116.200,VOR2,,TRM,,164,347,,+0.28,,,,,,,PFT,,,,,,,,,,,,-10.8,42.5,3181,,,,081101F8 A63 A63 *,080197FF N59 D99,,,2,2,,1200,ALT,29.7,0,2,118,14,0.0,0.6,-4,119,118,13.1,-5,105,105,OIL PRESS,
2026-07-21,18:14:01,01:14:01,-07:00,+33.6364230,-116.1607464,126,3D-,263659.3,0.0,,0,0,-0.00,,55,1967,5,85,-46,-1,10.9,11,,,0.009,1.001,-0.496,,320,,,,29.78,123.000,121.500,116.200,VOR2,,TRM,,164,347,,+0.29,,,,,,,PFT,,,,,,,,,,,,-10.8,42.5,3181,,,,081101F8 A66 A66 *,080197FF N63 N3,,,2,2,,1200,ALT,29.7,0,2,118,14,0.0,0.6,-4,119,118,13.1,-5,105,105,OIL PRESS,
2026-07-21,18:14:02,01:14:02,-07:00,+33.6364219,-116.1607511,117,3D-,263660.3,0.0,,0,0,-0.00,,51,1753,5,85,-46,-3,10.9,11,,,0.008,1.003,-0.517,,320,,,,29.78,123.000,121.500,116.200,VOR2,,TRM,,164,347,,+0.29,,,,,,,PFT,,,,,,,,,,,,-10.8,42.5,3181,,,,081101F8 A69 A69 *,080197FF N67 N6,,,5,3,,1200,ALT,29.7,0,2,118,14,0.0,0.6,-4,119,118,13.1,-5,105,105,OIL PRESS,
2026-07-21,18:14:03,01:14:03,-07:00,+33.6364219,-116.1607524,114,3D-,263661.3,0.0,,0,0,-0.00,,48,1555,5,85,-46,-1,10.8,11,,,0.006,1.001,-0.531,,320,,,,29.78,123.000,121.500,116.200,VOR2,,TRM,,164,347,,+0.29,,,,,,,PFT,,,,,,,,,,,,-10.8,42.5,3182,,,,081101F8 A72 A72 *,080197FF N71 N9,,,4,4,,1200,ALT,29.7,0,2,118,14,0.0,0.6,-4,119,118,13.1,-5,105,105,OIL PRESS,
2026-07-21,18:14:04,01:14:04,-07:00,+33.6364214,-116.1607537,111,3D-,263662.3,0.0,,0,0,-0.01,,46,1397,5,85,-46,-2,10.9,11,,,0.009,1.002,-0.532,,320,,,,29.78,123.000,121.500,116.200,VOR2,,TRM,,164,347,,+0.29,,,,,,,PFT,,,,,,,,,,,,-10.8,42.5,3182,,,,081101F8 A75 A75 *,080197FF N75 N12,,,3,3,,1200,ALT,29.7,0,2,118,14,0.0,0.6,-4,119,118,13.1,-6,105,105,OIL PRESS,
2026-07-21,18:14:05,01:14:05,-07:00,+33.6364209,-116.1607535,108,3D-,263663.3,0.0,,0,0,-0.01,,44,1276,5,85,-46,-3,10.8,11,,,0.008,1.001,-0.536,,320,,,,29.78,123.000,121.500,116.200,VOR2,,TRM,,164,347,,+0.29,,,,,,,PFT,,,,,,,,,,,,-10.8,42.5,3182,,,,081101F8 A78 A78 *,080197FF N78 N15,,,3,3,,1200,ALT,29.7,0,2,118,14,0.0,0.6,-4,119,118,13.1,-6,105,105,OIL PRESS,
2026-07-21,18:14:06,01:14:06,-07:00,+33.6364199,-116.1607527,106,3D-,263664.3,0.0,,0,0,-0.01,,42,1168,5,85,-46,0,10.9,11,,,0.009,1.001,-0.535,,320,,,,29.78,123.000,121.500,116.200,VOR2,,TRM,,164,347,,+0.29,,,,,,,PFT,,,,,,,,,,,,-10.8,42.5,3183,,,,081101F8 A81 A81 *,080197FF N82 N19,,,3,3,,1200,ALT,29.7,0,2,118,14,0.0,0.6,-4,119,118,13.1,-6,105,105,OIL PRESS,
2026-07-21,18:14:07,01:14:07,-07:00,+33.6364194,-116.1607525,104,3D-,263665.3,0.0,,0,0,-0.01,,40,1076,5,85,-46,3,10.8,11,,,0.008,1.001,-0.533,,320,,,,29.78,123.000,121.500,116.200,VOR2,,TRM,,164,347,,+0.29,,,,,,,PFT,,,,,,,,,,,,-10.8,42.5,3184,,,,081101F8 A84 A84 *,080197FF N86 N23,,,3,2,,1200,ALT,29.7,0,2,118,14,0.0,0.6,-4,119,118,13.1,-6,105,105,OIL PRESS,
2026-07-21,18:14:08,01:14:08,-07:00,+33.6364186,-116.1607548,100,3D,263666.3,0.0,,0,0,-0.01,,39,1011,5,85,-46,1,10.9,11,,,0.009,1.002,-0.526,,320,,,,29.78,123.000,121.500,116.200,VOR2,,TRM,,164,347,,+0.29,,,,,,,PFT,,,,,,,,,,,,-10.8,42.5,3184,,,,081101F8 A87 A87 *,480197FF N90 N26,,,3,3,,1200,ALT,29.7,0,2,118,14,0.0,0.6,-4,119,118,13.1,-6,105,105,OIL PRESS / TRAFFIC FAIL,
2026-07-21,18:14:09,01:14:09,-07:00,+33.6364180,-116.1607572,96,3D,263667.3,0.0,,0,0,-0.00,,38,954,5,85,-46,-1,11.0,12,,,0.008,1.001,-0.511,,320,,,,29.78,123.000,121.500,116.200,VOR2,,TRM,,164,347,,+0.29,,,,,,,PFT,,,,,,,,,,,,-10.8,42.5,3184,,,,040001F8 A90 A90 *,480117FF N94 N29,,,2,2,,1200,ALT,29.7,0,2,118,14,0.0,0.6,-4,119,118,13.1,-6,105,105,OIL PRESS / TRAFFIC FAIL,
2026-07-21,18:14:10,01:14:10,-07:00,+33.6364173,-116.1607593,93,3D,263668.3,0.0,,0,0,-0.01,,37,901,5,85,-46,-1,10.9,11,,,0.008,1.001,-0.499,,320,,,,29.78,123.000,121.500,116.200,VOR2,,TRM,,164,347,,+0.29,,,,,,,PFT,,,,,,,,,,,,-10.8,42.5,3185,,,,040001F8 A93 A93 *,480117FF N98 N31,,,3,2,,1200,ALT,29.7,0,2,118,14,0.0,0.6,-4,119,118,13.1,-6,105,105,OIL PRESS / TRAFFIC FAIL,
2026-07-21,18:14:11,01:14:11,-07:00,+33.6364161,-116.1607619,88,3D,263669.3,0.0,,0,0,-0.01,,36,853,5,85,-46,1,10.9,12,,,0.008,0.998,-0.477,,320,,,,29.78,123.000,121.500,116.200,VOR2,,TRM,,164,347,,+0.29,,,,,,,PFT,,,,,,,,,,,,-10.8,42.5,3185,,,,040001F8 A96 A96 *,480117FF N100 N35,,,3,4,,1200,ALT,29.7,0,2,118,14,0.0,0.6,-4,119,118,13.1,-6,105,105,OIL PRESS / TRAFFIC FAIL,
2026-07-21,18:14:12,01:14:12,-07:00,+33.6364151,-116.1607628,86,3D,263670.3,0.0,,0,0,-0.01,,35,803,5,85,-46,2,10.9,11,,,0.007,1.001,-0.462,,320,,,,29.78,123.000,121.500,116.200,VOR2,,TRM,,164,347,,+0.29,,,,,,,PFT,,,,,,,,,,,,-10.8,42.5,3185,,,,040001F8 A99 A99 *,480117FF N100 N37,,,3,4,,1200,ALT,29.7,0,2,118,14,0.0,0.6,-4,119,118,13.1,-6,105,105,OIL PRESS / TRAFFIC FAIL,
2026-07-21,18:14:13,01:14:13,-07:00,+33.6364154,-116.1607605,87,3D-,263671.3,0.0,,0,0,-0.00,249.1,33,736,5,85,-46,-0,10.8,11,2.88,-0.45,0.008,1.002,-0.450,,320,,,,29.78,123.000,121.500,116.200,VOR2,,TRM,,164,347,,+0.29,,,,,,,PFT,,,,,,,,,,,,-10.8,42.5,3186,,,,040007FF D2 D2 *,480117FF N100 N41,0.2,0.3,3,2,,1200,ALT,29.7,0,2,118,14,0.0,0.6,-4,119,118,13.1,-6,105,105,OIL PRESS / TRAFFIC FAIL,
2026-07-21,18:14:14,01:14:14,-07:00,+33.6364165,-116.1607571,91,3D-,263672.3,0.0,,0,0,-0.00,249.1,32,654,5,85,-46,-3,10.9,11,2.89,-0.45,0.008,1.001,-0.450,,320,,,,29.78,123.000,121.500,116.200,VOR2,,TRM,,164,347,,+0.29,,,,,,,PFT,,,,,,,,,,,,-10.8,42.5,3186,,,,020007FF D2 D2 *,480117FF N100 N43,0.1,0.3,3,2,,1200,ALT,29.7,0,2,118,14,0.0,0.6,-4,119,118,13.1,-6,105,105,OIL PRESS / TRAFFIC FAIL,
2026-07-21,18:14:15,01:14:15,-07:00,+33.6364172,-116.1607554,93,3D-,263673.3,0.0,,0,0,-0.00,249.1,31,589,5,85,-46,-1,10.9,11,2.92,-0.44,0.007,1.001,-0.457,,320,,,,29.78,123.000,121.500,116.200,VOR2,,TRM,,164,347,,+0.29,,,,,,,PFT,,,,,,,,,,,,-10.8,42.5,3187,,,,020007FF D2 D2 *,480117FF N100 N47,0.1,0.3,2,2,,1200,ALT,29.7,0,2,118,14,0.0,0.6,-4,119,118,13.1,-6,105,105,OIL PRESS / TRAFFIC FAIL,
2026-07-21,18:14:16,01:14:16,-07:00,+33.6364172,-116.1607543,95,3D,263674.3,0.0,,0,0,-0.00,249.1,30,536,5,85,-46,1,10.9,11,2.90,-0.53,0.009,1.001,-0.455,,320,,,,29.78,123.000,121.500,116.200,VOR2,,TRM,,164,347,,+0.29,,,,,,,PFT,,,,,,,,,,,,-10.8,42.5,3187,,,,040007FF D5 D5 *,480117FF N100 N49,0.1,0.3,2,2,,1200,ALT,29.7,0,2,118,14,0.0,0.6,-4,119,118,13.1,-6,105,105,OIL PRESS / TRAFFIC FAIL,
2026-07-21,18:14:17,01:14:17,-07:00,+33.6364172,-116.1607540,96,3D,263675.3,0.0,,0,0,-0.00,249.1,29,492,6,85,-46,0,10.9,11,2.89,-0.48,0.009,0.998,-0.447,,320,,,,29.78,123.000,121.500,116.200,VOR2,,TRM,,164,347,,+0.29,,,,,,,PFT,,,,,,,,,,,,-10.8,42.5,3187,,,,040007FF D17 D17 *,480117FF N100 N51,0.1,0.3,8,8,,1200,ALT,29.7,0,2,118,14,0.0,0.6,-4,119,118,13.1,-6,105,105,OIL PRESS / TRAFFIC FAIL,
2026-07-21,18:14:18,01:14:18,-07:00,+33.6364105,-116.1607860,67,3D,263676.3,0.0,,0,0,-0.01,249.0,27,396,7,85,-46,-1,10.9,11,2.87,-0.46,0.011,1.003,-0.430,,320,,,,29.78,123.000,121.500,116.200,VOR2,,TRM,,164,347,,+0.29,,,,,,,PFT,,,,,,,,,,,,-10.8,42.5,3188,,,,040007FF D29 D29 *,480117FF N100 N55,0.2,0.3,7,7,,1200,ALT,29.7,0,2,118,14,0.0,0.6,-4,119,118,13.1,-6,105,105,OIL PRESS / TRAFFIC FAIL,
2026-07-21,18:14:19,01:14:19,-07:00,+33.6363943,-116.1608352,16,3D,263677.3,0.0,,0,0,-0.01,249.0,23,249,7,85,-46,-1,10.9,11,2.89,-0.46,0.006,1.002,-0.413,,320,,,,29.78,123.000,121.500,116.200,VOR2,,TRM,,164,347,,+0.29,,,,,,,PFT,,,,,,,,,,,,-10.8,42.5,3188,,,,020007FF D29 D29 *,480117FF N100 N57,0.1,0.3,4,10,,1200,ALT,29.7,0,2,118,14,0.0,0.6,-4,119,118,13.1,-6,105,105,OIL PRESS / TRAFFIC FAIL,
2026-07-21,18:14:20,01:14:20,-07:00,+33.6363862,-116.1608707,-17,3D,263678.3,0.0,,0,0,-0.02,249.0,21,195,7,85,-46,-1,10.9,11,2.87,-0.45,0.010,1.001,-0.392,,320,,,,29.78,123.000,121.500,116.200,VOR2,,TRM,,164,347,,+0.29,,,,,,,PFT,,,,,,,,,,,,-10.8,42.5,3189,,,,020007FF D29 D29 *,480117FF N100 N60,0.1,0.4,8,7,,1200,ALT,29.7,0,2,118,14,0.0,0.6,-4,119,118,13.1,-6,105,105,OIL PRESS / TRAFFIC FAIL,
2026-07-21,18:14:21,01:14:21,-07:00,+33.6363822,-116.1608891,-32,3D,263679.3,0.0,,0,0,-0.02,249.0,20,163,7,85,-46,1,10.8,11,2.86,-0.43,0.010,1.002,-0.377,,320,,,,29.78,123.000,118.325 RX,116.200,VOR2,,TRM,,164,347,,+0.28,,,,,,,PFT,,,,,,,,,,,,-10.8,42.5,3189,,,,040007FF D36 D36 *,480117FF N100 N63,0.1,0.4,3,8,,1200,ALT,29.7,0,2,118,14,0.0,0.6,-4,119,118,13.1,-6,105,105,OIL PRESS / TRAFFIC FAIL,
2026-07-21,18:14:22,01:14:22,-07:00,+33.6363784,-116.1609007,-43,3D,263680.3,0.0,,0,0,-0.01,249.1,20,144,7,85,-46,-1,10.8,11,2.86,-0.45,0.009,1.001,-0.362,,320,,,,29.78,123.000,118.325 RX,116.200,VOR2,,TRM,,164,347,,+0.28,,,,,,,PFT,,,,,,,,,,,,-10.8,42.5,3189,,,,040007FF D48 D48 *,480117FF N100 N66,0.1,0.4,2,3,,1200,ALT,29.7,0,2,118,14,0.0,0.6,-4,119,118,13.1,-6,105,105,OIL PRESS / TRAFFIC FAIL,
2026-07-21,18:14:23,01:14:23,-07:00,+33.6363753,-116.1609084,-51,3D,263681.3,0.0,,0,0,-0.02,249.1,20,131,7,85,-46,-3,10.8,11,2.86,-0.47,0.008,1.001,-0.348,,320,,,,29.78,123.000,118.325 RX,116.200,VOR2,,TRM,,164,347,,+0.28,,,,,,,PFT,,,,,,,,,,,,-10.8,42.5,3190,,,,040007FF D60 D60 *,480117FF N100 N69,0.1,0.3,3,2,,1200,ALT,29.7,0,2,118,14,0.0,0.6,-4,119,118,13.1,-6,105,105,OIL PRESS / TRAFFIC FAIL,
2026-07-21,18:14:24,01:14:24,-07:00,+33.6363727,-116.1609143,-57,3D,263682.3,0.0,,0,0,-0.01,249.0,20,120,7,85,-46,-2,10.8,11,2.85,-0.47,0.009,1.002,-0.343,,320,,,,29.78,123.000,118.325 RX,116.200,VOR2,,TRM,,164,347,,+0.28,,,,,,,PFT,,,,,,,,,,,,-10.8,42.6,3191,,,,040007FF D72 D72 *,480117FF N100 N71,0.1,0.3,3,6,,1200,ALT,29.7,0,2,118,14,0.0,0.6,-4,119,118,13.1,-6,105,105,OIL PRESS / TRAFFIC FAIL,
2026-07-21,18:14:25,01:14:25,-07:00,+33.6363706,-116.1609188,-61,3D,263683.3,0.0,,0,0,-0.01,249.0,20,112,7,85,-74,-1,10.8,11,2.88,-0.47,0.008,1.001,-0.342,,320,,,,29.75,123.000,118.325 RX,116.200,VOR2,,TRM,,164,347,,+0.28,,,,,,,PFT,,,,,,,,,,,,-10.8,42.6,3191,,,,040007FF D84 D84 *,480117FF N100 N75,0.1,0.3,3,15,,1200,ALT,29.7,0,2,118,14,0.0,0.6,-4,119,118,13.1,-6,105,105,OIL PRESS / TRAFFIC FAIL,
2026-07-21,18:14:26,01:14:26,-07:00,+33.6363690,-116.1609224,-65,3D,263684.3,0.0,,0,0,-0.01,249.1,20,105,7,85,-120,1,10.8,11,2.89,-0.50,0.008,1.002,-0.343,,320,,,,29.70,123.000,118.325 RX,116.200,VOR2,,TRM,,164,347,,+0.28,,,,,,,PFT,,,,,,,,,,,,-10.8,42.6,3191,,,,040007FF D96 D96 *,480117FF N100 N77,0.1,0.3,4,10,,1200,ALT,29.7,0,2,118,14,0.0,0.6,-4,119,118,13.1,-6,105,105,OIL PRESS / TRAFFIC FAIL,
2026-07-21,18:14:27,01:14:27,-07:00,+33.6363672,-116.1609256,-68,3D,263685.3,0.0,,0,0,-0.01,249.1,20,99,7,85,-120,1,10.8,11,2.88,-0.48,0.007,0.999,-0.345,,320,,,,29.70,123.000,118.325 RX,116.200,VOR2,,TRM,,164,347,,+0.28,,,,,,,PFT,,,,,,,,,,,,-10.8,42.6,3192,,,,040007FF D98 D98 *,480117FF N100 N79,0.1,0.3,2,3,,1200,ALT,29.7,0,2,118,14,0.0,0.6,-4,119,118,13.1,-6,105,105,OIL PRESS / TRAFFIC FAIL,
2026-07-21,18:14:28,01:14:28,-07:00,+33.6363656,-116.1609283,-71,3D,263686.3,0.0,,0,0,-0.00,249.1,20,94,7,85,-120,-2,10.8,11,2.87,-0.45,0.007,1.001,-0.383,,320,,,,29.70,123.000,118.325 RX,116.200,VOR2,,TRM,,164,347,,+0.28,,,,,,,,,,,,,,,,,,,-10.8,42.6,3192,,,,040007FF N2 N2 *,480117FF N100 N83,0.1,0.4,3,3,,1200,ALT,29.7,0,2,118,14,0.0,0.6,-4,119,118,13.1,-6,105,105,OIL PRESS / TRAFFIC FAIL,
2026-07-21,18:14:29,01:14:29,-07:00,+33.6363643,-116.1609307,-74,3D,263687.3,0.0,,0,0,-0.00,249.1,20,90,7,85,-120,-3,10.8,11,2.86,-0.51,0.009,1.001,-0.449,,320,,,,29.70,123.000,118.325 RX,116.200,VOR2,,TRM,,164,347,,+0.28,,,,,,,,,,,,,,,,,,,-10.8,42.6,3192,,,,040007FF N6 N6 *,480117FF N100 N87,0.2,0.3,3,2,,1200,ALT,29.7,0,2,118,14,0.0,0.6,-4,119,118,13.1,-6,105,105,OIL PRESS / TRAFFIC FAIL,
2026-07-21,18:14:30,01:14:30,-07:00,+33.6363631,-116.1609328,-76,3D,263688.3,0.0,,0,0,0.00,249.0,20,86,7,85,-120,-1,10.7,11,2.88,-0.51,0.009,1.001,-0.516,,320,,,,29.70,123.000,118.325 RX,116.200,VOR2,,TRM,,164,347,,+0.28,,,,,,,,,,,,,,,,,,,-10.8,42.6,3193,,,,040007FF N10 N10 *,480117FF N100 N89,0.1,0.3,3,3,,1200,ALT,29.7,0,2,118,14,0.0,0.6,-4,119,118,13.1,-6,105,105,OIL PRESS / TRAFFIC FAIL,
2026-07-21,18:14:31,01:14:31,-07:00,+33.6363619,-116.1609347,-78,3D,263689.3,0.0,,0,0,-0.00,249.1,20,82,7,85,-120,-1,10.7,11,2.91,-0.48,0.009,1.003,-0.556,,320,,,,29.70,123.000,118.325 RX,116.200,VOR2,,TRM,,164,347,,+0.28,,,,,,,,,,,,,,,,,,,-10.8,42.6,3193,,,,040007FF N14 N14 *,480117FF N100 N92,0.1,0.3,8,6,,1200,ALT,29.7,0,2,118,14,0.0,0.6,-4,119,118,13.1,-6,105,105,OIL PRESS / TRAFFIC FAIL,
2026-07-21,18:14:32,01:14:32,-07:00,+33.6363609,-116.1609363,-80,3D,263690.3,0.0,,0,0,-0.00,249.0,20,79,7,85,-120,0,10.7,11,2.86,-0.45,0.006,0.998,-0.587,,320,,,,29.70,123.000,118.325 RX,116.200,VOR2,,TRM,,164,347,,+0.28,,,,,,,,,,,,,,,,,,,-10.8,42.6,3193,,,,040007FF N18 N18 *,480117FF N100 N95,0.1,0.4,14,15,,1200,ALT,29.7,0,2,118,14,0.0,0.6,-4,119,118,13.1,-6,105,105,OIL PRESS / TRAFFIC FAIL,
2026-07-21,18:14:33,01:14:33,-07:00,+33.6363604,-116.1609377,-82,3D,263691.3,0.0,,0,0,0.00,249.0,20,76,7,85,-120,0,10.7,11,2.84,-0.47,0.009,1.004,-0.620,,320,,,,29.70,123.000,118.325 RX,116.200,VOR2,,TRM,,164,347,,+0.28,,,,,,,,,,,,,,,,,,,-10.8,42.6,3194,,,,040007FF N22 N22 *,480117FF N100 N98,0.1,0.3,6,9,,1200,ALT,29.7,0,2,118,14,0.0,0.6,-4,119,118,13.1,-6,105,105,OIL PRESS / TRAFFIC FAIL,
2026-07-21,18:14:34,01:14:34,-07:00,+33.6363602,-116.1609386,-84,3D,263692.3,0.0,,0,0,-0.00,249.1,20,74,7,85,-120,0,10.7,11,2.88,-0.49,0.006,1.002,-0.633,,320,,,,29.70,123.000,118.325 RX,116.200,VOR2,,TRM,,164,347,,+0.28,,,,,,,,,,,,,,,,,,,-10.8,42.6,3194,,,,040007FF N26 N26 *,480117FF N100 N100,0.1,0.3,7,6,,1200,ALT,29.7,0,2,118,14,0.0,0.6,-4,119,118,13.1,-6,105,105,OIL PRESS / TRAFFIC FAIL,
2026-07-21,18:14:35,01:14:35,-07:00,+33.6363597,-116.1609394,-85,3D,263693.3,0.0,,0,0,0.00,249.0,20,71,7,85,-120,1,10.7,11,2.90,-0.48,0.007,0.999,-0.628,,320,,,,29.70,123.000,118.325 RX,116.200,VOR2,,TRM,,164,347,,+0.28,,,,,,,,,,,,,,,,,,,-10.8,42.6,3194,,,,040007FF N30 N30 *,480117FF N100 N100,0.1,0.3,3,4,,1200,ALT,29.7,0,2,118,14,0.0,0.6,-4,119,118,13.1,-6,105,105,OIL PRESS / TRAFFIC FAIL,
2026-07-21,18:14:36,01:14:36,-07:00,+33.6363596,-116.1609400,-87,3D,263694.3,0.0,,0,0,-0.00,249.0,20,69,7,85,-120,1,10.7,11,2.87,-0.46,0.008,1.004,-0.601,,320,,,,29.70,123.000,118.325 RX,116.200,VOR2,,TRM,,164,347,,+0.28,,,,,,,,,,,,,,,,,,,-10.8,42.6,3195,,,,040007FF N32 N32 *,480117FF N100 N100,0.1,0.3,4,5,,1200,ALT,29.7,0,2,118,14,0.0,0.6,-4,119,118,13.1,-6,105,105,OIL PRESS / TRAFFIC FAIL,
2026-07-21,18:14:37,01:14:37,-07:00,+33.6363593,-116.1609407,-88,3D,263695.3,0.0,,0,0,0.00,249.0,20,67,7,85,-120,-2,10.7,11,2.88,-0.46,0.008,1.000,-0.581,,320,,,,29.70,123.000,118.325 RX,116.200,VOR2,,TRM,,164,347,,+0.28,,,,,,,,,,,,,,,,,,,-10.8,42.6,3195,,,,040007FF N32 N32 *,480117FF N100 N100,0.1,0.3,5,5,,1200,ALT,29.7,0,2,118,14,0.0,0.6,-4,119,118,13.1,-6,105,105,OIL PRESS / TRAFFIC FAIL,
2026-07-21,18:14:38,01:14:38,-07:00,+33.6363591,-116.1609414,-90,3D,263696.3,0.0,,0,0,0.00,249.0,20,65,7,85,-121,-5,10.7,11,2.86,-0.45,0.008,1.000,-0.570,,320,,,,29.70,123.000,118.325 RX,116.200,VOR2,,TRM,,164,347,,+0.28,,,,,,,,,,,,,,,,,,,-10.8,42.6,3195,,,,040007FF N32 N32 *,480117FF N100 N100,0.1,0.3,2,3,,1200,ALT,29.7,0,2,118,14,0.0,0.6,-4,119,118,13.1,-6,105,105,OIL PRESS / TRAFFIC FAIL,
2026-07-21,18:14:39,01:14:39,-07:00,+33.6363590,-116.1609421,-91,3D,263697.3,0.0,,0,0,-0.00,249.0,20,63,7,85,-120,-3,10.8,11,2.85,-0.46,0.008,1.001,-0.565,,320,,,,29.70,123.000,118.325 RX,116.200,VOR2,,TRM,,164,347,,+0.28,,,,,,,,,,,,,,,,,,,-10.8,42.6,3196,,,,040007FF N32 N32 *,480117FF N100 N100,0.1,0.3,3,2,,1200,ALT,29.7,0,2,118,14,0.0,0.6,-4,119,118,13.1,-6,105,105,OIL PRESS / TRAFFIC FAIL,
2026-07-21,18:14:40,01:14:40,-07:00,+33.6363591,-116.1609428,-92,3D,263698.3,0.0,,0,0,-0.00,249.0,20,62,7,85,-121,-3,10.8,11,2.86,-0.47,0.009,1.001,-0.551,,320,,,,29.70,123.000,118.325 RX,116.200,VOR2,,TRM,,164,347,,+0.28,,,,,,,,,,,,,,,,,,,-10.8,42.6,3196,,,,040007FF N32 N32 *,480117FF N100 N100,0.2,0.3,3,2,,1200,ALT,29.7,0,2,118,14,0.0,0.6,-4,119,118,13.1,-6,105,105,OIL PRESS / TRAFFIC FAIL,
2026-07-21,18:14:41,01:14:41,-07:00,+33.6363595,-116.1609436,-94,3D,263699.3,0.0,,0,0,0.00,249.0,20,60,7,85,-120,0,10.8,11,2.88,-0.46,0.008,1.001,-0.535,,320,,,,29.70,123.000,118.325 RX,116.200,VOR2,,TRM,,164,347,,+0.28,,,,,,,,,,,,,,,,,,,-10.8,42.6,3196,,,,040007FF N32 N32 *,480117FF N100 N100,0.1,0.3,3,2,,1200,ALT,29.7,0,2,118,14,0.0,0.6,-4,119,118,13.1,-6,105,105,OIL PRESS / TRAFFIC FAIL,
2026-07-21,18:14:42,01:14:42,-07:00,+33.6363601,-116.1609442,-95,3D,263700.3,0.0,,0,0,-0.00,249.0,20,59,7,85,-120,1,10.7,11,2.86,-0.46,0.008,1.001,-0.529,,320,,,,29.70,123.000,118.325 RX,116.200,VOR2,,TRM,,164,347,,+0.28,,,,,,,,,,,,,,,,,,,-10.8,42.6,3196,,,,040007FF N32 N32 *,480017FF N100 N100,0.1,0.3,3,2,,1200,ALT,29.7,0,2,118,14,0.0,0.6,-4,119,118,13.1,-6,105,105,OIL PRESS / TRAFFIC FAIL,
2026-07-21,18:14:43,01:14:43,-07:00,+33.6363608,-116.1609450,-96,3D,263701.3,0.0,,0,0,0.00,249.1,20,57,7,85,-120,0,10.7,11,2.85,-0.46,0.009,1.002,-0.531,,320,,,,29.70,123.000,118.325 RX,116.200,VOR2,,TRM,,164,347,,+0.28,,,,,,,,,,,,,,,,,,,-10.8,42.6,3197,,,,040007FF N35 N35 *,480017FF N100 N100,0.1,0.3,2,2,,1200,ALT,29.7,0,2,118,14,0.0,0.6,-4,119,118,13.1,-6,105,105,OIL PRESS / TRAFFIC FAIL,
2026-07-21,18:14:44,01:14:44,-07:00,+33.6363616,-116.1609457,-97,3D,263702.3,0.0,,0,0,-0.00,249.0,20,56,7,85,-120,2,10.7,11,2.84,-0.46,0.007,1.002,-0.536,,320,,,,29.70,123.000,118.325 RX,116.200,VOR2,,TRM,,164,347,,+0.29,,,,,,,,,,,,,,,,,,,-10.8,42.6,3197,,,,040007FF N39 N39 *,480017FF N100 N100,0.2,0.3,2,2,,1200,ALT,29.7,0,2,118,14,0.0,0.6,-4,119,118,13.1,-6,105,105,OIL PRESS / TRAFFIC FAIL,
2026-07-21,18:14:45,01:14:45,-07:00,+33.6363622,-116.1609463,-98,3D,263703.3,0.0,,0,0,-0.00,249.0,20,55,7,85,-120,1,10.7,11,2.87,-0.46,0.009,1.001,-0.541,,320,,,,29.70,123.000,118.325 RX,116.200,VOR2,,TRM,,164,347,,+0.28,,,,,,,,,,,,,,,,,,,-10.8,42.6,3197,,,,040007FF N43 N43 *,480017FF N100 N100,0.1,0.3,3,2,,1200,ALT,29.7,0,2,118,14,0.0,0.6,-4,119,118,13.1,-6,105,105,OIL PRESS / TRAFFIC FAIL,
2026-07-21,18:14:46,01:14:46,-07:00,+33.6363627,-116.1609467,-99,3D,263704.3,0.0,,0,0,-0.00,249.0,20,53,7,85,-120,-1,10.7,11,2.89,-0.47,0.009,1.000,-0.547,,320,,,,29.70,123.000,118.325 RX,116.200,VOR2,,TRM,,164,347,,+0.28,,,,,,,,,,,,,,,,,,,-10.8,42.6,3197,,,,040007FF N47 N47 *,480017FF N100 N100,0.1,0.3,3,3,,1200,ALT,29.7,0,2,118,14,0.0,0.6,-4,119,118,13.1,-6,105,105,OIL PRESS / TRAFFIC FAIL,
2026-07-21,18:14:47,01:14:47,-07:00,+33.6363632,-116.1609470,-100,3D,263705.3,0.0,,0,0,-0.00,249.0,20,52,7,85,-120,-1,10.7,11,2.86,-0.46,0.008,1.001,-0.559,,320,,,,29.70,123.000,118.325 RX,116.200,VOR2,,TRM,,164,347,,+0.28,,,,,,,,,,,,,,,,,,,-10.8,42.6,3198,,,,040007FF N51 N51 *,480017FF N100 N100,0.1,0.3,3,4,,1200,ALT,29.7,0,2,118,14,0.0,0.6,-4,119,118,13.1,-6,105,105,OIL PRESS / TRAFFIC FAIL,
2026-07-21,18:14:48,01:14:48,-07:00,+33.6363632,-116.1609470,-101,3D,263706.3,0.0,,0,0,0.00,249.0,20,51,7,85,-121,-2,10.8,11,2.86,-0.47,0.008,1.000,-0.562,,320,,,,29.70,123.000,118.325 RX,116.200,VOR2,,TRM,,164,347,,+0.29,,,,,,,,,,,,,,,,,,,-10.8,42.6,3198,,,,040007FF N55 N55 *,480017FF N100 N100,0.1,0.3,2,2,,1200,ALT,29.7,0,2,118,14,0.0,0.6,-4,119,118,13.1,-6,105,105,OIL PRESS / TRAFFIC FAIL,
2026-07-21,18:14:49,01:14:49,-07:00,+33.6363631,-116.1609466,-102,3D,263707.3,0.0,,0,0,0.00,249.1,20,50,7,85,-121,-2,10.7,11,2.86,-0.46,0.007,0.999,-0.550,,320,,,,29.70,123.000,118.325 RX,116.200,VOR2,,TRM,,164,347,,+0.29,,,,,,,,,,,,,,,,,,,-10.8,42.6,3198,,,,040007FF N59 N59 *,480017FF N100 N100,0.1,0.3,3,2,,1200,ALT,29.7,0,2,118,14,0.0,0.6,-4,119,118,13.1,-6,105,105,OIL PRESS / TRAFFIC FAIL,
2026-07-21,18:14:50,01:14:50,-07:00,+33.6363630,-116.1609462,-102,3D,263708.3,0.0,,0,0,0.00,249.0,20,49,7,85,-121,-1,10.7,11,2.88,-0.48,0.015,0.998,-0.530,,320,,,,29.70,123.000,118.325 RX,116.200,VOR2,,TRM,,164,347,,+0.29,,,,,,,,,,,,,,,,,,,-10.8,42.6,3198,,,,040007FF N63 N63 *,480017FF N100 N100,0.2,0.3,8,5,,1200,ALT,29.7,0,2,118,14,0.0,0.6,-4,119,118,13.1,-6,105,105,OIL PRESS / TRAFFIC FAIL,
2026-07-21,18:14:51,01:14:51,-07:00,+33.6363629,-116.1609461,-103,3D,263709.3,0.0,,0,0,0.00,249.0,20,48,7,85,-121,-1,10.7,11,2.82,-0.50,0.011,1.002,-0.507,,320,,,,29.70,123.000,118.325 RX,116.200,VOR2,,TRM,,164,347,,+0.29,,,,,,,,,,,,,,,,,,,-10.8,42.6,3199,,,,040007FF N67 N67 *,480017FF N100 N100,0.2,0.3,7,7,,1200,ALT,29.7,0,2,118,14,0.0,0.6,-4,119,118,13.1,-6,105,105,OIL PRESS / TRAFFIC FAIL,
2026-07-21,18:14:52,01:14:52,-07:00,+33.6363624,-116.1609462,-104,3D,263710.3,0.0,,0,0,-0.00,249.1,20,47,7,85,-121,-1,10.7,11,2.87,-0.48,0.009,0.999,-0.481,,320,,,,29.70,123.000,118.325 RX,116.200,VOR2,,TRM,,164,347,,+0.29,,,,,,,,,,,,,,,,,,,-10.8,42.6,3199,,,,040007FF N71 N71 *,480017FF N100 N100,0.1,0.3,7,6,,1200,ALT,29.7,0,2,118,14,0.0,0.6,-4,119,118,13.1,-6,105,105,OIL PRESS / TRAFFIC FAIL,
2026-07-21,18:14:53,01:14:53,-07:00,+33.6363617,-116.1609463,-104,3D,263711.3,0.0,,0,0,-0.00,249.0,20,46,7,85,-121,-1,10.7,11,2.88,-0.49,0.009,1.000,-0.455,,320,,,,29.70,123.000,118.325 RX,116.200,VOR2,,TRM,,164,347,,+0.29,,,,,,,,,,,,,,,,,,,-10.8,42.6,3200,,,,040007FF N75 N75 *,480017FF N100 N100,0.1,0.3,6,8,,1200,ALT,29.7,0,2,118,14,0.0,0.6,-4,119,118,13.1,-6,105,105,OIL PRESS / TRAFFIC FAIL,
2026-07-21,18:14:54,01:14:54,-07:00,+33.6363611,-116.1609466,-105,3D,263712.3,0.0,,0,0,-0.00,249.1,20,46,7,85,-121,-1,10.7,11,2.85,-0.51,0.170,0.955,-0.440,,320,,,,29.70,123.000,118.325 RX,116.200,VOR2,,TRM,,164,347,,+0.29,,,,,,,,,,,,,,,,,,,-10.8,42.6,3200,,,,040007FF N79 N79 *,480017FF N100 N100,0.1,0.3,283,161,,1200,ALT,29.4,0,2,114,14,0.0,1.0,-4,116,115,13.0,-7,100,105,OIL PRESS / TRAFFIC FAIL,
2026-07-21,18:14:55,01:14:55,-07:00,+33.6363605,-116.1609469,-106,3D,263713.3,0.0,,0,0,-0.00,249.1,20,45,7,84,-121,-2,10.4,11,2.77,-0.44,0.058,1.027,-0.389,,320,,,,29.70,123.000,118.325 RX,116.200,VOR2,,TRM,,164,347,,+0.29,,,,,,,,,,,,,,,,,,,-10.8,42.7,3200,,,,040007FF N83 N83 *,480017FF N100 N100,0.1,0.4,140,205,,1200,ALT,28.1,590,12,112,14,0.2,2.0,-4,114,113,13.0,-7,105,105,OIL PRESS / TRAFFIC FAIL,
2026-07-21,18:14:56,01:14:56,-07:00,+33.6363601,-116.1609472,-106,3D,263714.3,0.0,,0,0,0.00,249.0,20,44,7,84,-121,-7,10.3,10,2.50,-0.39,-0.021,0.987,-0.380,,320,,,,29.70,123.000,118.325 RX,116.200,VOR2,,TRM,,164,347,,+0.28,,,,,,,,,,,,,,,,,,,-10.8,42.7,3200,,,,040007FF N87 N87 *,480017FF N100 N100,0.3,0.4,72,36,,1200,ALT,24.5,2330,32,114,14,0.9,3.2,-4,115,115,13.0,-4,120,120,TRAFFIC FAIL,
2026-07-21,18:14:57,01:14:57,-07:00,+33.6363819,-116.1608698,-61,3D (GPS nav),263697.3,3.2,,-4,-0,0.17,249.1,144,423,4,84,-121,-14,9.7,10,2.66,-0.40,0.014,1.003,-0.442,,320,,,,29.70,123.000,118.325 RX,116.200,VOR2,,TRM,,164,347,,+0.27,,,,,,,,,,,,,,,,,,,-10.8,42.7,3200,,,,040007FF N91 N91 *,480017FF N100 N100,0.2,0.4,63,36,,1200,ALT,20.9,2340,45,115,14,1.3,4.0,-4,117,116,13.1,0,150,160,TRAFFIC FAIL,
2026-07-21,18:14:58,01:14:58,-07:00,+33.6363785,-116.1608953,-70,3D (GPS nav),263698.3,1.4,,-0,-0,-0.18,249.0,138,410,4,83,-122,-19,9.2,9,2.65,-0.38,-0.014,0.995,-0.516,,320,,,,29.70,123.000,118.325 RX,116.200,VOR2,,TRM,,164,347,,+0.28,,,,,,,,,,,,,,,,,,,-10.8,42.7,3201,,,,040007FF N95 N95 *,480017FF N100 N100,0.2,0.4,93,46,,1200,ALT,18.9,2320,52,116,14,1.5,4.4,-4,118,117,13.1,2,180,210,TRAFFIC FAIL,
2026-07-21,18:14:59,01:14:59,-07:00,+33.6363753,-116.1609069,-82,3D (GPS nav),263699.3,0.3,,0,0,0.24,248.9,138,410,4,83,-122,-18,8.7,9,2.51,-0.46,0.028,1.007,-0.615,,320,,,,29.70,123.000,121.500 RX,116.200,VOR2,,TRM,,164,347,,+0.28,,,,,,,,,,,,,,,,,,,-10.8,42.7,3201,,,,040007FF N99 N99 *,480017FF N100 N100,0.3,0.3,84,45,,1200,ALT,17.7,2320,56,117,14,1.7,4.5,-4,119,118,13.2,3,225,265,,
2026-07-21,18:15:00,01:15:00,-07:00,+33.6363744,-116.1609150,-91,3D (GPS nav),263700.3,0.1,,-0,0,-0.12,248.9,138,407,4,83,-122,-8,8.7,9,2.51,-0.46,0.030,1.015,-0.705,,320,,,,29.70,123.000,121.500,116.200,VOR2,,TRM,,164,347,,+0.29,,,,,,,,,,,,,,,,,,,-10.8,42.7,3202,,,,040007FF N100 N100 *,480017FF N100 N100,0.3,0.3,76,35,,1200,ALT,17.0,2330,58,117,14,1.8,4.6,-4,119,118,13.2,4,265,325,,
2026-07-21,18:15:01,01:15:01,-07:00,+33.6363733,-116.1609161,-92,3D (GPS nav),263701.3,0.1,,0,0,0.06,248.8,138,407,4,83,-122,-6,8.8,9,2.39,-0.52,0.044,1.005,-0.755,,320,,,,29.70,123.000,121.500,116.200,VOR2,,TRM,,164,347,,+0.29,,,,,,,,,,,,,,,,,,,-10.8,42.7,3202,,,,040007FF N100 N100 *,480017FF N100 N100,0.4,0.2,73,45,,1200,ALT,16.8,2340,58,117,14,1.9,4.6,-4,119,118,13.2,4,300,370,,
2026-07-21,18:15:02,01:15:02,-07:00,+33.6363649,-116.1609505,-132,3D (GPS nav),263702.3,0.1,,0,0,0.00,248.7,66,141,5,83,-122,-3,9.1,10,2.34,-0.51,-0.019,1.002,-0.780,,320,,,,29.70,123.000,121.500,116.200,VOR2,,TRM,,164,347,,+0.29,,,,,,,,,,,,,,,,,,,-10.8,42.7,3202,,,,020007FF N100 N100 *,480017FF N100 N100,0.5,0.3,81,43,,1200,ALT,16.6,2360,59,117,14,1.9,4.7,-4,119,118,13.2,4,340,420,,
2026-07-21,18:15:03,01:15:03,-07:00,+33.6363646,-116.1609571,-137,3D (GPS nav),263703.3,0.1,,0,-0,0.08,248.8,66,138,5,83,-122,-1,9.1,9,2.49,-0.50,0.011,1.009,-0.812,,320,,,,29.70,123.000,121.500,116.200,VOR2,,TRM,,164,347,,+0.29,,,,,,,,,,,,,,,,,,,-10.8,42.7,3202,,,,040007FF N100 N100 *,480017FF N100 N100,0.3,0.3,79,43,,1200,ALT,16.5,2360,59,117,14,1.9,4.7,-4,119,118,13.2,4,380,465,,
2026-07-21,18:15:04,01:15:04,-07:00,+33.6363649,-116.1609571,-136,3D (GPS nav),263704.3,0.1,,0,-0,0.03,248.8,66,138,5,83,-122,1,9.3,10,2.57,-0.55,-0.043,1.006,-0.866,,320,,,,29.70,123.000,121.500,116.200,VOR2,,TRM,,164,347,,+0.29,,,,,,,,,,,,,,,,,,,-10.8,42.7,3202,,,,040007FF N100 N100 *,480017FF N100 N100,0.3,0.2,66,45,,1200,ALT,16.5,2380,59,117,14,1.9,4.7,-4,120,119,13.2,5,410,500,,
2026-07-21,18:15:05,01:15:05,-07:00,+33.6363649,-116.1609563,-135,3D (GPS nav),263705.3,0.1,,0,-0,-0.03,248.9,66,138,5,83,-122,1,9.3,10,2.58,-0.51,0.021,0.998,-0.921,,320,,,,29.70,123.000,121.500,116.200,VOR2,,TRM,,164,347,,+0.29,,,,,,,,,,,,,,,,,,,-10.8,42.7,3202,,,,040007FF N100 N100 *,480017FF N100 N100,0.2,0.2,61,33,,1200,ALT,16.3,2370,59,117,14,1.8,4.7,-4,120,119,13.2,5,440,535,,
2026-07-21,18:15:06,01:15:06,-07:00,+33.6363644,-116.1609580,-134,3D (GPS nav),263706.3,0.1,,0,0,0.12,248.9,66,138,5,83,-122,-4,8.9,9,2.58,-0.49,0.046,1.000,-0.996,,320,,,,29.70,123.000,121.500,116.200,VOR2,,TRM,,164,347,,+0.29,,,,,,,,,,,,,,,,,,,-10.8,42.7,3202,,,,040007FF N100 N100 *,480017FF N100 N100,0.3,0.3,63,47,,1200,ALT,16.3,2410,59,117,14,1.8,4.7,-4,120,119,13.2,5,470,570,,
2026-07-21,18:15:07,01:15:07,-07:00,+33.6363635,-116.1609592,-135,3D (GPS nav),263707.3,0.1,,0,-0,-0.02,248.9,66,138,5,83,-122,-3,8.6,9,2.56,-0.44,0.062,1.020,-1.090,,320,,,,29.70,123.000,121.500,116.200,VOR2,,TRM,,164,347,,+0.29,,,,,,,,,,,,,,,,,,,-10.8,42.7,3201,,,,040007FF N100 N100 *,480017FF N100 N100,0.2,0.3,66,46,,1200,ALT,16.5,2480,58,117,14,1.7,4.7,-4,121,119,13.2,5,495,595,,
2026-07-21,18:15:08,01:15:08,-07:00,+33.6363630,-116.1609608,-134,3D (GPS nav),263708.3,0.1,,0,0,0.01,248.8,66,138,5,83,-122,-1,8.6,9,2.50,-0.44,0.024,0.998,-1.186,,320,,,,29.70,123.000,121.500,116.200,VOR2,,TRM,,164,347,,+0.29,,,,,,,,,,,,,,,,,,,-10.8,42.7,3201,,,,040007FF N100 N100 *,480017FF N100 N100,0.3,0.3,67,47,,1200,ALT,16.7,2490,58,117,14,1.7,4.7,-4,121,120,13.3,5,520,625,,
2026-07-21,18:15:09,01:15:09,-07:00,+33.6363630,-116.1609622,-133,3D (GPS nav),263709.3,0.1,,-0,0,0.13,249.0,66,138,5,83,-122,-4,8.4,9,2.48,-0.35,-0.029,0.982,-1.333,,320,,,,29.70,123.000,121.500,116.200,VOR2,,TRM,,164,347,,+0.29,,,,,,,,,,,,,,,,,,,0.0,42.7,3200,,,,040007FF N100 N100 *,480017FF N100 N100,0.3,0.4,66,39,,1200,ALT,16.7,2510,57,117,14,1.8,4.7,-4,121,120,13.3,5,550,650,,
2026-07-21,18:15:10,01:15:10,-07:00,+33.6363619,-116.1609630,-132,3D (GPS nav),263710.3,0.0,,0,-0,-0.02,248.8,66,138,5,84,-122,-3,8.3,9,2.41,-0.33,0.066,1.016,-1.450,,320,,,,29.70,123.000,121.500,116.200,VOR2,,TRM,,164,347,,+0.29,,,,,,,,,,,,,,,,,,,0.0,42.7,3200,,,,040007FF N100 N100 *,480017FF N100 N100,0.4,0.4,90,46,,1200,ALT,16.8,2490,57,117,14,1.9,4.7,-4,122,121,13.3,6,570,675,,
2026-07-21,18:15:11,01:15:11,-07:00,+33.6363613,-116.1609638,-132,3D (GPS nav),263711.3,0.1,,-0,0,-0.07,248.8,66,138,5,84,-122,8,8.9,9,2.43,-0.33,-0.007,1.002,-1.494,,320,,,,29.70,123.000,121.500,116.200,VOR2,,TRM,,164,347,,+0.29,,,,,,,,,,,,,,,,,,,-10.8,42.7,3200,,,,040007FF N100 N100 *,480017FF N100 N100,0.4,0.4,91,44,,1200,ALT,16.9,2490,57,117,14,2.0,4.7,-4,122,121,13.3,6,590,695,,
2026-07-21,18:15:12,01:15:12,-07:00,+33.6363611,-116.1609644,-131,3D (GPS nav),263712.3,0.0,,-0,-0,0.00,248.7,66,138,5,83,-122,7,9.2,10,2.39,-0.41,0.047,1.009,-1.514,,320,,,,29.70,123.000,121.500,116.200,VOR2,,TRM,,164,347,,+0.29,,,,,,,,,,,,,,,,,,,-10.8,42.7,3199,,,,040007FF N100 N100 *,480017FF N100 N100,0.4,0.4,95,48,,1200,ALT,16.9,2500,57,117,14,2.1,4.7,-4,123,122,13.3,6,615,715,,
2026-07-21,18:15:13,01:15:13,-07:00,+33.6363605,-116.1609649,-131,3D (GPS nav),263713.3,0.1,,0,-0,-0.02,248.5,66,138,5,83,-122,3,9.3,10,2.23,-0.42,0.050,1.021,-1.498,,320,,,,29.70,123.000,121.500,116.200,VOR2,,TRM,,164,347,,+0.29,,,,,,,,,,,,,,,,,,,-10.8,42.6,3199,,,,040007FF N100 N100 *,480017FF N100 N100,0.5,0.3,86,44,,1200,ALT,16.9,2500,57,117,14,2.2,4.7,-4,123,122,13.3,6,630,730,,
2026-07-21,18:15:14,01:15:14,-07:00,+33.6363605,-116.1609664,-131,3D (GPS nav),263714.3,0.1,,-0,-0,0.02,248.5,66,138,5,83,-122,-3,9.1,9,2.21,-0.44,0.004,1.012,-1.571,,320,,,,29.70,123.000,121.500,116.200,VOR2,,TRM,,164,347,,+0.29,,,,,,,,,,,,,,,,,,,-10.8,42.6,3198,,,,040007FF N100 N100 *,480017FF N100 N100,0.6,0.3,68,39,,1200,ALT,16.9,2520,57,117,14,2.3,4.7,-4,124,123,13.3,6,650,750,,
2026-07-21,18:15:15,01:15:15,-07:00,+33.6363603,-116.1609672,-130,3D (GPS nav),263715.3,0.1,,0,0,0.06,248.4,66,138,5,83,-122,-2,9.2,9,2.24,-0.42,0.009,1.000,-1.708,,320,,,,29.70,123.000,121.500,116.200,VOR2,,TRM,,164,347,,+0.29,,,,,,,,,,,,,,,,,,,-10.8,42.6,3197,,,,040007FF N100 N100 *,480017FF N100 N100,0.6,0.3,83,40,,1200,ALT,16.9,2490,57,117,14,2.3,4.7,-4,124,123,13.3,6,670,765,,
2026-07-21,18:15:16,01:15:16,-07:00,+33.6363597,-116.1609677,-131,3D (GPS nav),263716.3,0.1,,-0,-0,-0.01,248.5,66,138,5,84,-122,2,9.2,9,2.25,-0.43,-0.015,1.003,-1.743,,320,,,,29.70,123.000,121.500,116.200,VOR2,,TRM,,164,347,,+0.29,,,,,,,,,,,,,,,,,,,-10.8,42.6,3197,,,,040007FF N100 N100 *,480017FF N100 N100,0.6,0.3,59,40,,1200,ALT,16.9,2520,57,117,14,2.3,4.7,-4,125,124,13.3,6,685,775,,
2026-07-21,18:15:17,01:15:17,-07:00,+33.6363597,-116.1609685,-131,3D (GPS nav),263717.3,0.1,,-0,-0,0.06,248.6,66,138,5,83,-122,3,9.4,10,2.43,-0.39,0.021,1.018,-1.673,,320,,,,29.70,123.000,121.500,116.200,VOR2,,TRM,,164,347,,+0.29,,,,,,,,,,,,,,,,,,,-10.8,42.6,3197,,,,040007FF N100 N100 *,480017FF N100 N100,0.4,0.4,72,40,,1200,ALT,16.8,2510,57,117,14,2.1,4.7,-4,125,124,13.3,6,700,790,,
2026-07-21,18:15:18,01:15:18,-07:00,+33.6363588,-116.1609685,-130,3D (GPS nav),263718.3,0.1,,0,0,0.03,248.7,66,138,5,83,-122,-3,9.1,9,2.53,-0.40,-0.030,1.005,-1.583,,320,,,,29.70,123.000,121.500,116.200,VOR2,,TRM,,164,347,,+0.29,,,,,,,,,,,,,,,,,,,-10.8,42.6,3196,,,,040007FF N100 N100 *,480017FF N100 N100,0.4,0.4,73,45,,1200,ALT,16.8,2500,56,117,14,2.0,4.7,-4,126,125,13.3,6,715,805,,
2026-07-21,18:15:19,01:15:19,-07:00,+33.6363583,-116.1609686,-130,3D (GPS nav),263719.3,0.0,,-0,0,0.00,248.8,66,138,5,83,-122,-2,9.0,9,2.53,-0.43,-0.005,0.990,-1.480,,320,,,,29.70,123.000,121.500,116.200,VOR2,,TRM,,164,347,,+0.29,,,,,,,,,,,,,,,,,,,-10.8,42.6,3196,,,,040007FF N100 N100 *,480017FF N100 N100,0.3,0.3,63,48,,1200,ALT,16.8,2500,56,117,14,2.0,4.8,-4,126,125,13.3,6,730,815,,
2026-07-21,18:15:20,01:15:20,-07:00,+33.6363575,-116.1609683,-130,3D (GPS nav),263720.3,0.1,,-0,0,-0.05,248.7,66,138,5,84,-122,7,9.3,10,2.48,-0.39,0.009,1.016,-1.385,,320,,,,29.70,123.000,121.500,116.200,VOR2,,TRM,,164,347,,+0.29,,,,,,,,,,,,,,,,,,,-10.8,42.6,3196,,,,040007FF N100 N100 *,480017FF N100 N100,0.4,0.4,62,39,,1200,ALT,16.7,2510,56,117,14,2.0,4.8,-4,127,126,13.3,6,740,830,,
2026-07-21,18:15:21,01:15:21,-07:00,+33.6363569,-116.1609680,-130,3D (GPS nav),263721.3,0.1,,-0,0,0.10,249.0,66,138,5,83,-122,3,9.6,10,2.57,-0.50,0.004,0.983,-1.305,,320,,,,29.70,123.000,121.500,116.200,VOR2,,TRM,,164,347,,+0.29,,,,,,,,,,,,,,,,,,,-10.8,42.6,3195,,,,040007FF N100 N100 *,480017FF N100 N100,0.3,0.3,51,38,,1200,ALT,16.6,2530,56,117,14,1.9,4.8,-4,127,126,13.3,6,755,840,,
2026-07-21,18:15:22,01:15:22,-07:00,+33.6363561,-116.1609680,-131,3D (GPS nav),263722.3,0.1,,0,-0,0.00,249.0,66,138,5,83,-122,-4,9.2,9,2.67,-0.41,-0.003,1.008,-1.234,,320,,,,29.70,123.000,121.500,116.200,VOR2,,TRM,,164,347,,+0.29,,,,,,,,,,,,,,,,,,,-10.8,42.6,3195,,,,040007FF N100 N100 *,480017FF N100 N100,0.3,0.4,58,39,,1200,ALT,16.6,2520,56,117,14,1.8,4.8,-4,128,127,13.3,6,765,845,,
2026-07-21,18:15:23,01:15:23,-07:00,+33.6363555,-116.1609678,-131,3D (GPS nav),263723.3,0.1,,-0,-0,0.00,249.0,66,138,5,82,-122,-12,8.4,9,2.55,-0.51,-0.013,1.003,-1.221,,320,,,,29.70,123.000,121.500,116.200,GPS1,LOI SUSP MSG,,,,,,,,VISUAL,,,,,,,,,,,,,,,,,-10.8,42.6,3195,,,,040007FF N100 N100 *,480017FF N100 N100,0.3,0.3,67,33,,1200,ALT,16.6,2520,56,117,14,1.7,4.9,-4,128,127,13.3,6,775,855,,
2026-07-21,18:15:24,01:15:24,-07:00,+33.6363544,-116.1609672,-131,3D (GPS nav),263724.3,0.0,,0,-0,-0.01,248.8,66,138,5,83,-123,-14,8.3,9,2.49,-0.48,0.004,0.991,-1.238,,320,,,,29.70,123.000,121.500,116.200,GPS1,LOI SUSP MSG,,,,,,,,VISUAL,,,,,,,,,,,,,,,,,-10.8,42.6,3194,,,,040007FF N100 N100 *,480017FF N100 N100,0.4,0.3,64,44,,1200,ALT,16.6,2510,56,117,14,1.7,4.9,-4,129,128,13.3,6,785,865,,
2026-07-21,18:15:25,01:15:25,-07:00,+33.6363541,-116.1609669,-131,3D (GPS nav),263725.3,0.1,,0,0,-0.20,249.0,66,138,5,83,-122,-6,8.3,9,2.60,-0.42,0.013,1.016,-1.258,,320,,,,29.70,123.000,121.500,116.200,GPS1,LOI SUSP MSG,,,,,,,,VISUAL,,,,,,,,,,,,,,,,,-10.8,42.6,3194,,,,040007FF N100 N100 *,480017FF N100 N100,0.3,0.3,85,31,,1200,ALT,16.6,2490,56,117,14,1.8,4.9,-4,129,128,13.3,6,790,875,,
2026-07-21,18:15:26,01:15:26,-07:00,+33.6363530,-116.1609666,-131,3D (GPS nav),263726.3,0.0,,0,0,-0.13,249.0,66,138,5,83,-122,1,8.1,8,2.65,-0.43,-0.011,0.984,-1.335,,320,,,,29.70,123.000,121.500,116.200,GPS1,LOI SUSP MSG,,,,,,,,VISUAL,,,,,,,,,,,,,,,,,-10.8,42.6,3194,,,,040007FF N100 N100 *,480017FF N100 N100,0.3,0.3,78,52,,1200,ALT,16.6,2500,56,117,14,1.8,5.0,-4,130,129,13.3,6,800,885,,
2026-07-21,18:15:27,01:15:27,-07:00,+33.6363521,-116.1609669,-131,3D (GPS nav),263727.3,0.1,,-0,-0,0.00,248.9,66,138,5,83,-122,6,8.2,8,2.49,-0.47,-0.009,1.007,-1.482,,320,,,,29.70,123.000,121.500,116.200,GPS1,LOI SUSP MSG,,,,,,,,VISUAL,,,,,,,,,,,,,,,,,-10.8,42.6,3195,,,,040007FF N100 N100 *,480017FF N100 N100,0.4,0.3,87,42,,1200,ALT,16.7,2520,56,117,14,1.8,5.0,-4,130,129,13.3,6,810,890,,
2026-07-21,18:15:28,01:15:28,-07:00,+33.6363513,-116.1609663,-132,3D (GPS nav),263728.3,0.1,,0,-0,0.01,248.9,66,138,5,83,-122,1,8.1,8,2.53,-0.47,0.018,1.020,-1.581,,320,,,,29.70,123.000,121.500,116.200,GPS1,LOI SUSP MSG,,,,,,,,VISUAL,,,,,,,,,,,,,,,,,-10.8,42.6,3194,,,,040007FF N100 N100 *,480017FF N100 N100,0.4,0.3,79,42,,1200,ALT,16.8,2510,56,117,14,1.8,5.0,-4,131,130,13.3,6,815,895,,
2026-07-21,18:15:29,01:15:29,-07:00,+33.6363510,-116.1609672,-132,3D (GPS nav),263729.3,0.1,,0,-0,-0.11,249.2,75,138,5,84,-122,10,8.7,9,2.67,-0.40,-0.015,0.997,-1.548,,320,,,,29.70,123.000,121.500,116.200,GPS1,LOI SUSP MSG,,,,,,,,VISUAL,,,,,,,,,,,,,,,,,-10.8,42.6,3194,,,,040007FF N100 N100 *,480017FF N100 N100,0.2,0.4,66,44,,1200,ALT,16.8,2540,56,117,14,1.9,5.0,-4,131,130,13.3,6,825,905,,
2026-07-21,18:15:30,01:15:30,-07:00,+33.6363499,-116.1609666,-132,3D (GPS nav),263730.3,0.1,,0,-0,0.02,249.3,75,138,5,84,-122,13,9.0,9,2.81,-0.49,-0.036,1.001,-1.473,,320,,,,29.70,123.000,121.500,116.200,GPS1,LOI SUSP MSG,,,,,,,,VISUAL,,,,,,,,,,,,,,,,,-10.8,42.6,3195,,,,040007FF N100 N100 *,480017FF N100 N100,0.1,0.3,73,40,,1200,ALT,16.7,2540,56,117,14,2.0,5.0,-4,132,131,13.3,6,830,910,,
2026-07-21,18:15:31,01:15:31,-07:00,+33.6363494,-116.1609658,-132,3D (GPS nav),263731.3,0.1,,0,0,-0.12,249.4,75,138,5,83,-122,6,9.1,9,2.79,-0.50,0.023,1.012,-1.383,,320,,,,29.70,123.000,121.500,116.200,GPS1,LOI SUSP MSG,,,,,,,,VISUAL,,,,,,,,,,,,,,,,,-10.8,42.6,3194,,,,040007FF N100 N100 *,480017FF N100 N100,0.1,0.2,66,41,,1200,ALT,16.7,2550,56,117,14,1.9,5.0,-4,132,131,13.3,6,835,915,,
2026-07-21,18:15:32,01:15:32,-07:00,+33.6363486,-116.1609649,-132,3D (GPS nav),263732.4,0.1,,0,0,-0.03,249.5,75,138,5,84,-122,5,9.4,10,2.82,-0.51,-0.016,0.990,-1.240,,320,,,,29.70,123.000,121.500,116.200,GPS1,LOI SUSP MSG,,,,,,,,VISUAL,,,,,,,,,,,,,,,,,-10.8,42.6,3195,,,,040007FF N100 N100 *,480017FF N100 N100,0.1,0.2,65,36,,1200,ALT,16.6,2520,56,117,14,1.9,5.0,-4,132,132,13.3,6,845,920,,
2026-07-21,18:15:33,01:15:33,-07:00,+33.6363472,-116.1609638,-133,3D (GPS nav),263733.3,0.0,,-0,-0,-0.02,249.4,75,138,5,84,-121,11,9.6,10,2.73,-0.53,0.042,1.026,-1.110,,320,,,,29.70,123.000,121.500,116.200,GPS1,LOI SUSP MSG,,,,,,,,VISUAL,,,,,,,,,,,,,,,,,-10.8,42.6,3195,,,,040007FF N100 N100 *,480017FF N100 N100,0.2,0.3,76,41,,1200,ALT,16.6,2530,56,117,14,1.9,5.1,-4,133,132,13.3,6,850,925,,
2026-07-21,18:15:34,01:15:34,-07:00,+33.6363464,-116.1609630,-133,3D (GPS nav),263734.3,0.1,,0,0,0.00,249.1,75,138,5,83,-122,0,9.6,10,2.65,-0.41,0.009,0.998,-1.011,,320,,,,29.70,123.000,121.500,116.200,GPS1,LOI SUSP MSG,,,,,,,,VISUAL,,,,,,,,,,,,,,,,,-10.8,42.6,3195,,,,040007FF N100 N100 *,480017FF N100 N100,0.2,0.4,68,37,,1200,ALT,16.6,2530,56,117,14,1.8,5.1,-4,133,132,13.3,6,855,930,,
2026-07-21,18:15:35,01:15:35,-07:00,+33.6363452,-116.1609622,-133,3D (GPS nav),263735.3,0.1,,0,-0,-0.07,249.1,75,138,5,83,-122,-9,9.5,10,2.56,-0.50,0.012,1.018,-0.996,,320,,,,29.70,123.000,121.500,116.200,GPS1,LOI SUSP MSG,,,,,,,,VISUAL,,,,,,,,,,,,,,,,,-10.8,42.6,3194,,,,040007FF N100 N100 *,480017FF N100 N100,0.3,0.3,72,38,,1200,ALT,16.6,2530,56,117,14,1.8,5.1,-4,134,133,13.3,6,860,930,,
2026-07-21,18:15:36,01:15:36,-07:00,+33.6363450,-116.1609619,-133,3D (GPS nav),263736.3,0.1,,0,0,0.03,249.2,75,138,5,83,-122,-11,9.2,9,2.62,-0.55,0.058,0.997,-1.023,,320,,,,29.70,123.000,121.500,116.200,GPS1,LOI SUSP MSG,,,,,,,,VISUAL,,,,,,,,,,,,,,,,,-10.8,42.6,3194,,,,040007FF N100 N100 *,480017FF N100 N100,0.3,0.2,76,45,,1200,ALT,16.6,2520,56,117,14,1.8,5.1,-4,134,133,13.3,6,865,935,,
2026-07-21,18:15:37,01:15:37,-07:00,+33.6363442,-116.1609611,-133,3D (GPS nav),263737.3,0.1,,0,0,0.02,249.2,75,138,5,83,-122,-12,9.0,9,2.58,-0.48,0.033,1.022,-1.062,,320,,,,29.70,123.000,121.500,116.200,GPS1,LOI SUSP MSG,,,,,,,,VISUAL,,,,,,,,,,,,,,,,,-10.8,42.6,3194,,,,040007FF N100 N100 *,480017FF N100 N100,0.3,0.3,64,35,,1200,ALT,16.5,2540,56,117,14,1.9,5.1,-4,135,134,13.3,6,870,940,,
2026-07-21,18:15:38,01:15:38,-07:00,+33.6363436,-116.1609602,-132,3D (GPS nav),263738.3,0.1,,-0,0,-0.02,249.0,75,138,5,82,-123,-17,8.8,9,2.42,-0.41,0.021,1.022,-1.117,,320,,,,29.70,123.000,121.500,116.200,GPS1,LOI SUSP MSG,,,,,,,,VISUAL,,,,,,,,,,,,,,,,,-10.8,42.6,3193,,,,040007FF N100 N100 *,480017FF N100 N100,0.4,0.4,61,40,,1200,ALT,16.3,2530,56,117,14,1.8,5.1,-4,135,134,13.3,6,875,945,,
2026-07-21,18:15:39,01:15:39,-07:00,+33.6363427,-116.1609599,-132,3D (GPS nav),263739.3,0.1,,0,0,0.04,249.0,75,138,5,82,-123,-19,8.7,9,2.44,-0.49,-0.025,0.989,-1.197,,320,,,,29.70,123.000,121.500,116.200,GPS1,LOI SUSP MSG,,,,,,,,VISUAL,,,,,,,,,,,,,,,,,-10.8,42.6,3193,,,,040007FF N100 N100 *,480017FF N100 N100,0.5,0.3,72,43,,1200,ALT,16.3,2520,56,117,14,1.8,5.1,-4,136,135,13.3,6,880,950,,
2026-07-21,18:15:40,01:15:40,-07:00,+33.6363422,-116.1609594,-132,3D (GPS nav),263740.3,0.0,,-0,0,-0.08,249.1,75,138,5,82,-123,-12,8.5,9,2.56,-0.44,0.034,1.027,-1.386,,320,,,,29.70,123.000,121.500,116.200,GPS1,LOI SUSP MSG,,,,,,,,VISUAL,,,,,,,,,,,,,,,,,-10.8,42.6,3193,,,,040007FF N100 N100 *,480017FF N100 N100,0.3,0.4,60,42,,1200,ALT,16.3,2530,56,117,14,1.8,5.1,-4,136,135,13.3,6,885,955,,
2026-07-21,18:15:41,01:15:41,-07:00,+33.6363416,-116.1609589,-132,3D (GPS nav),263741.3,0.0,,-0,0,0.07,249.0,75,138,5,82,-123,-7,8.6,9,2.53,-0.57,0.065,1.007,-1.490,,320,,,,29.70,123.000,121.500,116.200,GPS1,LOI SUSP MSG,,,,,,,,VISUAL,,,,,,,,,,,,,,,,,-10.8,42.6,3192,,,,040007FF N100 N100 *,480017FF N100 N100,0.4,0.2,70,43,,1200,ALT,16.3,2530,56,117,14,1.8,5.1,-4,136,135,13.3,6,890,960,,
2026-07-21,18:15:42,01:15:42,-07:00,+33.6363405,-116.1609580,-132,3D (GPS nav),263742.3,0.1,,0,-0,-0.04,249.0,72,138,5,82,-123,-4,8.8,9,2.50,-0.47,-0.016,0.998,-1.538,,320,,,,29.70,123.000,121.500,116.200,GPS1,LOI SUSP MSG,,,,,,,,VISUAL,,,,,,,,,,,,,,,,,-10.8,42.6,3192,,,,040007FF N100 N100 *,480017FF N100 N100,0.4,0.3,57,38,,1200,ALT,16.3,2540,56,117,14,1.9,5.1,-4,137,136,13.3,6,895,960,,
2026-07-21,18:15:43,01:15:43,-07:00,+33.6363397,-116.1609575,-131,3D (GPS nav),263743.3,0.1,,0,0,0.01,249.0,72,138,5,82,-123,-1,8.5,9,2.52,-0.46,-0.005,0.978,-1.625,,320,,,,29.70,123.000,121.500,116.200,GPS1,LOI SUSP MSG,,,,,,,,VISUAL,,,,,,,,,,,,,,,,,-10.8,42.6,3192,,,,040007FF N100 N100 *,480017FF N100 N100,0.4,0.3,86,38,,1200,ALT,16.3,2530,56,117,14,1.8,5.1,-4,137,136,13.3,6,895,965,,
2026-07-21,18:15:44,01:15:44,-07:00,+33.6363389,-116.1609569,-131,3D (GPS nav),263744.3,0.0,,0,0,0.02,248.8,72,138,5,82,-123,-1,8.3,9,2.38,-0.39,0.021,1.012,-1.673,,320,,,,29.70,123.000,121.500,116.200,GPS1,LOI SUSP MSG,,,,,,,,VISUAL,,,,,,,,,,,,,,,,,-10.8,42.6,3192,,,,040007FF N100 N100 *,480017FF N100 N100,0.5,0.4,67,40,,1200,ALT,16.4,2540,56,117,14,1.8,5.1,-4,138,137,13.3,6,900,970,,
2026-07-21,18:15:45,01:15:45,-07:00,+33.6363383,-116.1609564,-131,3D (GPS nav),263745.3,0.0,,-0,0,0.03,248.8,72,138,5,83,-123,7,8.5,9,2.46,-0.51,0.027,1.022,-1.656,,320,,,,29.70,123.000,121.500,116.200,GPS1,LOI SUSP MSG,,,,,,,,VISUAL,,,,,,,,,,,,,,,,,-10.8,42.6,3193,,,,040007FF N100 N100 *,480017FF N100 N100,0.4,0.3,67,40,,1200,ALT,16.4,2540,56,117,14,1.7,5.1,-4,138,137,13.3,6,905,970,,
2026-07-21,18:15:46,01:15:46,-07:00,+33.6363371,-116.1609552,-131,3D (GPS nav),263746.3,0.0,,-0,-0,0.08,248.9,72,138,5,83,-122,11,8.7,9,2.44,-0.51,-0.043,0.999,-1.643,,320,,,,29.70,123.000,121.500,116.200,GPS1,LOI SUSP MSG,,,,,,,,VISUAL,,,,,,,,,,,,,,,,,-10.8,42.6,3193,,,,040007FF N100 N100 *,480017FF N100 N100,0.4,0.3,62,35,,1200,ALT,16.3,2530,56,117,14,1.7,5.1,-4,139,138,13.3,6,905,975,,
2026-07-21,18:15:47,01:15:47,-07:00,+33.6363364,-116.1609546,-131,3D (GPS nav),263747.3,0.1,,0,-0,0.09,249.0,72,138,5,82,-123,-0,8.2,8,2.58,-0.50,0.016,0.999,-1.694,,320,,,,29.70,123.000,121.500,116.200,GPS1,LOI SUSP MSG,,,,,,,,VISUAL,,,,,,,,,,,,,,,,,-10.8,42.6,3192,,,,040007FF N100 N100 *,480017FF N100 N100,0.3,0.3,66,35,,1200,ALT,16.2,2540,56,117,14,1.7,5.1,-3,139,138,13.3,6,910,975,,
2026-07-21,18:15:48,01:15:48,-07:00,+33.6363355,-116.1609538,-130,3D (GPS nav),263748.3,0.1,,0,-0,0.12,249.1,72,138,5,82,-123,-4,7.9,8,2.65,-0.51,0.032,1.008,-1.809,,320,,,,29.70,123.000,121.500,116.200,GPS1,LOI SUSP MSG,,,,,,,,VISUAL,,,,,,,,,,,,,,,,,-10.8,42.6,3192,,,,040007FF N100 N100 *,480017FF N100 N100,0.3,0.3,75,39,,1200,ALT,16.1,2530,56,117,14,1.7,5.1,-3,139,138,13.3,6,915,980,,
2026-07-21,18:15:49,01:15:49,-07:00,+33.6363347,-116.1609535,-130,3D (GPS nav),263749.3,0.1,,-0,0,0.04,249.0,72,138,5,83,-123,-2,8.0,8,2.52,-0.53,-0.018,0.998,-1.803,,320,,,,29.70,123.000,121.500,116.200,GPS1,LOI SUSP MSG,,,,,,,,VISUAL,,,,,,,,,,,,,,,,,-10.8,42.6,3192,,,,040007FF N100 N100 *,480017FF N100 N100,0.4,0.3,54,34,,1200,ALT,16.1,2530,56,117,14,1.8,5.1,-4,140,139,13.3,6,915,985,,
2026-07-21,18:15:50,01:15:50,-07:00,+33.6363338,-116.1609530,-130,3D (GPS nav),263750.3,0.1,,0,0,0.07,248.7,72,138,5,82,-123,-1,8.0,8,2.25,-0.44,0.006,0.990,-1.769,,320,,,,29.70,123.000,121.500,116.200,GPS1,LOI SUSP MSG,,,,,,,,VISUAL,,,,,,,,,,,,,,,,,-10.8,42.6,3192,,,,040007FF N100 N100 *,480017FF N100 N100,0.6,0.3,59,42,,1200,ALT,16.1,2540,55,117,14,1.9,5.1,-4,140,139,13.3,6,920,985,,
2026-07-21,18:15:51,01:15:51,-07:00,+33.6363330,-116.1609521,-129,3D (GPS nav),263751.3,0.1,,0,-0,0.18,248.8,72,138,5,82,-123,-2,7.9,8,2.29,-0.33,-0.032,1.000,-1.731,,320,,,,29.70,123.000,121.500,116.200,GPS1,LOI SUSP MSG,,,,,,,,VISUAL,,,,,,,,,,,,,,,,,-10.8,42.6,3192,,,,040007FF N100 N100 *,480017FF N100 N100,0.6,0.4,70,39,,1200,ALT,16.1,2540,55,117,14,1.9,5.1,-4,141,140,13.3,6,925,990,,
2026-07-21,18:15:52,01:15:52,-07:00,+33.6363322,-116.1609519,-129,3D (GPS nav),263752.3,0.0,,0,0,-0.03,248.8,72,138,5,82,-123,1,8.1,8,2.31,-0.40,0.003,1.014,-1.641,,320,,,,29.70,123.000,121.500,116.200,GPS1,LOI SUSP MSG,,,,,,,,VISUAL,,,,,,,,,,,,,,,,,-10.8,42.6,3192,,,,040007FF N100 N100 *,480017FF N100 N100,0.6,0.4,70,35,,1200,ALT,16.2,2550,55,117,14,1.9,5.1,-4,141,140,13.3,6,925,990,,
2026-07-21,18:15:53,01:15:53,-07:00,+33.6363317,-116.1609516,-129,3D (GPS nav),263753.3,0.0,,-0,0,-0.09,248.7,72,138,5,82,-123,-1,8.1,8,2.11,-0.40,0.009,1.011,-1.638,,320,700,,,29.70,123.000,121.500,116.200,GPS1,LOI SUSP MSG,,,,,,,,VISUAL,,,,,,,,,,,,,,,,,-10.8,42.6,3191,,,,040007FF N100 N100 *,480017FF N100 N100,0.7,0.4,78,46,,1200,ALT,16.4,2530,55,117,14,1.9,5.1,-4,142,140,13.3,6,930,995,,
2026-07-21,18:15:54,01:15:54,-07:00,+33.6363308,-116.1609503,-128,3D (GPS nav),263754.3,0.1,,0,0,-0.05,248.8,89,197,5,83,-123,3,7.8,8,2.31,-0.38,0.014,0.995,-1.713,,320,900,,,29.70,123.000,121.500,116.200,GPS1,LOI SUSP MSG,,,,,,,,VISUAL,,,,,,,,,,,,,,,,,-10.8,42.6,3191,,,,040007FF N100 N100 *,480017FF N100 N100,0.6,0.4,72,34,,1200,ALT,16.4,2550,55,117,14,1.9,5.1,-4,142,141,13.3,6,930,1000,,
2026-07-21,18:15:55,01:15:55,-07:00,+33.6363302,-116.1609499,-128,3D (GPS nav),263755.3,0.1,,0,-0,0.01,248.8,89,197,5,83,-122,13,7.5,8,2.34,-0.48,0.020,1.016,-1.781,,320,900,,,29.70,123.000,121.500,116.200,GPS1,LOI SUSP MSG,,,,,,,,VISUAL,,,,,,,,,,,,,,,,,-10.8,42.6,3192,,,,040007FF N100 N100 *,480017FF N100 N100,0.5,0.3,60,35,,1200,ALT,16.5,2530,55,117,14,1.9,5.1,-4,142,141,13.3,6,930,1000,,
2026-07-21,18:15:56,01:15:56,-07:00,+33.6363297,-116.1609500,-127,3D (GPS nav),263756.3,0.1,,-0,0,-0.04,248.7,89,197,5,83,-122,14,7.7,8,2.25,-0.49,0.033,1.011,-1.767,,320,900,,,29.70,123.000,121.500,116.200,GPS1,LOI SUSP MSG,,,,,,,,VISUAL,,,,,,,,,,,,,,,,,-10.8,42.6,3192,,,,040007FF N100 N100 *,480017FF N100 N100,0.6,0.3,79,39,,1200,ALT,16.5,2530,55,117,14,1.8,5.1,-4,143,142,13.3,6,935,1005,,
2026-07-21,18:15:57,01:15:57,-07:00,+33.6363288,-116.1609497,-127,3D (GPS nav),263757.3,0.1,,-0,0,-0.08,248.8,89,197,5,83,-122,13,8.9,9,2.41,-0.46,0.001,1.010,-1.647,,320,900,,,29.70,123.000,121.500,116.200,GPS1,LOI SUSP MSG,,,,,,,,VISUAL,,,,,,,,,,,,,,,,,-10.8,42.6,3192,,,,040007FF N100 N100 *,480017FF N100 N100,0.4,0.3,71,42,,1200,ALT,16.4,2540,55,117,14,1.8,5.1,-4,143,142,13.3,6,935,1005,,
2026-07-21,18:15:58,01:15:58,-07:00,+33.6363281,-116.1609494,-127,3D (GPS nav),263758.3,0.0,,-0,0,-0.02,248.9,89,197,5,83,-122,8,8.9,9,2.50,-0.47,-0.002,1.023,-1.500,,320,900,,,29.70,123.000,121.500,116.200,GPS1,LOI SUSP MSG,,,,,,,,VISUAL,,,,,,,,,,,,,,,,,-10.8,42.6,3192,,,,040007FF N100 N100 *,480017FF N100 N100,0.4,0.3,73,45,,1200,ALT,16.3,2540,55,117,14,1.8,5.1,-4,144,142,13.3,6,940,1010,,
2026-07-21,18:15:59,01:15:59,-07:00,+33.6363277,-116.1609494,-127,3D (GPS nav),263759.4,0.1,,-0,-0,-0.09,249.0,89,197,5,84,-122,10,9.0,9,2.55,-0.58,0.023,1.020,-1.345,,320,900,,,29.70,123.000,121.500,116.200,GPS1,LOI SUSP MSG,,,,,,,,VISUAL,,,,,,,,,,,,,,,,,-10.8,42.6,3192,,,,040007FF N100 N100 *,480017FF N100 N100,0.3,0.2,59,36,,1200,ALT,16.3,2550,55,118,14,1.8,5.1,-4,144,143,13.3,6,940,1010,,
2026-07-21,18:16:00,01:16:00,-07:00,+33.6363269,-116.1609491,-126,3D (GPS nav),263760.4,0.1,,0,0,-0.02,249.0,89,197,5,84,-121,16,9.2,10,2.63,-0.45,0.001,0.986,-1.186,,320,900,,,29.70,123.000,121.500,116.200,GPS1,LOI SUSP MSG,,,,,,,,VISUAL,,,,,,,,,,,,,,,,,-10.8,42.6,3193,,,,040007FF N100 N100 *,480017FF N100 N100,0.2,0.3,60,41,,1200,ALT,16.3,2550,55,118,14,1.8,5.1,-4,144,143,13.3,6,945,1015,,
2026-07-21,18:16:01,01:16:01,-07:00,+33.6363264,-116.1609492,-126,3D (GPS nav),263761.3,0.1,,-0,0,0.00,249.0,89,197,5,83,-121,9,9.5,10,2.57,-0.45,0.053,1.016,-1.045,,320,900,,,29.70,123.000,121.500,116.200,GPS1,LOI SUSP MSG,,,,,,,,VISUAL,,,,,,,,,,,,,,,,,-10.8,42.6,3193,,,,040007FF N100 N100 *,480017FF N100 N100,0.3,0.3,65,40,,1200,ALT,16.4,2530,55,118,14,1.8,5.1,-4,145,144,13.3,6,945,1015,,
2026-07-21,18:16:02,01:16:02,-07:00,+33.6363222,-116.1609343,-116,3D (GPS nav),263762.3,0.1,,0,0,0.05,249.0,62,157,6,83,-122,-7,9.3,10,2.49,-0.46,0.021,1.018,-0.972,,320,900,,,29.70,123.000,121.500,116.200,GPS1,SUSP MSG,,,,,,,,VISUAL,,,,,,,,,,,,,,,,,-10.8,42.6,3192,,,,040007FF N100 N100 *,480017FF N100 N100,0.4,0.3,55,33,,1200,ALT,16.3,2570,55,118,14,2.0,5.1,-4,145,144,13.3,6,945,1020,,
2026-07-21,18:16:03,01:16:03,-07:00,+33.6363235,-116.1609419,-121,3D (GPS nav),263763.3,0.1,,0,-0,-0.02,248.9,62,154,6,82,-123,-23,8.8,9,2.53,-0.43,-0.018,0.982,-0.948,,320,900,,,29.70,123.000,121.500,116.200,GPS1,SUSP MSG,,,,,,,,VISUAL,,,,,,,,,,,,,,,,,-10.8,42.6,3192,,,,040007FF N100 N100 *,480017FF N100 N100,0.4,0.3,75,37,,1200,ALT,16.3,2550,55,118,14,2.0,5.1,-4,145,144,13.3,6,950,1020,,
2026-07-21,18:16:04,01:16:04,-07:00,+33.6363245,-116.1609475,-126,3D (GPS nav),263764.3,0.1,,-0,0,0.07,249.1,62,154,6,83,-123,-21,9.0,9,2.59,-0.51,-0.004,1.008,-0.936,,320,900,,,29.70,123.000,121.500,116.200,GPS1,SUSP MSG,,,,,,,,VISUAL,,,,,,,,,,,,,,,,,-10.8,42.6,3192,,,,040007FF N100 N100 *,480017FF N100 N100,0.3,0.3,63,37,,1200,ALT,16.3,2550,55,118,14,1.9,5.1,-4,146,145,13.3,6,950,1020,,
2026-07-21,18:16:05,01:16:05,-07:00,+33.6363250,-116.1609524,-130,3D (GPS nav),263765.3,0.0,,0,0,-0.07,248.9,62,154,6,83,-123,-11,8.4,9,2.57,-0.40,0.003,0.984,-1.000,,320,900,,,29.70,123.000,121.500,116.200,GPS1,SUSP MSG,,,,,,,,VISUAL,,,,,,,,,,,,,,,,,-10.8,42.6,3192,,,,040007FF N100 N100 *,480017FF N100 N100,0.3,0.4,67,39,,1200,ALT,16.3,2550,55,118,14,1.9,5.1,-4,146,145,13.3,6,950,1025,,
2026-07-21,18:16:06,01:16:06,-07:00,+33.6363305,-116.1609528,-131,3D (GPS nav),263766.3,0.1,,-0,0,-0.08,249.0,105,157,6,83,-123,-3,8.1,8,2.55,-0.44,0.002,1.008,-1.164,,320,900,,,29.70,123.000,121.500,116.200,GPS1,SUSP MSG,,,,,,,,VISUAL,,,,,,,,,,,,,,,,,-10.8,42.6,3192,,,,040007FF N100 N100 *,480017FF N100 N100,0.3,0.3,77,37,,1200,ALT,16.4,2540,55,118,14,1.9,5.1,-4,147,145,13.3,6,955,1025,,
2026-07-21,18:16:07,01:16:07,-07:00,+33.6363308,-116.1609534,-132,3D (GPS nav),263767.3,0.1,,-0,0,-0.01,248.9,105,157,6,83,-123,-2,8.0,8,2.44,-0.44,0.046,1.019,-1.328,,320,900,,,29.70,123.000,121.500,116.200,GPS1,SUSP MSG,,,,,,,,VISUAL,,,,,AP,ROL,PIT (ALTS),0.0,2.5,900,0.0,2.5,,,+1,+0,-10.8,42.6,3193,,,,040007FF N100 N100 *,480017FF N100 N100,0.4,0.3,77,36,,1200,ALT,16.3,2540,55,118,14,2.0,5.1,-4,147,146,13.3,6,955,1030,,
2026-07-21,18:16:08,01:16:08,-07:00,+33.6363305,-116.1609535,-132,3D (GPS nav),263768.3,0.0,,0,0,-0.12,249.1,105,157,6,82,-123,-7,7.5,8,2.55,-0.50,-0.016,0.990,-1.801,,320,900,,,29.70,123.000,121.500,116.200,GPS1,SUSP MSG,,,,,,,,VISUAL,,,,,AP,HDG,PIT (ALTS),0.3,2.5,900,30.0,2.5,,,+3,+1,-10.8,42.6,3192,,,,040007FF N100 N100 *,480017FF N100 N100,0.3,0.3,65,40,,1200,ALT,16.1,2540,55,118,14,1.8,5.2,-4,147,146,13.3,6,955,1030,,
2026-07-21,18:16:09,01:16:09,-07:00,+33.6363306,-116.1609539,-132,3D (GPS nav),263769.3,0.0,,0,0,-0.11,249.0,105,157,6,82,-123,-9,7.5,8,2.49,-0.51,-0.005,0.996,-2.151,,320,900,,,29.70,123.000,121.500,116.200,GPS1,SUSP MSG,,,,,,,,VISUAL,,,,,AP,HDG,PIT (ALTS),3.2,2.5,900,30.0,2.5,,,+7,+1,-10.8,42.6,3192,,,,040007FF N100 N100 *,480017FF N100 N100,0.3,0.2,69,38,,1200,ALT,15.9,2520,55,118,14,1.7,5.2,-4,148,147,13.3,6,955,1035,,
2026-07-21,18:16:10,01:16:10,-07:00,+33.6363294,-116.1609524,-131,3D (GPS nav),263770.3,0.1,,0,0,-0.10,249.1,105,157,6,82,-123,-6,7.5,8,2.57,-0.42,-0.000,1.012,-2.368,,320,900,,,29.70,123.000,121.500,116.200,GPS1,SUSP MSG,,,,,,,,VISUAL,,,,,AP,HDG,PIT (ALTS),8.2,2.5,900,30.0,2.5,,,+11,+1,-10.8,42.6,3192,,,,040007FF N100 N100 *,480017FF N100 N100,0.3,0.3,71,42,,1200,ALT,16.0,2540,55,118,14,1.7,5.1,-4,148,147,13.3,6,960,1035,,
2026-07-21,18:16:11,01:16:11,-07:00,+33.6363302,-116.1609535,-132,3D (GPS nav),263771.3,0.0,,0,0,0.10,249.1,105,157,6,82,-123,-4,7.6,8,2.49,-0.49,-0.039,0.977,-2.487,,320,900,,,29.70,123.000,121.500,116.200,GPS1,SUSP MSG,,,,,,,,VISUAL,,,,,Manual disengage,HDG,PIT (ALTS),13.3,2.5,900,,,,,,,-10.8,42.6,3192,,,,040007FF N100 N100 *,480017FF N100 N100,0.3,0.3,80,37,,1200,ALT,16.2,2540,55,118,14,1.7,5.1,-4,148,147,13.3,6,960,1035,,
2026-07-21,18:16:12,01:16:12,-07:00,+33.6363344,-116.1609556,-124,3D (GPS nav),263772.3,0.1,,-0,0,-0.02,249.0,125,285,6,83,-123,4,8.2,9,2.47,-0.44,-0.011,0.977,-2.430,,320,900,,,29.70,123.000,121.500,116.200,GPS1,SUSP MSG,,,,,,,,VISUAL,,,,,,,,,,,,,,,,,-10.8,42.6,3192,,,,040007FF N100 N100 *,480017FF N100 N100,0.4,0.3,69,40,,1200,ALT,16.3,2540,55,118,14,1.8,5.1,-4,149,148,13.3,6,960,1035,,
2026-07-21,18:16:13,01:16:13,-07:00,+33.6363341,-116.1609555,-124,3D (GPS nav),263773.3,0.1,,0,-0,-0.01,249.0,125,285,6,84,-122,21,9.3,10,2.54,-0.39,0.043,1.005,-2.205,,320,900,,,29.70,123.000,121.500,116.200,GPS1,SUSP MSG,,,,,,,,VISUAL,,,,,,,,,,,,,,,,,-10.8,42.6,3194,,,,040007FF N100 N100 *,480017FF N100 N100,0.3,0.4,73,34,,1200,ALT,16.3,2560,55,118,14,1.8,5.1,-4,149,148,13.3,6,960,1040,,
2026-07-21,18:16:14,01:16:14,-07:00,+33.6363338,-116.1609544,-125,3D (GPS nav),263774.3,0.1,,0,0,-0.07,249.1,125,285,6,84,-122,24,10.0,10,2.57,-0.42,0.044,0.995,-1.928,,320,900,,,29.70,123.000,121.500,116.200,GPS1,SUSP MSG,,,,,,,,VISUAL,,,,,,,,,,,,,,,,,-10.8,42.6,3194,,,,040007FF N100 N100 *,480017FF N100 N100,0.3,0.4,75,36,,1200,ALT,16.4,2560,55,118,14,1.8,5.1,-4,149,148,13.3,6,960,1040,,
2026-07-21,18:16:15,01:16:15,-07:00,+33.6363338,-116.1609541,-125,3D (GPS nav),263775.3,0.0,,0,0,0.01,249.1,125,285,6,84,-121,23,10.3,11,2.56,-0.50,-0.001,1.004,-1.668,,320,900,,,29.70,123.000,121.500,116.200,GPS1,SUSP MSG,,,,,,,,VISUAL,,,,,,,,,,,,,,,,,-10.8,42.6,3195,,,,040007FF N100 N100 *,480017FF N100 N100,0.3,0.3,83,42,,1200,ALT,16.4,2530,55,118,14,2.0,5.1,-4,150,149,13.3,6,965,1040,,
2026-07-21,18:16:16,01:16:16,-07:00,+33.6363344,-116.1609550,-125,3D (GPS nav),263776.3,0.1,,0,-0,-0.09,248.9,125,285,6,84,-121,15,10.6,11,2.38,-0.49,0.004,1.001,-1.445,,320,900,,,29.70,123.000,121.500,116.200,GPS1,SUSP MSG,,,,,,,,VISUAL,,,,,,,,,,,,,,,,,-10.8,42.6,3195,,,,040007FF N100 N100 *,480017FF N100 N100,0.5,0.3,63,35,,1200,ALT,16.4,2540,55,118,14,2.2,5.1,-4,150,149,13.3,6,965,1045,,
2026-07-21,18:16:17,01:16:17,-07:00,+33.6363385,-116.1609552,-125,3D (GPS nav),263777.3,0.1,,-0,0,-0.08,248.9,108,285,7,84,-121,9,10.8,11,2.41,-0.49,0.037,1.012,-1.236,,320,900,,,29.70,123.000,121.500,116.200,GPS1,SUSP MSG,,,,,,,,VISUAL,,,,,,,,,,,,,,,,,-10.8,42.6,3196,,,,040007FF N100 N100 *,480017FF N100 N100,0.4,0.3,86,39,,1200,ALT,16.4,2540,55,118,14,2.4,5.1,-4,151,149,13.3,6,965,1045,,
2026-07-21,18:16:18,01:16:18,-07:00,+33.6363385,-116.1609552,-125,3D (GPS nav),263778.3,0.0,,0,-0,-0.03,249.0,105,285,7,85,-121,18,11.5,12,2.50,-0.46,-0.014,1.002,-1.031,,320,900,,,29.70,123.000,121.500,116.200,GPS1,SUSP MSG,,,,,,,,VISUAL,,,,,,,,,,,,,,,,,-10.8,42.6,3198,,,,040007FF N100 N100 *,480017FF N100 N100,0.4,0.3,58,35,,1200,ALT,16.4,2550,55,118,14,2.4,5.1,-4,151,150,13.3,6,965,1045,,
2026-07-21,18:16:19,01:16:19,-07:00,+33.6363385,-116.1609541,-125,3D (GPS nav),263779.3,0.0,,0,-0,0.02,249.1,105,285,7,85,-121,17,11.6,12,2.55,-0.51,0.008,1.000,-0.838,,320,900,,,29.70,123.000,121.500,116.200,GPS1,SUSP MSG,,,,,,,,VISUAL,,,,,,,,,,,,,,,,,-10.8,42.6,3199,,,,040007FF N100 N100 *,480017FF N100 N100,0.4,0.3,76,39,,1200,ALT,16.3,2540,55,118,14,2.2,5.1,-4,151,150,13.3,6,970,1045,,
2026-07-21,18:16:20,01:16:20,-07:00,+33.6363372,-116.1609535,-124,3D (GPS nav),263780.3,0.0,,0,0,-0.03,249.1,105,285,7,85,-121,7,11.0,12,2.59,-0.45,-0.020,0.972,-0.691,,320,900,,,29.70,123.000,121.500,116.200,GPS1,SUSP MSG,,,,,,,,VISUAL,,,,,,,,,,,,,,,,,-10.8,42.6,3199,,,,040007FF N100 N100 *,480017FF N100 N100,0.3,0.3,68,27,,1200,ALT,16.1,2520,55,119,14,2.2,5.1,-4,151,150,13.3,6,970,1050,,
2026-07-21,18:16:21,01:16:21,-07:00,+33.6363371,-116.1609530,-123,3D (GPS nav),263781.3,0.1,,0,-0,0.06,249.3,105,285,7,84,-121,2,10.7,11,2.84,-0.56,-0.019,0.995,-0.592,,320,900,,,29.70,123.000,121.500,116.200,GPS1,SUSP MSG,,,,,,,,VISUAL,,,,,,,,,,,,,,,,,-10.8,42.7,3200,,,,040007FF N100 N100 *,480017FF N100 N100,0.1,0.2,59,37,,1200,ALT,16.1,2560,55,119,14,2.2,5.1,-4,152,151,13.3,6,970,1050,,
2026-07-21,18:16:22,01:16:22,-07:00,+33.6363355,-116.1609514,-123,3D (GPS nav),263782.3,0.1,,-0,0,-0.02,249.2,108,328,7,84,-121,-8,10.8,11,2.76,-0.52,0.036,1.013,-0.534,,320,900,,,29.70,123.000,121.500,116.200,GPS1,SUSP MSG,,,,,,,,VISUAL,,,,,,,,,,,,,,,,,-10.8,42.7,3200,,,,040007FF N100 N100 *,480017FF N100 N100,0.2,0.3,62,37,,1200,ALT,16.0,2550,55,119,14,2.1,5.1,-4,152,151,13.3,5,970,1050,,
2026-07-21,18:16:23,01:16:23,-07:00,+33.6363497,-116.1609514,-122,3D (GPS nav),263783.3,0.0,,-0,0,0.11,249.2,105,328,9,84,-121,-9,10.2,11,2.72,-0.52,0.019,0.986,-0.582,,320,900,,,29.70,123.000,121.500,116.200,GPS1,SUSP MSG,,,,,,,,VISUAL,,,,,,,,,,,,,,,,,-10.8,42.7,3201,,,,040007FF N100 N100 *,480017FF N100 N100,0.2,0.3,61,35,,1200,ALT,16.0,2540,55,119,14,2.0,5.1,-4,152,151,13.3,5,970,1055,,
2026-07-21,18:16:24,01:16:24,-07:00,+33.6363513,-116.1609519,-122,3D (GPS nav),263784.3,0.1,,0,-0,-0.11,249.2,105,328,9,84,-121,-10,10.2,11,2.75,-0.57,0.007,1.023,-0.616,,320,900,,,29.70,123.000,121.500,116.200,GPS1,SUSP MSG,,,,,,,,VISUAL,,,,,,,,,,,,,,,,,-10.8,42.7,3201,,,,040007FF N100 N100 *,480017FF N100 N100,0.2,0.2,64,35,,1200,ALT,15.2,1820,55,119,14,1.9,5.1,-4,152,151,13.3,3,970,1055,,
2026-07-21,18:16:25,01:16:25,-07:00,+33.6363539,-116.1609521,-121,3D (GPS nav),263785.3,0.1,,0,0,-0.08,249.1,105,328,9,84,-121,-2,10.1,10,2.76,-0.53,0.005,0.993,-0.654,,320,900,,,29.70,123.000,121.500,116.200,GPS1,SUSP MSG,,,,,,,,VISUAL,,,,,,,,,,,,,,,,,-10.8,42.7,3203,,,,040007FF N100 N100 *,480017FF N100 N100,0.3,0.2,75,51,,1200,ALT,14.5,1700,57,119,14,1.5,5.1,-4,153,152,13.3,1,970,1055,,
2026-07-21,18:16:26,01:16:26,-07:00,+33.6363535,-116.1609517,-123,3D (GPS nav),263786.3,0.1,,-0,-0,0.05,248.9,105,328,9,85,-121,7,10.2,11,2.70,-0.51,0.001,1.008,-0.664,,320,900,,,29.70,123.000,121.500,116.200,GPS1,SUSP MSG,,,,,,,,VISUAL,,,,,,,,,,,,,,,,,-10.8,42.7,3204,,,,040007FF N100 N100 *,480017FF N100 N100,0.4,0.3,63,62,,1200,ALT,14.0,1730,59,119,14,1.1,5.1,-4,153,152,13.3,-1,970,1050,,
2026-07-21,18:16:27,01:16:27,-07:00,+33.6363544,-116.1609494,-124,3D (GPS nav),263787.3,0.1,,-0,0,-0.01,249.0,105,328,9,85,-121,10,10.5,11,2.72,-0.55,0.007,1.003,-0.659,,320,900,,,29.70,123.000,121.500,116.200,GPS1,SUSP MSG,,,,,,,,VISUAL,,,,,,,,,,,,,,,,,-10.8,42.7,3205,,,,040007FF N100 N100 *,480017FF N100 N100,0.3,0.3,34,33,,1200,ALT,13.8,1920,59,119,14,0.8,5.1,-4,154,153,13.3,-1,965,1050,,
2026-07-21,18:16:28,01:16:28,-07:00,+33.6363539,-116.1609526,-122,3DDiff (GPS nav),263788.3,0.2,,-0,0,0.15,248.9,49,128,9,84,-121,8,10.6,11,2.61,-0.42,-0.035,0.997,-0.654,,320,900,,,29.70,123.000,121.500,116.200,GPS1,SUSP MSG,,,,,,,,VISUAL,,,,,,,,,,,,,,,,,-10.8,42.7,3206,,,,040007FF N100 N100 *,480017FF N100 N100,0.4,0.3,58,30,,1200,ALT,14.1,2310,58,119,14,0.8,5.2,-4,154,153,13.3,-1,960,1045,,
2026-07-21,18:16:29,01:16:29,-07:00,+33.6363544,-116.1609552,-122,3DDiff (GPS nav),263789.3,0.5,,-0,-0,0.16,248.8,49,128,9,84,-121,2,11.4,12,2.75,-0.43,0.008,0.979,-0.658,,320,900,,,29.70,123.000,121.500,116.200,GPS1,SUSP MSG,,,,,,,,VISUAL,,,,,,,,,,,,,,,,,-10.8,42.7,3207,,,,040007FF N100 N100 *,480017FF N100 N100,0.4,0.3,50,34,,1200,ALT,14.7,2330,57,119,14,0.8,5.2,-4,154,153,13.3,0,955,1045,,
2026-07-21,18:16:30,01:16:30,-07:00,+33.6363546,-116.1609605,-123,3DDiff (GPS nav),263790.3,0.9,,-1,-0,0.08,248.4,49,128,9,84,-121,-3,11.4,12,2.82,-0.26,0.058,1.001,-0.641,,320,900,,,29.70,123.000,121.500,116.200,GPS1,SUSP MSG,,,,,,,,VISUAL,,,,,,,,,,,,,,,,,-10.8,42.7,3208,,,,040007FF N100 N100 *,480017FF N100 N100,0.4,0.4,67,44,,1200,ALT,14.9,2180,56,119,14,0.7,5.2,-4,155,154,13.3,1,950,1045,,
2026-07-21,18:16:31,01:16:31,-07:00,+33.6363540,-116.1609672,-123,3DDiff (GPS nav),263791.3,1.4,,-1,-0,0.08,247.9,49,128,9,84,-121,-5,11.2,11,2.62,-0.21,0.033,0.997,-0.625,,320,900,,,29.70,123.000,121.500,116.200,GPS1,SUSP MSG,,,,,,,,VISUAL,,,,,,,,,,,,,,,,,-10.8,42.7,3209,,,,040007FF N100 N100 *,480017FF N100 N100,0.4,0.4,55,37,,1200,ALT,14.9,2160,55,119,14,0.7,5.3,-4,155,154,13.3,1,950,1045,,
2026-07-21,18:16:32,01:16:32,-07:00,+33.6363525,-116.1609776,-121,3DDiff (GPS nav),263792.3,1.8,,-1,-0,-0.10,247.7,49,128,9,83,-121,-14,10.8,11,2.54,-0.16,0.012,1.037,-0.630,,320,900,,,29.70,123.000,121.500,116.200,GPS1,SUSP MSG,,,,,,,,VISUAL,,,,,,,,,,,,,,,,,-10.8,42.7,3209,,,,040007FF N100 N100 *,480017FF N100 N100,0.3,0.2,53,44,,1200,ALT,14.9,2400,55,119,14,0.6,5.3,-4,155,154,13.3,1,950,1045,,
2026-07-21,18:16:33,01:16:33,-07:00,+33.6363499,-116.1609933,-120,3DDiff (GPS nav),263793.3,2.5,,-1,-0,-0.01,246.9,49,128,9,83,-122,-25,10.1,10,2.64,-0.08,-0.049,0.981,-0.677,,320,900,,,29.70,123.000,121.500,116.200,GPS1,SUSP MSG,,,,,,,,VISUAL,,,,,,,,,,,,,,,,,-10.8,42.8,3209,,,,040007FF N100 N100 *,480017FF N100 N100,0.5,0.3,59,49,,1200,ALT,15.1,2170,55,119,14,0.7,5.3,-4,155,154,13.3,2,950,1050,,
2026-07-21,18:16:34,01:16:34,-07:00,+33.6363471,-116.1610089,-120,3DDiff (GPS nav),263794.3,2.9,,-1,-0,-0.20,246.2,49,128,9,83,-122,-26,9.3,10,2.81,0.06,-0.006,0.990,-0.755,,320,900,,,29.70,123.000,121.500,116.200,GPS1,SUSP MSG,,,,,,,,VISUAL,,,,,,,,,,,,,,,,,-10.8,42.8,3210,,,,040007FF N100 N100 *,480017FF N100 N100,0.3,0.2,58,62,,1200,ALT,14.7,1790,56,119,14,0.8,5.3,-4,156,154,13.3,1,945,1050,,
2026-07-21,18:16:35,01:16:35,-07:00,+33.6363440,-116.1610255,-120,3DDiff (GPS nav),263795.3,3.1,,-2,-0,-0.12,245.6,49,128,9,82,-123,-21,9.1,9,2.60,0.10,-0.034,0.961,-0.796,,320,900,,,29.70,123.000,121.500,116.200,GPS1,SUSP MSG,,,,,,,,VISUAL,,,,,,,,,,,,,,,,,-10.8,42.8,3211,,,,040007FF N100 N100 *,480017FF N100 N100,0.3,0.3,61,73,,1200,ALT,14.2,1810,58,119,14,0.8,5.3,-4,156,155,13.3,0,945,1050,,
2026-07-21,18:16:36,01:16:36,-07:00,+33.6363403,-116.1610431,-120,3DDiff (GPS nav),263796.3,3.3,,-2,-0,-0.04,244.8,49,128,9,83,-122,-10,8.8,9,2.56,-0.16,0.033,1.013,-0.830,,320,900,,,29.70,123.000,121.500,116.200,GPS1,SUSP MSG,,,,,,,,VISUAL,,,,,,,,,,,,,,,,,-10.8,42.8,3212,,,,040007FF N100 N100 *,480017FF N100 N100,0.4,0.3,52,55,,1200,ALT,13.9,1850,59,119,14,1.0,5.3,-4,156,155,13.3,-1,945,1050,,
2026-07-21,18:16:37,01:16:37,-07:00,+33.6363351,-116.1610631,-120,3DDiff (GPS nav),263797.3,3.6,,-2,-1,0.11,244.6,49,128,9,83,-122,0,8.6,9,2.49,-0.30,0.047,0.972,-0.863,,320,900,,,29.70,123.000,121.500,116.200,GPS1,SUSP MSG,,,,,,,,VISUAL,,,,,,,,,,,,,,,,,-10.8,42.8,3213,,,,040007FF N100 N100 *,480017FF N100 N100,0.5,0.3,71,63,,1200,ALT,13.4,1870,60,119,14,1.2,5.3,-4,156,155,13.3,-1,940,1045,,
2026-07-21,18:16:38,01:16:38,-07:00,+33.6363294,-116.1610828,-122,3DDiff (GPS nav),263798.3,3.9,,-2,-0,-0.02,244.6,49,128,9,83,-122,4,9.2,10,2.41,-0.34,0.021,0.957,-0.885,,320,900,,,29.70,123.000,121.500,116.200,GPS1,SUSP MSG,,,,,,,,VISUAL,,,,,,,,,,,,,,,,,-10.8,42.8,3214,,,,040007FF N100 N100 *,480017FF N100 N100,0.5,0.2,79,78,,1200,ALT,13.0,1870,60,119,14,1.2,5.4,-4,157,156,13.3,-1,940,1045,,
2026-07-21,18:16:39,01:16:39,-07:00,+33.6363243,-116.1611032,-124,3DDiff (GPS nav),263799.3,4.1,,-2,-1,-0.22,244.2,49,128,9,83,-122,6,9.3,10,2.36,-0.64,0.004,1.011,-0.910,,320,900,,,29.70,123.000,121.500,116.200,GPS1,SUSP MSG,,,,,,,,VISUAL,,,,,,,,,,,,,,,,,-10.8,42.8,3214,,,,040007FF N100 N100 *,480017FF N100 N100,0.4,0.1,45,57,,1200,ALT,12.9,1890,60,119,14,1.1,5.4,-4,157,156,13.3,-1,935,1040,,
2026-07-21,18:16:40,01:16:40,-07:00,+33.6363187,-116.1611266,-125,3DDiff (GPS nav),263800.3,4.5,,-2,-1,0.00,242.9,49,128,9,83,-122,3,10.0,10,2.43,-0.93,-0.013,0.991,-0.928,,320,900,,,29.70,123.000,121.500,116.200,GPS1,SUSP MSG,,,,,,,,VISUAL,,,,,,,,,,,,,,,,,-10.8,42.8,3214,,,,040007FF N100 N100 *,480017FF N100 N100,0.4,0.1,46,41,,1200,ALT,12.8,1900,60,119,14,1.0,5.4,-4,157,156,13.3,-1,930,1040,,
2026-07-21,18:16:41,01:16:41,-07:00,+33.6363122,-116.1611522,-125,3DDiff (GPS nav),263801.3,4.8,,-2,-1,0.07,242.5,49,128,9,83,-122,-1,11.2,12,2.29,-0.54,0.047,0.997,-0.895,,320,900,,,29.70,123.000,121.500,116.200,GPS1,SUSP MSG,,,,,,,,VISUAL,,,,,,,,,,,,,,,,,-10.8,42.8,3214,,,,020007FF N100 N100 *,480017FF N100 N100,0.5,0.2,41,59,,1200,ALT,12.9,1890,60,119,14,1.3,5.4,-4,158,157,13.3,-1,930,1035,,
2026-07-21,18:16:42,01:16:42,-07:00,+33.6363055,-116.1611788,-126,3DDiff (GPS nav),263802.3,5.1,,-3,-1,0.03,244.2,49,128,9,84,-122,5,12.1,13,2.55,-0.46,-0.011,0.956,-0.820,,320,900,,,29.70,123.000,121.500,116.200,GPS1,SUSP MSG,,,,,,,,VISUAL,,,,,,,,,,,,,,,,,-10.8,42.8,3215,,,,040007FF N100 N100 *,480017FF N100 N100,0.5,0.0,48,53,,1200,ALT,13.0,1900,60,119,14,1.6,5.4,-4,158,157,13.3,-1,925,1035,,
2026-07-21,18:16:43,01:16:43,-07:00,+33.6362997,-116.1612062,-126,3DDiff (GPS nav),263803.3,5.3,,-3,-1,0.10,245.0,49,128,9,83,-122,8,12.3,13,2.69,-0.45,0.048,1.023,-0.758,,320,900,,,29.70,123.000,121.500,116.200,GPS1,SUSP MSG,,,,,,,,VISUAL,,,,,,,,,,,,,,,,,-10.8,42.8,3215,,,,040007FF N100 N100 *,480017FF N100 N100,0.5,0.0,49,70,,1200,ALT,13.0,1920,60,119,14,1.6,5.4,-4,158,157,13.3,-1,925,1030,,
2026-07-21,18:16:44,01:16:44,-07:00,+33.6362954,-116.1612389,-124,3DDiff (GPS nav),263804.3,5.6,,-3,-1,0.02,246.1,49,128,9,83,-122,-2,12.2,13,2.72,-0.11,-0.021,1.005,-0.706,,320,900,,,29.70,123.000,121.500,116.200,GPS1,SUSP MSG,,,,,,,,VISUAL,,,,,,,,,,,,,,,,,-10.8,42.8,3215,,,,040007FF N100 N100 *,480017FF N100 N100,0.5,0.1,44,69,,1200,ALT,13.0,1910,60,119,14,1.2,5.4,-4,158,157,13.3,-1,920,1025,,
2026-07-21,18:16:45,01:16:45,-07:00,+33.6362892,-116.1612712,-122,3DDiff (GPS nav),263805.3,5.8,,-3,-1,0.06,247.2,46,128,9,82,-123,-11,11.9,12,2.74,-0.48,0.036,1.009,-0.684,,320,900,,,29.70,123.000,121.500,116.200,GPS1,SUSP MSG,,,,,,,,VISUAL,,,,,,,,,,,,,,,,,-10.8,42.8,3214,,,,040007FF N100 N100 *,480017FF N100 N100,0.5,0.1,65,90,,1200,ALT,12.9,1910,60,119,14,1.2,5.5,-4,159,158,13.3,-1,920,1025,,
2026-07-21,18:16:46,01:16:46,-07:00,+33.6362837,-116.1613039,-122,3DDiff (GPS nav),263806.3,6.0,,-3,-1,-0.06,248.2,46,128,9,82,-123,-14,11.9,12,2.80,-0.51,0.022,0.991,-0.686,,320,900,,,29.70,123.000,121.500,116.200,GPS1,SUSP MSG,,,,,,,,VISUAL,,,,,,,,,,,,,,,,,-10.8,42.8,3214,,,,040007FF N100 N100 *,480017FF N100 N100,0.5,0.1,43,60,,1200,ALT,12.9,1910,60,119,14,1.5,5.5,-4,159,158,13.3,-1,920,1020,,
2026-07-21,18:16:47,01:16:47,-07:00,+33.6362789,-116.1613379,-122,3DDiff (GPS nav),263807.3,6.2,,-3,-0,-0.04,254.2,49,128,9,82,-123,-11,11.4,12,2.82,-0.42,0.039,1.013,-0.730,,320,900,,,29.70,123.000,121.500,116.200,GPS1,SUSP MSG,,,,,,,,VISUAL,,,,,,,,,,,,,,,,,-10.8,42.8,3214,,,,040007FF N100 N100 *,480017FF N100 N100,0.5,0.1,48,94,,1200,ALT,12.9,1920,60,120,14,1.4,5.5,-4,159,158,13.3,-1,915,1020,,
2026-07-21,18:16:48,01:16:48,-07:00,+33.6362774,-116.1613728,-122,3DDiff (GPS nav),263808.3,6.3,,-3,-0,0.14,260.4,49,128,9,83,-123,-5,11.6,12,2.69,-0.65,0.024,0.964,-0.748,,320,900,,,29.70,123.000,121.500,116.200,GPS1,SUSP MSG,,,,,,,,VISUAL,,,,,,,,,,,,,,,,,-10.8,42.8,3214,,,,040007FF N100 N100 *,480017FF N100 N100,0.6,0.1,101,102,,1200,ALT,12.9,1910,60,120,14,1.3,5.5,-4,159,158,13.3,-1,915,1015,,
2026-07-21,18:16:49,01:16:49,-07:00,+33.6362802,-116.1614086,-121,3DDiff (GPS nav),263809.3,6.3,,-3,0,0.06,263.4,49,128,9,82,-123,-2,12.7,13,3.02,-0.79,0.006,1.033,-0.730,,320,900,,,29.70,123.000,121.500,116.200,GPS1,SUSP MSG,,,,,,,,VISUAL,,,,,,,,,,,,,,,,,-10.8,42.8,3214,,,,020007FF N100 N100 *,480017FF N100 N100,0.4,0.1,70,87,,1200,ALT,13.0,1920,60,120,14,1.3,5.5,-4,159,158,13.3,-1,915,1015,,
2026-07-21,18:16:50,01:16:50,-07:00,+33.6362808,-116.1614409,-123,3DDiff (GPS nav),263810.3,6.4,,-3,0,0.18,262.4,46,128,9,82,-123,-3,13.4,14,2.83,-0.65,0.000,0.978,-0.693,,320,900,,,29.70,123.000,121.500,116.200,GPS1,SUSP MSG,,,,,,,,VISUAL,,,,,,,,,,,,,,,,,-10.8,42.8,3213,,,,040007FF N100 N100 *,480017FF N100 N100,0.4,0.1,53,60,,1200,ALT,13.1,1920,60,120,14,1.3,5.5,-4,160,159,13.3,-1,915,1015,,
2026-07-21,18:16:51,01:16:51,-07:00,+33.6362832,-116.1614769,-125,3DDiff (GPS nav),263811.3,6.5,,-3,0,0.06,262.2,46,128,9,83,-123,1,13.7,14,2.87,-0.51,-0.010,0.940,-0.661,,320,900,,,29.70,123.000,121.500,116.200,GPS1,SUSP MSG,,,,,,,,VISUAL,,,,,,,,,,,,,,,,,-10.8,42.8,3213,,,,040007FF N100 N100 *,480017FF N100 N100,0.5,0.2,55,56,,1200,ALT,13.1,1930,60,120,14,1.4,5.5,-4,160,159,13.3,-1,910,1010,,
2026-07-21,18:16:52,01:16:52,-07:00,+33.6362852,-116.1615137,-125,3DDiff (GPS nav),263812.3,6.7,,-3,0,0.08,262.1,46,128,9,83,-123,5,13.9,14,3.02,-0.46,0.020,1.005,-0.652,,320,900,,,29.70,123.000,121.500,116.200,GPS1,SUSP MSG,,,,,,,,VISUAL,,,,,,,,,,,,,,,,,-10.8,42.8,3213,,,,040007FF N100 N100 *,480017FF N100 N100,0.5,0.1,59,77,,1200,ALT,13.1,1940,60,120,14,1.0,5.4,-4,160,159,13.3,-1,910,1010,,
2026-07-21,18:16:53,01:16:53,-07:00,+33.6362868,-116.1615519,-125,3DDiff (GPS nav),263813.3,6.9,,-4,0,0.04,261.5,46,128,9,83,-122,8,13.7,14,2.96,-0.30,0.030,0.987,-0.645,,320,900,,,29.70,123.000,121.500,116.200,GPS1,SUSP MSG,,,,,,,,VISUAL,,,,,,,,,,,,,,,,,-10.8,42.8,3213,,,,040007FF N100 N100 *,480017FF N100 N100,0.4,0.0,63,97,,1200,ALT,13.1,1930,60,120,14,0.8,5.4,-4,160,159,13.3,-1,910,1005,,
2026-07-21,18:16:54,01:16:54,-07:00,+33.6362875,-116.1615902,-126,3DDiff (GPS nav),263814.3,7.0,,-4,0,0.08,258.8,49,128,9,82,-123,-1,13.6,14,2.90,-0.50,0.011,1.032,-0.652,,320,900,,,29.70,123.000,121.500,116.200,GPS1,SUSP MSG,,,,,,,,VISUAL,,,,,,,,,,,,,,,,,-10.8,42.8,3212,,,,040007FF N100 N100 *,480017FF N100 N100,0.5,0.1,60,74,,1200,ALT,13.0,1950,60,121,14,1.6,5.4,-4,160,159,13.3,-1,910,1000,,
2026-07-21,18:16:55,01:16:55,-07:00,+33.6362865,-116.1616295,-126,3DDiff (GPS nav),263815.3,7.1,,-4,-0,-0.07,256.6,49,128,9,82,-123,-3,13.8,15,3.04,-0.39,-0.020,0.964,-0.646,,320,900,,,29.70,123.000,121.500,116.200,GPS1,SUSP MSG,,,,,,,,VISUAL,,,,,,,,,,,,,,,,,-10.8,42.8,3211,,,,040007FF N100 N100 *,480017FF N100 N100,0.6,0.2,46,48,,1200,ALT,12.7,1810,60,121,14,2.0,5.4,-4,161,159,13.3,-1,910,1000,,
2026-07-21,18:16:56,01:16:56,-07:00,+33.6362862,-116.1616716,-123,3DDiff (GPS nav),263816.3,7.1,,-4,-0,-0.07,253.8,46,128,9,82,-123,-6,13.2,14,2.54,-0.56,-0.005,1.061,-0.646,,320,900,,,29.70,123.000,121.500,116.200,GPS1,SUSP MSG,,,,,,,,VISUAL,,,,,,,,,,,,,,,,,-10.8,42.8,3211,,,,040007FF N100 N100 *,480017FF N100 N100,0.7,0.2,53,56,,1200,ALT,12.5,1760,60,121,14,1.7,5.3,-4,161,160,13.3,-1,905,995,,
2026-07-21,18:16:57,01:16:57,-07:00,+33.6362824,-116.1617113,-122,3DDiff (GPS nav),263817.3,7.2,,-4,-1,-0.14,250.4,46,128,9,83,-123,1,12.9,13,2.66,-0.93,0.013,0.951,-0.628,,320,900,,,29.70,123.000,121.500,116.200,GPS1,SUSP MSG,,,,,,,,VISUAL,,,,,,,,,,,,,,,,,-10.8,42.8,3210,,,,040007FF N100 N100 *,480017FF N100 N100,0.5,0.2,54,56,,1200,ALT,12.3,1790,60,121,14,1.1,5.3,-4,161,160,13.3,-2,905,995,,
2026-07-21,18:16:58,01:16:58,-07:00,+33.6362765,-116.1617516,-122,3DDiff (GPS nav),263818.3,7.4,,-4,-1,0.10,245.0,46,128,9,83,-122,6,12.9,14,2.26,-0.56,-0.031,1.024,-0.588,,320,900,,,29.70,123.000,121.500,116.200,GPS1,SUSP MSG,,,,,,,,VISUAL,,,,,,,,,,,,,,,,,-10.8,42.8,3210,,,,020007FF N100 N100 *,480017FF N100 N100,0.5,0.3,55,80,,1200,ALT,12.2,1780,60,121,14,0.8,5.3,-4,161,160,13.3,-2,905,990,,
2026-07-21,18:16:59,01:16:59,-07:00,+33.6362669,-116.1617917,-122,3DDiff (GPS nav),263819.3,7.5,,-4,-1,0.21,238.9,46,128,9,83,-122,7,13.4,14,2.23,-0.20,-0.030,1.068,-0.532,,320,900,,,29.70,123.000,121.500,116.200,GPS1,SUSP MSG,,,,,,,,VISUAL,,,,,,,,,,,,,,,,,-10.8,42.8,3210,,,,020007FF N100 N100 *,480017FF N100 N100,0.6,0.4,52,90,,1200,ALT,12.2,1770,60,121,14,0.7,5.3,-4,162,160,13.3,-2,905,985,,
2026-07-21,18:17:00,01:17:00,-07:00,+33.6362546,-116.1618289,-121,3DDiff (GPS nav),263820.3,7.3,,-3,-1,0.00,232.8,46,128,9,83,-122,9,13.2,14,3.27,1.38,-0.152,0.926,-0.478,,320,900,,,29.70,123.000,121.500,116.200,GPS1,SUSP MSG,,,,,,,,VISUAL,,,,,,,,,,,,,,,,,-10.8,42.8,3210,,,,020007FF N100 N100 *,480017FF N100 N100,0.4,0.2,253,218,,1200,ALT,12.2,1770,60,122,14,0.7,5.2,-4,162,161,13.3,-2,905,985,,
2026-07-21,18:17:01,01:17:01,-07:00,+33.6362382,-116.1618610,-121,3DDiff (GPS nav),263821.3,6.8,,-3,-2,0.17,222.6,49,128,9,83,-122,7,11.5,12,3.17,2.06,-0.138,1.099,-0.467,,320,900,,,29.70,123.000,121.500,116.200,GPS1,SUSP MSG,,,,,,,,VISUAL,,,,,,,,,,,,,,,,,-10.8,42.8,3210,,,,020007FF N100 N100 *,480017FF N100 N100,0.6,0.5,338,348,,1200,ALT,12.2,1770,60,122,14,0.7,5.2,-4,162,161,13.3,-2,905,980,,
2026-07-21,18:17:02,01:17:02,-07:00,+33.6362180,-116.1618848,-124,3DDiff (GPS nav),263822.3,6.3,,-2,-2,0.24,213.5,46,128,9,84,-122,9,11.5,12,3.08,0.83,0.019,1.081,-0.476,,320,900,,,29.70,123.000 RX,121.500,116.200,GPS1,SUSP MSG,,,,,,,,VISUAL,,,,,,,,,,,,,,,,,-10.8,42.8,3211,,,,020007FF N100 N100 *,480017FF N100 N100,0.6,0.5,184,204,,1200,ALT,12.2,1760,60,122,14,0.9,5.2,-4,162,161,13.3,-2,905,980,,
2026-07-21,18:17:03,01:17:03,-07:00,+33.6361970,-116.1619072,-126,3DDiff (GPS nav),263823.3,6.1,,-2,-2,-0.01,209.0,46,128,9,85,-121,19,11.9,12,3.44,1.26,-0.103,1.102,-0.445,,320,900,,,29.70,123.000 RX,121.500,116.200,GPS1,SUSP MSG,,,,,,,,VISUAL,,,,,,,,,,,,,,,,,-10.8,42.8,3212,,,,020007FF N100 N100 *,480017FF N100 N100,0.6,0.5,125,137,,1200,ALT,12.2,1760,59,122,14,1.0,5.1,-4,163,161,13.3,-2,905,975,,
2026-07-21,18:17:04,01:17:04,-07:00,+33.6361746,-116.1619274,-126,3DDiff (GPS nav),263824.3,6.0,,-2,-2,-0.01,202.2,46,128,9,86,-121,30,12.7,13,4.13,1.19,-0.117,1.033,-0.398,,320,900,,,29.70,123.000 RX,121.500,116.200,GPS1,SUSP MSG,,,,,,,,VISUAL,,,,,,,,,,,,,,,,,-10.8,42.8,3213,,,,040007FF N100 N100 *,480017FF N100 N100,0.4,0.7,78,79,,1200,ALT,12.0,1770,59,122,14,0.8,5.1,-4,163,162,13.3,-2,905,975,,
2026-07-21,18:17:05,01:17:05,-07:00,+33.6361510,-116.1619430,-126,3DDiff (GPS nav),263825.3,5.9,,-1,-3,0.04,192.0,46,128,9,86,-120,40,12.8,13,4.69,0.30,0.004,0.959,-0.352,,320,900,,,29.70,123.000 RX,121.500,116.200,GPS1,SUSP MSG,,,,,,,,VISUAL,,,,,,,,,,,,,,,,,-10.8,42.8,3214,,,,020007FF N100 N100 *,480017FF N100 N100,0.2,0.8,137,145,,1200,ALT,11.6,1770,60,122,14,0.8,5.1,-4,163,162,13.3,-2,900,975,,
2026-07-21,18:17:06,01:17:06,-07:00,+33.6361262,-116.1619538,-126,3DDiff (GPS nav),263826.3,5.7,,-1,-3,0.19,185.8,46,128,9,87,-119,40,12.4,13,3.99,0.23,-0.021,0.874,-0.351,,320,900,,,29.70,123.000 RX,121.500,116.200,GPS1,SUSP MSG,,,,,,,,VISUAL,,,,,,,,,,,,,,,,,-10.8,42.8,3215,,,,020007FF N100 N100 *,480017FF N100 N100,0.3,0.7,161,210,,1200,ALT,11.6,1770,60,123,14,0.7,5.1,-4,163,162,13.3,-2,900,970,,
2026-07-21,18:17:07,01:17:07,-07:00,+33.6361029,-116.1619611,-126,3DDiff (GPS nav),263827.3,5.5,,-1,-3,-0.22,182.3,46,128,9,86,-119,25,11.2,12,3.45,0.85,-0.044,0.955,-0.389,,320,900,,,29.70,123.000 RX,121.500,116.200,GPS1,SUSP MSG,,,,,,,,VISUAL,,,,,,,,,,,,,,,,,-10.8,42.8,3216,,,,040007FF N100 N100 *,480017FF N100 N100,0.1,0.9,113,197,,1200,ALT,11.6,1770,60,123,14,0.7,5.1,-4,163,162,13.3,-2,900,970,,
2026-07-21,18:17:08,01:17:08,-07:00,+33.6360789,-116.1619700,-124,3DDiff (GPS nav),263828.3,5.6,,-0,-3,0.22,179.0,46,128,9,85,-120,3,10.9,11,2.19,0.21,0.008,1.023,-0.407,,320,900,,,29.70,123.000 RX,121.500,116.200,GPS1,SUSP MSG,,,,,,,,VISUAL,,,,,,,,,,,,,,,,,-10.8,42.8,3215,,,,040007FF N100 N100 *,480017FF N100 N100,0.3,0.9,129,128,,1200,ALT,11.8,1770,59,123,14,0.7,5.1,-4,164,162,13.3,-2,900,965,,
2026-07-21,18:17:09,01:17:09,-07:00,+33.6360517,-116.1619750,-123,3DDiff (GPS nav),263829.3,5.9,,-0,-3,-0.11,176.3,46,128,9,85,-120,-8,11.1,12,2.74,0.76,-0.034,1.052,-0.393,,320,900,,,29.70,123.000 RX,121.500,116.200,GPS1,SUSP MSG,,,,,,,,VISUAL,,,,,,,,,,,,,,,,,-10.8,42.8,3215,,,,040007FF N100 N100 *,480017FF N100 N100,0.3,0.8,79,92,,1200,ALT,12.0,1830,59,123,14,0.7,5.1,-4,164,162,13.3,-2,900,965,,
2026-07-21,18:17:10,01:17:10,-07:00,+33.6360235,-116.1619786,-122,3DDiff (GPS nav),263830.3,6.1,,-0,-3,0.05,174.7,46,128,9,85,-120,-10,11.0,11,2.32,0.71,-0.009,1.081,-0.388,,320,900,,,29.70,123.000 RX,121.500,116.200,GPS1,SUSP MSG,,,,,,,,VISUAL,,,,,,,,,,,,,,,,,-10.8,42.8,3215,,,,040007FF N100 N100 *,480017FF N100 N100,0.3,0.9,61,78,,1200,ALT,12.1,1870,59,123,14,0.8,5.2,-4,164,162,13.3,-2,900,965,,
2026-07-21,18:17:11,01:17:11,-07:00,+33.6359935,-116.1619817,-122,3DDiff (GPS nav),263831.3,6.5,,-0,-3,-0.06,173.8,46,128,9,85,-120,-13,10.4,11,2.54,0.60,-0.015,0.982,-0.420,,320,900,,,29.70,123.000,121.500,116.200,GPS1,SUSP MSG,,,,,,,,VISUAL,,,,,,,,,,,,,,,,,-10.8,42.8,3214,,,,040007FF N100 N100 *,480017FF N100 N100,0.4,0.8,48,56,,1200,ALT,12.2,1880,58,124,14,0.7,5.2,-4,164,163,13.3,-2,900,960,,
2026-07-21,18:17:12,01:17:12,-07:00,+33.6359616,-116.1619843,-122,3DDiff (GPS nav),263832.3,6.9,,-0,-4,-0.04,172.8,46,128,9,85,-120,-11,9.9,10,2.49,0.52,0.000,0.994,-0.498,,320,900,,,29.70,123.000 TX,121.500,116.200,GPS1,SUSP MSG,,,,,,,,VISUAL,,,,,,,,,,,,,,,,,-10.8,42.8,3214,,,,040007FF N100 N100 *,480017FF N100 N100,0.4,0.8,57,94,,1200,ALT,12.3,1860,58,124,14,0.7,5.2,-4,164,163,13.3,-2,900,960,,
2026-07-21,18:17:13,01:17:13,-07:00,+33.6359286,-116.1619872,-122,3DDiff (GPS nav),263833.3,7.2,,-0,-4,-0.10,172.9,46,128,9,84,-121,-8,9.7,10,1.36,0.02,0.038,1.012,-0.566,,320,900,,,29.70,123.000 TX,121.500,116.200,GPS1,SUSP MSG,,,,,,,,VISUAL,,,,,,,,,,,,,,,,,-10.8,42.8,3214,,,,040007FF N100 N100 *,480017FF N100 N100,0.5,0.7,123,105,,1200,ALT,12.4,1880,58,124,14,0.7,5.2,-4,164,163,13.3,-2,900,960,,
2026-07-21,18:17:14,01:17:14,-07:00,+33.6358917,-116.1619870,-124,3DDiff (GPS nav),263834.3,7.6,,-0,-4,0.04,173.6,46,128,9,84,-121,-9,10.0,11,2.14,-0.07,0.016,0.934,-0.609,,320,900,,,29.70,123.000 TX,121.500,116.200,GPS1,SUSP MSG,,,,,,,,VISUAL,,,,,,,,,,,,,,,,,-10.8,42.8,3213,,,,040007FF N100 N100 *,480017FF N100 N100,0.5,0.8,78,164,,1200,ALT,12.5,1880,58,124,14,0.6,5.3,-4,164,163,13.3,-3,900,960,,
2026-07-21,18:17:15,01:17:15,-07:00,+33.6358549,-116.1619905,-126,3DDiff (GPS nav),263835.3,8.0,,-0,-4,0.01,173.0,46,128,9,84,-121,-11,10.2,11,1.95,0.46,0.007,0.980,-0.641,,320,900,,,29.70,123.000 TX,121.500,116.200,GPS1,SUSP MSG,,,,,,,,VISUAL,,,,,,,,,,,,,,,,,-10.8,42.8,3213,,,,040007FF N100 N100 *,480017FF N100 N100,0.6,0.8,85,126,,1200,ALT,12.5,1880,58,125,14,0.7,5.3,-4,164,163,13.3,-3,900,960,,
2026-07-21,18:17:16,01:17:16,-07:00,+33.6358169,-116.1619930,-126,3DDiff (GPS nav),263836.3,8.2,,-0,-4,-0.07,169.8,46,128,9,84,-121,-16,10.7,11,2.38,0.73,-0.106,0.968,-0.619,,320,900,,,29.70,123.000 TX,121.500,116.200,GPS1,SUSP MSG,,,,,,,,VISUAL,,,,,,,,,,,,,,,,,-10.8,42.8,3213,,,,040007FF N100 N100 *,480017FF N100 N100,0.6,0.9,111,156,,1200,ALT,12.4,1870,58,125,14,0.7,5.3,-4,164,163,13.3,-4,900,960,,
2026-07-21,18:17:17,01:17:17,-07:00,+33.6357787,-116.1619926,-126,3DDiff (GPS nav),263837.3,8.2,,0,-4,-0.02,167.1,46,128,9,84,-121,-13,11.2,12,2.04,0.26,-0.007,0.928,-0.586,,320,900,,,29.70,123.000 TX,121.500,116.200,GPS1,SUSP MSG,,,,,,,,VISUAL,,,,,,,,,,,,,,,,,-10.8,42.8,3213,,,,020007FF N100 N100 *,480017FF N100 N100,0.4,0.7,121,172,,1200,ALT,12.4,1850,58,125,14,0.8,5.3,-4,165,163,13.3,-4,900,955,,
2026-07-21,18:17:18,01:17:18,-07:00,+33.6357411,-116.1619900,-127,3DDiff (GPS nav),263838.3,8.2,,0,-4,-0.09,167.0,46,128,9,85,-121,-2,11.4,12,2.27,0.67,-0.075,1.048,-0.585,,320,900,,,29.70,123.000 TX,121.500,116.200,GPS1,SUSP MSG,,,,,,,,VISUAL,,,,,,,,,,,,,,,,,-10.8,42.8,3213,,,,040007FF N100 N100 *,480017FF N100 N100,0.5,0.7,95,104,,1200,ALT,12.4,1850,58,125,14,0.8,5.3,-4,165,163,13.2,-4,900,955,,
2026-07-21,18:17:19,01:17:19,-07:00,+33.6357045,-116.1619882,-127,3DDiff (GPS nav),263839.3,7.8,,0,-4,-0.18,168.0,46,128,9,84,-121,4,11.0,11,3.03,0.51,-0.038,0.933,-0.570,,320,900,,,29.70,123.000 TX,121.500,116.200,GPS1,SUSP MSG,,,,,,,,VISUAL,,,,,,,,,,,,,,,,,-10.8,42.8,3214,,,,040007FF N100 N100 *,480017FF N100 N100,0.4,0.7,248,251,,1200,ALT,12.5,1860,58,126,14,0.8,5.3,-4,165,163,13.2,-4,900,955,,
2026-07-21,18:17:20,01:17:20,-07:00,+33.6356725,-116.1619908,-125,3DDiff (GPS nav),263840.3,7.3,,0,-4,0.02,168.9,46,128,9,85,-121,5,10.7,11,2.39,0.55,-0.003,1.023,-0.539,,320,900,,,29.70,123.000,121.500,116.200,GPS1,SUSP MSG,,,,,,,,VISUAL,,,,,,,,,,,,,,,,,-10.8,42.8,3214,,,,040007FF N100 N100 *,480017FF N100 N100,0.2,0.6,190,206,,1200,ALT,12.6,1840,58,126,14,0.9,5.3,-4,165,163,13.2,-4,900,955,,
2026-07-21,18:17:21,01:17:21,-07:00,+33.6356438,-116.1619916,-124,3DDiff (GPS nav),263841.3,6.3,,0,-3,-0.04,169.9,46,128,9,86,-120,13,9.8,10,2.30,0.39,-0.006,0.893,-0.512,,320,900,,,29.70,123.000,121.500,116.200,GPS1,SUSP MSG,,,,,,,,VISUAL,,,,,,,,,,,,,,,,,-10.8,42.8,3215,,,,040007FF N100 N100 *,480017FF N100 N100,0.4,0.5,305,326,,1200,ALT,12.5,1780,58,126,14,1.0,5.3,-4,165,163,13.2,-3,900,955,,
2026-07-21,18:17:22,01:17:22,-07:00,+33.6356195,-116.1619919,-124,3DDiff (GPS nav),263842.3,5.3,,0,-3,-0.08,171.8,46,128,9,86,-120,26,10.4,11,2.57,0.07,0.014,0.975,-0.490,,320,900,,,29.70,123.000,121.500,116.200,GPS1,SUSP MSG,,,,,,,,VISUAL,,,,,,,,,,,,,,,,,-10.8,42.8,3216,,,,020007FF N100 N100 *,480017FF N100 N100,0.3,0.5,117,236,,1200,ALT,12.4,1730,57,126,14,1.0,5.2,-4,165,163,13.2,-3,900,955,,
2026-07-21,18:17:23,01:17:23,-07:00,+33.6356008,-116.1619937,-123,3DDiff (GPS nav),263843.3,4.2,,-0,-2,0.07,173.1,46,128,9,87,-119,32,10.4,11,2.35,0.16,0.032,0.832,-0.469,,320,900,,,29.70,123.000,121.500,116.200,GPS1,SUSP MSG,,,,,,,,VISUAL,,,,,,,,,,,,,,,,,-10.8,42.8,3217,,,,020007FF N100 N100 *,480017FF N100 N100,0.1,0.3,291,248,,1200,ALT,12.5,1720,57,126,14,1.1,5.2,-4,165,164,13.2,-3,900,955,,
2026-07-21,18:17:24,01:17:24,-07:00,+33.6355839,-116.1619952,-123,3DDiff (GPS nav),263844.3,3.8,,-0,-2,-0.03,173.4,46,128,9,87,-119,31,12.0,12,4.59,0.39,-0.046,1.032,-0.458,,320,900,,,29.70,123.000,121.500,116.200,GPS1,SUSP MSG,,,,,,,,VISUAL,,,,,,,,,,,,,,,,,-10.8,42.8,3218,,,,040007FF N100 N100 *,480017FF N100 N100,0.2,0.3,200,282,,1200,ALT,12.4,1720,57,127,14,1.1,5.1,-4,165,164,13.2,-3,900,955,,
2026-07-21,18:17:25,01:17:25,-07:00,+33.6355662,-116.1619962,-123,3DDiff (GPS nav),263845.3,3.8,,-0,-2,-0.20,174.0,46,128,9,85,-119,11,12.4,13,4.68,-0.81,0.139,0.979,-0.450,,320,900,,,29.70,123.000,121.500,116.200,GPS1,SUSP MSG,,,,,,,,VISUAL,,,,,,,,,,,,,,,,,-10.8,42.8,3217,,,,040007FF N100 N100 *,480017FF N100 N100,0.2,0.4,254,307,,1200,ALT,12.5,1730,57,127,14,1.1,5.1,-4,165,164,13.2,-3,895,955,,
2026-07-21,18:17:26,01:17:26,-07:00,+33.6355457,-116.1619951,-125,3DDiff (GPS nav),263846.3,4.0,,-0,-2,-0.03,174.1,46,128,9,85,-120,-14,12.4,13,3.59,0.41,-0.063,0.909,-0.450,,320,900,,,29.70,123.000,121.500,116.200,GPS1,SUSP MSG,,,,,,,,VISUAL,,,,,,,,,,,,,,,,,-10.8,42.8,3217,,,,040007FF N100 N100 *,480017FF N100 N100,0.1,0.3,293,247,,1200,ALT,12.5,1750,57,127,14,1.1,5.1,-4,166,164,13.2,-3,895,955,,
2026-07-21,18:17:27,01:17:27,-07:00,+33.6355273,-116.1619958,-126,3DDiff (GPS nav),263847.3,4.1,,-0,-2,-0.01,171.1,46,128,9,85,-120,-20,11.7,12,3.73,0.88,-0.082,0.900,-0.475,,320,900,,,29.70,123.000,121.500,116.200,GPS1,SUSP MSG,,,,,,,,VISUAL,,,,,,,,,,,,,,,,,-10.8,42.8,3217,,,,020007FF N100 N100 *,480017FF N100 N100,0.0,0.5,190,190,,1200,ALT,12.4,1780,57,127,14,1.0,5.1,-4,166,164,13.2,-3,895,955,,
2026-07-21,18:17:28,01:17:28,-07:00,+33.6355071,-116.1619957,-126,3DDiff (GPS nav),263848.3,4.3,,0,-2,0.00,167.1,46,128,9,84,-120,-20,11.3,12,1.85,0.49,-0.034,1.029,-0.505,,320,900,,,29.70,123.000,121.500,116.200,GPS1,SUSP MSG,,,,,,,,VISUAL,,,,,,,,,,,,,,,,,-10.8,42.8,3216,,,,020007FF N100 N100 *,480017FF N100 N100,0.1,0.5,120,146,,1200,ALT,12.3,1770,57,127,14,0.9,5.1,-4,166,164,13.2,-3,895,950,,
2026-07-21,18:17:29,01:17:29,-07:00,+33.6354861,-116.1619945,-126,3DDiff (GPS nav),263849.3,4.5,,0,-2,-0.15,166.5,46,128,9,84,-121,-16,11.1,12,2.78,0.59,0.014,1.026,-0.543,,320,900,,,29.70,123.000,121.500,116.200,GPS1,SUSP MSG,,,,,,,,VISUAL,,,,,,,,,,,,,,,,,-10.8,42.8,3216,,,,040007FF N100 N100 *,480017FF N100 N100,0.1,0.6,109,149,,1200,ALT,12.3,1780,57,128,14,0.7,5.1,-4,166,164,13.2,-3,895,950,,
2026-07-21,18:17:30,01:17:30,-07:00,+33.6354638,-116.1619931,-127,3DDiff (GPS nav),263850.3,4.8,,0,-2,-0.06,165.7,46,128,9,84,-121,-15,10.9,11,2.31,0.66,0.051,0.922,-0.551,,320,900,,,29.70,123.000,121.500,116.200,GPS1,SUSP MSG,,,,,,,,VISUAL,,,,,,,,,,,,,,,,,-10.8,42.8,3215,,,,040007FF N100 N100 *,480017FF N100 N100,0.2,0.5,69,93,,1200,ALT,12.2,1790,57,128,14,0.7,5.1,-4,166,165,13.2,-3,895,950,,
2026-07-21,18:17:31,01:17:31,-07:00,+33.6354417,-116.1619916,-127,3DDiff (GPS nav),263851.3,5.0,,0,-3,0.03,164.2,46,128,9,84,-121,-12,11.0,11,2.61,0.53,-0.004,0.941,-0.569,,320,900,,,29.70,123.000,121.500,116.200,GPS1,SUSP MSG,,,,,,,,VISUAL,,,,,,,,,,,,,,,,,-10.8,42.8,3215,,,,040007FF N100 N100 *,480017FF N100 N100,0.1,0.6,73,120,,1200,ALT,12.0,1780,57,128,14,0.7,5.1,-4,166,165,13.2,-3,895,950,,
2026-07-21,18:17:32,01:17:32,-07:00,+33.6354197,-116.1619921,-125,3DDiff (GPS nav),263852.3,5.1,,0,-3,0.04,163.4,46,128,9,84,-121,-13,10.2,11,3.10,0.54,-0.014,1.037,-0.659,,320,900,,,29.70,123.000,121.500,116.200,GPS1,SUSP MSG,,,,,,,,VISUAL,,,,,,,,,,,,,,,,,-10.8,42.8,3214,,,,040007FF N100 N100 *,480017FF N100 N100,0.3,0.6,93,141,,1200,ALT,12.0,1780,57,128,14,0.7,5.1,-4,166,165,13.2,-3,895,950,,
2026-07-21,18:17:33,01:17:33,-07:00,+33.6353952,-116.1619890,-123,3DDiff (GPS nav),263853.3,5.3,,0,-3,0.13,163.3,46,128,9,83,-122,-15,9.7,10,2.50,0.27,0.002,0.999,-0.742,,320,900,,,29.70,123.000,121.500,116.200,GPS1,SUSP MSG,,,,,,,,VISUAL,,,,,,,,,,,,,,,,,-10.8,42.8,3213,,,,040007FF N100 N100 *,480017FF N100 N100,0.1,0.5,74,87,,1200,ALT,12.0,1780,58,128,14,0.7,5.1,-4,166,165,13.2,-3,895,945,,
2026-07-21,18:17:34,01:17:34,-07:00,+33.6353701,-116.1619863,-123,3DDiff (GPS nav),263854.3,5.4,,0,-3,-0.09,162.5,46,128,9,83,-122,-18,9.8,10,2.60,0.49,-0.003,0.987,-0.776,,320,900,,,29.70,123.000,121.500,116.200,GPS1,SUSP MSG,,,,,,,,VISUAL,,,,,,,,,,,,,,,,,-10.8,42.8,3212,,,,040007FF N100 N100 *,480017FF N100 N100,0.3,0.6,52,94,,1200,ALT,12.0,1790,58,128,14,0.7,5.1,-4,166,165,13.2,-3,895,945,,
2026-07-21,18:17:35,01:17:35,-07:00,+33.6353441,-116.1619826,-123,3DDiff (GPS nav),263855.3,5.6,,0,-3,0.24,163.3,46,128,9,83,-122,-15,9.7,10,2.73,0.49,0.016,0.966,-0.820,,320,900,,,29.70,123.000,121.500,116.200,GPS1,SUSP MSG,,,,,,,,VISUAL,,,,,,,,,,,,,,,,,-10.8,42.8,3211,,,,040007FF N100 N100 *,480017FF N100 N100,0.2,0.6,85,79,,1200,ALT,12.0,1780,59,129,14,0.8,5.1,-4,166,165,13.2,-3,895,945,,
2026-07-21,18:17:36,01:17:36,-07:00,+33.6353173,-116.1619795,-123,3DDiff (GPS nav),263856.3,5.9,,0,-3,0.01,164.5,46,128,9,83,-122,-12,9.6,10,2.26,0.41,-0.010,0.987,-0.864,,320,900,,,29.70,123.000,121.500,116.200,GPS1,SUSP MSG,,,,,,,,VISUAL,,,,,,,,,,,,,,,,,-10.8,42.8,3211,,,,040007FF N100 N100 *,480017FF N100 N100,0.2,0.6,80,82,,1200,ALT,12.1,1790,59,129,14,0.7,5.1,-4,166,165,13.2,-3,895,945,,
2026-07-21,18:17:37,01:17:37,-07:00,+33.6352889,-116.1619765,-123,3DDiff (GPS nav),263857.3,6.1,,0,-3,-0.04,165.4,46,128,9,83,-122,-10,9.6,10,2.88,0.52,0.001,0.976,-0.925,,320,900,,,29.70,123.000,121.500,116.200,GPS1,SUSP MSG,,,,,,,,VISUAL,,,,,,,,,,,,,,,,,-10.8,42.8,3210,,,,040007FF N100 N100 *,480017FF N100 N100,0.2,0.5,60,74,,1200,ALT,12.2,1780,58,129,14,0.7,5.1,-4,167,165,13.2,-3,895,945,,
2026-07-21,18:17:38,01:17:38,-07:00,+33.6352579,-116.1619713,-125,3DDiff (GPS nav),263858.3,6.3,,0,-3,-0.03,166.2,46,128,9,83,-122,-6,9.6,10,2.69,0.48,0.024,1.033,-0.976,,320,900,,,29.70,123.000,121.500,116.200,GPS1,SUSP MSG,,,,,,,,VISUAL,,,,,,,,,,,,,,,,,-10.8,42.8,3209,,,,040007FF N100 N100 *,480017FF N100 N100,0.3,0.5,120,125,,1200,ALT,12.3,1790,58,129,14,0.7,5.1,-4,167,165,13.2,-3,895,945,,
2026-07-21,18:17:39,01:17:39,-07:00,+33.6352278,-116.1619696,-126,3DDiff (GPS nav),263859.3,6.5,,0,-3,0.19,167.3,46,128,9,83,-122,-3,9.8,10,2.22,1.07,-0.034,1.072,-1.026,,320,900,,,29.70,123.000,121.500,116.200,GPS1,SUSP MSG,,,,,,,,VISUAL,,,,,,,,,,,,,,,,,-10.8,42.7,3209,,,,040007FF N100 N100 *,480017FF N100 N100,0.4,0.5,126,121,,1200,ALT,12.3,1790,58,129,14,0.6,5.1,-4,167,165,13.2,-3,895,945,,
2026-07-21,18:17:40,01:17:40,-07:00,+33.6351968,-116.1619679,-126,3DDiff (GPS nav),263860.3,6.7,,0,-4,0.03,167.1,46,128,9,83,-122,-2,10.3,11,2.41,0.72,-0.004,0.983,-0.995,,320,900,,,29.70,123.000,121.500,116.200,GPS1,SUSP MSG,,,,,,,,VISUAL,,,,,,,,,,,,,,,,,-10.8,42.7,3207,,,,040007FF N100 N100 *,480017FF N100 N100,0.5,0.6,118,131,,1200,ALT,12.3,1790,58,129,14,0.6,5.1,-4,167,165,13.2,-2,895,945,,
2026-07-21,18:17:41,01:17:41,-07:00,+33.6351651,-116.1619662,-126,3DDiff (GPS nav),263861.3,6.8,,0,-4,-0.10,166.7,46,128,9,82,-123,-9,10.8,11,3.27,0.87,-0.003,1.072,-0.929,,320,900,,,29.70,123.000,121.500,116.200,GPS1,SUSP MSG,,,,,,,,VISUAL,,,,,,,,,,,,,,,,,-10.8,42.7,3206,,,,040007FF N100 N100 *,480017FF N100 N100,0.5,0.6,111,134,,1200,ALT,12.3,1780,58,130,14,0.6,5.1,-4,167,165,13.2,-2,895,940,,
2026-07-21,18:17:42,01:17:42,-07:00,+33.6351328,-116.1619641,-127,3DDiff (GPS nav),263862.3,6.9,,0,-4,-0.04,165.5,46,128,9,83,-123,-11,11.0,12,2.75,0.82,-0.064,0.974,-0.867,,320,900,,,29.70,123.000,121.500,116.200,GPS1,SUSP MSG,,,,,,,,VISUAL,,,,,,,,,,,,,,,,,-10.8,42.7,3205,,,,040007FF N100 N100 *,480017FF N100 N100,0.5,0.6,119,174,,1200,ALT,12.2,1770,57,130,14,0.8,5.1,-4,167,166,13.2,-2,895,940,,
2026-07-21,18:17:43,01:17:43,-07:00,+33.6351001,-116.1619613,-127,3DDiff (GPS nav),263863.3,7.2,,0,-4,0.10,164.9,46,128,9,83,-123,-1,11.4,12,2.22,1.13,-0.036,1.030,-0.792,,320,900,,,29.70,123.000,121.500,116.200,GPS1,SUSP MSG,,,,,,,,VISUAL,,,,,,,,,,,,,,,,,-10.8,42.7,3205,,,,040007FF N100 N100 *,480017FF N100 N100,0.4,0.8,167,160,,1200,ALT,12.3,1770,57,130,14,0.8,5.1,-4,167,166,13.2,-2,895,940,,
2026-07-21,18:17:44,01:17:44,-07:00,+33.6350673,-116.1619613,-125,3DDiff (GPS nav),263864.3,7.4,,0,-4,-0.08,165.3,46,128,9,84,-122,16,12.4,13,2.48,0.67,0.002,1.001,-0.689,,320,900,,,29.70,123.000,121.500,116.200,GPS1,SUSP MSG,,,,,,,,VISUAL,,,,,,,,,,,,,,,,,-10.8,42.7,3206,,,,020007FF N100 N100 *,480017FF N100 N100,0.6,0.7,110,157,,1200,ALT,12.4,1790,57,130,14,0.9,5.1,-4,167,166,13.2,-2,900,940,,
2026-07-21,18:17:45,01:17:45,-07:00,+33.6350311,-116.1619584,-124,3DDiff (GPS nav),263865.3,7.7,,0,-4,-0.12,165.9,46,128,9,85,-121,28,12.9,14,1.80,0.48,-0.016,0.981,-0.571,,320,900,,,29.70,123.000,121.500,116.200,GPS1,SUSP MSG,,,,,,,,VISUAL,,,,,,,,,,,,,,,,,-10.8,42.7,3206,,,,040007FF N100 N100 *,480017FF N100 N100,0.6,0.6,115,123,,1200,ALT,12.4,1780,57,130,14,0.8,5.1,-4,168,166,13.2,-2,900,940,,
2026-07-21,18:17:46,01:17:46,-07:00,+33.6349941,-116.1619558,-123,3DDiff (GPS nav),263866.3,8.0,,0,-4,-0.02,166.4,46,128,9,85,-121,31,13.5,14,2.44,0.32,0.019,0.999,-0.466,,320,900,,,29.70,123.000,121.500,116.200,GPS1,SUSP MSG,,,,,,,,VISUAL,,,,,,,,,,,,,,,,,-10.8,42.7,3206,,,,040007FF N100 N100 *,480017FF N100 N100,0.6,0.6,60,102,,1200,ALT,12.4,1780,57,130,14,0.8,5.1,-4,168,166,13.2,-2,900,935,,
2026-07-21,18:17:47,01:17:47,-07:00,+33.6349559,-116.1619536,-123,3DDiff (GPS nav),263867.3,8.3,,0,-4,0.14,166.6,46,128,9,85,-120,30,13.8,14,2.58,0.58,-0.028,1.037,-0.378,,320,900,,,29.70,123.000,121.500,116.200,GPS1,SUSP MSG,,,,,,,,VISUAL,,,,,,,,,,,,,,,,,-10.8,42.7,3206,,,,040007FF N100 N100 *,480017FF N100 N100,0.4,0.7,71,151,,1200,ALT,12.4,1780,57,130,14,0.8,5.1,-4,168,166,13.2,-2,900,935,,
2026-07-21,18:17:48,01:17:48,-07:00,+33.6349169,-116.1619519,-123,3DDiff (GPS nav),263868.3,8.4,,0,-4,-0.05,167.0,46,128,9,85,-120,20,13.6,14,3.02,0.60,-0.021,0.941,-0.324,,320,900,,,29.70,123.000,121.500,116.200,GPS1,SUSP MSG,,,,,,,,VISUAL,,,,,,,,,,,,,,,,,-10.8,42.7,3205,,,,040007FF N100 N100 *,480017FF N100 N100,0.5,0.8,173,224,,1200,ALT,12.4,1780,55,131,14,0.8,5.1,-4,168,166,13.2,-2,900,935,,
2026-07-21,18:17:49,01:17:49,-07:00,+33.6348759,-116.1619503,-123,3DDiff (GPS nav),263869.3,8.7,,0,-5,0.00,167.3,46,128,9,84,-121,6,13.3,14,2.19,0.38,0.024,0.999,-0.295,,320,900,,,29.70,123.000,121.500,116.200,GPS1,SUSP MSG,,,,,,,,VISUAL,,,,,,,,,,,,,,,,,-10.8,42.7,3205,,,,020007FF N100 N100 *,480017FF N100 N100,0.3,0.7,88,184,,1200,ALT,12.4,1790,56,131,14,0.8,5.1,-4,168,166,13.2,-2,900,935,,
2026-07-21,18:17:50,01:17:50,-07:00,+33.6348327,-116.1619447,-125,3DDiff (GPS nav),263870.3,9.0,,0,-5,-0.02,166.7,46,128,9,84,-121,-8,12.9,13,2.44,0.15,-0.030,1.020,-0.286,,320,900,,,29.70,123.000,121.500,116.200,GPS1,SUSP MSG,,,,,,,,VISUAL,,,,,,,,,,,,,,,,,-10.8,42.7,3204,,,,040007FF N100 N100 *,480017FF N100 N100,0.4,0.6,65,99,,1200,ALT,12.3,1780,57,131,14,0.7,5.1,-4,168,167,13.2,-2,900,935,,
2026-07-21,18:17:51,01:17:51,-07:00,+33.6347900,-116.1619424,-126,3DDiff (GPS nav),263871.3,9.2,,0,-5,0.00,165.7,46,128,9,83,-121,-18,12.6,13,2.52,0.18,0.013,1.015,-0.281,,320,900,,,29.70,123.000,121.500,116.200,GPS1,SUSP MSG,,,,,,,,VISUAL,,,,,,,,,,,,,,,,,-10.8,42.7,3203,,,,040007FF N100 N100 *,480017FF N100 N100,0.4,0.6,65,114,,1200,ALT,12.3,1780,57,131,14,0.7,5.1,-4,168,167,13.2,-2,900,935,,
2026-07-21,18:17:52,01:17:52,-07:00,+33.6347462,-116.1619387,-127,3DDiff (GPS nav),263872.3,9.4,,0,-5,0.04,165.0,46,128,9,83,-122,-24,12.7,13,2.25,0.59,-0.023,1.002,-0.279,,320,900,,,29.70,123.000,121.500,116.200,GPS1,SUSP MSG,,,,,,,,VISUAL,,,,,,,,,,,,,,,,,-10.8,42.7,3201,,,,040007FF N100 N100 *,480017FF N100 N100,0.5,0.8,183,210,,1200,ALT,12.3,1780,58,131,14,0.7,5.1,-4,168,167,13.2,-2,900,935,,
2026-07-21,18:17:53,01:17:53,-07:00,+33.6347017,-116.1619345,-127,3DDiff (GPS nav),263873.3,9.6,,0,-5,0.13,164.2,46,128,9,83,-122,-21,12.6,13,2.14,0.76,-0.042,0.929,-0.303,,320,900,,,29.70,123.000,121.500,116.200,GPS1,SUSP MSG,,,,,,,,VISUAL,,,,,,,,,,,,,,,,,-10.8,42.7,3200,,,,020007FF N100 N100 *,480017FF N100 N100,0.4,0.7,82,148,,1200,ALT,12.3,1780,57,131,14,0.7,5.1,-4,168,167,13.2,-2,900,930,,
2026-07-21,18:17:54,01:17:54,-07:00,+33.6346558,-116.1619289,-127,3DDiff (GPS nav),263874.3,9.8,,1,-5,0.00,163.7,46,128,9,83,-122,-14,12.6,13,1.87,0.37,-0.019,0.979,-0.333,,320,900,,,29.70,123.000,121.500,116.200,GPS1,SUSP MSG,,,,,,,,VISUAL,,,,,,,,,,,,,,,,,-10.8,42.7,3200,,,,040007FF N100 N100 *,480017FF N100 N100,0.5,0.6,166,181,,1200,ALT,12.3,1780,57,131,14,0.7,5.1,-4,168,167,13.2,-2,900,930,,
2026-07-21,18:17:55,01:17:55,-07:00,+33.6346107,-116.1619234,-127,3DDiff (GPS nav),263875.3,10.0,,1,-5,0.06,164.1,46,128,9,83,-122,-12,12.5,13,3.70,0.22,0.020,0.920,-0.342,,320,900,,,29.70,123.000,121.500,116.200,GPS1,SUSP MSG,,,,,,,,VISUAL,,,,,,,,,,,,,,,,,-10.8,42.7,3200,,,,040007FF N100 N100 *,480017FF N100 N100,0.6,0.6,125,227,,1200,ALT,12.3,1790,57,131,14,0.7,5.1,-4,169,167,13.2,-2,900,930,,
2026-07-21,18:17:56,01:17:56,-07:00,+33.6345648,-116.1619216,-125,3DDiff (GPS nav),263876.3,10.2,,0,-5,0.14,164.3,46,128,9,82,-123,-13,12.4,13,2.87,0.37,0.008,0.979,-0.343,,320,900,,,29.70,123.000,121.500,116.200,GPS1,SUSP MSG,,,,,,,,VISUAL,,,,,,,,,,,,,,,,,-10.8,42.7,3199,,,,020007FF N100 N100 *,480017FF N100 N100,0.5,0.5,75,193,,1200,ALT,12.4,1780,57,131,14,0.7,5.1,-4,169,167,13.2,-2,900,930,,
2026-07-21,18:17:57,01:17:57,-07:00,+33.6345169,-116.1619170,-124,3DDiff (GPS nav),263877.3,10.3,,0,-5,-0.04,165.9,46,128,9,82,-123,-15,12.0,12,3.29,0.37,-0.043,0.892,-0.369,,320,900,,,29.70,123.000,121.500,116.200,GPS1,SUSP MSG,,,,,,,,VISUAL,,,,,,,,,,,,,,,,,-10.8,42.7,3198,,,,020007FF N100 N100 *,480017FF N100 N100,0.6,0.7,210,286,,1200,ALT,12.5,1780,57,132,14,0.7,5.1,-4,169,167,13.2,-2,900,930,,
2026-07-21,18:17:58,01:17:58,-07:00,+33.6344701,-116.1619144,-124,3DDiff (GPS nav),263878.3,10.1,,0,-5,0.12,167.6,46,128,9,82,-123,-16,11.5,12,1.89,0.46,-0.002,1.025,-0.402,,320,900,,,29.70,123.000,121.500,116.200,GPS1,SUSP MSG,,,,,,,,VISUAL,,,,,,,,,,,,,,,,,-10.8,42.7,3198,,,,020007FF N100 N100 *,480017FF N100 N100,0.8,0.7,236,314,,1200,ALT,12.5,1790,56,132,14,0.8,5.1,-4,169,167,13.2,-2,900,930,,
2026-07-21,18:17:59,01:17:59,-07:00,+33.6344248,-116.1619131,-123,3DDiff (GPS nav),263879.3,9.8,,0,-5,-0.14,169.5,46,128,9,82,-123,-16,11.5,12,2.42,0.48,0.034,0.941,-0.416,,320,900,,,29.70,123.000,121.500,116.200,GPS1,SUSP MSG,,,,,,,,VISUAL,,,,,,,,,,,,,,,,,-10.8,42.7,3197,,,,040007FF N100 N100 *,480017FF N100 N100,0.6,0.7,144,177,,1200,ALT,12.3,1790,56,132,14,0.8,5.1,-4,169,167,13.2,-2,900,930,,
2026-07-21,18:18:00,01:18:00,-07:00,+33.6343818,-116.1619146,-123,3DDiff (GPS nav),263880.3,9.4,,-0,-5,0.18,170.9,46,128,9,82,-124,-13,11.6,12,1.86,0.76,0.011,0.944,-0.444,,320,900,,,29.70,123.000,121.500,116.200,GPS1,SUSP MSG,,,,,,,,VISUAL,,,,,,,,,,,,,,,,,-10.8,42.6,3196,,,,040007FF N100 N100 *,480017FF N100 N100,0.4,0.7,80,112,,1200,ALT,12.2,1780,56,132,14,0.8,5.1,-4,169,167,13.2,-2,900,930,,
2026-07-21,18:18:01,01:18:01,-07:00,+33.6343416,-116.1619161,-123,3DDiff (GPS nav),263881.3,8.8,,-0,-4,0.23,168.3,46,128,9,82,-123,-6,11.0,11,2.17,0.73,-0.067,1.184,-0.476,,320,900,,,29.70,123.000,121.500,116.200,GPS1,SUSP MSG,,,,,,,,VISUAL,,,,,,,,,,,,,,,,,-10.8,42.6,3195,,,,040007FF N100 N100 *,480017FF N100 N100,0.6,0.7,228,202,,1200,ALT,12.2,1780,57,132,14,0.8,5.1,-4,169,167,13.2,-2,900,930,,
2026-07-21,18:18:02,01:18:02,-07:00,+33.6343032,-116.1619109,-125,3DDiff (GPS nav),263882.3,8.1,,0,-4,0.01,163.7,43,98,10,82,-123,-2,10.1,11,2.64,0.60,-0.062,1.011,-0.500,,320,900,,,29.70,123.000,121.500,116.200,GPS1,SUSP MSG,,,,,,,,VISUAL,,,,,,,,,,,,,,,,,-10.8,42.6,3195,,,,040007FF N100 N100 *,480017FF N100 N100,0.5,0.9,95,144,,1200,ALT,12.2,1770,58,132,14,0.9,5.1,-4,169,168,13.2,-2,900,930,,
2026-07-21,18:18:03,01:18:03,-07:00,+33.6342696,-116.1619072,-124,3DDiff (GPS nav),263883.3,7.4,,1,-4,0.17,155.1,43,98,10,83,-123,9,10.3,11,2.87,0.88,-0.092,1.023,-0.554,,320,900,,,29.70,123.000,118.325 RX,116.200,GPS1,SUSP MSG,,,,,,,,VISUAL,,,,,,,,,,,,,,,,,-10.8,42.6,3195,,,,020007FF N100 N100 *,480017FF N100 N100,0.3,0.8,83,91,,1200,ALT,12.2,1760,58,132,14,1.0,5.1,-4,169,168,13.2,-2,900,930,,
2026-07-21,18:18:04,01:18:04,-07:00,+33.6342377,-116.1618942,-125,3DDiff (GPS nav),263884.3,7.3,,1,-3,0.04,141.5,43,98,10,83,-122,20,11.3,12,3.69,0.86,-0.094,1.030,-0.550,,320,900,,,29.70,123.000,118.325 RX,116.200,GPS1,SUSP MSG,,,,,,,,VISUAL,,,,,,,,,,,,,,,,,-10.8,42.6,3194,,,,020007FF N100 N100 *,480017FF N100 N100,0.1,0.8,62,89,,1200,ALT,12.3,1780,58,132,14,0.9,5.1,-4,169,168,13.2,-2,900,930,,
2026-07-21,18:18:05,01:18:05,-07:00,+33.6342093,-116.1618732,-125,3DDiff (GPS nav),263885.3,7.2,,2,-3,0.16,131.2,43,98,10,83,-122,17,11.3,12,3.43,0.08,-0.060,1.091,-0.536,,320,900,,,29.70,123.000,118.325 RX,116.200,GPS1,SUSP MSG,,,,,,,,VISUAL,,,,,,,,,,,,,,,,,-10.8,42.6,3194,,,,020007FF N100 N100 *,480017FF N100 N100,0.3,0.9,91,115,,1200,ALT,12.3,1770,58,132,14,0.8,5.1,-4,169,168,13.2,-2,900,930,,
2026-07-21,18:18:06,01:18:06,-07:00,+33.6341777,-116.1618348,-127,3DDiff (GPS nav),263886.3,7.1,,3,-3,-0.04,121.3,30,59,10,83,-122,11,11.2,12,3.23,0.30,-0.087,0.948,-0.533,,320,900,,,29.70,123.000,118.325 RX,116.200,GPS1,SUSP MSG,,,,,,,,VISUAL,,,,,,,,,,,,,,,,,-10.8,42.6,3193,,,,020007FF N100 N100 *,480017FF N100 N100,0.0,0.8,87,107,,1200,ALT,12.2,1780,58,132,14,0.7,5.1,-4,169,168,13.2,-2,900,930,,
2026-07-21,18:18:07,01:18:07,-07:00,+33.6341566,-116.1618034,-128,3DDiff (GPS nav),263887.3,7.2,,3,-2,0.07,110.8,30,59,10,83,-122,7,10.8,11,3.01,0.49,-0.093,1.041,-0.561,,320,900,,,29.70,123.000,118.325 RX,116.200,GPS1,SUSP MSG,,,,,,,,VISUAL,,,,,,,,,,,,,,,,,-10.8,42.6,3192,,,,020007FF N100 N100 *,480017FF N100 N100,0.1,0.8,72,75,,1200,ALT,12.2,1780,59,132,14,0.7,5.1,-4,170,168,13.2,-2,900,930,,
2026-07-21,18:18:08,01:18:08,-07:00,+33.6341416,-116.1617709,-126,3DDiff (GPS nav),263888.3,7.2,,3,-2,0.08,99.8,30,59,10,82,-123,-0,10.0,10,3.26,-0.05,-0.084,1.013,-0.615,,320,900,,,29.70,123.000,118.325 RX,116.200,GPS1,SUSP MSG,,,,,,,,VISUAL,,,,,,,,,,,,,,,,,-10.8,42.6,3191,,,,020007FF N100 N100 *,480017FF N100 N100,0.0,0.8,61,56,,1200,ALT,12.2,1770,57,133,14,0.7,5.1,-4,170,168,13.2,-2,900,930,,
2026-07-21,18:18:09,01:18:09,-07:00,+33.6341311,-116.1617321,-126,3DDiff (GPS nav),263889.3,7.3,,4,-1,0.06,89.0,30,59,10,83,-123,-3,9.4,10,3.39,0.34,-0.037,1.008,-0.714,,320,900,,,29.70,123.000,118.325 RX,116.200,GPS1,SUSP MSG,,,,,,,,VISUAL,,,,,,,,,,,,,,,,,-10.8,42.6,3191,,,,020007FF N100 N100 *,480017FF N100 N100,0.1,0.7,73,68,,1200,ALT,12.2,1770,56,133,14,0.7,5.1,-4,170,168,13.2,-2,900,930,,
2026-07-21,18:18:10,01:18:10,-07:00,+33.6341268,-116.1616908,-127,3DDiff (GPS nav),263890.3,7.5,,4,-0,0.01,82.5,30,59,10,83,-122,6,9.4,10,3.42,0.86,-0.031,1.003,-0.796,,320,900,,,29.70,123.000,118.325 RX,116.200,GPS1,SUSP MSG,,,,,,,,VISUAL,,,,,,,,,,,,,,,,,-10.8,42.6,3191,,,,020007FF N100 N100 *,480017FF N100 N100,0.1,0.7,42,66,,1200,ALT,12.2,1780,56,133,14,0.7,5.1,-4,170,168,13.2,-2,900,930,,
2026-07-21,18:18:11,01:18:11,-07:00,+33.6341240,-116.1616609,-119,3DDiff (GPS nav),263891.3,7.6,,4,-0,-0.14,78.0,16,36,10,83,-122,6,9.6,10,3.11,1.27,-0.036,0.963,-0.830,,320,900,,,29.70,123.000,118.325 RX,116.200,GPS1,SUSP MSG,,,,,,,,VISUAL,,,,,,,,,,,,,,,,,-10.8,42.6,3190,,,,040007FF N100 N100 *,480017FF N100 N100,0.0,0.6,53,66,,1200,ALT,12.2,1780,57,133,14,0.8,5.1,-4,170,169,13.2,-2,900,930,,
2026-07-21,18:18:12,01:18:12,-07:00,+33.6341255,-116.1616168,-120,3DDiff (GPS nav),263892.3,7.9,,4,0,-0.07,77.1,16,36,10,83,-122,4,9.7,10,3.14,0.82,0.002,0.952,-0.832,,320,900,,,29.70,123.000,118.325 RX,116.200,GPS1,SUSP MSG,,,,,,,,VISUAL,,,,,,,,,,,,,,,,,-10.8,42.6,3189,,,,040007FF N100 N100 *,480017FF N100 N100,0.2,0.6,57,65,,1200,ALT,12.2,1790,57,133,14,0.8,5.1,-4,170,169,13.2,-2,900,930,,
2026-07-21,18:18:13,01:18:13,-07:00,+33.6341280,-116.1615720,-119,3DDiff (GPS nav),263893.3,8.1,,4,0,0.00,76.4,16,36,10,83,-122,0,9.9,10,3.00,0.41,0.002,1.004,-0.809,,320,900,,,29.70,123.000,118.325 RX,116.200,GPS1,SUSP MSG,,,,,,,,VISUAL,,,,,,,,,,,,,,,,,-10.8,42.6,3189,,,,040007FF N100 N100 *,480017FF N100 N100,0.3,0.4,61,61,,1200,ALT,12.3,1790,56,133,14,0.7,5.1,-4,170,169,13.2,-2,900,930,,
2026-07-21,18:18:14,01:18:14,-07:00,+33.6341288,-116.1615227,-120,3DDiff (GPS nav),263894.3,8.4,,4,0,0.00,76.1,16,36,10,83,-122,-5,10.1,11,2.80,0.29,-0.002,1.038,-0.816,,320,900,,,29.70,123.000,118.325 RX,116.200,GPS1,SUSP MSG,,,,,,,,VISUAL,,,,,,,,,,,,,,,,,-10.8,42.6,3188,,,,040007FF N100 N100 *,480017FF N100 N100,0.5,0.5,48,46,,1200,ALT,12.4,1790,55,133,14,0.7,5.1,-4,170,169,13.2,-2,905,930,,
2026-07-21,18:18:15,01:18:15,-07:00,+33.6341317,-116.1614746,-122,3DDiff (GPS nav),263895.3,8.6,,4,0,0.07,76.6,16,36,10,83,-122,-5,10.2,11,2.49,0.07,-0.011,0.997,-0.812,,320,900,,,29.70,123.000,118.325 RX,116.200,GPS1,SUSP MSG,,,,,,,,VISUAL,,,,,,,,,,,,,,,,,-10.8,42.6,3188,,,,040007FF N100 N100 *,480017FF N100 N100,0.5,0.5,45,50,,1200,ALT,12.5,1790,55,133,14,0.6,5.1,-4,171,169,13.2,-2,905,930,,
2026-07-21,18:18:16,01:18:16,-07:00,+33.6341333,-116.1614285,-122,3DDiff (GPS nav),263896.3,8.7,,5,0,-0.02,79.5,16,36,10,83,-123,-5,10.2,11,2.53,-0.31,0.037,1.004,-0.771,,320,900,,,29.70,123.000,118.325 RX,116.200,GPS1,SUSP MSG,,,,,,,,VISUAL,,,,,,,,,,,,,,,,,-10.8,42.6,3188,,,,040007FF N100 N100 *,480017FF N100 N100,0.4,0.3,35,50,,1200,ALT,12.6,1790,55,134,14,0.7,5.1,-4,171,169,13.2,-2,905,930,,
2026-07-21,18:18:17,01:18:17,-07:00,+33.6341326,-116.1613787,-122,3DDiff (GPS nav),263897.3,8.9,,5,-0,-0.01,81.5,16,36,10,83,-123,-5,10.6,11,2.63,-0.31,-0.004,0.980,-0.739,,320,900,,,29.70,123.000,118.325 RX,116.200,GPS1,SUSP MSG,,,,,,,,VISUAL,,,,,,,,,,,,,,,,,-10.8,42.6,3188,,,,040007FF N100 N100 *,480017FF N100 N100,0.4,0.2,49,43,,1200,ALT,12.5,1800,56,134,14,0.7,5.1,-4,171,169,13.2,-2,905,930,,
2026-07-21,18:18:18,01:18:18,-07:00,+33.6341312,-116.1613234,-122,3DDiff (GPS nav),263898.3,9.4,,5,-0,-0.03,80.3,16,36,10,81,-123,-11,12.2,13,2.95,0.16,0.022,1.004,-0.686,,320,900,,,29.70,123.000,118.325 RX,116.200,GPS1,SUSP MSG,,,,,,,,VISUAL,,,,,,,,,,,,,,,,,-10.8,42.6,3188,,,,040007FF N100 N100 *,480017FF N100 N100,0.3,0.4,91,87,,1200,ALT,13.4,2350,53,134,14,0.7,5.1,-4,171,169,13.2,-1,905,930,,
2026-07-21,18:18:19,01:18:19,-07:00,+33.6341311,-116.1612699,-122,3DDiff (GPS nav),263899.3,10.0,,5,-0,-0.02,79.1,16,36,10,81,-124,-27,12.4,13,2.51,0.37,-0.034,1.005,-0.651,,320,900,,,29.70,123.000,118.325 RX,116.200,GPS1,SUSP MSG,,,,,,,,VISUAL,,,,,,,,,,,,,,,,,-10.8,42.6,3187,,,,040007FF N100 N100 *,480017FF N100 N100,0.6,0.6,79,91,,1200,ALT,14.0,2130,50,134,14,1.0,5.1,-4,171,169,13.2,0,905,930,,
2026-07-21,18:18:20,01:18:20,-07:00,+33.6341323,-116.1612109,-121,3DDiff (GPS nav),263900.3,10.5,,6,0,-0.05,78.4,16,36,10,81,-124,-26,12.3,13,2.69,0.46,-0.034,0.993,-0.651,,320,900,,,29.70,123.000,118.325 RX,116.200,GPS1,SUSP MSG,,,,,,,,VISUAL,,,,,,,,,,,,,,,,,-10.8,42.6,3188,,,,040007FF N100 N100 *,480017FF N100 N100,0.6,0.5,70,96,,1200,ALT,14.7,2450,51,134,14,1.2,5.1,-4,171,170,13.2,1,905,935,,
2026-07-21,18:18:21,01:18:21,-07:00,+33.6341326,-116.1611476,-120,3DDiff (GPS nav),263901.3,11.3,,6,0,0.04,78.1,16,36,10,80,-125,-25,11.8,12,2.75,0.36,-0.011,1.003,-0.702,,320,900,,,29.70,123.000,118.325 RX,116.200,GPS1,SUSP MSG,,,,,,,,VISUAL,,,,,,,,,,,,,,,,,-10.8,42.6,3188,,,,040007FF N100 N100 *,480017FF N100 N100,0.6,0.4,74,145,,1200,ALT,15.3,2460,51,134,14,2.0,5.0,-4,171,170,13.2,2,905,935,,
2026-07-21,18:18:22,01:18:22,-07:00,+33.6341340,-116.1610820,-120,3DDiff (GPS nav),263902.3,11.8,,6,0,0.00,77.5,16,36,10,81,-125,-20,11.3,12,2.62,0.42,-0.013,0.992,-0.775,,320,900,,,29.70,123.000,118.325 RX,116.200,GPS1,SUSP MSG,,,,,,,,VISUAL,,,,,,,,,,,,,,,,,-10.8,42.6,3189,,,,040007FF N100 N100 *,480017FF N100 N100,0.7,0.4,58,93,,1200,ALT,15.0,1980,52,135,14,2.1,4.9,-4,171,170,13.2,2,905,940,,
2026-07-21,18:18:23,01:18:23,-07:00,+33.6341364,-116.1610151,-120,3DDiff (GPS nav),263903.3,12.1,,6,0,-0.01,77.4,16,36,10,81,-124,-7,11.7,12,2.43,-0.26,-0.016,0.979,-0.801,,320,900,,,29.70,123.000,121.500 RX,116.200,GPS1,SUSP MSG,,,,,,,,VISUAL,,,,,,,,,,,,,,,,,-10.8,42.6,3190,,,,040007FF N100 N100 *,480017FF N100 N100,0.7,0.4,53,88,,1200,ALT,14.4,1950,54,135,14,1.7,4.9,-4,171,170,13.2,1,910,945,,
2026-07-21,18:18:24,01:18:24,-07:00,+33.6341383,-116.1609471,-120,3DDiff (GPS nav),263904.3,12.3,,6,0,-0.03,77.5,16,36,10,82,-124,8,12.2,13,2.48,-0.34,0.028,1.012,-0.794,,320,900,,,29.70,123.000,121.500,116.200,GPS1,SUSP MSG,,,,,,,,VISUAL,,,,,,,,,,,,,,,,,-10.8,42.6,3191,,,,040007FF N100 N100 *,480017FF N100 N100,0.7,0.3,70,59,,1200,ALT,13.9,1960,55,135,14,1.2,4.9,-4,171,170,13.2,0,910,945,,
2026-07-21,18:18:25,01:18:25,-07:00,+33.6341397,-116.1608777,-119,3DDiff (GPS nav),263905.3,12.6,,7,0,0.10,79.9,16,36,10,81,-124,11,12.6,13,2.42,-0.26,0.022,1.020,-0.754,,320,900,,,29.70,123.000,121.500,116.200,GPS1,SUSP MSG,,,,,,,,VISUAL,,,,,,,,,,,,,,,,,-10.8,42.6,3191,,,,040007FF N100 N100 *,480017FF N100 N100,0.6,0.3,72,86,,1200,ALT,13.5,1780,56,135,14,1.0,4.9,-4,171,170,13.2,-1,910,950,,
2026-07-21,18:18:26,01:18:26,-07:00,+33.6341370,-116.1608038,-120,3DDiff (GPS nav),263906.3,12.7,,7,-0,0.05,81.2,16,36,10,81,-124,7,13.3,14,2.63,-0.33,-0.011,1.016,-0.685,,320,900,,,29.70,123.000,121.500,116.200,GPS1,SUSP MSG,,,,,,,,VISUAL,,,,,,,,,,,,,,,,,-10.8,42.6,3192,,,,040007FF N100 N100 *,480017FF N100 N100,0.6,0.2,47,53,,1200,ALT,13.1,1760,57,135,14,0.8,4.9,-4,172,170,13.2,-1,910,950,,
2026-07-21,18:18:27,01:18:27,-07:00,+33.6341355,-116.1607323,-121,3DDiff (GPS nav),263907.3,12.9,,7,-0,-0.06,81.1,16,36,10,82,-124,5,13.4,14,2.59,0.01,0.005,1.027,-0.614,,320,900,,,29.70,123.000,121.500,116.200,GPS1,SUSP MSG,,,,,,,,VISUAL,,,,,,,,,,,,,,,,,-10.8,42.6,3192,,,,040007FF N100 N100 *,480017FF N100 N100,0.7,0.4,44,52,,1200,ALT,12.9,1760,58,136,14,0.6,4.7,-4,172,170,13.2,-2,910,950,,
2026-07-21,18:18:28,01:18:28,-07:00,+33.6341333,-116.1606598,-121,3DDiff (GPS nav),263908.3,13.0,,7,-0,-0.08,81.1,16,36,10,82,-124,5,13.6,14,2.56,0.33,-0.013,1.012,-0.558,,320,900,,,29.70,123.000,121.500,116.200,GPS1,SUSP MSG,,,,,,,,VISUAL,,,,,,,,,,,,,,,,,-10.8,42.6,3193,,,,040007FF N100 N100 *,480017FF N100 N100,0.7,0.4,44,33,,1200,ALT,12.8,1760,58,136,14,0.6,4.7,-4,172,171,13.2,-2,910,950,,
2026-07-21,18:18:29,01:18:29,-07:00,+33.6341317,-116.1605867,-121,3DDiff (GPS nav),263909.3,13.2,,7,-0,-0.02,80.8,16,36,10,82,-124,2,13.7,14,2.80,0.53,-0.024,1.021,-0.525,,320,900,,,29.70,123.000,121.500,116.200,GPS1,SUSP MSG,,,,,,,,VISUAL,,,,,,,,,,,,,,,,,-10.8,42.6,3193,,,,040007FF N100 N100 *,480017FF N100 N100,0.7,0.3,47,51,,1200,ALT,12.8,1770,56,136,14,0.7,4.6,-4,172,171,13.2,-2,910,950,,
2026-07-21,18:18:30,01:18:30,-07:00,+33.6341301,-116.1605131,-121,3DDiff (GPS nav),263910.3,13.3,,7,-0,-0.03,79.7,16,36,10,82,-124,6,13.8,14,2.91,0.57,-0.024,1.023,-0.497,,320,900,,,29.70,123.000,121.500,116.200,GPS1,SUSP MSG,,,,,,,,VISUAL,,,,,,,,,,,,,,,,,-10.8,42.6,3193,,,,040007FF N100 N100 *,480017FF N100 N100,0.7,0.3,37,38,,1200,ALT,12.7,1770,55,136,14,0.7,4.6,-4,173,171,13.2,-2,910,950,,
2026-07-21,18:18:31,01:18:31,-07:00,+33.6341297,-116.1604383,-123,3DDiff (GPS nav),263911.3,13.4,,7,0,-0.01,78.5,16,36,10,82,-123,13,13.7,14,3.05,0.55,0.007,0.998,-0.483,,320,900,,,29.70,123.000,121.500,116.200,GPS1,SUSP MSG,,,,,,,,VISUAL,,,,,,,,,,,,,,,,,-10.8,42.6,3194,,,,040007FF N100 N100 *,480017FF N100 N100,0.7,0.5,46,56,,1200,ALT,12.6,1750,55,136,14,0.7,4.6,-4,173,171,13.2,-2,910,950,,
2026-07-21,18:18:32,01:18:32,-07:00,+33.6341312,-116.1603659,-121,3DDiff (GPS nav),263912.3,13.5,,7,0,0.07,78.9,16,33,11,82,-123,11,13.1,14,2.47,0.44,0.005,1.025,-0.474,,320,900,,,29.70,123.000,121.500,116.200,GPS1,SUSP MSG,,,,,,,,VISUAL,,,,,,,,,,,,,,,,,-10.8,42.6,3195,,,,040007FF N100 N100 *,480017FF N100 N100,0.8,0.3,62,64,,1200,ALT,12.6,1760,58,136,14,0.7,4.6,-4,173,171,13.2,-2,910,950,,
2026-07-21,18:18:33,01:18:33,-07:00,+33.6341315,-116.1602901,-121,3DDiff (GPS nav),263913.3,13.6,,7,0,-0.06,78.4,16,33,11,82,-123,4,12.3,13,2.65,0.13,-0.000,0.934,-0.472,,320,900,,,29.70,123.000,121.500,116.200,GPS1,SUSP MSG,,,,,,,,VISUAL,,,,,,,,,,,,,,,,,-10.8,42.6,3195,,,,040007FF N100 N100 *,480017FF N100 N100,0.8,0.3,69,72,,1200,ALT,12.6,1760,58,136,14,0.7,4.6,-4,173,172,13.2,-2,910,950,,
2026-07-21,18:18:34,01:18:34,-07:00,+33.6341323,-116.1602135,-121,3DDiff (GPS nav),263914.3,13.8,,7,0,-0.07,78.4,16,33,11,82,-123,1,11.9,12,2.43,0.09,0.009,0.995,-0.493,,320,900,,,29.70,123.000,121.500,116.200,GPS1,SUSP MSG,,,,,,,,VISUAL,,,,,,,,,,,,,,,,,-10.8,42.6,3195,,,,040007FF N100 N100 *,480017FF N100 N100,0.7,0.3,39,70,,1200,ALT,12.6,1780,55,137,14,0.8,4.6,-4,174,172,13.2,-2,910,950,,
2026-07-21,18:18:35,01:18:35,-07:00,+33.6341333,-116.1601359,-121,3DDiff (GPS nav),263915.3,14.0,,7,0,-0.05,78.7,16,33,11,83,-123,5,12.2,13,2.73,-0.17,0.022,1.009,-0.489,,320,900,,,29.70,123.000,121.500,116.200,GPS1,SUSP MSG,,,,,,,,VISUAL,,,,,,,,,,,,,,,,,-10.8,42.6,3196,,,,040007FF N100 N100 *,480017FF N100 N100,0.5,0.3,44,59,,1200,ALT,12.6,1780,53,137,14,0.8,4.6,-4,174,172,13.2,-2,910,950,,
2026-07-21,18:18:36,01:18:36,-07:00,+33.6341339,-116.1600574,-121,3DDiff (GPS nav),263916.3,14.1,,7,0,-0.04,79.2,16,33,11,82,-123,6,13.0,14,2.68,-0.04,0.008,1.018,-0.453,,320,900,,,29.70,123.000,121.500,116.200,GPS1,SUSP MSG,,,,,,,,VISUAL,,,,,,,,,,,,,,,,,-10.8,42.6,3196,,,,040007FF N100 N100 *,480017FF N100 N100,0.5,0.2,45,50,,1200,ALT,12.6,1780,52,137,14,0.8,4.6,-4,174,172,13.2,-2,910,950,,
2026-07-21,18:18:37,01:18:37,-07:00,+33.6341359,-116.1599828,-120,3DDiff (GPS nav),263917.3,14.3,,7,0,0.00,78.0,16,33,11,83,-123,8,13.5,14,2.66,0.13,-0.004,0.986,-0.421,,320,900,,,29.70,123.000,121.500,116.200,GPS1,SUSP MSG,,,,,,,,VISUAL,,,,,,,,,,,,,,,,,-10.8,42.6,3196,,,,040007FF N100 N100 *,480017FF N100 N100,0.6,0.3,35,45,,1200,ALT,12.5,1780,52,137,14,0.8,4.6,-4,174,172,13.2,-2,910,945,,
2026-07-21,18:18:38,01:18:38,-07:00,+33.6341363,-116.1598962,-122,3DDiff (GPS nav),263918.3,14.5,,7,0,-0.09,77.4,16,33,11,83,-122,15,13.3,14,2.45,-0.04,0.003,1.015,-0.410,,320,900,,,29.70,123.000,121.500,116.200,GPS1,SUSP MSG,,,,,,,,VISUAL,,,,,,,,,,,,,,,,,-10.8,42.6,3197,,,,040007FF N100 N100 *,480017FF N100 N100,0.7,0.4,35,53,,1200,ALT,12.5,1770,55,137,14,0.9,4.6,-4,174,172,13.2,-2,910,945,,
2026-07-21,18:18:39,01:18:39,-07:00,+33.6341395,-116.1598143,-123,3DDiff (GPS nav),263919.3,14.7,,8,0,0.01,76.9,16,33,11,82,-123,5,13.1,14,2.41,-0.27,0.009,1.011,-0.397,,320,900,,,29.70,123.000,121.500,116.200,GPS1,SUSP MSG,,,,,,,,VISUAL,,,,,,,,,,,,,,,,,-10.8,42.6,3198,,,,040007FF N100 N100 *,480017FF N100 N100,0.8,0.3,63,63,,1200,ALT,12.4,1790,56,137,14,0.9,4.6,-4,174,173,13.2,-2,910,945,,
2026-07-21,18:18:40,01:18:40,-07:00,+33.6341425,-116.1597357,-123,3DDiff (GPS nav),263920.3,14.9,,8,0,0.03,75.9,16,33,11,81,-123,-14,13.8,14,2.53,-0.34,-0.009,1.001,-0.385,,320,900,,,29.70,123.000,121.500,116.200,GPS1,SUSP MSG,,,,,,,,VISUAL,,,,,,,,,,,,,,,,,-10.8,42.7,3197,,,,040007FF N100 N100 *,480017FF N100 N100,0.6,0.4,43,56,,1200,ALT,12.3,1780,55,138,14,0.8,4.6,-4,175,173,13.2,-2,910,945,,
2026-07-21,18:18:41,01:18:41,-07:00,+33.6341463,-116.1596522,-123,3DDiff (GPS nav),263921.3,15.0,,8,0,-0.08,77.5,16,33,11,81,-124,-22,13.7,14,2.39,-0.05,0.042,0.986,-0.379,,320,900,,,29.70,123.000,121.500,116.200,GPS1,SUSP MSG,,,,,,,,VISUAL,,,,,,,,,,,,,,,,,-10.8,42.7,3198,,,,040007FF N100 N100 *,480017FF N100 N100,0.7,0.4,36,59,,1200,ALT,12.2,1790,56,138,14,0.8,4.6,-4,175,173,13.2,-2,910,945,,
2026-07-21,18:18:42,01:18:42,-07:00,+33.6341478,-116.1595681,-123,3DDiff (GPS nav),263922.3,15.1,,8,0,-0.02,80.8,16,33,11,81,-124,-22,13.8,15,2.52,-0.20,0.042,1.038,-0.384,,320,900,,,29.70,123.000,121.500,116.200,GPS1,SUSP MSG,,,,,,,,VISUAL,,,,,,,,,,,,,,,,,-10.8,42.7,3198,,,,040007FF N100 N100 *,480017FF N100 N100,0.7,0.1,49,45,,1200,ALT,12.2,1790,55,138,14,0.7,4.7,-4,175,173,13.2,-2,910,945,,
2026-07-21,18:18:43,01:18:43,-07:00,+33.6341453,-116.1594828,-124,3DDiff (GPS nav),263923.3,15.3,,8,-0,-0.01,83.5,16,33,11,81,-124,-19,14.6,15,2.51,-0.31,0.014,1.016,-0.357,,320,900,,,29.70,123.000,121.500,116.200,GPS1,SUSP MSG,,,,,,,,VISUAL,,,,,,,,,,,,,,,,,-10.8,42.7,3198,,,,040007FF N100 N100 *,480017FF N100 N100,0.7,0.1,57,50,,1200,ALT,12.1,1800,56,138,14,0.7,4.7,-4,175,173,13.2,-2,910,945,,
2026-07-21,18:18:44,01:18:44,-07:00,+33.6341410,-116.1593992,-123,3DDiff (GPS nav),263924.3,15.4,,8,-0,0.06,82.9,16,33,11,81,-124,-10,14.8,15,2.31,-0.08,-0.002,1.020,-0.318,,320,900,,,29.70,123.000,121.500,116.200,GPS1,SUSP MSG,,,,,,,,VISUAL,,,,,,,,,,,,,,,,,-10.8,42.7,3199,,,,040007FF N100 N100 *,480017FF N100 N100,0.8,0.2,63,85,,1200,ALT,11.9,1800,56,138,14,0.7,4.7,-4,175,173,13.2,-2,910,940,,
2026-07-21,18:18:45,01:18:45,-07:00,+33.6341361,-116.1593093,-122,3DDiff (GPS nav),263925.3,15.5,,8,-0,-0.03,82.1,16,33,11,82,-124,2,15.2,16,2.74,0.56,-0.038,0.967,-0.279,,320,900,,,29.70,123.000,121.500,116.200,GPS1,SUSP MSG,,,,,,,,VISUAL,,,,,,,,,,,,,,,,,-10.8,42.7,3201,,,,040007FF N100 N100 *,480017FF N100 N100,0.6,0.3,57,57,,1200,ALT,11.9,1790,56,138,14,0.6,4.7,-4,175,173,13.2,-2,910,940,,
2026-07-21,18:18:46,01:18:46,-07:00,+33.6341333,-116.1592223,-122,3DDiff (GPS nav),263926.3,15.7,,8,-0,0.11,81.1,16,33,11,81,-124,3,15.4,16,2.60,0.69,-0.010,0.993,-0.261,,320,900,,,29.70,123.000,121.500,116.200,GPS1,SUSP,RW17,,25,180,-0.141,-0.73,1822,VISUAL,,,,,,,,,,,,,,,,,-10.8,42.7,3202,,,,040007FF N100 N100 *,480017FF N100 N100,0.7,0.4,65,78,,1200,ALT,11.9,1780,57,139,14,0.7,4.7,-4,175,174,13.2,-2,910,940,,
2026-07-21,18:18:47,01:18:47,-07:00,+33.6341312,-116.1591386,-122,3DDiff (GPS nav),263927.3,15.9,,8,-0,-0.02,81.0,16,33,11,81,-124,-1,15.3,16,2.70,0.96,0.008,0.971,-0.267,,320,900,,,29.70,123.000,121.500,116.200,GPS1,,RW17,0.3,25,180,-0.137,-0.46,1822,TERM,,,,,,,,,,,,,,,,,-10.8,42.7,3203,,,,040007FF N100 N100 *,480017FF N100 N100,0.7,0.3,61,53,,1200,ALT,11.9,1770,57,139,14,0.7,4.7,-4,176,174,13.2,-2,910,940,,
2026-07-21,18:18:48,01:18:48,-07:00,+33.6341288,-116.1590451,-122,3DDiff (GPS nav),263928.3,16.0,,8,-0,0.03,80.6,16,33,11,81,-124,-6,15.1,16,2.58,1.36,-0.039,0.999,-0.290,,320,900,,,29.70,123.000,121.500,116.200,GPS1,,RW17,0.3,24,180,-0.133,-0.44,1822,TERM,,,,,,,,,,,,,,,,,-10.8,42.7,3204,,,,040007FF N100 N100 *,480017FF N100 N100,0.7,0.3,43,52,,1200,ALT,12.2,1780,59,139,14,0.8,4.7,-4,176,174,13.2,-2,910,940,,
2026-07-21,18:18:49,01:18:49,-07:00,+33.6341271,-116.1589563,-121,3DDiff (GPS nav),263929.3,16.2,,8,0,-0.12,78.4,16,33,11,81,-124,-8,14.8,15,2.55,1.50,-0.039,0.999,-0.319,,320,900,,,29.70,123.000,121.500,116.200,GPS1,,RW17,0.3,23,180,-0.125,-0.42,1822,TERM,,,,,,,,,,,,,,,,,-10.8,42.7,3204,,,,040007FF N100 N100 *,480017FF N100 N100,0.7,0.3,55,49,,1200,ALT,12.4,1770,61,139,14,0.8,4.7,-4,176,174,13.2,-2,910,940,,
2026-07-21,18:18:50,01:18:50,-07:00,+33.6341273,-116.1588647,-123,3DDiff (GPS nav),263930.3,16.3,,8,0,-0.07,78.9,16,33,11,81,-124,-6,14.4,15,2.61,1.38,-0.026,1.022,-0.357,,320,900,,,29.70,123.000,121.500,116.200,GPS1,,RW17,0.3,22,180,-0.121,-0.41,1822,TERM,,,,,,,,,,,,,,,,,-10.8,42.7,3205,,,,040007FF N100 N100 *,480017FF N100 N100,0.7,0.3,63,45,,1200,ALT,12.5,1770,61,139,14,0.8,4.7,-4,176,174,13.2,-2,910,940,,
2026-07-21,18:18:51,01:18:51,-07:00,+33.6341290,-116.1587777,-124,3DDiff (GPS nav),263931.3,16.4,,8,0,0.01,77.7,16,33,11,81,-124,-4,14.0,15,2.61,1.19,-0.021,1.011,-0.376,,320,900,,,29.70,123.000,121.500,116.200,GPS1,,RW17,0.3,22,180,-0.117,-0.39,1822,TERM,,,,,,,,,,,,,,,,,-10.8,42.7,3205,,,,040007FF N100 N100 *,480017FF N100 N100,0.7,0.3,41,62,,1200,ALT,12.4,1780,61,139,14,0.8,4.7,-4,176,175,13.2,-2,910,940,,
2026-07-21,18:18:52,01:18:52,-07:00,+33.6341313,-116.1586859,-124,3DDiff (GPS nav),263932.3,16.5,,9,0,-0.01,78.5,16,33,11,81,-125,-5,14.1,15,3.00,0.80,0.015,0.980,-0.393,,320,900,,,29.70,123.000,121.500,116.200,GPS1,,RW17,0.3,21,180,-0.113,-0.38,1822,TERM,,,,,,,,,,,,,,,,,-10.8,42.7,3206,,,,040007FF N100 N100 *,480017FF N100 N100,0.6,0.3,54,69,,1200,ALT,12.1,1770,58,139,14,0.9,4.7,-4,177,175,13.2,-2,910,940,,
2026-07-21,18:18:53,01:18:53,-07:00,+33.6341323,-116.1585948,-124,3DDiff (GPS nav),263933.3,16.4,,8,0,0.05,78.1,16,33,11,80,-125,-8,13.8,14,1.47,0.72,-0.053,1.055,-0.399,,320,900,,,29.70,123.000,121.500,116.200,GPS1,,RW17,0.3,20,180,-0.109,-0.36,1822,TERM,,,,,,,,,,,,,,,,,-10.8,42.8,3206,,,,040007FF N100 N100 *,480017FF N100 N100,0.8,0.1,178,132,,1200,ALT,11.9,1790,58,140,14,0.9,4.7,-4,177,175,13.2,-2,910,940,,
2026-07-21,18:18:54,01:18:54,-07:00,+33.6341337,-116.1585071,-124,3DDiff (GPS nav),263934.3,15.9,,8,0,0.09,78.1,16,33,11,80,-125,-9,12.8,13,1.98,0.33,0.039,0.985,-0.398,,320,900,,,29.70,123.000,121.500,116.200,GPS1,,RW17,0.3,19,180,-0.105,-0.35,1822,TERM,,,,,,,,,,,,,,,,,-10.8,42.8,3206,,,,020007FF N100 N100 *,480017FF N100 N100,0.4,0.3,281,426,,1200,ALT,12.1,1760,56,140,14,0.9,4.7,-4,177,175,13.2,-2,910,935,,
2026-07-21,18:18:55,01:18:55,-07:00,+33.6341349,-116.1584220,-125,3DDiff (GPS nav),263935.3,15.3,,8,-0,0.13,80.3,16,33,11,80,-125,-7,13.0,14,1.82,0.46,0.034,0.998,-0.404,,320,900,,,29.70,123.000,121.500,116.200,GPS1,,RW17,0.3,19,180,-0.102,-0.34,1822,TERM,,,,,,,,,,,,,,,,,-10.8,42.8,3207,,,,020007FF N100 N100 *,480017FF N100 N100,0.6,0.2,179,293,,1200,ALT,12.3,1770,58,140,14,0.9,4.7,-4,177,176,13.2,-2,910,935,,
2026-07-21,18:18:56,01:18:56,-07:00,+33.6341339,-116.1583427,-123,3DDiff (GPS nav),263936.3,14.8,,7,-0,-0.05,81.0,16,33,11,80,-125,-4,12.8,13,3.43,0.61,0.006,0.925,-0.413,,320,900,,,29.70,123.000,121.500,116.200,GPS1,,RW17,0.3,18,180,-0.098,-0.33,1822,TERM,,,,,,,,,,,,,,,,,-10.8,42.8,3207,,,,020007FF N100 N100 *,480017FF N100 N100,0.5,0.1,200,208,,1200,ALT,12.4,1780,57,140,14,1.0,4.7,-4,177,176,13.2,-2,910,935,,
2026-07-21,18:18:57,01:18:57,-07:00,+33.6341315,-116.1582631,-123,3DDiff (GPS nav),263937.3,14.4,,7,-0,-0.01,80.2,16,33,11,80,-125,-0,12.8,13,2.64,1.12,-0.047,1.005,-0.405,,320,900,,,29.70,123.000,121.500,116.200,GPS1,,RW17,0.3,17,180,-0.090,-0.30,1822,TERM,,,,,,,,,,,,,,,,,-10.8,42.8,3208,,,,040007FF N100 N100 *,480017FF N100 N100,0.5,0.3,96,142,,1200,ALT,12.4,1770,57,140,14,0.9,4.7,-4,178,176,13.2,-2,910,935,,
2026-07-21,18:18:58,01:18:58,-07:00,+33.6341307,-116.1581872,-123,3DDiff (GPS nav),263938.3,13.8,,7,-0,-0.04,78.9,16,33,11,81,-125,4,12.3,13,2.70,1.25,-0.069,0.971,-0.418,,320,900,,,29.70,123.000,121.500,116.200,GPS1,,RW17,0.3,17,180,-0.086,-0.29,1822,TERM,,,,,,,,,,,,,,,,,-10.8,42.8,3209,,,,040007FF N100 N100 *,480017FF N100 N100,0.4,0.4,63,73,,1200,ALT,12.3,1760,57,140,14,0.9,4.7,-4,178,176,13.2,-2,910,935,,
2026-07-21,18:18:59,01:18:59,-07:00,+33.6341314,-116.1581130,-123,3DDiff (GPS nav),263939.3,13.5,,7,0,-0.05,77.6,16,33,11,81,-124,12,12.3,13,2.99,0.95,-0.036,1.036,-0.441,,320,900,,,29.70,123.000,121.500,116.200,GPS1,,RW17,0.3,16,180,-0.086,-0.29,1822,TERM,,,,,,,,,,,,,,,,,-10.8,42.8,3210,,,,040007FF N100 N100 *,480017FF N100 N100,0.4,0.4,174,162,,1200,ALT,12.2,1740,58,141,14,0.8,4.7,-4,178,176,13.2,-2,910,935,,
2026-07-21,18:19:00,01:19:00,-07:00,+33.6341338,-116.1580454,-123,3DDiff (GPS nav),263940.3,12.3,,6,0,-0.04,76.7,16,33,11,81,-124,11,11.3,12,2.26,0.71,-0.029,0.982,-0.477,,320,900,,,29.70,123.000,121.500,116.200,GPS1,,RW17,0.3,15,180,-0.082,-0.27,1822,TERM,,,,,,,,,,,,,,,,,-10.8,42.8,3210,,,,040007FF N100 N100 *,480017FF N100 N100,0.3,0.4,108,127,,1200,ALT,12.2,1750,57,141,14,0.8,4.7,-4,178,176,13.2,-2,910,935,,
2026-07-21,18:19:01,01:19:01,-07:00,+33.6341369,-116.1579872,-122,3DDiff (GPS nav),263941.3,10.9,,5,0,0.02,72.2,16,33,11,83,-123,22,11.4,12,2.12,0.72,-0.124,0.955,-0.519,,320,900,,,29.70,123.000,121.500,116.200,GPS1,,RW17,0.3,15,180,-0.078,-0.26,1822,TERM,,,,,,,,,,,,,,,,,-10.8,42.8,3212,,,,040007FF N100 N100 *,480017FF N100 N100,0.5,0.4,100,158,,1200,ALT,12.1,1740,58,141,14,0.8,4.7,-4,178,177,13.2,-2,910,935,,
2026-07-21,18:19:02,01:19:02,-07:00,+33.6341430,-116.1579316,-124,3DDiff (GPS nav),263942.3,9.9,,5,1,-0.02,61.5,16,33,11,84,-122,48,12.1,13,2.44,0.88,-0.129,1.000,-0.588,,320,900,,,29.70,123.000,121.500,116.200,GPS1,,RW17,0.3,14,180,-0.074,-0.25,1822,TERM,,,,,,,,,,,,,,,,,-10.8,42.8,3214,,,,020007FF N100 N100 *,480017FF N100 N100,0.4,0.6,97,60,,1200,ALT,12.3,1750,58,141,14,0.8,4.7,-4,179,177,13.2,-2,910,935,,
2026-07-21,18:19:03,01:19:03,-07:00,+33.6341587,-116.1578827,-124,3DDiff (GPS nav),263943.3,9.5,,4,2,0.02,50.7,16,33,11,84,-121,51,12.9,13,2.20,1.32,-0.096,0.998,-0.693,,320,900,,,29.70,123.000,121.500,116.200,GPS1,,RW17,0.3,14,180,-0.074,-0.25,1822,TERM,,,,,,,,,,,,,,,,,-10.8,42.8,3216,,,,020007FF N100 N100 *,480017FF N100 N100,0.4,0.6,89,56,,1200,ALT,12.5,1740,56,141,14,0.8,4.7,-4,179,177,13.2,-2,910,935,,
2026-07-21,18:19:04,01:19:04,-07:00,+33.6341768,-116.1578454,-124,3DDiff (GPS nav),263944.3,7.9,,3,2,0.06,45.8,16,33,11,84,-121,37,12.2,13,2.14,0.87,0.015,0.901,-0.801,,320,900,,,29.70,123.000,121.500,116.200,GPS1,,RW17,0.3,14,180,-0.070,-0.23,1822,TERM,,,,,,,,,,,,,,,,,-10.8,42.8,3217,,,,020007FF N100 N100 *,480017FF N100 N100,0.4,0.6,98,104,,1200,ALT,12.6,1740,58,141,14,0.8,4.7,-4,179,177,13.2,-2,910,935,,
2026-07-21,18:19:05,01:19:05,-07:00,+33.6341905,-116.1578190,-124,3DDiff (GPS nav),263945.3,5.9,,2,1,0.02,53.4,16,33,11,85,-121,23,11.8,12,2.59,1.10,0.019,1.048,-0.887,,320,900,,,29.70,123.000,121.500,116.200,GPS1,,RW17,0.3,13,180,-0.070,-0.23,1822,TERM,,,,,,,,,,,,,,,,,-10.8,42.8,3218,,,,040007FF N100 N100 *,480017FF N100 N100,0.4,0.5,71,154,,1200,ALT,12.6,1760,58,141,14,0.8,4.7,-4,179,177,13.2,-2,910,935,,
2026-07-21,18:19:06,01:19:06,-07:00,+33.6341993,-116.1577957,-124,3DDiff (GPS nav),263946.3,4.8,,2,1,-0.07,68.4,16,33,11,85,-121,20,11.6,12,2.86,1.70,0.008,1.031,-1.037,,320,900,,,29.70,123.000,121.500,116.200,GPS1,,RW17,0.3,13,180,-0.070,-0.23,1822,TERM,,,,,,,,,,,,,,,,,-10.8,42.8,3220,,,,020007FF N100 N100 *,480017FF N100 N100,0.2,0.5,138,117,,1200,ALT,12.6,1780,59,142,14,0.9,4.8,-4,180,178,13.2,-2,910,935,,
2026-07-21,18:19:07,01:19:07,-07:00,+33.6342028,-116.1577693,-125,3DDiff (GPS nav),263947.3,4.7,,2,0,-0.05,87.8,16,33,11,84,-121,12,10.9,11,2.68,1.31,0.065,1.002,-1.253,,320,900,,,29.70,123.000 RX,121.500,116.200,GPS1,,RW17,0.3,13,180,-0.066,-0.22,1822,TERM,,,,,,,,,,,,,,,,,-10.8,42.8,3221,,,,020007FF N100 N100 *,480017FF N100 N100,0.2,0.5,72,115,,1200,ALT,12.6,1750,61,142,14,0.9,4.8,-4,180,178,13.2,-2,910,935,,
2026-07-21,18:19:08,01:19:08,-07:00,+33.6341991,-116.1577453,-123,3DDiff (GPS nav),263948.3,4.8,,2,-1,-0.03,110.1,16,33,11,83,-122,-9,9.5,10,1.83,1.12,0.063,0.932,-1.538,,320,900,,,29.70,123.000 RX,121.500,116.200,GPS1,,RW17,0.3,13,180,-0.066,-0.22,1822,TERM,,,,,,,,,,,,,,,,,-10.8,42.9,3221,,,,020007FF N100 N100 *,480017FF N100 N100,0.2,0.5,71,95,,1200,ALT,12.7,1740,62,142,14,0.9,4.8,-4,180,178,13.2,-2,910,935,,
2026-07-21,18:19:09,01:19:09,-07:00,+33.6341851,-116.1577217,-123,3DDiff (GPS nav),263949.3,5.2,,2,-2,-0.01,133.6,16,33,11,84,-122,-15,8.5,9,2.08,0.66,0.079,0.972,-1.740,,320,900,,,29.70,123.000 RX,121.500,116.200,GPS1,,RW17,0.3,13,180,-0.066,-0.22,1822,TERM,,,,,,,,,,,,,,,,,-10.8,42.9,3222,,,,020007FF N100 N100 *,480017FF N100 N100,0.2,0.5,61,65,,1200,ALT,12.8,1740,62,142,14,1.0,4.8,-4,180,178,13.2,-2,910,930,,
2026-07-21,18:19:10,01:19:10,-07:00,+33.6341631,-116.1577055,-123,3DDiff (GPS nav),263950.3,5.5,,1,-3,-0.02,156.4,16,33,11,84,-121,-3,8.2,8,2.22,0.31,0.057,1.040,-1.802,,320,900,,,29.70,123.000,121.500,116.200,GPS1,,RW17,0.3,12,180,-0.062,-0.21,1822,TERM,,,,,,,,,,,,,,,,,-10.8,42.9,3224,,,,020007FF N100 N100 *,480017FF N100 N100,0.3,0.4,74,76,,1200,ALT,13.0,1900,58,142,14,1.0,4.8,-4,181,179,13.2,-2,910,930,,
2026-07-21,18:19:11,01:19:11,-07:00,+33.6341352,-116.1576998,-123,3DDiff (GPS nav),263951.3,6.1,,0,-3,0.00,168.8,16,33,11,83,-122,-4,7.8,8,1.58,0.27,0.036,1.028,-1.872,,320,900,,,29.70,123.000,121.500,116.200,GPS1,,RW17,0.3,12,180,-0.062,-0.21,1822,TERM,,,,,,,,,,,,,,,,,-10.8,42.9,3224,,,,020007FF N100 N100 *,480017FF N100 N100,0.3,0.4,67,114,,1200,ALT,13.2,2120,51,142,14,1.0,4.8,-4,181,179,13.2,-2,910,930,,
2026-07-21,18:19:12,01:19:12,-07:00,+33.6341028,-116.1577004,-123,3DDiff (GPS nav),263952.3,6.8,,-0,-4,-0.11,176.3,16,33,11,83,-122,-18,7.9,8,1.67,-0.07,-0.009,1.021,-2.058,,320,900,,,29.70,123.000,121.500,116.200,GPS1,,RW17,0.3,12,180,-0.062,-0.21,1822,TERM,,,,,,,,,,,,,,,,,-10.8,42.9,3224,,,,020007FF N100 N100 *,480017FF N100 N100,0.3,0.4,107,114,,1200,ALT,13.5,2190,46,142,14,0.9,4.9,-4,181,179,13.2,-1,910,930,,
2026-07-21,18:19:13,01:19:13,-07:00,+33.6340658,-116.1577061,-123,3DDiff (GPS nav),263953.3,7.7,,-1,-4,-0.02,178.6,16,26,12,83,-122,-18,9.0,9,1.93,0.16,-0.005,1.006,-2.045,,320,900,,,29.70,123.000 TX,121.500,116.200,GPS1,,RW17,0.3,12,180,-0.062,-0.21,1822,TERM,,,,,,,,,,,,,,,,,-10.8,42.9,3224,,,,040007FF N100 N100 *,480017FF N100 N100,0.5,0.4,96,112,,1200,ALT,13.7,2170,44,143,14,0.9,4.9,-4,181,179,13.2,0,910,930,,
2026-07-21,18:19:14,01:19:14,-07:00,+33.6340261,-116.1577120,-125,3DDiff (GPS nav),263954.3,8.4,,-1,-4,-0.09,178.6,13,26,12,83,-122,-13,8.7,9,1.90,0.57,-0.015,0.984,-1.800,,320,900,,,29.70,123.000 TX,121.500,116.200,GPS1,,RW17,0.3,12,180,-0.062,-0.21,1822,TERM,,,,,,,,,,,,,,,,,-10.8,42.9,3224,,,,040007FF N100 N100 *,480017FF N99 N100,0.5,0.5,64,75,,1200,ALT,13.9,2140,42,143,14,0.9,4.9,-4,182,180,13.2,0,910,935,,
2026-07-21,18:19:15,01:19:15,-07:00,+33.6339836,-116.1577200,-125,3DDiff (GPS nav),263955.3,9.3,,-1,-5,-0.11,177.9,13,26,12,82,-123,-17,9.5,10,1.94,0.25,-0.020,0.985,-1.112,,320,900,,,29.70,123.000 TX,121.500,116.200,GPS1,,RW17,0.3,12,180,-0.066,-0.22,1822,TERM,,,,,,,,,,,,,,,,,-10.8,42.9,3223,,,,040007FF N100 N100 *,480017FF N98 N100,0.6,0.5,62,95,,1200,ALT,14.1,2120,41,143,14,0.9,5.0,-4,182,180,13.2,-1,910,940,,
2026-07-21,18:19:16,01:19:16,-07:00,+33.6339370,-116.1577281,-125,3DDiff (GPS nav),263956.3,10.0,,-1,-5,0.03,176.0,13,26,12,81,-124,-27,10.3,11,1.97,0.06,-0.053,1.047,-0.668,,320,900,,,29.70,123.000 TX,121.500,116.200,GPS1,,RW17,0.3,12,180,-0.066,-0.22,1822,TERM,,,,,,,,,,,,,,,,,-10.8,42.9,3222,,,,040007FF N100 N100 *,480017FF N98 N100,0.7,0.4,51,63,,1200,ALT,14.2,2140,41,143,14,0.9,5.0,-4,182,180,13.2,-1,910,940,,
2026-07-21,18:19:17,01:19:17,-07:00,+33.6338878,-116.1577345,-125,3DDiff (GPS nav),263957.3,10.7,,-0,-6,0.02,172.9,13,26,12,82,-124,-24,11.1,12,2.39,0.02,-0.033,1.028,-0.407,,320,900,,,29.70,123.000 TX,121.500,116.200,GPS1,,RW17,0.3,12,180,-0.066,-0.22,1822,TERM,,,,,,,,,,,,,,,,,-10.8,42.9,3221,,,,040007FF N100 N100 *,480017FF N97 N100,0.6,0.6,69,85,,1200,ALT,14.3,2150,41,143,14,0.9,5.0,-4,182,180,13.2,-2,910,945,,
2026-07-21,18:19:18,01:19:18,-07:00,+33.6338355,-116.1577379,-124,3DDiff (GPS nav),263958.3,11.3,,-0,-6,0.03,171.0,16,26,12,82,-124,-10,11.8,12,2.52,0.56,-0.006,1.022,-0.263,,320,900,,,29.70,123.000 TX,121.500,116.200,GPS1,,RW17,0.3,12,180,-0.066,-0.22,1822,TERM,,,,,,,,,,,,,,,,,-10.8,42.9,3221,,,,040007FF N100 N100 *,480017FF N96 N100,0.7,0.8,67,86,,1200,ALT,14.3,2140,41,144,14,1.0,5.0,-4,182,180,13.2,-2,910,950,,
2026-07-21,18:19:19,01:19:19,-07:00,+33.6337811,-116.1577393,-125,3DDiff (GPS nav),263959.3,11.8,,-0,-6,-0.05,171.7,16,26,12,82,-124,-2,12.5,13,2.87,0.97,-0.026,0.965,-0.191,,320,900,,,29.70,123.000,121.500,116.200,GPS1,,RW17,0.3,12,180,-0.066,-0.22,1822,TERM,,,,,,,,,,,,,,,,,-10.8,42.9,3220,,,,040007FF N100 N100 *,480017FF N98 N100,0.9,0.6,114,125,,1200,ALT,14.3,2140,41,144,14,1.1,5.0,-4,182,180,13.2,-2,910,955,,
2026-07-21,18:19:20,01:19:20,-07:00,+33.6337237,-116.1577429,-124,3DDiff (GPS nav),263960.3,12.3,,-0,-6,-0.01,170.4,13,26,12,82,-124,0,14.0,15,2.44,1.09,-0.042,0.966,-0.157,,320,900,,,29.70,123.000,121.500,116.200,GPS1,,RW17,0.3,12,180,-0.066,-0.22,1822,TERM,,,,,,,,,,,,,,,,,-10.8,42.9,3219,,,,040007FF N100 N100 *,480017FF N100 N100,0.9,0.6,85,114,,1200,ALT,14.4,2140,41,144,14,1.1,4.9,-4,182,180,13.2,0,910,960,,
2026-07-21,18:19:21,01:19:21,-07:00,+33.6336633,-116.1577439,-124,3DDiff (GPS nav),263961.3,12.8,,-0,-7,-0.06,169.6,13,26,12,82,-123,3,15.3,16,2.27,1.24,-0.015,1.033,-0.151,,320,900,,,29.70,123.000,121.500,116.200,GPS1,,RW17,0.3,12,180,-0.066,-0.22,1822,TERM,,,,,,,,,,,,,,,,,-10.8,42.9,3218,,,,040007FF N100 N100 *,480017FF N100 N100,1.0,0.7,106,97,,1200,ALT,14.5,2110,41,144,14,1.2,4.9,-4,182,180,13.2,0,910,965,,
2026-07-21,18:19:22,01:19:22,-07:00,+33.6336017,-116.1577441,-124,3DDiff (GPS nav),263962.3,13.3,,0,-7,-0.06,169.0,13,26,12,83,-123,10,15.9,17,2.45,1.31,-0.035,0.940,-0.146,,320,900,,,29.70,123.000,121.500,116.200,GPS1,,RW17,0.3,12,180,-0.066,-0.22,1822,TERM,,,,,,,,,,,,,,,,,-10.8,42.8,3218,,,,040007FF N100 N100 *,480017FF N100 N100,0.9,0.6,77,91,,1200,ALT,14.5,2130,41,144,14,1.3,4.9,-4,182,180,13.2,0,910,970,,
2026-07-21,18:19:23,01:19:23,-07:00,+33.6335376,-116.1577435,-124,3DDiff (GPS nav),263963.3,13.7,,0,-7,0.01,168.5,16,26,12,82,-123,12,16.6,17,2.62,0.80,0.010,0.997,-0.129,,320,900,,,29.70,123.000 RX,121.500,116.200,GPS1,,RW17,0.3,11,180,-0.066,-0.22,1822,TERM,,,,,,,,,,,,,,,,,-10.8,42.8,3218,,,,040007FF N100 N100 *,480017FF N100 N100,0.8,0.6,70,92,,1200,ALT,14.5,2120,41,144,14,1.3,4.9,-4,182,180,13.2,0,910,975,,
2026-07-21,18:19:24,01:19:24,-07:00,+33.6334720,-116.1577423,-124,3DDiff (GPS nav),263964.3,14.1,,0,-7,-0.03,168.2,16,26,12,82,-123,9,16.5,17,3.31,0.71,-0.081,0.927,-0.115,,320,900,,,29.70,123.000 RX,121.500,116.200,GPS1,,RW17,0.3,11,180,-0.066,-0.22,1822,TERM,,,,,,,,,,,,,,,,,-10.8,42.8,3217,,,,040007FF N100 N100 *,480017FF N100 N100,0.9,0.6,72,120,,1200,ALT,14.5,2120,41,145,14,1.2,4.9,-4,182,180,13.2,0,910,980,,
2026-07-21,18:19:25,01:19:25,-07:00,+33.6334046,-116.1577421,-122,3DDiff (GPS nav),263965.3,14.4,,0,-8,0.14,168.3,16,26,12,83,-122,12,16.4,17,3.05,1.25,-0.006,1.163,-0.101,,320,900,,,29.70,123.000 RX,121.500,116.200,GPS1,,RW17,0.3,11,180,-0.066,-0.22,1822,TERM,,,,,,,,,,,,,,,,,-10.8,42.8,3217,,,,040007FF N100 N100 *,480017FF N100 N100,1.0,0.6,149,243,,1200,ALT,14.5,2140,41,145,14,1.2,4.9,-4,182,180,13.2,0,910,980,,
2026-07-21,18:19:26,01:19:26,-07:00,+33.6333354,-116.1577391,-123,3DDiff (GPS nav),263966.3,14.8,,0,-8,0.05,168.8,13,26,12,83,-122,17,15.8,17,3.25,0.72,-0.024,1.007,-0.094,,320,900,,,29.70,123.000 RX,121.500,116.200,GPS1,,RW17,0.4,11,180,-0.066,-0.22,1822,TERM,,,,,,,,,,,,,,,,,-10.8,42.8,3217,,,,040007FF N100 N100 *,480017FF N100 N100,0.8,0.6,119,167,,1200,ALT,14.5,2150,41,145,14,1.3,4.8,-4,182,180,13.2,0,910,985,,
2026-07-21,18:19:27,01:19:27,-07:00,+33.6332662,-116.1577388,-123,3DDiff (GPS nav),263967.3,15.1,,0,-8,0.09,169.5,13,26,12,83,-122,13,15.4,16,3.17,0.45,-0.030,1.009,-0.094,,320,900,,,29.70,123.000 RX,121.500,116.200,GPS1,,RW17,0.4,11,180,-0.066,-0.22,1822,TERM,,,,,,,,,,,,,,,,,-10.8,42.8,3217,,,,040007FF N100 N100 *,480017FF N100 N100,0.9,0.5,83,107,,1200,ALT,14.5,2130,41,145,14,1.3,4.8,-4,182,180,13.2,0,910,985,,
2026-07-21,18:19:28,01:19:28,-07:00,+33.6331947,-116.1577397,-123,3DDiff (GPS nav),263968.3,15.4,,-0,-8,0.04,170.2,13,26,12,84,-122,13,15.3,16,3.32,0.68,0.018,1.060,-0.095,,320,900,,,29.70,123.000 RX,121.500,116.200,GPS1,,RW17,0.4,11,180,-0.066,-0.22,1822,TERM,,,,,,,,,,,,,,,,,-10.8,42.8,3216,,,,040007FF N100 N100 *,480017FF N100 N100,0.8,0.4,72,97,,1200,ALT,14.5,2140,43,145,14,1.3,4.8,-4,182,180,13.2,0,910,990,,
2026-07-21,18:19:29,01:19:29,-07:00,+33.6331217,-116.1577418,-123,3DDiff (GPS nav),263969.3,15.7,,-0,-8,0.02,170.3,13,26,12,83,-122,7,14.8,15,3.14,0.93,-0.026,1.002,-0.093,,320,900,,,29.70,123.000,121.500,116.200,GPS1,,RW17,0.4,11,180,-0.066,-0.22,1822,TERM,,,,,,,,,,,,,,,,,-10.8,42.8,3216,,,,040007FF N100 N100 *,480017FF N100 N100,0.8,0.5,60,75,,1200,ALT,14.5,2130,45,145,14,1.2,4.8,-4,182,180,13.2,0,910,990,,
2026-07-21,18:19:30,01:19:30,-07:00,+33.6330467,-116.1577437,-123,3DDiff (GPS nav),263970.3,16.0,,-0,-8,0.02,170.3,16,26,12,82,-122,-8,14.3,15,2.66,1.17,-0.026,1.000,-0.103,,320,900,,,29.70,123.000,121.500,116.200,GPS1,,RW17,0.4,11,180,-0.066,-0.22,1822,TERM,,,,,,,,,,,,,,,,,-10.8,42.8,3214,,,,040007FF N100 N100 *,480017FF N100 N100,0.9,0.5,52,60,,1200,ALT,14.5,2130,46,145,14,1.2,4.8,-4,182,180,13.2,0,910,995,,
2026-07-21,18:19:31,01:19:31,-07:00,+33.6329716,-116.1577448,-124,3DDiff (GPS nav),263971.3,16.4,,-0,-9,0.00,169.7,16,26,12,82,-123,-21,13.7,14,2.39,1.35,-0.052,0.979,-0.112,,320,900,,,29.70,123.000,121.500,116.200,GPS1,,RW17,0.4,10,180,-0.066,-0.22,1822,TERM,,,,,,,,,,,,,,,,,-10.8,42.8,3213,,,,040007FF N100 N100 *,480017FF N100 N100,0.9,0.5,48,66,,1200,ALT,14.5,2130,46,145,14,1.2,4.8,-4,182,180,13.2,0,910,995,,
2026-07-21,18:19:32,01:19:32,-07:00,+33.6328937,-116.1577472,-123,3DDiff (GPS nav),263972.3,16.9,,-0,-9,0.03,169.2,13,26,12,82,-123,-24,13.8,14,2.55,1.48,-0.070,1.005,-0.138,,320,900,,,29.70,123.000,121.500,116.200,GPS1,,RW17,0.4,10,180,-0.066,-0.22,1822,TERM,,,,,,,,,,,,,,,,,-10.8,42.8,3212,,,,040007FF N100 N100 *,480017FF N100 N100,0.8,0.6,49,64,,1200,ALT,15.1,2690,45,145,14,1.2,4.8,-4,182,180,13.2,0,910,995,,
2026-07-21,18:19:33,01:19:33,-07:00,+33.6328072,-116.1577471,-122,3DDiff (GPS nav),263973.3,18.3,,0,-10,-0.03,169.1,13,26,12,81,-124,-22,14.9,16,2.42,1.32,-0.010,1.008,-0.170,,320,900,,,29.70,123.000,121.500,116.200,GPS1,,RW17,0.4,10,180,-0.066,-0.22,1822,TERM,,,,,,,,,,,,,,,,,-10.8,42.8,3211,,,,040007FF N100 N100 *,480017FF N100 N100,0.9,0.6,74,71,,1200,ALT,16.9,3250,47,146,14,1.4,4.8,-4,182,180,13.2,3,910,1000,,
2026-07-21,18:19:34,01:19:34,-07:00,+33.6327162,-116.1577469,-122,3DDiff (GPS nav),263974.3,19.4,,0,-10,-0.05,168.7,13,26,12,81,-124,-25,15.7,16,2.11,1.38,-0.012,1.022,-0.210,,320,900,,,29.70,123.000,121.500,116.200,GPS1,,RW17,0.4,10,180,-0.066,-0.22,1822,TERM,,,,,,,,,,,,,,,,,-10.8,42.8,3209,,,,040007FF N100 N100 *,480017FF N100 N100,1.2,0.5,48,89,,1200,ALT,16.5,2360,48,146,14,1.6,4.8,-4,182,180,13.3,4,915,1000,,
2026-07-21,18:19:35,01:19:35,-07:00,+33.6326233,-116.1577456,-122,3DDiff (GPS nav),263975.3,20.0,179,0,-10,-0.05,168.0,13,26,12,80,-125,-26,16.3,17,2.30,1.22,-0.046,0.988,-0.226,,320,900,,,29.70,123.000,121.500,116.200,GPS1,,RW17,0.4,10,180,-0.066,-0.22,1822,TERM,,,,,,,,,,,,,,,,,-10.8,42.8,3207,,,,040007FF N100 N100 *,480017FF N100 N100,1.2,0.6,57,79,,1200,ALT,15.9,2180,47,146,14,1.7,4.8,-4,182,180,13.3,3,920,1010,,
2026-07-21,18:19:36,01:19:36,-07:00,+33.6325287,-116.1577434,-122,3DDiff (GPS nav),263976.3,20.4,179,0,-11,-0.03,168.4,16,26,12,80,-125,-24,17.6,18,2.18,0.94,0.003,0.978,-0.228,,320,900,,,29.70,123.000,121.500,116.200,GPS1,,RW17,0.4,10,180,-0.066,-0.22,1822,TERM,,,,,,,,,,,,,,,,,-10.8,42.7,3205,,,,040007FF N100 N100 *,480017FF N100 N100,1.3,0.6,51,65,,1200,ALT,15.4,2170,46,146,14,1.6,4.7,-4,182,180,13.3,2,920,1015,,
2026-07-21,18:19:37,01:19:37,-07:00,+33.6324328,-116.1577427,-121,3DDiff (GPS nav),263977.3,20.7,179,0,-11,0.01,168.8,16,26,12,80,-125,-24,19.1,20,2.34,0.78,-0.021,1.011,-0.217,,320,900,,,29.70,123.000,121.500,116.200,GPS1,,RW17,0.4,10,180,-0.066,-0.22,1822,TERM,,,,,,,,,,,,,,,,,-10.8,42.7,3203,,,,040007FF N100 N100 *,480017FF N100 N100,1.2,0.5,70,66,,1200,ALT,15.1,2160,46,146,14,1.5,4.7,-4,182,180,13.3,2,925,1015,,
2026-07-21,18:19:38,01:19:38,-07:00,+33.6323343,-116.1577402,-122,3DDiff (GPS nav),263978.3,21.0,179,0,-11,-0.08,168.6,13,26,12,79,-126,-25,20.0,21,2.30,0.63,-0.007,1.041,-0.196,,320,900,,,29.70,123.000,121.500,116.200,GPS1,,RW17,0.4,9,180,-0.066,-0.22,1822,TERM,,,,,,,,,,,,,,,,,-10.8,42.7,3201,,,,040007FF N100 N100 *,480017FF N100 N100,1.2,0.6,66,55,,1200,ALT,14.9,2150,45,146,14,1.5,4.7,-4,182,180,13.3,1,925,1020,,
2026-07-21,18:19:39,01:19:39,-07:00,+33.6322356,-116.1577390,-123,3DDiff (GPS nav),263979.3,21.3,180,0,-11,-0.06,169.0,13,26,12,79,-126,-24,20.7,22,2.49,0.65,0.024,1.027,-0.175,,320,900,,,29.70,123.000,121.500,116.200,GPS1,,RW17,0.4,9,180,-0.066,-0.22,1822,TERM,,,,,,,,,,,,,,,,,-10.8,42.7,3200,,,,040007FF N100 N100 *,480017FF N100 N100,1.1,0.7,77,62,,1200,ALT,14.6,2160,45,146,14,1.5,4.6,-4,182,180,13.3,1,925,1020,,
2026-07-21,18:19:40,01:19:40,-07:00,+33.6321358,-116.1577386,-123,3DDiff (GPS nav),263980.3,21.6,180,-0,-11,-0.04,169.8,13,26,12,79,-126,-15,20.7,22,2.71,0.61,-0.008,1.006,-0.157,,320,900,,,29.70,123.000,121.500,116.200,GPS1,,RW17,0.4,9,180,-0.066,-0.22,1822,TERM,,,,,,,,,,,,,,,,,-10.8,42.7,3199,,,,040007FF N100 N100 *,480017FF N100 N100,1.0,0.6,60,52,,1200,ALT,14.6,2160,45,146,14,1.4,4.6,-4,182,180,13.3,1,925,1025,,
2026-07-21,18:19:41,01:19:41,-07:00,+33.6320344,-116.1577397,-123,3DDiff (GPS nav),263981.3,21.9,180,-0,-11,-0.02,169.4,13,26,12,79,-126,-6,21.1,22,2.57,0.60,0.014,0.967,-0.132,,320,900,,,29.70,123.000,121.500,116.200,GPS1,,RW17,0.4,9,180,-0.066,-0.22,1822,TERM,,,,,,,,,,,,,,,,,-10.8,42.7,3198,,,,040007FF N100 N100 *,480017FF N100 N100,0.9,0.6,62,93,,1200,ALT,14.7,2150,45,147,14,1.4,4.6,-4,182,180,13.3,1,925,1025,,
2026-07-21,18:19:42,01:19:42,-07:00,+33.6319315,-116.1577399,-123,3DDiff (GPS nav),263982.3,22.2,180,0,-11,0.07,168.9,13,26,12,79,-126,-6,21.0,22,2.64,0.74,0.008,1.004,-0.102,,320,900,,,29.70,123.000,121.500,116.200,GPS1,,RW17,0.4,9,180,-0.066,-0.22,1822,TERM,,,,,,,,,,,,,,,,,-10.8,42.7,3197,,,,040007FF N100 N100 *,480017FF N100 N100,1.0,0.6,60,97,,1200,ALT,14.7,2160,45,147,14,1.4,4.6,-4,182,180,13.3,1,925,1030,,
2026-07-21,18:19:43,01:19:43,-07:00,+33.6318266,-116.1577385,-124,3DDiff (GPS nav),263983.3,22.5,180,0,-12,-0.02,168.9,13,26,12,78,-126,-9,20.9,22,2.58,0.78,-0.045,0.971,-0.082,,320,900,,,29.70,123.000,121.500,116.200,GPS1,,RW17,0.4,9,180,-0.066,-0.22,1822,TERM,,,,,,,,,,,,,,,,,-10.8,42.7,3195,,,,040007FF N100 N100 *,480017FF N100 N100,1.1,0.6,97,144,,1200,ALT,14.5,2160,45,147,14,1.3,4.6,-4,182,180,13.3,1,925,1030,,
2026-07-21,18:19:44,01:19:44,-07:00,+33.6317204,-116.1577397,-124,3DDiff (GPS nav),263984.3,22.8,180,-0,-12,-0.02,169.6,13,26,12,79,-126,-6,20.5,21,2.68,0.63,0.001,0.987,-0.068,,320,900,,,29.70,123.000,121.500,116.200,GPS1,,RW17,0.4,9,180,-0.066,-0.22,1822,TERM,,,,,,,,,,,,,,,,,-10.8,42.7,3194,,,,040007FF N100 N100 *,480017FF N100 N100,0.9,0.6,74,129,,1200,ALT,14.6,2140,45,147,14,1.6,4.5,-4,182,180,13.3,1,925,1030,,
2026-07-21,18:19:45,01:19:45,-07:00,+33.6316122,-116.1577409,-123,3DDiff (GPS nav),263985.3,23.0,180,-0,-12,-0.03,169.8,13,26,12,79,-126,6,19.9,21,2.71,0.62,0.008,0.987,-0.056,,320,900,,,29.70,123.000,121.500,116.200,GPS1,,RW17,0.5,8,180,-0.066,-0.22,1822,TERM,,,,,,,,,,,,,,,,,-10.8,42.7,3194,,,,040007FF N100 N100 *,480017FF N100 N100,0.9,0.4,102,113,,1200,ALT,14.7,2140,45,147,14,1.6,4.4,-4,182,180,13.3,1,925,1035,,
2026-07-21,18:19:46,01:19:46,-07:00,+33.6315047,-116.1577425,-123,3DDiff (GPS nav),263986.3,23.3,180,-0,-12,-0.05,169.2,13,26,12,79,-126,2,19.9,21,2.61,0.93,-0.023,0.932,-0.044,,320,900,,,29.70,123.000,121.500,116.200,GPS1,,RW17,0.5,8,180,-0.066,-0.22,1822,TERM,,,,,,,,,,,,,,,,,-10.8,42.6,3192,,,,040007FF N100 N100 *,480017FF N100 N100,1.0,0.4,85,101,,1200,ALT,14.4,2120,48,147,14,1.4,4.4,-4,182,180,13.3,1,925,1035,,
2026-07-21,18:19:47,01:19:47,-07:00,+33.6313951,-116.1577423,-123,3DDiff (GPS nav),263987.3,23.5,180,0,-12,-0.04,168.1,13,26,12,78,-127,-10,20.3,21,2.75,0.74,-0.036,1.032,-0.038,,320,900,,,29.70,123.000,121.500,116.200,GPS1,,RW17,0.5,8,180,-0.066,-0.22,1822,TERM,,,,,,,,,,,,,,,,,-10.8,42.6,3190,,,,040007FF N100 N100 *,480017FF N100 N100,0.8,0.5,64,112,,1200,ALT,14.1,2140,49,147,14,1.3,4.3,-4,182,180,13.3,0,920,1035,,
2026-07-21,18:19:48,01:19:48,-07:00,+33.6312848,-116.1577394,-123,3DDiff (GPS nav),263988.3,23.8,179,0,-12,-0.02,168.4,13,26,12,78,-127,-21,20.9,22,2.84,0.46,0.060,0.998,-0.039,,320,900,,,29.70,123.000,121.500,116.200,GPS1,,RW17,0.5,8,180,-0.066,-0.22,1822,TERM,,,,,,,,,,,,,,,,,-10.8,42.6,3187,,,,040007FF N100 N100 *,480017FF N100 N100,0.7,0.5,83,98,,1200,ALT,14.0,2150,45,147,14,1.4,4.3,-4,182,180,13.3,0,920,1035,,
2026-07-21,18:19:49,01:19:49,-07:00,+33.6311747,-116.1577392,-122,3DDiff (GPS nav),263989.3,24.0,180,-0,-12,0.01,170.4,13,26,12,78,-127,-20,21.3,22,2.83,0.13,0.009,1.034,-0.040,,320,900,,,29.70,123.000,121.500,116.200,GPS1,,RW17,0.5,8,180,-0.066,-0.22,1822,TERM,,,,,,,,,,,,,,,,,-10.8,42.6,3185,,,,040007FF N100 N100 *,480017FF N100 N100,0.8,0.3,72,84,,1200,ALT,14.1,2150,43,147,14,1.4,4.4,-4,182,180,13.3,0,920,1035,,
2026-07-21,18:19:50,01:19:50,-07:00,+33.6310617,-116.1577404,-122,3DDiff (GPS nav),263990.3,24.3,181,-0,-13,-0.04,169.8,13,26,12,78,-128,-14,21.7,23,2.74,0.17,-0.025,1.031,-0.031,,320,900,,,29.70,123.000,121.500,116.200,GPS1,,RW17,0.5,8,180,-0.066,-0.22,1822,TERM,,,,,,,,,,,,,,,,,-10.8,42.6,3184,,,,040007FF N100 N100 *,480017FF N100 N100,0.8,0.2,125,96,,1200,ALT,14.4,2140,42,148,14,1.3,4.4,-4,182,180,13.3,0,920,1040,,
2026-07-21,18:19:51,01:19:51,-07:00,+33.6309492,-116.1577414,-123,3DDiff (GPS nav),263991.3,24.6,180,-0,-13,-0.03,169.6,13,26,12,78,-127,-6,22.4,23,2.32,0.85,-0.033,0.986,-0.021,,320,900,,,29.70,123.000,121.500,116.200,GPS1,,RW17,0.5,8,180,-0.066,-0.22,1822,TERM,,,,,,,,,,,,,,,,,-10.8,42.6,3182,,,,040007FF N100 N100 *,480017FF N100 N100,1.0,0.3,88,102,,1200,ALT,14.5,2150,41,148,14,1.3,4.4,-4,182,180,13.3,0,920,1040,,
2026-07-21,18:19:52,01:19:52,-07:00,+33.6308348,-116.1577429,-123,3DDiff (GPS nav),263992.3,24.7,181,-0,-13,-0.02,169.8,13,26,12,77,-128,-4,22.7,24,2.59,0.92,-0.048,1.010,-0.010,,320,900,,,29.70,123.000,121.500,116.200,GPS1,,RW17,0.5,8,180,-0.066,-0.22,1822,TERM,,,,,,,,,,,,,,,,,-10.8,42.5,3180,,,,040007FF N100 N100 *,480017FF N100 N100,0.9,0.3,35,68,,1200,ALT,14.0,1850,46,148,14,1.3,4.4,-4,182,180,13.3,0,920,1040,,
2026-07-21,18:19:53,01:19:53,-07:00,+33.6307205,-116.1577435,-123,3DDiff (GPS nav),263993.3,24.7,180,0,-13,0.00,169.3,13,26,12,78,-128,-5,22.7,24,2.63,1.10,-0.005,0.976,+0.009,,320,900,,,29.70,123.000,121.500,116.200,GPS1,,RW17,0.5,8,180,-0.066,-0.22,1822,TERM,,,,,,,,,,,,,,,,,-10.8,42.5,3179,,,,040007FF N100 N100 *,480017FF N100 N100,0.9,0.4,69,54,,1200,ALT,13.3,1800,54,148,14,1.2,4.4,-4,182,180,13.3,-1,920,1040,,
2026-07-21,18:19:54,01:19:54,-07:00,+33.6306065,-116.1577439,-123,3DDiff (GPS nav),263994.3,24.7,180,0,-13,0.00,169.0,13,26,12,77,-128,-4,23.1,24,2.41,0.80,-0.020,1.029,+0.027,,320,900,,,29.70,123.000,121.500,116.200,GPS1,,RW17,0.5,8,180,-0.066,-0.22,1822,TERM,,,,,,,,,,,,,,,,,-10.8,42.5,3178,,,,040007FF N100 N100 *,480017FF N100 N100,0.9,0.3,50,78,,1200,ALT,12.7,1800,59,148,14,1.1,4.4,-4,182,180,13.3,-1,920,1035,,
2026-07-21,18:19:55,01:19:55,-07:00,+33.6304912,-116.1577424,-124,3DDiff (GPS nav),263995.3,24.6,180,0,-13,-0.04,168.5,13,26,12,77,-128,-6,23.0,24,2.81,1.03,-0.026,0.973,+0.032,,320,900,,,29.70,123.000,121.500,116.200,GPS1,,RW17,0.5,7,180,-0.066,-0.22,1822,TERM,,,,,,,,,,,,,,,,,-10.8,42.5,3176,,,,040007FF N100 N100 *,480017FF N100 N100,0.7,0.5,50,96,,1200,ALT,12.2,1800,61,148,14,1.1,4.4,-4,182,180,13.3,-2,920,1035,,
2026-07-21,18:19:56,01:19:56,-07:00,+33.6303762,-116.1577420,-124,3DDiff (GPS nav),263996.3,24.6,180,0,-13,-0.04,168.6,13,26,12,77,-128,-9,22.9,24,2.75,0.87,0.011,1.026,+0.027,,320,900,,,29.70,123.000,121.500,116.200,GPS1,,RW17,0.5,7,180,-0.066,-0.22,1822,TERM,,,,,,,,,,,,,,,,,-10.8,42.5,3175,,,,040007FF N100 N100 *,480017FF N100 N100,0.6,0.5,67,80,,1200,ALT,12.0,1820,62,148,14,0.9,4.5,-4,182,180,13.3,-2,915,1030,,
2026-07-21,18:19:57,01:19:57,-07:00,+33.6302621,-116.1577408,-124,3DDiff (GPS nav),263997.3,24.5,180,0,-13,0.00,169.3,13,26,12,77,-128,-11,22.8,24,2.70,0.66,0.008,1.005,+0.021,,320,900,,,29.70,123.000,121.500,116.200,GPS1,,RW17,0.5,7,180,-0.066,-0.22,1822,TERM,,,,,,,,,,,,,,,,,-10.8,42.5,3175,,,,040007FF N100 N100 *,480017FF N100 N100,0.7,0.4,78,74,,1200,ALT,11.9,1820,64,148,14,0.9,4.5,-4,182,180,13.3,-2,915,1030,,
2026-07-21,18:19:58,01:19:58,-07:00,+33.6301485,-116.1577411,-123,3DDiff (GPS nav),263998.3,24.5,180,-0,-13,-0.08,169.3,13,26,12,77,-128,-9,22.7,24,2.64,0.47,-0.007,1.018,+0.014,,320,900,,,29.70,123.000,121.500,116.200,GPS1,,RW17,0.5,7,180,-0.066,-0.22,1822,TERM,,,,,,,,,,,,,,,,,-10.8,42.5,3174,,,,040007FF N100 N100 *,480017FF N100 N100,0.7,0.3,106,73,,1200,ALT,11.8,1830,65,148,14,0.9,4.5,-4,182,180,13.3,-2,915,1025,,
2026-07-21,18:19:59,01:19:59,-07:00,+33.6300346,-116.1577413,-123,3DDiff (GPS nav),263999.3,24.5,180,0,-13,-0.05,169.1,13,26,12,77,-128,-5,22.8,24,2.91,0.83,0.007,1.011,+0.010,,320,900,,,29.70,123.000,121.500,116.200,GPS1,,RW17,0.5,7,180,-0.066,-0.22,1822,TERM,,,,,,,,,,,,,,,,,-10.8,42.5,3173,,,,040007FF N100 N100 *,480017FF N100 N100,0.6,0.5,63,70,,1200,ALT,11.8,1840,65,148,14,0.8,4.6,-4,182,180,13.3,-2,915,1020,,
2026-07-21,18:20:00,01:20:00,-07:00,+33.6299210,-116.1577418,-123,3DDiff (GPS nav),264000.3,24.5,181,-0,-13,-0.02,170.6,13,26,12,77,-128,-5,23.2,24,2.90,0.64,0.026,1.015,+0.002,,320,900,,,29.70,123.000,121.500,116.200,GPS1,,RW17,0.6,7,180,-0.066,-0.22,1822,TERM,,,,,,,,,,,,,,,,,-10.8,42.5,3172,,,,040007FF N100 N100 *,480017FF N100 N100,0.6,0.5,43,74,,1200,ALT,11.8,1830,66,148,14,0.8,4.6,-4,183,180,13.3,-2,915,1020,,
2026-07-21,18:20:01,01:20:01,-07:00,+33.6298082,-116.1577450,-123,3DDiff (GPS nav),264001.3,24.5,181,-0,-13,0.01,169.6,13,26,12,77,-129,-4,23.0,24,2.65,0.80,-0.037,1.062,-0.005,,320,900,,,29.70,123.000,121.500,116.200,GPS1,,RW17,0.6,7,180,-0.066,-0.22,1822,TERM,,,,,,,,,,,,,,,,,-10.8,42.5,3172,,,,040007FF N100 N100 *,480017FF N100 N100,0.6,0.4,59,61,,1200,ALT,11.9,1830,66,148,14,0.8,4.6,-4,183,180,13.3,-2,915,1015,,
2026-07-21,18:20:02,01:20:02,-07:00,+33.6296947,-116.1577451,-123,3DDiff (GPS nav),264002.3,24.5,181,-0,-13,-0.02,169.7,13,26,12,77,-128,1,22.4,23,2.68,1.20,-0.040,0.977,-0.005,,320,900,,,29.70,123.000,121.500,116.200,GPS1,,RW17,0.6,7,180,-0.066,-0.22,1822,TERM,,,,,,,,,,,,,,,,,-10.8,42.5,3173,,,,040007FF N100 N100 *,480017FF N100 N100,0.6,0.4,51,67,,1200,ALT,12.0,1830,65,149,14,0.8,4.6,-4,183,181,13.3,-2,915,1010,,
2026-07-21,18:20:03,01:20:03,-07:00,+33.6295816,-116.1577458,-124,3DDiff (GPS nav),264003.3,24.5,181,0,-13,0.04,169.2,13,26,12,77,-128,3,21.9,23,2.56,1.20,-0.004,1.008,-0.003,,320,900,,,29.70,123.000,121.500,116.200,GPS1,,RW17,0.6,7,180,-0.066,-0.22,1822,TERM,,,,,,,,,,,,,,,,,-10.8,42.5,3173,,,,040007FF N100 N100 *,480017FF N100 N100,0.6,0.4,51,55,,1200,ALT,12.1,1820,64,149,14,0.8,4.6,-4,183,181,13.3,-2,915,1010,,
2026-07-21,18:20:04,01:20:04,-07:00,+33.6294680,-116.1577455,-124,3DDiff (GPS nav),264004.3,24.5,180,0,-13,-0.03,169.0,13,26,12,78,-128,8,21.7,23,2.69,1.12,-0.013,0.991,+0.002,,320,900,,,29.70,123.000,121.500,116.200,GPS1,,RW17,0.6,7,180,-0.066,-0.22,1822,TERM,,,,,,,,,,,,,,,,,-10.8,42.5,3173,,,,040007FF N100 N100 *,480017FF N100 N100,0.6,0.3,64,56,,1200,ALT,12.2,1820,64,149,14,0.8,4.6,-4,183,181,13.3,-2,915,1005,,
2026-07-21,18:20:05,01:20:05,-07:00,+33.6293537,-116.1577444,-124,3DDiff (GPS nav),264005.3,24.5,180,0,-13,-0.08,168.6,13,26,12,77,-128,4,21.6,23,2.71,1.09,-0.032,0.974,+0.001,,320,900,,,29.70,123.000,121.500,116.200,GPS1,,RW17,0.6,7,180,-0.066,-0.22,1822,TERM,,,,,,,,,,,,,,,,,-10.8,42.5,3173,,,,040007FF N100 N100 *,480017FF N100 N100,0.6,0.4,70,49,,1200,ALT,12.3,1830,65,149,14,0.8,4.5,-4,183,181,13.3,-2,915,1005,,
2026-07-21,18:20:06,01:20:06,-07:00,+33.6292407,-116.1577426,-124,3DDiff (GPS nav),264006.3,24.5,179,0,-13,0.00,168.3,13,26,12,77,-129,-6,20.7,22,2.80,0.84,-0.003,1.005,-0.007,,320,900,,,29.70,123.000,121.500,116.200,GPS1,,RW17,0.6,7,180,-0.066,-0.22,1822,TERM,,,,,,,,,,,,,,,,,-10.8,42.5,3172,,,,040007FF N100 N100 *,480017FF N100 N100,0.6,0.4,52,44,,1200,ALT,12.3,1810,66,149,14,0.8,4.5,-4,183,181,13.3,-2,915,1005,,
2026-07-21,18:20:07,01:20:07,-07:00,+33.6291265,-116.1577404,-125,3DDiff (GPS nav),264007.3,24.6,180,0,-13,-0.01,169.0,13,26,12,77,-128,-2,20.5,21,2.89,0.72,-0.014,0.992,+0.001,,320,900,,,29.70,123.000,121.500,116.200,GPS1,,RW17,0.6,6,180,-0.066,-0.22,1822,TERM,,,,,,,,,,,,,,,,,-10.8,42.5,3173,,,,040007FF N100 N100 *,480017FF N100 N100,0.6,0.3,49,48,,1200,ALT,12.5,1820,66,149,14,0.9,4.5,-4,183,181,13.3,-2,915,1000,,
2026-07-21,18:20:08,01:20:08,-07:00,+33.6290123,-116.1577399,-124,3DDiff (GPS nav),264008.3,24.6,180,0,-13,-0.07,169.2,13,26,12,77,-128,0,20.0,21,3.02,0.46,0.029,1.068,+0.003,,320,900,,,29.70,123.000,121.500,116.200,GPS1,,RW17,0.6,6,180,-0.066,-0.22,1822,TERM,,,,,,,,,,,,,,,,,-10.8,42.5,3173,,,,040007FF N100 N100 *,480017FF N100 N100,0.5,0.4,53,73,,1200,ALT,12.9,1840,66,149,14,0.9,4.5,-4,183,181,13.3,-2,910,1000,,
2026-07-21,18:20:09,01:20:09,-07:00,+33.6288974,-116.1577405,-124,3DDiff (GPS nav),264009.3,24.7,179,-0,-13,-0.02,169.1,13,26,12,76,-129,-4,20.0,21,2.97,0.42,-0.009,1.011,+0.003,,320,900,,,29.70,123.000,121.500,116.200,GPS1,,RW17,0.6,6,180,-0.066,-0.22,1822,TERM,,,,,,,,,,,,,,,,,-10.8,42.5,3173,,,,040007FF N100 N100 *,480017FF N100 N100,0.3,0.3,68,74,,1200,ALT,13.0,1840,66,150,14,0.9,4.5,-4,183,181,13.3,-2,910,995,,
2026-07-21,18:20:10,01:20:10,-07:00,+33.6287828,-116.1577402,-123,3DDiff (GPS nav),264010.3,24.8,179,0,-13,-0.09,168.9,13,26,12,76,-129,-10,20.7,22,2.88,0.65,-0.031,1.026,+0.002,,320,900,,,29.70,123.000,121.500,116.200,GPS1,,RW17,0.6,6,180,-0.066,-0.22,1822,TERM,,,,,,,,,,,,,,,,,-10.8,42.5,3173,,,,040007FF N100 N100 *,480017FF N100 N100,0.5,0.4,48,73,,1200,ALT,13.0,1830,66,150,14,0.9,4.6,-4,183,181,13.3,-2,910,995,,
2026-07-21,18:20:11,01:20:11,-07:00,+33.6286678,-116.1577397,-123,3DDiff (GPS nav),264011.3,24.8,179,-0,-13,-0.01,169.3,13,26,12,76,-129,-15,21.3,22,2.69,0.56,-0.016,1.012,-0.000,,320,900,,,29.70,123.000,121.500,116.200,GPS1,,RW17,0.6,6,180,-0.066,-0.22,1822,TERM,,,,,,,,,,,,,,,,,-10.8,42.5,3172,,,,040007FF N100 N100 *,480017FF N100 N100,0.6,0.4,70,68,,1200,ALT,13.1,1820,66,150,14,0.8,4.6,-4,183,181,13.3,-2,910,990,,
2026-07-21,18:20:12,01:20:12,-07:00,+33.6285531,-116.1577400,-123,3DDiff (GPS nav),264012.3,24.8,179,-0,-13,0.06,169.1,13,26,12,76,-129,-13,21.6,23,2.89,0.67,-0.026,1.003,-0.003,,320,900,,,29.70,123.000,121.500,116.200,GPS1,,RW17,0.6,6,180,-0.066,-0.22,1822,TERM,,,,,,,,,,,,,,,,,-10.8,42.5,3173,,,,040007FF N100 N100 *,480017FF N100 N100,0.5,0.3,60,57,,1200,ALT,13.0,1840,66,150,14,0.8,4.6,-4,183,181,13.3,-2,910,990,,
2026-07-21,18:20:13,01:20:13,-07:00,+33.6284389,-116.1577403,-123,3DDiff (GPS nav),264013.3,24.8,179,0,-13,-0.04,169.6,13,26,12,76,-129,-6,21.8,23,2.82,0.54,0.017,1.005,-0.009,,320,900,,,29.70,123.000,121.500,116.200,GPS1,,RW17,0.6,6,180,-0.066,-0.22,1822,TERM,,,,,,,,,,,,,,,,,-10.8,42.5,3173,,,,040007FF N100 N100 *,480017FF N100 N100,0.5,0.4,51,71,,1200,ALT,12.9,1830,66,150,14,0.8,4.6,-4,183,181,13.3,-2,910,990,,
2026-07-21,18:20:14,01:20:14,-07:00,+33.6283233,-116.1577425,-124,3DDiff (GPS nav),264014.3,24.8,180,-0,-13,-0.02,169.0,13,26,12,76,-129,-7,21.6,22,2.68,0.53,-0.030,0.978,-0.014,,320,900,,,29.70,123.000,121.500,116.200,GPS1,,RW17,0.7,6,180,-0.066,-0.22,1822,TERM,,,,,,,,,,,,,,,,,-10.8,42.5,3173,,,,040007FF N100 N100 *,480017FF N100 N100,0.4,0.3,64,67,,1200,ALT,12.9,1840,66,150,14,0.8,4.6,-4,183,181,13.3,-2,910,985,,
2026-07-21,18:20:15,01:20:15,-07:00,+33.6282083,-116.1577413,-124,3DDiff (GPS nav),264015.3,24.8,180,-0,-13,0.03,169.5,13,26,12,75,-130,-11,21.0,22,2.75,0.80,0.007,1.043,-0.025,,320,900,,,29.70,123.000,121.500,116.200,GPS1,,RW17,0.7,6,180,-0.066,-0.22,1822,TERM,,,,,,,,,,,,,,,,,-10.8,42.5,3173,,,,040007FF N100 N100 *,480017FF N100 N100,0.5,0.4,98,88,,1200,ALT,13.0,1830,66,151,14,0.9,4.6,-4,183,181,13.3,-2,910,985,,
2026-07-21,18:20:16,01:20:16,-07:00,+33.6280933,-116.1577423,-125,3DDiff (GPS nav),264016.3,24.8,180,-0,-13,-0.02,169.3,13,26,12,76,-130,-7,20.5,21,2.93,0.73,-0.036,1.011,-0.038,,320,900,,,29.70,123.000,121.500,116.200,GPS1,,RW17,0.7,6,180,-0.066,-0.22,1822,TERM,,,,,,,,,,,,,,,,,-10.8,42.5,3174,,,,040007FF N100 N100 *,480017FF N100 N100,0.4,0.3,41,70,,1200,ALT,13.1,1830,66,151,14,0.9,4.6,-4,183,181,13.3,-2,910,985,,
2026-07-21,18:20:17,01:20:17,-07:00,+33.6279789,-116.1577424,-125,3DDiff (GPS nav),264017.3,24.8,180,0,-13,-0.02,169.1,13,26,12,76,-129,0,20.4,21,2.87,0.86,-0.021,0.984,-0.046,,320,900,,,29.70,123.000,121.500,116.200,GPS1,,RW17,0.7,6,180,-0.066,-0.22,1822,TERM,,,,,,,,,,,,,,,,,-10.8,42.5,3175,,,,040007FF N100 N100 *,480017FF N100 N100,0.4,0.4,61,49,,1200,ALT,13.1,1830,64,151,14,1.0,4.6,-4,183,181,13.3,-2,910,980,,
2026-07-21,18:20:18,01:20:18,-07:00,+33.6278640,-116.1577428,-125,3DDiff (GPS nav),264018.3,24.8,181,-0,-13,-0.04,169.7,13,26,12,75,-129,1,20.5,22,2.88,0.80,-0.012,1.013,-0.051,,320,900,,,29.70,123.000,121.500,116.200,GPS1,,RW17,0.7,6,180,-0.066,-0.22,1822,TERM,,,,,,,,,,,,,,,,,-10.8,42.5,3175,,,,040007FF N100 N100 *,480017FF N100 N100,0.4,0.3,56,35,,1200,ALT,13.1,1830,64,151,14,0.9,4.6,-4,183,181,13.3,-2,910,980,,
2026-07-21,18:20:19,01:20:19,-07:00,+33.6277492,-116.1577430,-126,3DDiff (GPS nav),264019.3,24.8,180,-0,-13,-0.08,169.0,13,26,12,76,-130,-2,20.4,21,2.69,0.80,-0.051,0.973,-0.057,,320,900,,,29.70,123.000,121.500,116.200,GPS1,,RW17,0.7,6,180,-0.066,-0.22,1822,TERM,,,,,,,,,,,,,,,,,-10.8,42.5,3176,,,,040007FF N100 N100 *,480017FF N100 N100,0.5,0.2,71,44,,1200,ALT,13.1,1830,64,151,14,0.9,4.6,-4,183,181,13.3,-2,910,980,,
2026-07-21,18:20:20,01:20:20,-07:00,+33.6276350,-116.1577404,-125,3DDiff (GPS nav),264020.3,24.8,180,0,-13,-0.02,168.2,13,26,12,75,-130,-5,20.7,22,2.78,0.76,-0.024,0.970,-0.058,,320,900,,,29.70,123.000 RX,121.500,116.200,GPS1,,RW17,0.7,6,180,-0.066,-0.22,1822,TERM,,,,,,,,,,,,,,,,,-10.8,42.5,3176,,,,040007FF N100 N100 *,480017FF N100 N100,0.4,0.3,64,37,,1200,ALT,13.1,1820,65,152,14,1.0,4.6,-4,184,181,13.3,-2,910,980,,
2026-07-21,18:20:21,01:20:21,-07:00,+33.6275194,-116.1577395,-125,3DDiff (GPS nav),264021.3,24.9,180,0,-13,0.01,168.9,13,26,12,75,-130,-7,21.0,22,2.73,0.58,0.025,1.002,-0.056,,320,900,,,29.70,123.000 RX,121.500,116.200,GPS1,,RW17,0.7,5,180,-0.066,-0.22,1822,TERM,,,,,,,,,,,,,,,,,-10.8,42.5,3176,,,,040007FF N100 N100 *,480017FF N100 N100,0.4,0.3,83,54,,1200,ALT,13.1,1830,65,152,14,0.9,4.6,-4,184,181,13.2,-2,910,980,,
2026-07-21,18:20:22,01:20:22,-07:00,+33.6274046,-116.1577386,-125,3DDiff (GPS nav),264022.3,24.9,180,0,-13,-0.03,169.3,13,26,12,75,-130,-7,21.0,22,2.76,0.38,-0.013,1.032,-0.061,,320,900,,,29.70,123.000 RX,121.500,116.200,GPS1,,RW17,0.7,5,180,-0.066,-0.22,1822,TERM,,,,,,,,,,,,,,,,,-10.8,42.5,3176,,,,040007FF N100 N100 *,480017FF N100 N100,0.4,0.2,58,51,,1200,ALT,13.0,1830,65,152,14,0.9,4.7,-4,184,181,13.2,-2,910,980,,
2026-07-21,18:20:23,01:20:23,-07:00,+33.6272893,-116.1577385,-125,3DDiff (GPS nav),264023.3,24.9,180,0,-13,-0.07,169.0,13,26,12,75,-130,-11,21.2,22,2.69,0.50,0.008,1.011,-0.057,,320,900,,,29.70,123.000 RX,121.500,116.200,GPS1,,RW17,0.7,5,180,-0.066,-0.22,1822,TERM,,,,,,,,,,,,,,,,,-10.8,42.5,3176,,,,040007FF N100 N100 *,480017FF N100 N100,0.5,0.3,59,61,,1200,ALT,13.0,1830,65,152,14,0.8,4.7,-4,184,181,13.2,-2,910,975,,
2026-07-21,18:20:24,01:20:24,-07:00,+33.6271743,-116.1577383,-125,3DDiff (GPS nav),264024.3,24.9,180,-0,-13,0.05,169.4,13,26,12,75,-130,-11,21.2,22,2.54,0.51,-0.006,1.001,-0.055,,320,900,,,29.70,123.000 RX,121.500,116.200,GPS1,,RW17,0.7,5,180,-0.066,-0.22,1822,TERM,,,,,,,,,,,,,,,,,-10.8,42.5,3176,,,,040007FF N100 N100 *,480017FF N100 N100,0.6,0.3,49,61,,1200,ALT,13.0,1830,64,153,14,0.9,4.7,-4,184,181,13.2,-2,910,975,,
2026-07-21,18:20:25,01:20:25,-07:00,+33.6270582,-116.1577397,-124,3DDiff (GPS nav),264025.3,24.9,180,-0,-13,0.02,169.5,13,26,12,75,-131,-9,21.2,22,2.73,0.71,-0.035,0.994,-0.047,,320,900,,,29.70,123.000 RX,121.500,116.200,GPS1,,RW17,0.7,5,180,-0.066,-0.22,1822,TERM,,,,,,,,,,,,,,,,,-10.8,42.5,3176,,,,040007FF N100 N100 *,480017FF N100 N100,0.5,0.4,50,70,,1200,ALT,13.0,1840,64,153,14,0.9,4.7,-4,184,182,13.2,-2,910,975,,
2026-07-21,18:20:26,01:20:26,-07:00,+33.6269407,-116.1577431,-125,3DDiff (GPS nav),264026.3,24.9,180,-0,-13,-0.05,169.4,13,26,12,75,-130,-5,21.5,23,2.61,0.71,-0.016,1.011,-0.031,,320,900,,,29.70,123.000 RX,121.500,116.200,GPS1,,RW17,0.7,5,180,-0.066,-0.22,1822,TERM,,,,,,,,,,,,,,,,,-10.8,42.5,3176,,,,040007FF N100 N100 *,480017FF N100 N100,0.5,0.4,51,72,,1200,ALT,13.0,1830,63,153,14,0.8,4.8,-4,184,182,13.2,-2,905,975,,
2026-07-21,18:20:27,01:20:27,-07:00,+33.6268254,-116.1577413,-125,3DDiff (GPS nav),264027.3,24.9,180,0,-13,-0.08,168.8,13,26,12,75,-130,-2,21.8,23,2.61,0.91,-0.028,0.986,-0.017,,320,900,,,29.70,123.000 RX,121.500,116.200,GPS1,,RW17,0.7,5,180,-0.066,-0.22,1822,TERM,,,,,,,,,,,,,,,,,-10.8,42.5,3177,,,,040007FF N100 N100 *,480017FF N100 N100,0.5,0.4,65,61,,1200,ALT,13.0,1830,63,153,14,0.8,4.8,-4,184,182,13.2,-2,905,975,,
2026-07-21,18:20:28,01:20:28,-07:00,+33.6267102,-116.1577411,-125,3DDiff (GPS nav),264028.3,24.9,180,-0,-13,-0.08,169.2,13,26,12,74,-131,-5,21.8,23,2.78,0.61,-0.016,1.002,-0.013,,320,900,,,29.70,123.000,121.500,116.200,GPS1,,RW17,0.7,5,180,-0.066,-0.22,1822,TERM,,,,,,,,,,,,,,,,,-10.8,42.5,3177,,,,040007FF N100 N100 *,480017FF N100 N100,0.5,0.3,52,72,,1200,ALT,13.0,1830,63,153,14,0.8,4.8,-4,184,182,13.2,-2,905,975,,
2026-07-21,18:20:29,01:20:29,-07:00,+33.6265936,-116.1577408,-125,3DDiff (GPS nav),264029.3,24.9,179,0,-13,0.01,168.5,13,26,12,74,-131,-6,21.6,22,2.53,0.54,-0.032,0.950,-0.014,,320,900,,,29.70,123.000,121.500,116.200,GPS1,,RW17,0.8,5,180,-0.066,-0.22,1822,TERM,,,,,,,,,,,,,,,,,-10.8,42.5,3177,,,,040007FF N100 N100 *,480017FF N100 N100,0.5,0.3,63,79,,1200,ALT,13.0,1840,63,154,14,0.9,4.8,-4,184,182,13.2,-2,905,970,,
2026-07-21,18:20:30,01:20:30,-07:00,+33.6264785,-116.1577393,-126,3DDiff (GPS nav),264030.3,25.0,180,0,-13,-0.02,169.2,16,26,12,75,-131,-3,20.9,22,2.50,0.70,-0.016,1.039,-0.024,,320,900,,,29.70,123.000,121.500,116.200,GPS1,,RW17,0.8,5,180,-0.066,-0.22,1822,TERM,,,,,,,,,,,,,,,,,-10.8,42.6,3178,,,,040007FF N100 N100 *,480017FF N100 N100,0.5,0.3,42,66,,1200,ALT,12.8,1830,64,154,14,0.9,4.8,-4,184,182,13.2,-2,905,970,,
2026-07-21,18:20:31,01:20:31,-07:00,+33.6263616,-116.1577394,-126,3DDiff (GPS nav),264031.3,25.0,180,0,-13,-0.03,168.9,16,26,12,75,-131,0,20.6,22,2.64,0.37,-0.009,0.983,-0.042,,320,900,,,29.70,123.000,121.500,116.200,GPS1,,RW17,0.8,5,180,-0.066,-0.22,1822,TERM,,,,,,,,,,,,,,,,,-10.8,42.6,3178,,,,040007FF N100 N100 *,480017FF N100 N100,0.4,0.2,57,69,,1200,ALT,12.7,1830,64,154,14,0.9,4.8,-4,184,182,13.2,-2,905,970,,
2026-07-21,18:20:32,01:20:32,-07:00,+33.6262483,-116.1577391,-126,3DDiff (GPS nav),264032.3,25.1,180,0,-13,-0.06,169.6,13,26,12,75,-131,1,20.5,21,2.51,0.31,0.019,0.967,-0.061,,320,900,,,29.70,123.000,121.500,116.200,GPS1,,RW17,0.8,5,180,-0.066,-0.22,1822,TERM,,,,,,,,,,,,,,,,,-10.8,42.6,3178,,,,040007FF N100 N100 *,480017FF N100 N100,0.4,0.4,80,59,,1200,ALT,12.7,1820,64,154,14,1.0,4.8,-4,184,182,13.2,-2,905,970,,
2026-07-21,18:20:33,01:20:33,-07:00,+33.6261306,-116.1577401,-125,3DDiff (GPS nav),264033.3,25.1,180,-0,-13,-0.06,169.5,13,26,12,74,-131,-4,20.5,22,2.66,0.43,-0.026,1.000,-0.084,,320,900,,,29.70,123.000,121.500,116.200,GPS1,,RW17,0.8,5,180,-0.066,-0.22,1822,TERM,,,,,,,,,,,,,,,,,-10.8,42.6,3178,,,,040007FF N100 N100 *,480017FF N100 N100,0.4,0.2,68,74,,1200,ALT,12.7,1840,64,154,14,1.0,4.8,-4,184,182,13.2,-2,905,970,,
2026-07-21,18:20:34,01:20:34,-07:00,+33.6260140,-116.1577405,-125,3DDiff (GPS nav),264034.3,25.1,180,-0,-13,-0.07,169.7,13,26,12,74,-131,-6,20.5,21,2.61,0.41,0.018,1.024,-0.106,,320,900,,,29.70,123.000,121.500,116.200,GPS1,,RW17,0.8,5,180,-0.066,-0.22,1822,TERM,,,,,,,,,,,,,,,,,-10.8,42.6,3179,,,,040007FF N100 N100 *,480017FF N100 N100,0.4,0.3,69,68,,1200,ALT,12.6,1840,63,155,14,0.9,4.8,-4,184,182,13.2,-2,905,970,,
2026-07-21,18:20:35,01:20:35,-07:00,+33.6258974,-116.1577423,-125,3DDiff (GPS nav),264035.3,25.2,181,-0,-13,-0.06,169.7,13,26,12,74,-131,-3,20.3,21,2.72,0.39,-0.011,0.970,-0.121,,320,900,,,29.70,123.000,121.500,116.200,GPS1,,RW17,0.8,5,180,-0.066,-0.22,1822,TERM,,,,,,,,,,,,,,,,,-10.8,42.6,3180,,,,040007FF N100 N100 *,480017FF N100 N100,0.4,0.2,52,77,,1200,ALT,12.6,1840,62,155,14,0.8,4.8,-4,185,182,13.2,-2,905,970,,
2026-07-21,18:20:36,01:20:36,-07:00,+33.6257814,-116.1577437,-125,3DDiff (GPS nav),264036.3,25.2,181,-0,-13,-0.03,169.7,16,26,12,74,-131,1,20.0,21,2.73,0.86,-0.004,0.992,-0.124,,320,900,,,29.70,123.000,121.500,116.200,GPS1,,RW17,0.8,5,180,-0.066,-0.22,1822,TERM,,,,,,,,,,,,,,,,,-10.8,42.6,3180,,,,040007FF N100 N100 *,480017FF N100 N100,0.4,0.3,90,63,,1200,ALT,12.6,1830,63,155,14,0.8,4.8,-4,185,182,13.2,-2,905,970,,
2026-07-21,18:20:37,01:20:37,-07:00,+33.6256653,-116.1577444,-125,3DDiff (GPS nav),264037.3,25.3,180,-0,-13,-0.03,168.6,16,26,12,74,-131,-1,19.9,21,2.62,0.85,-0.052,0.998,-0.121,,320,900,,,29.70,123.000,121.500,116.200,GPS1,,RW17,0.8,5,180,-0.066,-0.22,1822,TERM,,,,,,,,,,,,,,,,,-10.8,42.6,3180,,,,040007FF N100 N100 *,480017FF N100 N100,0.4,0.3,78,70,,1200,ALT,12.6,1820,64,155,14,0.9,4.8,-4,185,182,13.2,-2,905,970,,
2026-07-21,18:20:38,01:20:38,-07:00,+33.6255454,-116.1577418,-126,3DDiff (GPS nav),264038.3,25.3,180,0,-13,-0.08,168.4,13,26,12,74,-131,-3,20.1,21,2.47,0.77,-0.002,0.991,-0.115,,320,900,,,29.70,123.000,121.500,116.200,GPS1,,RW17,0.8,5,180,-0.066,-0.22,1822,TERM,,,,,,,,,,,,,,,,,-10.8,42.6,3180,,,,040007FF N100 N100 *,480017FF N100 N100,0.5,0.3,86,94,,1200,ALT,12.7,1830,65,155,14,0.9,4.8,-4,185,182,13.2,-2,905,970,,
2026-07-21,18:20:39,01:20:39,-07:00,+33.6254292,-116.1577397,-127,3DDiff (GPS nav),264039.3,25.3,180,0,-13,-0.11,169.2,13,26,12,74,-131,-6,20.5,22,2.52,0.51,-0.021,1.057,-0.115,,320,900,,,29.70,123.000,121.500,116.200,GPS1,,RW17,0.8,5,180,-0.066,-0.22,1822,TERM,,,,,,,,,,,,,,,,,-10.8,42.6,3180,,,,040007FF N100 N100 *,480017FF N100 N100,0.5,0.3,64,76,,1200,ALT,12.8,1820,65,155,14,0.9,4.8,-4,185,183,13.2,-2,905,970,,
2026-07-21,18:20:40,01:20:40,-07:00,+33.6253110,-116.1577387,-127,3DDiff (GPS nav),264040.3,25.4,180,0,-13,-0.03,169.0,13,26,12,74,-131,-6,21.0,22,2.54,0.40,0.010,0.986,-0.113,,320,900,,,29.70,123.000,121.500,116.200,GPS1,,RW17,0.8,5,180,-0.066,-0.22,1822,TERM,,,,,,,,,,,,,,,,,-10.8,42.6,3180,,,,040007FF N100 N100 *,480017FF N100 N100,0.4,0.3,60,78,,1200,ALT,12.8,1830,65,155,14,1.0,4.8,-4,185,183,13.2,-2,905,970,,
2026-07-21,18:20:41,01:20:41,-07:00,+33.6251933,-116.1577389,-127,3DDiff (GPS nav),264041.3,25.4,180,-0,-13,0.05,169.7,13,26,12,74,-131,-4,21.5,23,2.51,0.35,-0.008,1.022,-0.108,,320,900,,,29.70,123.000,121.500,116.200,GPS1,,RW17,0.8,5,180,-0.066,-0.22,1822,TERM,,,,,,,,,,,,,,,,,-10.8,42.6,3180,,,,040007FF N100 N100 *,480017FF N100 N100,0.4,0.2,95,104,,1200,ALT,12.9,1840,64,156,14,0.9,4.8,-4,185,183,13.2,-2,905,970,,
2026-07-21,18:20:42,01:20:42,-07:00,+33.6250760,-116.1577397,-127,3DDiff (GPS nav),264042.3,25.4,180,-0,-13,-0.07,169.2,13,26,12,73,-132,-8,21.8,23,2.68,0.32,-0.020,0.978,-0.100,,320,900,,,29.70,123.000,121.500,116.200,GPS1,,RW17,0.8,5,180,-0.066,-0.22,1822,TERM,,,,,,,,,,,,,,,,,-10.8,42.6,3180,,,,040007FF N100 N100 *,480017FF N100 N100,0.2,0.3,45,57,,1200,ALT,13.0,1820,63,156,14,0.9,4.8,-4,186,183,13.2,-2,905,970,,
2026-07-21,18:20:43,01:20:43,-07:00,+33.6249564,-116.1577393,-127,3DDiff (GPS nav),264043.3,25.5,180,0,-13,-0.05,168.9,13,26,12,73,-132,-11,22.1,23,2.60,0.38,-0.021,1.011,-0.097,,320,900,,,29.70,123.000,121.500,116.200,GPS1,,RW17,0.9,5,180,-0.066,-0.22,1822,TERM,,,,,,,,,,,,,,,,,-10.8,42.6,3180,,,,040007FF N100 N100 *,480017FF N100 N100,0.3,0.4,67,59,,1200,ALT,13.0,1830,62,156,14,0.9,4.8,-4,186,183,13.2,-2,905,970,,
2026-07-21,18:20:44,01:20:44,-07:00,+33.6248402,-116.1577402,-127,3DDiff (GPS nav),264044.3,25.5,180,0,-13,0.00,168.9,13,26,12,73,-132,-12,22.3,23,2.52,0.33,-0.012,1.025,-0.095,,320,900,,,29.70,123.000,121.500,116.200,GPS1,,RW17,0.9,4,180,-0.066,-0.22,1822,TERM,,,,,,,,,,,,,,,,,-10.8,42.6,3180,,,,040007FF N100 N100 *,480017FF N100 N100,0.3,0.3,72,68,,1200,ALT,12.9,1840,60,156,14,0.9,4.8,-4,186,183,13.2,-2,905,970,,
2026-07-21,18:20:45,01:20:45,-07:00,+33.6247213,-116.1577390,-126,3DDiff (GPS nav),264045.3,25.5,180,0,-13,0.03,169.2,13,26,12,73,-132,-8,22.5,24,2.59,0.01,0.011,0.973,-0.093,,320,900,,,29.70,123.000,121.500,116.200,GPS1,,RW17,0.9,4,180,-0.066,-0.22,1822,TERM,,,,,,,,,,,,,,,,,-10.8,42.6,3180,,,,040007FF N100 N100 *,480017FF N100 N100,0.3,0.3,64,50,,1200,ALT,12.9,1830,59,156,14,0.9,4.8,-4,186,183,13.2,-2,905,970,,
2026-07-21,18:20:46,01:20:46,-07:00,+33.6246032,-116.1577392,-126,3DDiff (GPS nav),264046.3,25.5,180,-0,-13,-0.04,169.0,13,26,12,73,-132,-7,22.8,24,2.66,0.17,-0.012,1.017,-0.094,,320,900,,,29.70,123.000,121.500,116.200,GPS1,,RW17,0.9,4,180,-0.066,-0.22,1822,TERM,,,,,,,,,,,,,,,,,-10.8,42.6,3181,,,,040007FF N100 N100 *,480017FF N100 N100,0.3,0.3,49,59,,1200,ALT,12.9,1840,60,156,14,0.9,4.8,-4,186,183,13.2,-2,905,970,,
2026-07-21,18:20:47,01:20:47,-07:00,+33.6244854,-116.1577387,-127,3DDiff (GPS nav),264047.3,25.5,179,0,-13,-0.04,169.0,13,26,12,73,-132,-5,22.6,24,2.45,0.16,0.022,0.988,-0.092,,320,900,,,29.70,123.000,121.500,116.200,GPS1,,RW17,0.9,4,180,-0.066,-0.22,1822,TERM,,,,,,,,,,,,,,,,,-10.8,42.6,3181,,,,040007FF N100 N100 *,480017FF N100 N100,0.3,0.3,64,47,,1200,ALT,13.0,1830,62,156,14,0.9,4.8,-4,186,184,13.2,-2,905,970,,
2026-07-21,18:20:48,01:20:48,-07:00,+33.6243665,-116.1577392,-127,3DDiff (GPS nav),264048.3,25.6,180,-0,-13,0.00,170.5,13,26,12,73,-132,-7,22.7,24,2.48,0.13,0.008,0.981,-0.086,,320,900,,,29.70,123.000,121.500,116.200,GPS1,,RW17,0.9,4,180,-0.066,-0.22,1822,TERM,,,,,,,,,,,,,,,,,-10.8,42.6,3181,,,,040007FF N100 N100 *,480017FF N100 N100,0.3,0.2,40,50,,1200,ALT,13.1,1840,64,156,14,0.8,4.8,-4,186,184,13.2,-2,905,970,,
2026-07-21,18:20:49,01:20:49,-07:00,+33.6242491,-116.1577428,-127,3DDiff (GPS nav),264049.3,25.5,181,-0,-13,-0.02,170.6,13,26,12,73,-132,-7,22.9,24,2.52,0.40,-0.019,0.980,-0.081,,320,900,,,29.70,123.000,121.500,116.200,GPS1,,RW17,0.9,4,180,-0.066,-0.22,1822,TERM,,,,,,,,,,,,,,,,,-10.8,42.6,3181,,,,040007FF N100 N100 *,480017FF N100 N100,0.3,0.2,42,53,,1200,ALT,13.2,1850,63,157,14,0.8,4.8,-4,187,184,13.2,-2,905,965,,
2026-07-21,18:20:50,01:20:50,-07:00,+33.6241286,-116.1577445,-127,3DDiff (GPS nav),264050.3,25.5,181,-0,-13,0.04,169.5,13,26,12,73,-133,-8,23.0,24,2.62,1.00,-0.036,1.010,-0.076,,320,900,,,29.70,123.000,121.500,116.200,GPS1,,RW17,0.9,4,180,-0.066,-0.22,1822,TERM,,,,,,,,,,,,,,,,,-10.8,42.6,3182,,,,040007FF N100 N100 *,480017FF N100 N100,0.3,0.3,47,49,,1200,ALT,13.2,1840,63,157,14,0.8,4.8,-4,187,184,13.2,-2,905,965,,
2026-07-21,18:20:51,01:20:51,-07:00,+33.6240099,-116.1577449,-128,3DDiff (GPS nav),264051.3,25.5,180,0,-13,-0.08,168.7,13,26,12,73,-133,-6,22.7,24,2.69,1.12,-0.040,0.969,-0.074,,320,900,,,29.70,123.000,121.500,116.200,GPS1,,RW17,0.9,4,180,-0.066,-0.22,1822,TERM,,,,,,,,,,,,,,,,,-10.8,42.6,3183,,,,040007FF N100 N100 *,480017FF N100 N100,0.3,0.4,48,65,,1200,ALT,13.3,1830,63,157,14,0.8,4.8,-4,187,184,13.2,-2,905,965,,
2026-07-21,18:20:52,01:20:52,-07:00,+33.6238922,-116.1577434,-128,3DDiff (GPS nav),264052.3,25.6,180,0,-13,-0.05,168.9,13,26,12,73,-133,-4,22.1,23,2.89,0.84,-0.012,1.007,-0.073,,320,900,,,29.70,123.000,121.500,116.200,GPS1,,RW17,0.9,4,180,-0.066,-0.22,1822,TERM,,,,,,,,,,,,,,,,,-10.8,42.6,3183,,,,040007FF N100 N100 *,480017FF N100 N100,0.2,0.3,48,61,,1200,ALT,13.3,1830,64,157,14,0.9,4.8,-4,187,184,13.2,-2,905,965,,
2026-07-21,18:20:53,01:20:53,-07:00,+33.6237729,-116.1577424,-128,3DDiff (GPS nav),264053.3,25.6,180,0,-13,-0.07,169.1,13,26,12,73,-133,1,21.6,23,2.88,0.72,-0.037,0.994,-0.073,,320,900,,,29.70,123.000,121.500,116.200,GPS1,,RW17,0.9,4,180,-0.066,-0.22,1822,TERM,,,,,,,,,,,,,,,,,-10.8,42.6,3183,,,,040007FF N100 N100 *,480017FF N100 N100,0.3,0.3,45,38,,1200,ALT,13.1,1810,63,157,14,0.9,4.8,-4,187,184,13.2,-2,905,965,,
2026-07-21,18:20:54,01:20:54,-07:00,+33.6236543,-116.1577418,-129,3DDiff (GPS nav),264054.3,25.6,180,0,-13,-0.04,169.1,13,26,12,72,-133,1,21.4,22,2.60,0.71,-0.018,0.995,-0.076,,320,900,,,29.70,123.000,121.500,116.200,GPS1,,RW17,0.9,4,180,-0.066,-0.22,1822,TERM,,,,,,,,,,,,,,,,,-10.8,42.6,3183,,,,040007FF N100 N100 *,480017FF N100 N100,0.3,0.3,51,53,,1200,ALT,13.0,1800,63,157,14,0.9,4.8,-4,187,185,13.2,-2,905,965,,
2026-07-21,18:20:55,01:20:55,-07:00,+33.6235355,-116.1577419,-129,3DDiff (GPS nav),264055.3,25.6,180,-0,-13,0.00,169.3,13,26,12,72,-133,-3,21.7,23,2.85,0.73,-0.029,0.994,-0.077,,320,900,,,29.70,123.000,121.500,116.200,GPS1,,RW17,0.9,4,180,-0.066,-0.22,1822,TERM,,,,,,,,,,,,,,,,,-10.8,42.6,3183,,,,040007FF N100 N100 *,480017FF N100 N100,0.3,0.2,52,60,,1200,ALT,12.9,1810,64,157,14,0.9,4.8,-4,187,185,13.2,-2,905,965,,
2026-07-21,18:20:56,01:20:56,-07:00,+33.6234196,-116.1577435,-128,3DDiff (GPS nav),264056.3,25.5,180,0,-13,-0.02,169.3,13,26,12,72,-133,-7,22.8,24,2.72,0.51,0.003,1.010,-0.070,,320,900,,,29.70,123.000,121.500,116.200,GPS1,,RW17,0.9,4,180,-0.066,-0.22,1822,TERM,,,,,,,,,,,,,,,,,-10.8,42.6,3182,,,,040007FF N100 N100 *,480017FF N100 N100,0.3,0.2,52,50,,1200,ALT,12.9,1820,64,157,14,0.8,4.8,-4,187,185,13.2,-2,905,965,,
2026-07-21,18:20:57,01:20:57,-07:00,+33.6233015,-116.1577439,-128,3DDiff (GPS nav),264057.3,25.5,180,-0,-13,-0.04,169.6,13,26,12,72,-133,-13,23.6,25,2.73,0.71,-0.009,0.990,-0.068,,320,900,,,29.70,123.000,121.500,116.200,GPS1,,RW17,0.9,4,180,-0.066,-0.22,1822,TERM,,,,,,,,,,,,,,,,,-10.8,42.6,3181,,,,040007FF N100 N100 *,480017FF N100 N100,0.3,0.2,48,60,,1200,ALT,12.9,1830,63,158,14,0.8,4.8,-4,188,185,13.2,-2,905,965,,
2026-07-21,18:20:58,01:20:58,-07:00,+33.6231830,-116.1577449,-128,3DDiff (GPS nav),264058.3,25.4,179,0,-13,-0.09,168.5,13,26,12,72,-133,-12,23.8,25,2.65,0.99,-0.064,1.002,-0.073,,320,900,,,29.70,123.000,121.500,116.200,GPS1,,RW17,1.0,4,180,-0.066,-0.22,1822,TERM,,,,,,,,,,,,,,,,,-10.8,42.6,3181,,,,040007FF N100 N100 *,480017FF N100 N100,0.4,0.3,55,64,,1200,ALT,12.9,1830,62,158,14,0.8,4.8,-4,188,185,13.2,-2,905,965,,
2026-07-21,18:20:59,01:20:59,-07:00,+33.6230659,-116.1577429,-128,3DDiff (GPS nav),264059.3,25.4,179,0,-13,-0.07,168.2,13,26,12,72,-133,-5,23.3,24,2.55,0.67,-0.028,0.971,-0.083,,320,900,,,29.70,123.000,121.500,116.200,GPS1,,RW17,1.0,4,180,-0.066,-0.22,1822,TERM,,,,,,,,,,,,,,,,,-10.8,42.6,3182,,,,040007FF N100 N100 *,480017FF N100 N100,0.4,0.4,58,59,,1200,ALT,13.0,1830,62,158,14,0.9,4.8,-4,188,185,13.2,-2,905,965,,
2026-07-21,18:21:00,01:21:00,-07:00,+33.6229473,-116.1577409,-128,3DDiff (GPS nav),264060.3,25.5,179,0,-13,-0.01,169.0,13,26,12,72,-133,-1,22.6,24,2.38,0.29,0.038,0.978,-0.092,,320,900,,,29.70,123.000,121.500,116.200,GPS1,,RW17,1.0,4,180,-0.066,-0.22,1822,TERM,,,,,,,,,,,,,,,,,-10.8,42.6,3182,,,,040007FF N100 N100 *,480017FF N100 N100,0.5,0.2,52,45,,1200,ALT,13.0,1820,62,158,14,0.9,4.8,-4,188,185,13.2,-2,905,965,,
2026-07-21,18:21:01,01:21:01,-07:00,+33.6228294,-116.1577409,-129,3DDiff (GPS nav),264061.3,25.5,180,-0,-13,-0.09,170.0,13,26,12,72,-133,2,22.1,23,2.38,0.25,0.023,0.979,-0.097,,320,900,,,29.70,123.000,121.500,116.200,GPS1,,RW17,1.0,4,180,-0.066,-0.22,1822,TERM,,,,,,,,,,,,,,,,,-10.8,42.6,3182,,,,040007FF N100 N100 *,480017FF N100 N100,0.5,0.2,48,57,,1200,ALT,12.9,1830,63,158,14,0.9,4.8,-4,188,186,13.2,-2,905,965,,
2026-07-21,18:21:02,01:21:02,-07:00,+33.6227089,-116.1577408,-129,3DDiff (GPS nav),264062.3,25.6,180,-0,-13,-0.11,169.0,13,26,12,71,-134,-8,22.5,24,2.51,0.43,0.004,1.027,-0.096,,320,900,,,29.70,123.000,121.500,116.200,GPS1,,RW17,1.0,4,180,-0.066,-0.22,1822,TERM,,,,,,,,,,,,,,,,,-10.8,42.6,3181,,,,040007FF N100 N100 *,480017FF N100 N100,0.4,0.2,50,46,,1200,ALT,12.8,1810,63,158,14,0.9,4.8,-4,188,186,13.2,-2,905,960,,
2026-07-21,18:21:03,01:21:03,-07:00,+33.6225900,-116.1577408,-130,3DDiff (GPS nav),264063.3,25.6,180,-0,-13,-0.12,169.7,13,26,12,71,-134,-13,22.8,24,2.48,0.54,-0.014,1.012,-0.089,,320,900,,,29.70,123.000,121.500,116.200,GPS1,,RW17,1.0,4,180,-0.066,-0.22,1822,TERM,,,,,,,,,,,,,,,,,-10.8,42.6,3180,,,,040007FF N100 N100 *,480017FF N100 N100,0.4,0.3,45,60,,1200,ALT,12.8,1820,63,158,14,0.9,4.8,-4,189,186,13.2,-2,905,960,,
2026-07-21,18:21:04,01:21:04,-07:00,+33.6224715,-116.1577423,-130,3DDiff (GPS nav),264064.3,25.6,180,-0,-13,-0.08,169.8,13,26,12,71,-134,-15,23.2,24,2.43,0.52,-0.006,1.008,-0.080,,320,900,,,29.70,123.000,121.500,116.200,GPS1,,RW17,1.0,4,180,-0.066,-0.22,1822,TERM,,,,,,,,,,,,,,,,,-10.8,42.6,3179,,,,040007FF N100 N100 *,480017FF N100 N100,0.4,0.2,60,60,,1200,ALT,12.7,1820,64,159,14,0.8,4.8,-4,189,186,13.2,-2,905,960,,
2026-07-21,18:21:05,01:21:05,-07:00,+33.6223526,-116.1577439,-130,3DDiff (GPS nav),264065.3,25.6,180,-0,-13,-0.04,169.5,13,26,12,71,-134,-12,23.5,25,2.68,0.93,-0.052,0.980,-0.071,,320,900,,,29.70,123.000,121.500,116.200,GPS1,,RW17,1.0,4,180,-0.066,-0.22,1822,TERM,,,,,,,,,,,,,,,,,-10.8,42.6,3179,,,,040007FF N100 N100 *,480017FF N100 N100,0.4,0.3,50,69,,1200,ALT,12.8,1820,65,159,14,0.9,4.8,-4,189,186,13.2,-2,905,960,,
2026-07-21,18:21:06,01:21:06,-07:00,+33.6222334,-116.1577441,-131,3DDiff (GPS nav),264066.3,25.6,180,0,-13,-0.03,168.8,13,26,12,71,-134,-11,23.5,25,2.51,1.14,-0.024,1.011,-0.059,,320,900,,,29.70,123.000,121.500,116.200,GPS1,,RW17,1.0,4,180,-0.066,-0.22,1822,TERM,,,,,,,,,,,,,,,,,-10.8,42.6,3179,,,,040007FF N100 N100 *,480017FF N100 N100,0.5,0.4,54,67,,1200,ALT,12.9,1810,65,159,14,0.8,4.8,-4,189,186,13.2,-2,905,960,,
2026-07-21,18:21:07,01:21:07,-07:00,+33.6221135,-116.1577429,-131,3DDiff (GPS nav),264067.3,25.7,179,0,-13,-0.04,168.6,13,26,12,71,-134,-9,23.4,24,2.29,0.81,0.017,0.977,-0.056,,320,900,,,29.70,123.000,121.500,116.200,GPS1,,RW17,1.0,4,180,-0.066,-0.22,1822,TERM,,,,,,,,,,,,,,,,,-10.8,42.6,3179,,,,040007FF N100 N100 *,480017FF N100 N100,0.5,0.4,74,78,,1200,ALT,13.0,1810,65,159,14,0.8,4.8,-4,189,186,13.2,-2,905,960,,
2026-07-21,18:21:08,01:21:08,-07:00,+33.6219961,-116.1577433,-131,3DDiff (GPS nav),264068.3,25.7,180,0,-13,-0.07,169.3,13,26,12,70,-135,-8,23.5,25,2.12,0.54,0.009,0.969,-0.064,,320,900,,,29.70,123.000,121.500,116.200,GPS1,,RW17,1.0,4,180,-0.066,-0.22,1822,TERM,,,,,,,,,,,,,,,,,-10.8,42.6,3178,,,,040007FF N100 N100 *,480017FF N100 N100,0.5,0.2,43,55,,1200,ALT,13.1,1810,65,159,14,0.9,4.8,-4,189,186,13.2,-2,905,960,,
2026-07-21,18:21:09,01:21:09,-07:00,+33.6218757,-116.1577434,-130,3DDiff (GPS nav),264069.3,25.8,180,-0,-13,-0.08,169.3,13,26,12,70,-135,-8,23.5,25,2.11,0.32,-0.002,0.986,-0.078,,320,900,,,29.70,123.000,121.500,116.200,GPS1,,RW17,1.0,4,180,-0.066,-0.22,1822,TERM,,,,,,,,,,,,,,,,,-10.8,42.6,3178,,,,040007FF N100 N100 *,480017FF N100 N100,0.3,0.2,45,64,,1200,ALT,13.1,1820,65,159,14,0.9,4.8,-4,189,187,13.2,-2,905,960,,
2026-07-21,18:21:10,01:21:10,-07:00,+33.6217560,-116.1577439,-131,3DDiff (GPS nav),264070.3,25.9,180,-0,-13,-0.12,169.6,13,26,12,69,-135,-17,24.0,25,2.23,0.58,0.007,0.982,-0.091,,320,900,,,29.70,123.000,121.500,116.200,GPS1,,RW17,1.0,4,180,-0.066,-0.22,1822,TERM,,,,,,,,,,,,,,,,,-10.8,42.6,3177,,,,040007FF N100 N100 *,480017FF N100 N100,0.4,0.3,45,63,,1200,ALT,13.1,1830,65,159,14,0.9,4.8,-4,190,187,13.2,-2,905,960,,
2026-07-21,18:21:11,01:21:11,-07:00,+33.6216357,-116.1577448,-131,3DDiff (GPS nav),264071.3,26.0,180,-0,-13,-0.07,169.6,13,26,12,69,-136,-25,24.9,26,2.07,0.43,-0.019,1.041,-0.100,,320,900,,,29.70,123.000,121.500,116.200,GPS1,,RW17,1.0,4,180,-0.066,-0.22,1822,TERM,,,,,,,,,,,,,,,,,-10.8,42.6,3176,,,,040007FF N100 N100 *,480017FF N100 N100,0.4,0.2,53,44,,1200,ALT,13.1,1820,66,160,14,0.9,4.8,-4,190,187,13.2,-2,905,960,,
2026-07-21,18:21:12,01:21:12,-07:00,+33.6215158,-116.1577459,-131,3DDiff (GPS nav),264072.3,26.0,180,-0,-13,-0.12,169.0,13,26,12,68,-136,-28,25.7,27,2.00,0.60,-0.000,1.018,-0.103,,320,900,,,29.70,123.000,121.500,116.200,GPS1,,RW17,1.1,4,180,-0.066,-0.22,1822,TERM,,,,,,,,,,,,,,,,,-10.8,42.6,3175,,,,040007FF N100 N100 *,480017FF N100 N100,0.5,0.2,73,76,,1200,ALT,13.0,1830,66,160,14,0.9,4.8,-4,190,187,13.2,-2,905,960,,
2026-07-21,18:21:13,01:21:13,-07:00,+33.6213948,-116.1577455,-132,3DDiff (GPS nav),264073.3,26.0,180,0,-13,-0.17,169.5,13,26,12,68,-137,-25,25.8,27,2.26,0.64,0.015,0.952,-0.102,,320,900,,,29.70,123.000,121.500,116.200,GPS1,,RW17,1.1,4,180,-0.066,-0.22,1822,TERM,,,,,,,,,,,,,,,,,-10.8,42.6,3175,,,,040007FF N100 N100 *,480017FF N100 N100,0.4,0.3,45,70,,1200,ALT,13.0,1830,66,160,14,0.9,4.8,-4,190,187,13.2,-2,905,960,,
2026-07-21,18:21:14,01:21:14,-07:00,+33.6212723,-116.1577441,-133,3DDiff (GPS nav),264074.3,26.1,180,-0,-13,-0.12,168.9,13,26,12,68,-137,-23,26.0,27,2.06,0.42,-0.017,0.996,-0.099,,320,900,,,29.70,123.000,121.500,116.200,GPS1,,RW17,1.1,4,180,-0.066,-0.22,1822,TERM,,,,,,,,,,,,,,,,,-10.8,42.6,3175,,,,040007FF N100 N100 *,480017FF N100 N100,0.5,0.2,51,70,,1200,ALT,12.9,1840,66,160,14,0.9,4.8,-4,190,187,13.2,-2,905,960,,
2026-07-21,18:21:15,01:21:15,-07:00,+33.6211513,-116.1577432,-134,3DDiff (GPS nav),264075.3,26.2,180,0,-13,-0.14,168.9,13,26,12,68,-137,-21,26.1,27,1.90,0.35,-0.005,1.035,-0.098,,320,900,,,29.70,123.000,121.500,116.200,GPS1,,RW17,1.1,4,180,-0.066,-0.22,1822,TERM,,,,,,,,,,,,,,,,,-10.8,42.6,3174,,,,040007FF N100 N100 *,480017FF N100 N100,0.7,0.2,55,52,,1200,ALT,12.8,1830,65,160,14,0.9,4.8,-4,190,187,13.2,-2,905,960,,
2026-07-21,18:21:16,01:21:16,-07:00,+33.6210294,-116.1577431,-135,3DDiff (GPS nav),264076.3,26.2,180,-0,-14,-0.24,169.7,13,26,12,67,-138,-22,26.3,28,1.74,0.53,-0.010,1.003,-0.100,,320,900,,,29.70,123.000,121.500,116.200,GPS1,,RW17,1.1,4,180,-0.066,-0.22,1822,TERM,,,,,,,,,,,,,,,,,-10.8,42.6,3174,,,,040007FF N100 N100 *,480017FF N100 N100,0.8,0.1,62,103,,1200,ALT,12.8,1830,65,160,14,0.9,4.8,-4,190,187,13.2,-2,905,960,,
2026-07-21,18:21:17,01:21:17,-07:00,+33.6209085,-116.1577436,-135,3DDiff (GPS nav),264077.3,26.3,180,-0,-14,-0.17,169.2,13,26,12,67,-138,-22,26.4,28,1.59,0.63,-0.022,1.006,-0.101,,320,900,,,29.70,123.000,121.500,116.200,GPS1,,RW17,1.1,4,180,-0.066,-0.22,1822,TERM,,,,,,,,,,,,,,,,,-10.8,42.6,3173,,,,040007FF N100 N100 *,480017FF N100 N100,1.0,0.1,56,76,,1200,ALT,12.8,1830,65,160,14,0.9,4.8,-4,190,187,13.2,-2,905,960,,
2026-07-21,18:21:18,01:21:18,-07:00,+33.6207858,-116.1577435,-135,3DDiff (GPS nav),264078.3,26.3,180,0,-14,-0.05,169.0,13,26,12,67,-138,-20,26.0,27,1.93,0.73,-0.018,0.955,-0.104,,320,900,,,29.70,123.000,121.500,116.200,GPS1,,RW17,1.1,4,180,-0.066,-0.22,1822,TERM,,,,,,,,,,,,,,,,,-10.8,42.6,3173,,,,040007FF N100 N100 *,480017FF N100 N100,1.0,0.2,59,78,,1200,ALT,12.7,1830,65,161,14,0.9,4.8,-4,191,187,13.2,-2,905,960,,
2026-07-21,18:21:19,01:21:19,-07:00,+33.6206655,-116.1577436,-135,3DDiff (GPS nav),264079.3,26.2,180,-0,-13,0.02,169.4,13,26,12,66,-139,-18,25.8,27,2.50,0.48,0.005,0.973,-0.106,,320,900,,,29.70,123.000,121.500,116.200,GPS1,,RW17,1.1,4,180,-0.066,-0.22,1822,TERM,,,,,,,,,,,,,,,,,-10.8,42.6,3172,,,,040007FF N100 N100 *,480017FF N100 N100,0.8,0.2,67,95,,1200,ALT,12.7,1840,65,161,14,0.9,4.8,-4,191,188,13.2,-2,905,960,,
2026-07-21,18:21:20,01:21:20,-07:00,+33.6205464,-116.1577458,-134,3DDiff (GPS nav),264080.3,26.0,180,0,-13,0.14,168.8,13,26,12,66,-139,-16,25.8,27,3.17,1.00,-0.063,0.951,-0.107,,320,900,,,29.70,123.000,121.500,116.200,GPS1,,RW17,1.1,3,180,-0.066,-0.22,1822,TERM,,,,,,,,,,,,,,,,,-10.8,42.6,3171,,,,040007FF N100 N100 *,480017FF N100 N100,0.7,0.3,130,160,,1200,ALT,12.7,1830,65,161,14,0.9,4.8,-4,191,188,13.2,-2,905,960,,
2026-07-21,18:21:21,01:21:21,-07:00,+33.6204264,-116.1577446,-133,3DDiff (GPS nav),264081.3,25.8,180,0,-13,0.09,168.9,13,26,12,67,-139,-7,25.4,26,2.72,0.84,0.013,1.131,-0.107,,320,900,,,29.70,123.000,121.500,116.200,GPS1,,RW17,1.1,3,180,-0.066,-0.22,1822,TERM,,,,,,,,,,,,,,,,,-10.8,42.6,3171,,,,020007FF N100 N100 *,480017FF N100 N100,0.5,0.4,148,240,,1200,ALT,12.7,1830,65,161,14,1.0,4.8,-4,191,188,13.2,-2,905,955,,
2026-07-21,18:21:22,01:21:22,-07:00,+33.6203085,-116.1577441,-133,3DDiff (GPS nav),264082.3,25.6,180,0,-13,0.01,169.1,13,26,12,67,-138,2,25.0,26,2.60,0.41,-0.001,1.039,-0.109,,320,900,,,29.70,123.000,121.500,116.200,GPS1,,RW17,1.1,3,180,-0.066,-0.22,1822,TERM,,,,,,,,,,,,,,,,,-10.8,42.6,3172,,,,040007FF N100 N100 *,480017FF N100 N100,0.4,0.3,51,77,,1200,ALT,12.8,1820,65,161,14,1.1,4.8,-4,191,188,13.2,-2,905,955,,
2026-07-21,18:21:23,01:21:23,-07:00,+33.6201899,-116.1577439,-133,3DDiff (GPS nav),264083.3,25.5,180,0,-13,-0.04,169.2,13,26,12,67,-138,10,24.9,26,2.33,0.56,-0.009,1.010,-0.111,,320,900,,,29.70,123.000,121.500,116.200,GPS1,,RW17,1.1,3,180,-0.066,-0.22,1822,TERM,,,,,,,,,,,,,,,,,-10.8,42.6,3172,,,,040007FF N100 N100 *,480017FF N100 N100,0.5,0.3,54,57,,1200,ALT,13.0,1830,63,161,14,1.1,4.8,-4,191,188,13.2,-2,905,955,,
2026-07-21,18:21:24,01:21:24,-07:00,+33.6200721,-116.1577439,-133,3DDiff (GPS nav),264084.3,25.4,180,-0,-13,0.01,169.1,13,26,12,67,-138,7,24.7,26,2.62,0.56,-0.029,1.011,-0.110,,320,900,,,29.70,123.000,121.500,116.200,GPS1,,RW17,1.1,3,180,-0.066,-0.22,1822,TERM,,,,,,,,,,,,,,,,,-10.8,42.6,3172,,,,040007FF N100 N100 *,480017FF N100 N100,0.4,0.2,55,52,,1200,ALT,13.0,1820,64,161,14,0.9,4.8,-4,191,188,13.2,-2,905,955,,
2026-07-21,18:21:25,01:21:25,-07:00,+33.6199522,-116.1577433,-133,3DDiff (GPS nav),264085.3,25.4,180,0,-13,0.05,169.3,13,26,12,67,-138,4,24.5,25,2.40,0.25,0.018,1.047,-0.109,,320,900,,,29.70,123.000,121.500,116.200,GPS1,,RW17,1.1,3,180,-0.066,-0.22,1822,TERM,,,,,,,,,,,,,,,,,-10.8,42.6,3172,,,,040007FF N100 N100 *,480017FF N100 N100,0.4,0.2,65,70,,1200,ALT,13.0,1830,64,162,14,0.9,4.8,-4,191,188,13.2,-2,905,955,,
2026-07-21,18:21:26,01:21:26,-07:00,+33.6198336,-116.1577429,-135,3DDiff (GPS nav),264086.3,25.4,180,-0,-13,-0.08,170.0,13,26,12,67,-138,4,24.1,25,2.62,0.37,-0.004,0.991,-0.114,,320,900,,,29.70,123.000 TX,121.500,116.200,GPS1,,RW17,1.2,3,180,-0.066,-0.22,1822,TERM,,,,,,,,,,,,,,,,,-10.8,42.6,3172,,,,040007FF N100 N100 *,480017FF N100 N100,0.4,0.2,54,59,,1200,ALT,13.0,1830,64,162,14,0.9,4.8,-4,192,188,13.2,-3,905,955,,
2026-07-21,18:21:27,01:21:27,-07:00,+33.6197161,-116.1577449,-135,3DDiff (GPS nav),264087.3,25.3,181,-0,-13,0.02,169.8,13,26,12,67,-138,3,23.8,25,2.85,0.59,-0.020,1.016,-0.122,,320,900,,,29.70,123.000 TX,121.500,116.200,GPS1,,RW17,1.2,3,180,-0.066,-0.22,1822,TERM,,,,,,,,,,,,,,,,,-10.8,42.6,3172,,,,040007FF N100 N100 *,480017FF N100 N100,0.3,0.2,76,55,,1200,ALT,13.0,1830,63,162,14,0.9,4.8,-4,192,188,13.2,-4,905,955,,
2026-07-21,18:21:28,01:21:28,-07:00,+33.6195995,-116.1577461,-135,3DDiff (GPS nav),264088.3,25.3,180,-0,-13,0.04,168.9,13,26,12,67,-138,3,23.1,24,2.89,0.78,-0.031,0.997,-0.133,,320,900,,,29.70,123.000 TX,121.500,116.200,GPS1,,RW17,1.2,3,180,-0.066,-0.22,1822,TERM,,,,,,,,,,,,,,,,,-10.8,42.6,3172,,,,040007FF N100 N100 *,480017FF N100 N100,0.3,0.2,47,53,,1200,ALT,13.0,1820,63,162,14,0.8,4.8,-4,192,188,13.2,-4,905,955,,
2026-07-21,18:21:29,01:21:29,-07:00,+33.6194818,-116.1577451,-136,3DDiff (GPS nav),264089.3,25.3,180,0,-13,-0.03,168.7,13,26,12,67,-138,1,22.4,23,2.77,1.00,-0.011,1.019,-0.140,,320,900,,,29.70,123.000 TX,121.500,116.200,GPS1,,RW17,1.2,3,180,-0.066,-0.22,1822,TERM,,,,,,,,,,,,,,,,,-10.8,42.6,3172,,,,040007FF N100 N100 *,480017FF N100 N100,0.4,0.4,58,78,,1200,ALT,13.0,1820,63,162,14,0.8,4.8,-4,192,189,13.2,-5,905,955,,
2026-07-21,18:21:30,01:21:30,-07:00,+33.6193642,-116.1577438,-136,3DDiff (GPS nav),264090.3,25.2,180,0,-13,0.01,169.0,13,26,12,67,-138,2,22.0,23,2.82,0.46,-0.002,1.001,-0.143,,320,900,,,29.70,123.000 TX,121.500,116.200,GPS1,,RW17,1.2,3,180,-0.066,-0.22,1822,TERM,,,,,,,,,,,,,,,,,-10.8,42.6,3172,,,,040007FF N100 N100 *,480017FF N100 N100,0.3,0.2,74,83,,1200,ALT,13.0,1820,64,162,14,0.9,4.8,-4,192,189,13.2,-5,905,955,,
2026-07-21,18:21:31,01:21:31,-07:00,+33.6192494,-116.1577435,-135,3DDiff (GPS nav),264091.3,25.2,180,0,-13,-0.01,169.5,13,26,12,67,-138,2,21.7,23,2.87,0.29,0.032,1.011,-0.141,,320,900,,,29.70,123.000,121.500,116.200,GPS1,,RW17,1.2,3,180,-0.066,-0.22,1822,TERM,,,,,,,,,,,,,,,,,-10.8,42.6,3172,,,,040007FF N100 N100 *,480017FF N100 N100,0.2,0.1,69,83,,1200,ALT,13.0,1820,64,162,14,0.9,4.8,-4,192,189,13.2,-5,905,955,,
2026-07-21,18:21:32,01:21:32,-07:00,+33.6191332,-116.1577459,-134,3DDiff (GPS nav),264092.3,25.3,180,-0,-13,-0.01,169.5,13,26,12,68,-138,5,21.4,22,2.90,0.30,-0.014,1.002,-0.140,,320,900,,,29.70,123.000,121.500,116.200,GPS1,,RW17,1.2,3,180,-0.066,-0.22,1822,TERM,,,,,,,,,,,,,,,,,-10.8,42.6,3172,,,,040007FF N100 N100 *,480017FF N100 N100,0.2,0.1,42,63,,1200,ALT,12.8,1830,65,162,14,0.9,4.8,-4,192,189,13.2,-4,905,955,,
2026-07-21,18:21:33,01:21:33,-07:00,+33.6190150,-116.1577466,-133,3DDiff (GPS nav),264093.3,25.2,180,-0,-13,-0.01,169.1,13,26,12,67,-138,5,21.4,22,2.85,0.54,-0.035,0.991,-0.141,,320,900,,,29.70,123.000,121.500,116.200,GPS1,,RW17,1.2,3,180,-0.066,-0.22,1822,TERM,,,,,,,,,,,,,,,,,-10.8,42.6,3171,,,,040007FF N100 N100 *,480017FF N100 N100,0.3,0.2,52,56,,1200,ALT,12.8,1830,65,163,14,0.8,4.8,-4,193,189,13.2,-3,905,955,,
2026-07-21,18:21:34,01:21:34,-07:00,+33.6188981,-116.1577463,-133,3DDiff (GPS nav),264094.3,25.3,180,0,-13,-0.05,168.8,13,26,12,67,-138,-1,21.4,23,2.81,0.51,-0.002,0.994,-0.143,,320,900,,,29.70,123.000,121.500,116.200,GPS1,,RW17,1.2,3,180,-0.066,-0.22,1822,TERM,,,,,,,,,,,,,,,,,-10.8,42.6,3171,,,,040007FF N100 N100 *,480017FF N100 N100,0.4,0.1,59,70,,1200,ALT,12.9,1830,65,163,14,0.9,4.8,-4,193,189,13.2,-3,905,955,,
2026-07-21,18:21:35,01:21:35,-07:00,+33.6187808,-116.1577458,-133,3DDiff (GPS nav),264095.3,25.3,180,0,-13,0.06,169.2,13,26,12,67,-138,-4,21.4,22,2.67,0.24,0.020,1.008,-0.146,,320,900,,,29.70,123.000,121.500,116.200,GPS1,,RW17,1.2,3,180,-0.066,-0.22,1822,TERM,,,,,,,,,,,,,,,,,-10.8,42.6,3170,,,,040007FF N100 N100 *,480017FF N100 N100,0.4,0.1,56,69,,1200,ALT,12.9,1820,65,163,14,1.0,4.8,-4,193,189,13.2,-3,905,955,,
2026-07-21,18:21:36,01:21:36,-07:00,+33.6186639,-116.1577458,-133,3DDiff (GPS nav),264096.3,25.2,180,0,-13,-0.04,169.3,13,26,12,68,-138,-1,21.3,22,2.89,0.45,0.008,0.997,-0.154,,320,900,,,29.70,123.000,121.500,116.200,GPS1,,RW17,1.2,3,180,-0.066,-0.22,1822,TERM,,,,,,,,,,,,,,,,,-10.8,42.6,3170,,,,040007FF N100 N100 *,480017FF N100 N100,0.2,0.1,40,62,,1200,ALT,12.9,1820,65,163,14,1.0,4.8,-4,193,189,13.2,-3,905,955,,
2026-07-21,18:21:37,01:21:37,-07:00,+33.6185472,-116.1577453,-134,3DDiff (GPS nav),264097.3,25.2,180,-0,-13,0.00,169.8,13,26,12,68,-138,7,21.0,22,3.02,0.41,-0.003,0.987,-0.164,,320,900,,,29.70,123.000,121.500,116.200,GPS1,,RW17,1.2,3,180,-0.066,-0.22,1822,TERM,,,,,,,,,,,,,,,,,-10.8,42.6,3170,,,,040007FF N100 N100 *,480017FF N100 N100,0.2,0.0,54,51,,1200,ALT,12.9,1820,65,163,14,1.0,4.8,-4,193,189,13.2,-3,905,950,,
2026-07-21,18:21:38,01:21:38,-07:00,+33.6184297,-116.1577447,-135,3DDiff (GPS nav),264098.3,25.3,179,-0,-13,-0.03,168.9,13,26,12,68,-138,8,20.9,22,2.82,0.26,0.002,1.009,-0.173,,320,900,,,29.70,123.000,121.500,116.200,GPS1,,RW17,1.2,3,180,-0.066,-0.22,1822,TERM,,,,,,,,,,,,,,,,,-10.8,42.6,3170,,,,040007FF N100 N100 *,480017FF N100 N100,0.3,0.1,56,69,,1200,ALT,13.0,1810,65,163,14,1.0,4.8,-4,193,189,13.2,-3,905,950,,
2026-07-21,18:21:39,01:21:39,-07:00,+33.6183130,-116.1577444,-136,3DDiff (GPS nav),264099.3,25.3,180,-0,-13,-0.01,169.6,13,26,12,67,-138,3,21.1,22,2.90,0.55,-0.003,0.986,-0.174,,320,900,,,29.70,123.000,121.500,116.200,GPS1,,RW17,1.2,3,180,-0.066,-0.22,1822,TERM,,,,,,,,,,,,,,,,,-10.8,42.5,3169,,,,040007FF N100 N100 *,480017FF N100 N100,0.3,0.2,55,50,,1200,ALT,13.1,1820,65,163,14,0.9,4.8,-4,193,189,13.2,-3,905,950,,
2026-07-21,18:21:40,01:21:40,-07:00,+33.6181965,-116.1577449,-136,3DDiff (GPS nav),264100.3,25.3,179,0,-13,-0.07,168.4,13,26,12,67,-138,-3,21.4,23,2.78,0.72,-0.064,1.040,-0.172,,320,900,,,29.70,123.000,121.500,116.200,GPS1,,RW17,1.3,3,180,-0.066,-0.22,1822,TERM,,,,,,,,,,,,,,,,,-10.8,42.5,3168,,,,040007FF N100 N100 *,480017FF N100 N100,0.3,0.2,56,59,,1200,ALT,13.1,1820,65,163,14,0.9,4.8,-4,193,189,13.2,-3,905,950,,
2026-07-21,18:21:41,01:21:41,-07:00,+33.6180790,-116.1577418,-136,3DDiff (GPS nav),264101.3,25.3,179,0,-13,-0.01,167.7,13,26,12,67,-138,-7,21.8,23,2.64,0.16,0.036,1.018,-0.174,,320,900,,,29.70,123.000,121.500,116.200,GPS1,,RW17,1.3,3,180,-0.066,-0.22,1822,TERM,,,,,,,,,,,,,,,,,-10.8,42.5,3168,,,,040007FF N100 N100 *,480017FF N100 N100,0.4,0.3,59,53,,1200,ALT,13.2,1810,66,163,14,0.8,4.8,-4,193,189,13.2,-3,905,950,,
2026-07-21,18:21:42,01:21:42,-07:00,+33.6179626,-116.1577387,-136,3DDiff (GPS nav),264102.3,25.2,179,0,-13,-0.06,169.2,13,26,12,67,-138,-8,22.5,24,2.43,-0.34,0.001,0.992,-0.172,,320,900,,,29.70,123.000,121.500,116.200,GPS1,,RW17,1.3,3,180,-0.066,-0.22,1822,TERM,,,,,,,,,,,,,,,,,-10.8,42.5,3167,,,,040007FF N100 N100 *,480017FF N100 N100,0.4,0.1,45,51,,1200,ALT,13.0,1810,65,163,14,0.8,4.8,-4,194,189,13.2,-3,905,950,,
2026-07-21,18:21:43,01:21:43,-07:00,+33.6178450,-116.1577391,-135,3DDiff (GPS nav),264103.3,25.2,180,0,-13,-0.03,169.2,13,26,12,66,-139,-13,23.8,25,2.22,-0.49,0.051,1.017,-0.165,,320,900,,,29.70,123.000,121.500,116.200,GPS1,,RW17,1.3,3,180,-0.066,-0.22,1822,TERM,,,,,,,,,,,,,,,,,-10.8,42.5,3166,,,,040007FF N100 N100 *,480017FF N100 N100,0.4,0.0,43,63,,1200,ALT,13.0,1820,65,164,14,0.9,4.8,-4,194,189,13.2,-3,905,950,,
2026-07-21,18:21:44,01:21:44,-07:00,+33.6177289,-116.1577406,-134,3DDiff (GPS nav),264104.3,25.1,181,-0,-13,-0.02,170.5,13,26,12,67,-139,-13,24.2,25,2.52,-0.55,0.082,0.981,-0.151,,320,900,,,29.70,123.000,121.500,116.200,GPS1,,RW17,1.3,3,180,-0.066,-0.22,1822,TERM,,,,,,,,,,,,,,,,,-10.8,42.5,3165,,,,040007FF N100 N100 *,480017FF N100 N100,0.4,0.1,54,58,,1200,ALT,13.0,1820,65,164,14,1.0,4.8,-4,194,189,13.2,-3,905,950,,
2026-07-21,18:21:45,01:21:45,-07:00,+33.6176123,-116.1577441,-134,3DDiff (GPS nav),264105.3,25.0,181,-0,-13,0.00,169.8,13,26,12,66,-139,-10,24.9,26,2.68,0.34,-0.067,0.959,-0.131,,320,900,,,29.70,123.000,121.500,116.200,GPS1,,RW17,1.3,3,180,-0.066,-0.22,1822,TERM,,,,,,,,,,,,,,,,,-10.8,42.5,3165,,,,040007FF N100 N100 *,480017FF N100 N100,0.3,0.1,57,59,,1200,ALT,13.1,1830,65,164,14,0.9,4.8,-4,194,189,13.2,-3,905,950,,
2026-07-21,18:21:46,01:21:46,-07:00,+33.6174963,-116.1577455,-133,3DDiff (GPS nav),264106.3,25.0,180,-0,-13,-0.03,169.2,13,26,12,67,-139,-3,24.9,26,2.67,0.46,0.005,0.960,-0.112,,320,900,,,29.70,123.000,121.500,116.200,GPS1,,RW17,1.3,3,180,-0.066,-0.22,1822,TERM,,,,,,,,,,,,,,,,,-10.8,42.5,3165,,,,040007FF N100 N100 *,480017FF N100 N100,0.3,0.3,69,48,,1200,ALT,13.1,1810,65,164,14,0.9,4.8,-4,194,190,13.2,-3,905,950,,
2026-07-21,18:21:47,01:21:47,-07:00,+33.6173814,-116.1577458,-133,3DDiff (GPS nav),264107.3,24.9,180,-0,-13,-0.04,169.1,13,26,12,67,-138,5,24.4,26,2.54,0.36,-0.018,0.968,-0.096,,320,900,,,29.70,123.000 RX,121.500,116.200,GPS1,,RW17,1.3,3,180,-0.066,-0.22,1822,TERM,,,,,,,,,,,,,,,,,-10.8,42.5,3166,,,,040007FF N100 N100 *,480017FF N100 N100,0.3,0.1,59,56,,1200,ALT,13.2,1810,65,164,14,0.9,4.8,-4,194,190,13.2,-3,905,950,,
2026-07-21,18:21:48,01:21:48,-07:00,+33.6172649,-116.1577454,-133,3DDiff (GPS nav),264108.3,24.9,180,0,-13,0.04,169.4,13,26,12,67,-138,5,24.3,25,2.43,0.04,0.021,0.982,-0.087,,320,900,,,29.70,123.000 RX,121.500,116.200,GPS1,,RW17,1.3,3,180,-0.066,-0.22,1822,TERM,,,,,,,,,,,,,,,,,-10.8,42.5,3166,,,,040007FF N100 N100 *,480017FF N100 N100,0.4,0.1,58,53,,1200,ALT,13.2,1820,65,164,14,1.0,4.7,-4,194,190,13.2,-3,905,950,,
2026-07-21,18:21:49,01:21:49,-07:00,+33.6171521,-116.1577449,-134,3DDiff (GPS nav),264109.3,24.4,180,-0,-12,0.01,169.0,13,26,12,66,-139,-3,23.8,25,2.27,0.26,-0.012,1.050,-0.086,,320,900,,,29.70,123.000 RX,121.500,116.200,GPS1,,RW17,1.3,3,180,-0.066,-0.22,1822,TERM,,,,,,,,,,,,,,,,,-10.8,42.5,3165,,,,040007FF N100 N100 *,480017FF N100 N100,0.4,0.0,65,61,,1200,ALT,13.2,1810,66,164,14,0.9,4.7,-4,195,190,13.2,-3,905,950,,
2026-07-21,18:21:50,01:21:50,-07:00,+33.6170411,-116.1577434,-135,3DDiff (GPS nav),264110.3,23.7,180,0,-12,-0.01,168.6,13,26,12,66,-139,-8,23.6,25,2.53,0.25,0.029,0.990,-0.090,,320,900,,,29.70,123.000 RX,121.500,116.200,GPS1,,RW17,1.3,3,180,-0.066,-0.22,1822,TERM,,,,,,,,,,,,,,,,,-10.8,42.5,3165,,,,040007FF N100 N100 *,480017FF N100 N100,0.4,0.2,50,56,,1200,ALT,13.1,1770,66,164,14,1.0,4.7,-4,195,190,13.2,-3,905,950,,
2026-07-21,18:21:51,01:21:51,-07:00,+33.6169339,-116.1577427,-136,3DDiff (GPS nav),264111.3,23.3,180,0,-12,-0.01,169.4,13,26,12,67,-139,-4,23.4,24,2.57,0.12,0.015,0.971,-0.096,,320,900,,,29.70,123.000 RX,121.500,116.200,GPS1,,RW17,1.3,3,180,-0.066,-0.22,1822,TERM,,,,,,,,,,,,,,,,,-10.8,42.5,3166,,,,040007FF N100 N100 *,480017FF N100 N100,0.2,0.0,41,42,,1200,ALT,13.0,1770,66,164,14,0.9,4.7,-4,195,190,13.2,-3,905,950,,
2026-07-21,18:21:52,01:21:52,-07:00,+33.6168288,-116.1577430,-136,3DDiff (GPS nav),264112.3,22.8,180,-0,-12,0.01,169.7,13,26,12,67,-139,1,22.4,24,2.40,0.19,0.060,1.009,-0.109,,320,900,,,29.70,123.000 RX,121.500,116.200,GPS1,,RW17,1.3,3,180,-0.066,-0.22,1822,TERM,,,,,,,,,,,,,,,,,-10.8,42.5,3166,,,,040007FF N100 N100 *,480017FF N100 N100,0.2,0.1,68,47,,1200,ALT,12.9,1760,66,164,14,0.9,4.7,-4,195,190,13.2,-3,905,950,,
2026-07-21,18:21:53,01:21:53,-07:00,+33.6167283,-116.1577460,-136,3DDiff (GPS nav),264113.3,21.7,183,-1,-11,-0.11,173.4,13,26,12,67,-139,3,21.1,22,2.53,0.49,0.035,0.981,-0.123,,320,900,,,29.70,123.000 RX,121.500,116.200,GPS1,,RW17,1.3,3,180,-0.066,-0.22,1822,TERM,,,,,,,,,,,,,,,,,-10.8,42.5,3166,,,,040007FF N100 N100 *,480017FF N100 N100,0.3,0.0,84,91,,1200,ALT,12.8,1760,66,165,14,0.8,4.7,-4,195,190,13.2,-3,905,950,,
2026-07-21,18:21:54,01:21:54,-07:00,+33.6166364,-116.1577542,-136,3DDiff (GPS nav),264114.3,20.1,184,-1,-10,-0.04,174.1,13,26,12,67,-139,2,19.5,20,1.89,0.96,-0.021,0.998,-0.136,,320,900,,,29.70,123.000 RX,121.500,116.200,GPS1,,RW17,1.3,3,180,-0.066,-0.22,1822,TERM,,,,,,,,,,,,,,,,,-10.8,42.5,3167,,,,040007FF N100 N100 *,480017FF N100 N100,0.4,0.1,63,86,,1200,ALT,12.8,1750,66,165,14,0.9,4.7,-4,195,190,13.2,-3,905,950,,
2026-07-21,18:21:55,01:21:55,-07:00,+33.6165502,-116.1577647,-135,3DDiff (GPS nav),264115.3,18.9,186,-1,-10,0.00,177.0,13,26,12,67,-138,6,19.3,20,2.08,1.24,0.029,0.985,-0.154,,320,900,,,29.70,123.000 RX,121.500,116.200,GPS1,,RW17,1.4,3,180,-0.066,-0.22,1822,TERM,,,,,,,,,,,,,,,,,-10.8,42.5,3168,,,,040007FF N100 N100 *,480017FF N100 N100,0.4,0.0,36,64,,1200,ALT,12.8,1740,66,165,14,1.0,4.7,-4,195,190,13.2,-3,905,950,,
2026-07-21,18:21:56,01:21:56,-07:00,+33.6164678,-116.1577798,-135,3DDiff (GPS nav),264116.3,18.4,189,-2,-9,-0.06,179.6,13,26,12,68,-138,15,18.8,20,2.18,0.75,-0.012,0.996,-0.178,,320,900,,,29.70,123.000 RX,121.500,116.200,GPS1,,RW17,1.4,3,180,-0.066,-0.22,1822,TERM,,,,,,,,,,,,,,,,,-10.8,42.6,3169,,,,040007FF N100 N100 *,480017FF N100 N100,0.3,0.2,48,52,,1200,ALT,12.8,1760,66,165,14,1.0,4.7,-4,195,190,13.2,-3,905,950,,
2026-07-21,18:21:57,01:21:57,-07:00,+33.6163867,-116.1577967,-134,3DDiff (GPS nav),264117.3,17.8,189,-2,-9,-0.04,178.0,13,26,12,68,-137,20,17.8,19,2.06,1.29,-0.071,1.012,-0.206,,320,900,,,29.70,123.000 RX,121.500,116.200,GPS1,,RW17,1.4,3,180,-0.066,-0.22,1822,TERM,,,,,,,,,,,,,,,,,-10.8,42.6,3170,,,,040007FF N100 N100 *,480017FF N99 N100,0.3,0.0,54,71,,1200,ALT,12.8,1750,66,165,14,1.0,4.7,-4,196,190,13.2,-3,905,950,,
2026-07-21,18:21:58,01:21:58,-07:00,+33.6163095,-116.1578100,-134,3DDiff (GPS nav),264118.3,16.9,187,-1,-8,-0.05,175.7,13,26,12,68,-137,15,17.3,18,2.44,1.40,-0.061,1.016,-0.231,,320,900,,,29.70,123.000,121.500,116.200,GPS1,,RW17,1.4,3,180,-0.070,-0.23,1822,TERM,,,,,,,,,,,,,,,,,-10.8,42.6,3170,,,,040007FF N100 N100 *,480017FF N99 N100,0.2,0.2,50,48,,1200,ALT,12.9,1730,66,165,14,1.0,4.7,-4,196,190,13.2,-3,905,950,,
2026-07-21,18:21:59,01:21:59,-07:00,+33.6162348,-116.1578198,-134,3DDiff (GPS nav),264119.3,16.3,187,-1,-8,-0.02,176.0,13,26,12,68,-138,6,16.2,17,1.58,1.31,0.016,1.038,-0.249,,320,900,,,29.70,123.000,121.500,116.200,GPS1,,RW17,1.4,3,180,-0.070,-0.23,1822,TERM,,,,,,,,,,,,,,,,,-10.8,42.6,3170,,,,040007FF N100 N100 *,480017FF N100 N100,0.3,0.1,56,65,,1200,ALT,12.9,1740,66,165,14,1.1,4.7,-4,196,190,13.2,-3,905,945,,
2026-07-21,18:22:00,01:22:00,-07:00,+33.6161744,-116.1578294,-134,3DDiff (GPS nav),264120.3,13.5,,-1,-6,0.02,181.2,13,26,12,68,-138,-2,13.0,14,1.52,0.88,0.072,0.980,-0.279,,320,900,,,29.70,123.000,121.500,116.200,GPS1,,RW17,1.4,3,180,-0.070,-0.23,1822,TERM,,,,,,,,,,,,,,,,,-10.8,42.6,3171,,,,040007FF N100 N100 *,480017FF N100 N100,0.4,0.1,71,69,,1200,ALT,12.9,1750,66,165,14,1.1,4.7,-4,196,190,13.2,-3,905,945,,
2026-07-21,18:22:01,01:22:01,-07:00,+33.6161283,-116.1578427,-135,3DDiff (GPS nav),264121.3,10.8,,-2,-5,-0.02,193.8,13,26,12,68,-137,4,11.7,12,1.50,0.77,0.142,1.019,-0.328,,320,900,,,29.70,123.000,121.500,116.200,GPS1,,RW17,1.4,3,180,-0.070,-0.23,1822,TERM,,,,,,,,,,,,,,,,,-10.8,42.6,3172,,,,020007FF N100 N100 *,480017FF N100 N100,0.2,0.2,54,92,,1200,ALT,12.9,1750,66,165,14,1.1,4.7,-4,196,190,13.2,-3,905,945,,
2026-07-21,18:22:02,01:22:02,-07:00,+33.6160898,-116.1578670,-136,3DDiff (GPS nav),264122.3,9.4,,-3,-4,-0.06,213.8,13,26,12,69,-137,13,11.4,12,1.37,0.48,0.169,1.005,-0.385,,320,900,,,29.70,123.000,121.500,116.200,GPS1,,RW17,1.4,3,180,-0.074,-0.24,1822,TERM,,,,,,,,,,,,,,,,,-10.8,42.6,3173,,,,020007FF N100 N100 *,480017FF N100 N100,0.1,0.2,50,72,,1200,ALT,12.9,1770,66,165,14,1.1,4.7,-4,196,190,13.2,-3,905,945,,
2026-07-21,18:22:03,01:22:03,-07:00,+33.6160654,-116.1579017,-137,3DDiff (GPS nav),264123.3,8.4,,-3,-2,-0.07,237.4,13,26,12,69,-137,19,10.7,11,1.75,-0.04,0.188,0.979,-0.453,,320,900,,,29.70,123.000,121.500,116.200,GPS1,,RW17,1.4,3,180,-0.074,-0.25,1822,TERM,,,,,,,,,,,,,,,,,-10.8,42.6,3174,,,,020007FF N100 N100 *,480017FF N100 N100,0.4,0.1,67,45,,1200,ALT,12.8,1770,66,165,14,1.2,4.7,-4,196,190,13.2,-3,905,945,,
2026-07-21,18:22:04,01:22:04,-07:00,+33.6160554,-116.1579404,-137,3DDiff (GPS nav),264124.3,7.5,,-4,-0,-0.11,261.4,13,26,12,69,-136,16,10.2,11,2.19,-0.16,0.141,0.994,-0.509,,320,900,,,29.70,123.000,121.500,116.200,GPS1,,RW17,1.4,3,180,-0.074,-0.25,1822,TERM,,,,,,,,,,,,,,,,,-10.8,42.6,3175,,,,020007FF N100 N100 *,480017FF N99 N100,0.6,0.4,59,55,,1200,ALT,12.8,1780,66,165,14,1.2,4.7,-4,196,189,13.2,-3,905,945,,
2026-07-21,18:22:05,01:22:05,-07:00,+33.6160592,-116.1579780,-137,3DDiff (GPS nav),264125.3,7.0,,-3,1,-0.05,284.4,13,26,12,69,-136,12,9.8,10,2.26,-0.30,0.136,1.046,-0.545,,320,900,,,29.70,123.000,121.500,116.200,GPS1,,RW17,1.4,3,180,-0.078,-0.26,1822,TERM,,,,,,,,,,,,,,,,,-10.8,42.6,3175,,,,020007FF N100 N100 *,480017FF N100 N100,0.5,0.7,60,68,,1200,ALT,12.8,1790,66,166,14,1.2,4.7,-4,196,189,13.2,-3,905,945,,
2026-07-21,18:22:06,01:22:06,-07:00,+33.6160738,-116.1580091,-137,3DDiff (GPS nav),264126.3,6.5,,-3,2,-0.01,306.1,13,26,12,68,-137,-1,9.6,10,2.71,-0.41,0.158,1.057,-0.578,,320,900,,,29.70,123.000,121.500,116.200,GPS1,,RW17,1.4,3,180,-0.078,-0.26,1822,TERM,,,,,,,,,,,,,,,,,-10.8,42.6,3175,,,,020007FF N100 N100 *,480017FF N100 N100,0.5,1.0,60,75,,1200,ALT,12.8,1770,66,166,14,1.1,4.7,-4,196,189,13.2,-3,905,945,,
2026-07-21,18:22:07,01:22:07,-07:00,+33.6160949,-116.1580314,-136,3DDiff (GPS nav),264127.3,6.2,,-2,3,-0.10,326.4,13,26,12,69,-137,-4,9.2,10,2.90,-0.10,0.124,1.017,-0.625,,320,900,,,29.70,123.000,121.500,116.200,GPS1,,RW17,1.4,3,180,-0.082,-0.27,1822,TERM,,,,,,,,,,,,,,,,,-10.8,42.6,3176,,,,020007FF N100 N100 *,480017FF N100 N100,0.3,1.3,65,49,,1200,ALT,12.8,1780,66,166,14,1.0,4.7,-4,196,189,13.2,-3,905,945,,
2026-07-21,18:22:08,01:22:08,-07:00,+33.6161173,-116.1580412,-136,3DDiff (GPS nav),264128.3,5.1,,-1,2,-0.02,341.8,13,26,12,69,-137,-0,8.1,8,2.60,0.24,0.013,1.019,-0.681,,320,900,,,29.70,123.000,121.500,116.200,GPS1,,RW17,1.4,3,180,-0.082,-0.27,1822,TERM,,,,,,,,,,,,,,,,,-10.8,42.6,3176,,,,020007FF N100 N100 *,480017FF N100 N99,0.1,1.4,113,156,,1200,ALT,12.8,1780,66,166,14,0.9,4.7,-4,197,188,13.2,-3,905,945,,
2026-07-21,18:22:09,01:22:09,-07:00,+33.6161291,-116.1580431,-135,3DDiff (GPS nav),264129.3,2.9,,-0,1,0.07,346.4,13,26,12,69,-136,7,6.8,7,2.31,0.27,0.006,1.001,-0.743,,320,900,,,29.70,123.000,121.500,116.200,GPS1,,RW17,1.4,3,180,-0.082,-0.27,1822,TERM,,,,,,,,,,,,,,,,,-10.8,42.6,3176,,,,020007FF N100 N100 *,480017FF N100 N99,0.0,1.4,80,86,,1200,ALT,12.6,1780,66,166,14,0.9,4.7,-4,197,187,13.2,-3,910,945,,
2026-07-21,18:22:10,01:22:10,-07:00,+33.6161297,-116.1580433,-135,3DDiff (GPS nav),264130.3,0.7,,0,-0,-0.05,346.8,13,26,12,70,-136,16,7.7,8,3.49,0.44,0.012,0.961,-0.792,,320,900,,,29.70,123.000,121.500,116.200,GPS1,,RW17,1.4,3,180,-0.082,-0.27,1822,TERM,,,,,,,,,,,,,,,,,-10.8,42.6,3177,,,,040007FF N100 N100 *,480017FF N100 N98,0.1,1.5,95,91,,1200,ALT,12.6,1730,66,166,14,1.0,4.7,-4,197,187,13.2,-3,910,945,,
2026-07-21,18:22:11,01:22:11,-07:00,+33.6161299,-116.1580436,-135,3DDiff (GPS nav),264131.3,0.2,,0,-0,-0.03,347.1,13,26,12,71,-135,28,10.0,10,3.34,0.44,-0.008,0.975,-0.792,,320,900,,,29.70,123.000,121.500,116.200,GPS1,,RW17,1.4,3,180,-0.082,-0.27,1822,TERM,,,,,,,,,,,,,,,,,-10.8,42.6,3178,,,,040007FF N100 N100 *,480017FF N100 N100,0.1,1.4,74,107,,1200,ALT,12.7,1760,66,166,14,1.0,4.7,-4,197,186,13.2,-3,910,945,,
2026-07-21,18:22:12,01:22:12,-07:00,+33.6161299,-116.1580436,-135,3DDiff (GPS nav),264132.3,0.2,,-0,0,-0.01,347.1,13,26,12,71,-135,28,11.6,12,2.94,0.26,0.006,1.015,-0.749,,320,900,,,29.70,123.000,121.500,116.200,GPS1,,RW17,1.4,3,180,-0.082,-0.27,1822,TERM,,,,,,,,,,,,,,,,,-10.8,42.6,3179,,,,040007FF N100 N100 *,480017FF N100 N100,0.0,1.2,72,89,,1200,ALT,12.8,1760,66,167,14,0.9,4.7,-4,197,185,13.2,-3,910,945,,
2026-07-21,18:22:13,01:22:13,-07:00,+33.6161297,-116.1580428,-136,3DDiff (GPS nav),264133.3,0.1,,-0,0,0.02,347.2,13,26,12,70,-135,21,12.2,13,2.78,0.18,0.001,0.991,-0.690,,320,900,,,29.70,123.000,121.500,116.200,GPS1,,RW17,1.4,3,180,-0.082,-0.27,1822,TERM,,,,,,,,,,,,,,,,,-10.8,42.6,3179,,,,040007FF N100 N100 *,480017FF N100 N100,0.1,1.1,60,52,,1200,ALT,12.8,1750,66,167,14,0.7,4.7,-4,197,185,13.2,-3,910,945,,
2026-07-21,18:22:14,01:22:14,-07:00,+33.6161286,-116.1580430,-136,3DDiff (GPS nav),264134.3,0.1,,0,0,-0.02,347.3,13,26,12,70,-135,7,12.0,12,2.80,0.16,-0.015,1.010,-0.633,,320,900,,,29.70,123.000,121.500,116.200,GPS1,,RW17,1.4,3,180,-0.082,-0.27,1822,TERM,,,,,,,,,,,,,,,,,-10.8,42.6,3179,,,,040007FF N100 N100 *,480017FF N100 N100,0.0,1.0,75,30,,1200,ALT,12.9,1750,66,167,14,0.7,4.7,-4,197,185,13.2,-3,910,945,,
2026-07-21,18:22:15,01:22:15,-07:00,+33.6161289,-116.1580430,-137,3DDiff (GPS nav),264135.3,0.0,,-0,-0,0.02,347.3,13,26,12,71,-135,4,11.4,12,2.90,0.17,0.009,1.018,-0.597,,320,900,,,29.70,123.000,121.500,116.200,GPS1,,RW17,1.4,3,180,-0.082,-0.27,1822,TERM,,,,,,,,,,,,,,,,,-10.8,42.6,3180,,,,040007FF N100 N100 *,480017FF N100 N100,0.0,1.0,69,24,,1200,ALT,12.9,1760,66,167,14,0.7,4.7,-4,197,185,13.2,-3,910,945,,
2026-07-21,18:22:16,01:22:16,-07:00,+33.6161285,-116.1580430,-137,3DDiff (GPS nav),264136.3,0.1,,0,-0,0.01,347.4,13,26,12,70,-135,1,10.7,11,2.87,0.15,0.009,1.009,-0.580,,320,900,,,29.70,123.000,121.500,116.200,GPS1,,RW17,1.4,3,180,-0.082,-0.27,1822,TERM,,,,,,,,,,,,,,,,,-10.8,42.6,3180,,,,040007FF N100 N100 *,480017FF N100 N100,0.1,0.9,76,24,,1200,ALT,12.8,1760,66,167,14,0.7,4.7,-4,197,185,13.2,-3,910,945,,
2026-07-21,18:22:17,01:22:17,-07:00,+33.6161286,-116.1580430,-137,3DDiff (GPS nav),264137.3,0.0,,-0,0,-0.01,347.5,13,26,12,70,-135,-1,10.1,11,2.75,0.17,0.001,1.008,-0.568,,320,900,,,29.70,123.000,121.500,116.200,GPS1,,RW17,1.4,3,180,-0.082,-0.27,1822,TERM,,,,,,,,,,,,,,,,,-10.8,42.6,3180,,,,040007FF N100 N100 *,480017FF N100 N100,0.1,0.9,67,27,,1200,ALT,12.8,1760,66,167,14,0.8,4.7,-4,197,185,13.2,-3,910,945,,
2026-07-21,18:22:18,01:22:18,-07:00,+33.6161285,-116.1580430,-137,3DDiff (GPS nav),264138.3,0.0,,0,-0,-0.01,347.5,13,26,12,71,-135,4,9.8,10,2.81,0.11,0.006,0.986,-0.559,,320,900,,,29.70,123.000,121.500,116.200,GPS1,,RW17,1.4,3,180,-0.082,-0.27,1822,TERM,,,,,,,,,,,,,,,,,-10.8,42.6,3181,,,,040007FF N100 N100 *,480017FF N100 N100,0.1,0.8,72,21,,1200,ALT,12.8,1770,66,167,14,0.8,4.7,-4,197,185,13.2,-3,910,945,,
2026-07-21,18:22:19,01:22:19,-07:00,+33.6161302,-116.1580430,-137,3DDiff (GPS nav),264139.3,0.0,,-0,-0,-0.01,347.6,13,26,12,71,-134,9,9.6,10,2.79,0.17,-0.021,0.980,-0.563,,320,900,,,29.70,123.000,121.500,116.200,GPS1,,RW17,1.4,3,180,-0.082,-0.27,1822,TERM,,,,,,,,,,,,,,,,,-10.8,42.6,3181,,,,040007FF N100 N100 *,480017FF N100 N100,0.1,0.8,49,25,,1200,ALT,12.8,1760,66,167,14,0.8,4.7,-4,197,184,13.2,-3,910,945,,
2026-07-21,18:22:20,01:22:20,-07:00,+33.6161316,-116.1580430,-137,3DDiff (GPS nav),264140.3,0.0,,0,0,-0.02,347.4,13,26,12,71,-134,6,9.5,10,2.60,0.06,-0.008,1.001,-0.591,,320,900,,,29.70,123.000,121.500,116.200,GPS1,,RW17,1.4,3,180,-0.082,-0.27,1822,TERM,,,,,,,,,,,,,,,,,-10.8,42.6,3182,,,,040007FF N100 N100 *,480017FF N100 N100,0.3,0.6,79,22,,1200,ALT,12.8,1760,66,167,14,0.8,4.7,-4,197,184,13.2,-3,910,945,,
2026-07-21,18:22:21,01:22:21,-07:00,+33.6161314,-116.1580425,-136,3DDiff (GPS nav),264141.3,0.0,,-0,0,0.03,347.5,13,26,12,71,-135,-1,9.5,10,2.60,0.18,-0.018,0.990,-0.611,,320,900,,,29.70,123.000,121.500,116.200,GPS1,,RW17,1.4,3,180,-0.082,-0.27,1822,TERM,,,,,,,,,,,,,,,,,-10.8,42.6,3182,,,,040007FF N100 N100 *,480017FF N100 N100,0.3,0.7,68,19,,1200,ALT,12.8,1770,66,168,14,0.8,4.7,-4,197,184,13.2,-3,910,945,,
2026-07-21,18:22:22,01:22:22,-07:00,+33.6161316,-116.1580425,-136,3DDiff (GPS nav),264142.3,0.0,,-0,0,0.00,347.5,13,26,12,71,-135,-2,9.7,10,2.70,0.14,0.001,1.023,-0.623,,320,900,,,29.70,123.000,121.500,116.200,GPS1,,RW17,1.4,3,180,-0.082,-0.27,1822,TERM,,,,,,,,,,,,,,,,,-10.8,42.6,3182,,,,040007FF N100 N100 *,480017FF N100 N100,0.3,0.6,69,26,,1200,ALT,12.8,1760,66,168,14,0.8,4.7,-4,197,184,13.2,-3,910,940,,
2026-07-21,18:22:23,01:22:23,-07:00,+33.6161320,-116.1580424,-136,3DDiff (GPS nav),264143.3,0.0,,0,0,-0.02,347.5,13,26,12,71,-134,3,10.0,10,2.58,0.13,0.000,1.024,-0.618,,320,900,,,29.70,123.000,121.500,116.200,GPS1,,RW17,1.4,3,180,-0.082,-0.27,1822,TERM,,,,,,,,,,,,,,,,,-10.8,42.6,3183,,,,040007FF N100 N100 *,480017FF N100 N100,0.3,0.6,62,26,,1200,ALT,12.9,1760,66,168,14,0.8,4.7,-4,197,184,13.2,-3,910,940,,
2026-07-21,18:22:24,01:22:24,-07:00,+33.6161319,-116.1580424,-136,3DDiff (GPS nav),264144.3,0.0,,0,-0,-0.04,347.6,13,26,12,71,-134,1,10.0,10,2.60,0.17,-0.002,1.005,-0.608,,320,900,,,29.70,123.000,121.500,116.200,GPS1,,RW17,1.4,3,180,-0.082,-0.27,1822,TERM,,,,,,,,,,,,,,,,,-10.8,42.6,3183,,,,040007FF N100 N100 *,480017FF N100 N100,0.3,0.6,61,16,,1200,ALT,13.1,1760,66,168,14,0.8,4.7,-4,197,184,13.2,-3,910,940,,
2026-07-21,18:22:25,01:22:25,-07:00,+33.6161314,-116.1580428,-136,3DDiff (GPS nav),264145.3,0.0,,-0,0,0.03,347.6,13,26,12,71,-135,-2,10.1,11,2.59,0.17,0.015,0.996,-0.599,,320,900,,,29.70,123.000,121.500,116.200,GPS1,,RW17,1.4,3,180,-0.082,-0.27,1822,TERM,,,,,,,,,,,,,,,,,-10.8,42.7,3183,,,,040007FF N100 N100 *,480017FF N100 N100,0.3,0.5,66,22,,1200,ALT,13.1,1760,66,168,14,0.8,4.7,-4,197,184,13.2,-3,910,940,,
2026-07-21,18:22:26,01:22:26,-07:00,+33.6161299,-116.1580430,-137,3DDiff (GPS nav),264146.3,0.0,,-0,-0,0.03,347.5,13,26,12,71,-134,-1,10.1,11,2.57,0.12,-0.002,0.998,-0.580,,320,900,,,29.70,123.000,121.500,116.200,GPS1,,RW17,1.4,3,180,-0.082,-0.27,1822,TERM,,,,,,,,,,,,,,,,,-10.8,42.7,3184,,,,040007FF N100 N100 *,480017FF N100 N100,0.3,0.4,72,20,,1200,ALT,13.1,1770,66,168,14,0.7,4.7,-4,197,184,13.2,-3,910,940,,
2026-07-21,18:22:27,01:22:27,-07:00,+33.6161303,-116.1580433,-137,3DDiff (GPS nav),264147.3,0.0,,-0,0,-0.05,347.5,13,26,12,71,-134,3,10.2,11,2.62,0.10,0.005,1.000,-0.560,,320,900,,,29.70,123.000,121.500,116.200,GPS1,,RW17,1.4,3,180,-0.082,-0.27,1822,TERM,,,,,,,,,,,,,,,,,-10.8,42.7,3184,,,,040007FF N100 N100 *,480017FF N100 N100,0.3,0.4,73,22,,1200,ALT,13.0,1770,66,168,14,0.7,4.7,-4,197,184,13.2,-3,910,940,,
2026-07-21,18:22:28,01:22:28,-07:00,+33.6161303,-116.1580430,-138,3DDiff (GPS nav),264148.3,0.0,,0,0,0.04,347.5,13,26,12,71,-134,1,10.3,11,2.71,0.11,-0.004,0.977,-0.537,,320,900,,,29.70,123.000,121.500,116.200,GPS1,,RW17,1.4,3,180,-0.082,-0.27,1822,TERM,,,,,,,,,,,,,,,,,-10.8,42.7,3184,,,,040007FF N100 N100 *,480017FF N100 N100,0.2,0.4,71,20,,1200,ALT,12.8,1770,66,168,14,0.7,4.7,-4,197,184,13.2,-3,910,940,,
2026-07-21,18:22:29,01:22:29,-07:00,+33.6161303,-116.1580433,-138,3DDiff (GPS nav),264149.3,0.0,,-0,0,0.01,347.5,13,26,12,71,-134,1,10.2,11,2.61,0.14,0.004,0.986,-0.525,,320,900,,,29.70,123.000,121.500,116.200,GPS1,,RW17,1.4,3,180,-0.082,-0.27,1822,TERM,,,,,,,,,,,,,,,,,-10.8,42.7,3184,,,,040007FF N100 N100 *,480017FF N100 N100,0.3,0.4,61,18,,1200,ALT,12.8,1770,66,168,14,0.8,4.7,-4,197,184,13.2,-3,910,940,,
2026-07-21,18:22:30,01:22:30,-07:00,+33.6161302,-116.1580436,-138,3DDiff (GPS nav),264150.3,0.0,,0,-0,-0.05,347.5,13,26,12,71,-134,5,10.0,10,2.61,0.11,-0.007,0.976,-0.511,,320,900,,,29.70,123.000,121.500,116.200,GPS1,,RW17,1.4,3,180,-0.082,-0.27,1822,TERM,,,,,,,,,,,,,,,,,-10.8,42.7,3184,,,,040007FF N100 N100 *,480017FF N100 N100,0.3,0.3,70,15,,1200,ALT,13.0,1770,66,169,14,0.8,4.7,-4,196,184,13.2,-3,910,935,,
2026-07-21,18:22:31,01:22:31,-07:00,+33.6161305,-116.1580433,-138,3DDiff (GPS nav),264151.3,0.0,,0,0,0.00,347.5,13,26,12,71,-134,6,10.1,11,2.52,0.10,-0.002,1.004,-0.504,,320,900,,,29.70,123.000,121.500,116.200,GPS1,,RW17,1.4,3,180,-0.082,-0.27,1822,TERM,,,,,,,,,,,,,,,,,-10.8,42.7,3184,,,,040007FF N100 N100 *,480017FF N100 N100,0.4,0.3,81,21,,1200,ALT,13.0,1770,66,169,14,0.9,4.7,-4,196,184,13.2,-3,910,935,,
2026-07-21,18:22:32,01:22:32,-07:00,+33.6161314,-116.1580433,-138,3DDiff (GPS nav),264152.3,0.0,,0,0,0.04,347.5,13,26,12,71,-134,2,10.4,11,2.53,0.10,0.013,0.996,-0.488,,320,900,,,29.70,123.000,121.500,116.200,GPS1,,RW17,1.4,3,180,-0.082,-0.27,1822,TERM,,,,,,,,,,,,,,,,,-10.8,42.7,3184,,,,040007FF N100 N100 *,480017FF N100 N100,0.4,0.3,73,20,,1200,ALT,13.1,1780,66,169,14,0.8,4.7,-4,196,184,13.2,-3,910,935,,
2026-07-21,18:22:33,01:22:33,-07:00,+33.6161308,-116.1580430,-137,3DDiff (GPS nav),264153.3,0.0,,-0,0,0.02,347.5,13,26,12,71,-134,-1,10.3,11,2.51,0.13,-0.004,1.009,-0.477,,320,900,,,29.70,123.000,121.500,116.200,GPS1,,RW17,1.4,3,180,-0.082,-0.27,1822,TERM,,,,,,,,,,,,,,,,,-10.8,42.7,3184,,,,040007FF N100 N100 *,480017FF N100 N100,0.4,0.3,79,21,,1200,ALT,13.1,1780,66,169,14,0.8,4.8,-4,196,183,13.2,-3,910,935,,
2026-07-21,18:22:34,01:22:34,-07:00,+33.6161308,-116.1580430,-137,3DDiff (GPS nav),264154.3,0.0,,-0,-0,0.01,347.5,13,26,12,71,-134,-2,10.3,11,2.46,0.09,-0.044,0.998,-0.482,,320,900,,,29.70,123.000,121.500,116.200,GPS1,,RW17,1.4,3,180,-0.082,-0.27,1822,TERM,,,,,,,,,,,,,,,,,-10.8,42.7,3184,,,,040007FF N100 N100 *,480017FF N100 N100,0.4,0.2,90,31,,1200,ALT,13.6,2140,66,169,14,0.8,4.8,-4,196,183,13.2,-3,910,935,,
2026-07-21,18:22:35,01:22:35,-07:00,+33.6161308,-116.1580430,-137,3DDiff (GPS nav),264155.3,0.0,,0,0,0.01,347.6,13,26,12,72,-134,-1,10.2,11,2.53,0.14,0.014,0.998,-0.489,,320,900,,,29.70,123.000,121.500,116.200,GPS1,,RW17,1.4,3,180,-0.082,-0.27,1822,TERM,,,,,,,,,,,,,,,,,-10.8,42.7,3184,,,,040007FF N100 N100 *,480017FF N100 N100,0.2,0.2,65,41,,1200,ALT,14.8,2550,62,169,14,1.3,4.7,-4,196,183,13.2,-1,910,935,,
2026-07-21,18:22:36,01:22:36,-07:00,+33.6161308,-116.1580430,-137,3DDiff (GPS nav),264156.3,0.0,,0,0,-0.03,347.6,13,26,12,71,-134,4,10.4,11,2.41,0.13,-0.075,1.005,-0.481,,320,900,,,29.70,123.000,121.500,116.200,GPS1,,RW17,1.4,3,180,-0.082,-0.27,1822,TERM,,,,,,,,,,,,,,,,,-10.8,42.7,3185,,,,040007FF N100 N100 *,480017FF N100 N100,0.3,0.2,65,37,,1200,ALT,15.8,2630,57,169,14,2.0,4.6,-4,195,185,13.2,1,910,935,,
2026-07-21,18:22:37,01:22:37,-07:00,+33.6161302,-116.1580433,-137,3DDiff (GPS nav),264157.3,0.0,,0,-0,-0.02,347.6,13,26,12,72,-134,4,10.9,11,2.15,0.09,0.017,1.028,-0.452,,320,900,,,29.70,123.000,121.500,116.200,GPS1,,RW17,1.4,3,180,-0.082,-0.27,1822,TERM,,,,,,,,,,,,,,,,,-10.8,42.7,3185,,,,040007FF N100 N100 *,480017FF N100 N100,0.4,0.2,39,22,,1200,ALT,17.1,3300,54,169,14,2.1,4.6,-4,195,185,13.2,3,910,940,,
2026-07-21,18:22:38,01:22:38,-07:00,+33.6161286,-116.1580433,-138,3DDiff (GPS nav),264158.3,0.0,,-0,0,0.03,347.6,13,26,12,72,-133,16,10.8,11,2.09,0.07,-0.010,0.977,-0.323,,320,900,,,29.70,123.000,121.500,116.200,GPS1,,RW17,1.4,3,180,-0.082,-0.27,1822,TERM,,,,,,,,,,,,,,,,,-10.8,42.7,3186,,,,040007FF N100 N100 *,480017FF N100 N100,0.5,0.2,53,29,,1200,ALT,18.2,3510,52,169,14,1.9,4.6,-4,195,184,13.2,5,915,950,,
2026-07-21,18:22:39,01:22:39,-07:00,+33.6161286,-116.1580436,-139,3DDiff (GPS nav),264159.3,0.0,,0,0,-0.03,347.6,13,26,12,73,-133,25,10.5,10,2.14,0.13,0.007,1.017,-0.095,,320,900,,,29.70,123.000,121.500,116.200,GPS1,,RW17,1.4,3,180,-0.082,-0.27,1822,TERM,,,,,,,,,,,,,,,,,-10.8,42.7,3187,,,,040007FF N100 N100 *,480017FF N100 N100,0.4,0.1,51,49,,1200,ALT,18.8,3580,51,170,14,1.7,4.6,-4,194,184,13.2,7,920,960,,
2026-07-21,18:22:40,01:22:40,-07:00,+33.6161286,-116.1580436,-139,3DDiff (GPS nav),264160.3,0.0,,0,0,-0.02,347.6,13,26,12,71,-133,8,10.4,11,1.85,-0.01,0.009,0.982,+0.091,,320,900,,,29.70,123.000,121.500,116.200,GPS1,,RW17,1.4,3,180,-0.082,-0.27,1822,TERM,,,,,,,,,,,,,,,,,-10.8,42.7,3186,,,,040007FF N100 N100 *,480017FF N100 N100,0.6,0.1,45,46,,1200,ALT,19.1,3640,49,170,14,1.7,4.6,-4,194,183,13.3,7,935,970,,
2026-07-21,18:22:41,01:22:41,-07:00,+33.6161283,-116.1580438,-139,3DDiff (GPS nav),264161.3,0.0,,0,-0,0.01,347.8,13,26,12,72,-134,-6,11.2,11,2.02,0.14,-0.005,1.006,+0.204,,320,900,,,29.70,123.000,121.500,116.200,GPS1,,RW17,1.4,3,180,-0.082,-0.27,1822,TERM,,,,,,,,,,,,,,,,,-10.8,42.7,3185,,,,040007FF N100 N100 *,480017FF N100 N100,0.4,0.1,40,41,,1200,ALT,19.7,3770,49,170,14,1.7,4.6,-4,193,182,13.3,8,945,985,,
2026-07-21,18:22:42,01:22:42,-07:00,+33.6161280,-116.1580438,-139,3DDiff (GPS nav),264162.3,0.0,,0,0,0.03,347.6,13,26,12,73,-133,6,12.1,12,1.92,0.12,0.013,1.027,+0.247,,320,900,,,29.70,123.000,121.500,116.200,GPS1,,RW17,1.4,3,180,-0.082,-0.27,1822,TERM,,,,,,,,,,,,,,,,,-10.8,42.7,3186,,,,040007FF N100 N100 *,480017FF N100 N100,0.5,0.2,40,45,,1200,ALT,20.3,3880,49,170,14,1.6,4.6,-4,193,182,13.3,8,965,1000,,
2026-07-21,18:22:43,01:22:43,-07:00,+33.6161297,-116.1580436,-140,3DDiff (GPS nav),264163.3,0.0,,-0,-0,-0.04,347.7,13,26,12,74,-132,28,11.7,12,1.97,0.10,0.011,1.008,+0.164,,320,900,,,29.70,123.000,121.500,116.200,GPS1,,RW17,1.4,3,180,-0.082,-0.27,1822,TERM,,,,,,,,,,,,,,,,,-10.8,42.7,3187,,,,040007FF N100 N100 *,480017FF N100 N100,0.4,0.1,43,34,,1200,ALT,20.9,3930,49,170,14,1.8,4.5,-4,192,180,13.3,8,980,1010,,
2026-07-21,18:22:44,01:22:44,-07:00,+33.6161308,-116.1580433,-139,3DDiff (GPS nav),264164.3,0.0,,0,0,-0.01,347.7,13,26,12,72,-132,21,11.5,11,2.04,0.03,-0.004,0.996,-0.101,,320,900,,,29.70,123.000,121.500,116.200,GPS1,,RW17,1.4,3,180,-0.082,-0.27,1822,TERM,,,,,,,,,,,,,,,,,-10.8,42.7,3187,,,,040007FF N100 N100 *,480017FF N100 N100,0.4,0.1,36,36,,1200,ALT,21.4,3930,49,170,14,2.0,4.4,-4,192,180,13.3,8,1000,1030,,
2026-07-21,18:22:45,01:22:45,-07:00,+33.6161305,-116.1580433,-138,3DDiff (GPS nav),264165.3,0.0,,0,0,-0.02,347.6,13,26,12,71,-133,-8,11.9,12,1.88,0.10,0.001,1.002,-0.257,,320,900,,,29.70,123.000,121.500,116.200,GPS1,,RW17,1.4,3,180,-0.082,-0.27,1822,TERM,,,,,,,,,,,,,,,,,-10.8,42.6,3185,,,,040007FF N100 N100 *,480017FF N100 N100,0.5,0.1,42,40,,1200,ALT,21.7,3970,49,170,14,2.2,4.3,-4,191,180,13.3,8,1025,1045,,
2026-07-21,18:22:46,01:22:46,-07:00,+33.6161308,-116.1580433,-138,3DDiff (GPS nav),264166.3,0.0,,0,-0,-0.03,347.5,13,26,12,73,-133,-16,11.8,11,2.00,0.08,-0.012,0.990,-0.376,,320,900,,,29.70,123.000,121.500,116.200,GPS1,,RW17,1.4,3,180,-0.082,-0.27,1822,TERM,,,,,,,,,,,,,,,,,-10.8,42.6,3185,,,,040007FF N100 N100 *,480017FF N100 N100,0.4,0.1,34,43,,1200,ALT,22.0,3990,49,170,14,2.4,4.2,-4,191,180,13.3,8,1040,1060,,
2026-07-21,18:22:47,01:22:47,-07:00,+33.6161308,-116.1580430,-138,3DDiff (GPS nav),264167.3,0.0,,0,0,0.01,347.6,13,26,12,73,-133,2,11.3,11,2.04,0.11,-0.017,0.994,-1.905,,320,900,,,29.70,123.000,121.500,116.200,GPS1,,RW17,1.4,3,180,-0.082,-0.27,1822,TERM,,,,,,,,,,,,,,,,,-10.8,42.6,3185,,,,040007FF N100 N100 *,480017FF N100 N100,0.3,0.1,54,32,,1200,ALT,22.1,4010,49,171,14,2.5,4.1,-4,191,180,13.3,8,1060,1075,,
2026-07-21,18:22:48,01:22:48,-07:00,+33.6161310,-116.1580430,-138,3DDiff (GPS nav),264168.3,0.0,,0,0,0.01,347.5,13,26,12,74,-132,17,11.0,11,2.03,0.03,0.005,1.008,-3.343,,320,900,,,29.70,123.000,121.500,116.200,GPS1,,RW17,1.4,3,180,-0.082,-0.27,1822,TERM,,,,,,,,,,,,,,,,,-10.8,42.6,3186,,,,040007FF N100 N100 *,480017FF N100 N100,0.3,0.0,39,36,,1200,ALT,22.2,4020,49,171,14,2.6,4.0,-4,191,180,13.3,8,1080,1085,,
2026-07-21,18:22:49,01:22:49,-07:00,+33.6161303,-116.1580433,-138,3DDiff (GPS nav),264169.3,0.0,,0,0,-0.04,347.5,13,26,12,73,-132,13,11.9,12,2.01,0.02,-0.003,0.989,-3.785,,320,900,,,29.70,123.000,121.500,116.200,GPS1,,RW17,1.4,3,180,-0.082,-0.27,1822,TERM,,,,,,,,,,,,,,,,,-10.8,42.6,3186,,,,040007FF N100 N100 *,480017FF N100 N100,0.3,0.0,40,31,,1200,ALT,22.3,4010,49,171,14,2.6,3.9,-4,190,180,13.3,8,1095,1100,,
2026-07-21,18:22:50,01:22:50,-07:00,+33.6161289,-116.1580436,-139,3DDiff (GPS nav),264170.3,0.1,,-0,0,-0.02,347.6,13,26,12,73,-132,11,11.4,11,2.06,0.05,0.001,0.992,-3.523,,320,900,,,29.70,123.000,121.500,116.200,GPS1,,RW17,1.4,3,180,-0.082,-0.27,1822,TERM,,,,,,,,,,,,,,,,,-10.8,42.6,3186,,,,040007FF N100 N100 *,480017FF N100 N100,0.3,0.1,40,33,,1200,ALT,22.3,4000,49,171,14,2.7,3.9,-4,190,180,13.3,8,1110,1110,,
2026-07-21,18:22:51,01:22:51,-07:00,+33.6161294,-116.1580438,-139,3DDiff (GPS nav),264171.3,0.1,,0,-0,0.00,347.6,13,26,12,73,-132,0,12.1,12,2.03,0.03,0.001,0.996,-2.908,,320,900,,,29.70,123.000,121.500,116.200,GPS1,,RW17,1.4,3,180,-0.082,-0.27,1822,TERM,,,,,,,,,,,,,,,,,-10.8,42.6,3186,,,,040007FF N100 N100 *,480017FF N100 N100,0.2,0.1,65,57,,1200,ALT,22.3,3990,49,171,14,2.8,3.8,-4,190,181,13.3,8,1125,1125,,
2026-07-21,18:22:52,01:22:52,-07:00,+33.6161294,-116.1580438,-139,3DDiff (GPS nav),264172.3,0.0,,0,-0,-0.01,347.5,13,26,12,72,-133,-6,11.8,12,1.94,0.04,0.005,0.997,-2.114,,320,900,,,29.70,123.000,121.500,116.200,GPS1,,RW17,1.4,3,180,-0.082,-0.27,1822,TERM,,,,,,,,,,,,,,,,,-10.8,42.7,3186,,,,040007FF N100 N100 *,480017FF N100 N100,0.3,0.1,39,35,,1200,ALT,22.2,3940,49,171,14,2.9,3.8,-4,190,181,13.3,8,1135,1135,,
2026-07-21,18:22:53,01:22:53,-07:00,+33.6161294,-116.1580438,-139,3DDiff (GPS nav),264173.3,0.0,,0,-0,-0.04,347.6,13,26,12,70,-134,-26,11.5,12,1.93,0.10,0.009,1.002,-1.508,,320,900,,,29.70,123.000,121.500,116.200,GPS1,,RW17,1.4,3,180,-0.082,-0.27,1822,TERM,,,,,,,,,,,,,,,,,-10.8,42.7,3186,,,,040007FF N100 N100 *,480017FF N100 N100,0.3,0.1,54,39,,1200,ALT,22.3,3930,49,171,14,3.0,3.8,-4,190,177,13.3,8,1150,1145,,
2026-07-21,18:22:54,01:22:54,-07:00,+33.6161294,-116.1580438,-139,3DDiff (GPS nav),264174.3,0.0,,0,0,0.02,347.7,13,26,12,73,-134,-26,11.9,12,1.99,0.08,-0.025,0.987,-1.047,,320,900,,,29.70,123.000,121.500,116.200,GPS1,,RW17,1.4,3,180,-0.082,-0.27,1822,TERM,,,,,,,,,,,,,,,,,-10.8,42.7,3186,,,,040007FF N100 N100 *,480017FF N100 N100,0.3,0.1,42,35,,1200,ALT,22.3,3940,49,171,14,3.0,3.7,-4,190,176,13.3,8,1165,1155,,
2026-07-21,18:22:55,01:22:55,-07:00,+33.6161297,-116.1580436,-139,3DDiff (GPS nav),264175.3,0.0,,0,0,0.01,347.5,13,26,12,75,-132,23,10.9,11,1.92,0.02,0.009,1.016,-0.594,,320,900,,,29.70,123.000,121.500,116.200,GPS1,,RW17,1.4,3,180,-0.082,-0.27,1822,TERM,,,,,,,,,,,,,,,,,-10.8,42.7,3189,,,,040007FF N100 N100 *,480017FF N100 N100,0.3,0.1,51,40,,1200,ALT,22.4,3950,49,171,14,3.1,3.7,-4,190,178,13.3,8,1175,1165,,
2026-07-21,18:22:56,01:22:56,-07:00,+33.6161308,-116.1580436,-139,3DDiff (GPS nav),264176.3,0.0,,-0,-0,0.04,347.7,13,26,12,73,-131,36,10.4,10,1.99,0.04,-0.020,1.006,+3.217,,320,900,,,29.70,123.000,121.500,116.200,GPS1,,RW17,1.4,3,180,-0.082,-0.27,1822,TERM,,,,,,,,,,,,,,,,,-10.8,42.7,3190,,,,040007FF N100 N100 *,480017FF N100 N100,0.3,0.0,48,33,,1200,ALT,22.4,3960,48,171,14,3.2,3.7,-4,190,181,13.3,8,1185,1180,,
2026-07-21,18:22:57,01:22:57,-07:00,+33.6161303,-116.1580433,-138,3DDiff (GPS nav),264177.3,0.1,,-0,0,-0.01,347.6,13,26,12,74,-132,18,10.9,11,2.00,-0.02,0.032,1.009,+5.193,,320,900,,,29.70,123.000,121.500,116.200,GPS1,,RW17,1.4,3,180,-0.082,-0.27,1822,TERM,,,,,,,,,,,,,,,,,-10.8,42.7,3191,,,,040007FF N100 N100 *,480017FF N100 N100,0.3,0.0,50,34,,1200,ALT,22.4,3990,49,171,14,3.3,3.7,-4,190,183,13.3,8,1195,1185,,
2026-07-21,18:22:58,01:22:58,-07:00,+33.6161303,-116.1580433,-138,3DDiff (GPS nav),264178.3,0.0,,0,0,0.01,347.6,13,26,12,74,-132,9,11.9,12,1.87,0.07,-0.035,0.993,+5.586,,320,900,,,29.70,123.000,121.500,116.200,GPS1,,RW17,1.4,3,180,-0.082,-0.27,1822,TERM,,,,,,,,,,,,,,,,,-10.8,42.7,3192,,,,040007FF N100 N100 *,480017FF N100 N100,0.4,0.0,53,33,,1200,ALT,22.4,4000,49,171,14,3.1,3.7,-4,190,184,13.3,8,1205,1190,,
2026-07-21,18:22:59,01:22:59,-07:00,+33.6161302,-116.1580433,-138,3DDiff (GPS nav),264179.3,0.0,,0,-0,0.03,347.5,13,26,12,74,-131,9,11.5,12,2.02,0.03,-0.015,0.993,+5.122,,320,900,,,29.70,123.000,121.500,116.200,GPS1,,RW17,1.4,3,180,-0.082,-0.27,1822,TERM,,,,,,,,,,,,,,,,,-10.8,42.7,3193,,,,040007FF N100 N100 *,480017FF N100 N100,0.3,0.0,46,35,,1200,ALT,22.3,3950,49,172,14,3.1,3.7,-4,190,184,13.3,8,1210,1195,,
2026-07-21,18:23:00,01:23:00,-07:00,+33.6161305,-116.1580433,-138,3DDiff (GPS nav),264180.3,0.0,,0,0,0.03,347.7,13,26,12,73,-132,-5,12.0,12,1.94,0.11,-0.009,1.006,+4.087,,320,900,,,29.70,123.000,121.500,116.200,GPS1,,RW17,1.4,3,180,-0.082,-0.27,1822,TERM,,,,,,,,,,,,,,,,,-10.8,42.7,3192,,,,040007FF N100 N100 *,480017FF N100 N100,0.3,0.1,42,38,,1200,ALT,22.0,3870,49,172,14,3.1,3.7,-4,190,182,13.3,8,1215,1200,,
2026-07-21,18:23:01,01:23:01,-07:00,+33.6161305,-116.1580435,-138,3DDiff (GPS nav),264181.3,0.0,,0,0,-0.02,347.6,13,26,12,72,-133,-21,12.7,13,1.99,0.09,-0.010,0.986,+3.035,,320,900,,,29.70,123.000,121.500,116.200,GPS1,,RW17,1.4,3,180,-0.082,-0.27,1822,TERM,,,,,,,,,,,,,,,,,-10.8,42.7,3191,,,,040007FF N100 N100 *,480017FF N100 N100,0.3,0.1,46,37,,1200,ALT,21.9,3890,49,172,14,3.0,3.7,-4,190,181,13.3,8,1220,1205,,
2026-07-21,18:23:02,01:23:02,-07:00,+33.6161291,-116.1580441,-138,3DDiff (GPS nav),264182.3,0.0,,0,-0,0.03,347.7,13,26,12,73,-133,-19,11.6,12,2.01,0.13,0.032,1.007,+2.057,,320,900,,,29.70,123.000,121.500,116.200,GPS1,,RW17,1.4,3,180,-0.082,-0.27,1822,TERM,,,,,,,,,,,,,,,,,-10.8,42.7,3192,,,,040007FF N100 N100 *,480017FF N100 N100,0.3,0.1,57,37,,1200,ALT,21.9,3900,50,172,14,3.1,3.7,-4,190,181,13.3,8,1225,1205,,
2026-07-21,18:23:03,01:23:03,-07:00,+33.6161294,-116.1580441,-139,3DDiff (GPS nav),264183.3,0.0,,-0,-0,0.01,347.5,13,26,12,73,-132,3,10.8,11,2.01,0.03,-0.012,0.988,-0.287,,320,900,,,29.70,123.000,121.500,116.200,GPS1,,RW17,1.4,3,180,-0.082,-0.27,1822,TERM,,,,,,,,,,,,,,,,,-10.8,42.7,3193,,,,040007FF N100 N100 *,480017FF N100 N100,0.3,0.0,62,46,,1200,ALT,21.9,3900,50,172,14,3.1,3.7,-4,190,180,13.3,8,1225,1205,,
2026-07-21,18:23:04,01:23:04,-07:00,+33.6161294,-116.1580444,-139,3DDiff (GPS nav),264184.3,0.1,,-0,0,-0.01,347.6,13,26,12,73,-132,4,10.9,11,1.97,0.05,0.022,1.019,-2.127,,320,900,,,29.70,123.000,121.500,116.200,GPS1,,RW17,1.4,3,180,-0.082,-0.27,1822,TERM,,,,,,,,,,,,,,,,,-10.8,42.7,3193,,,,040007FF N100 N100 *,480017FF N100 N100,0.3,0.1,51,40,,1200,ALT,21.9,3900,50,172,14,3.1,3.8,-4,190,180,13.3,8,1230,1205,,
2026-07-21,18:23:05,01:23:05,-07:00,+33.6161294,-116.1580444,-139,3DDiff (GPS nav),264185.3,0.0,,-0,-0,0.03,347.5,13,26,12,72,-133,-6,11.4,11,1.88,-0.01,-0.018,1.006,-2.887,,320,900,,,29.70,123.000,121.500,116.200,GPS1,,RW17,1.4,3,180,-0.082,-0.27,1822,TERM,,,,,,,,,,,,,,,,,-10.8,42.7,3192,,,,040007FF N100 N100 *,480017FF N100 N100,0.4,0.0,58,42,,1200,ALT,21.9,3900,50,172,14,3.1,3.8,-4,190,180,13.3,8,1230,1210,,
2026-07-21,18:23:06,01:23:06,-07:00,+33.6161294,-116.1580444,-139,3DDiff (GPS nav),264186.3,0.0,,0,0,-0.03,347.5,13,26,12,73,-133,-11,11.3,11,2.06,0.05,0.008,0.984,-2.997,,320,900,,,29.70,123.000,121.500,116.200,GPS1,,RW17,1.4,3,180,-0.082,-0.27,1822,TERM,,,,,,,,,,,,,,,,,-10.8,42.7,3191,,,,040007FF N100 N100 *,480017FF N100 N100,0.3,0.1,63,47,,1200,ALT,21.9,3850,50,172,14,3.0,3.9,-4,190,181,13.3,8,1235,1210,,
2026-07-21,18:23:07,01:23:07,-07:00,+33.6161311,-116.1580438,-140,3DDiff (GPS nav),264187.3,0.0,,-0,0,-0.01,347.5,13,26,12,73,-133,-7,11.5,12,2.03,0.06,-0.048,0.992,-2.727,,320,900,,,29.70,123.000,121.500,116.200,GPS1,,RW17,1.4,3,180,-0.082,-0.27,1822,TERM,,,,,,,,,,,,,,,,,-10.8,42.7,3191,,,,040007FF N100 N100 *,480017FF N100 N100,0.4,0.0,43,43,,1200,ALT,21.1,3500,49,172,14,3.0,3.9,-4,190,182,13.3,8,1235,1210,,
2026-07-21,18:23:08,01:23:08,-07:00,+33.6161322,-116.1580436,-139,3DDiff (GPS nav),264188.3,0.0,,0,0,0.01,347.3,13,26,12,73,-133,1,11.7,12,2.11,-0.05,-0.037,0.991,-2.272,,320,900,,,29.70,123.000,121.500,116.200,GPS1,,RW17,1.4,3,180,-0.082,-0.27,1822,TERM,,,,,,,,,,,,,,,,,-10.8,42.7,3190,,,,040007FF N100 N100 *,480017FF N100 N100,0.5,0.1,64,32,,1200,ALT,19.6,3050,48,172,14,3.0,4.0,-4,190,183,13.3,7,1235,1210,,
2026-07-21,18:23:09,01:23:09,-07:00,+33.6161319,-116.1580433,-139,3DDiff (GPS nav),264189.3,0.0,,0,-0,0.00,347.4,13,26,12,71,-133,-10,11.7,12,2.11,0.05,0.004,1.011,-1.787,,320,900,,,29.70,123.000,121.500,116.200,GPS1,,RW17,1.4,3,180,-0.082,-0.27,1822,TERM,,,,,,,,,,,,,,,,,-10.8,42.7,3189,,,,040007FF N100 N100 *,480017FF N100 N100,0.6,0.0,60,37,,1200,ALT,18.1,2630,46,172,14,3.0,4.1,-4,190,184,13.3,6,1230,1205,,
2026-07-21,18:23:10,01:23:10,-07:00,+33.6161325,-116.1580430,-139,3DDiff (GPS nav),264190.3,0.0,,0,0,0.02,347.4,13,26,12,71,-134,-24,11.8,12,2.11,0.08,0.006,0.995,-1.302,,320,900,,,29.70,123.000,121.500,116.200,GPS1,,RW17,1.4,3,180,-0.082,-0.27,1822,TERM,,,,,,,,,,,,,,,,,-10.8,42.7,3188,,,,040007FF N100 N100 *,480017FF N100 N100,0.6,0.0,76,46,,1200,ALT,17.4,2550,48,173,14,2.9,4.0,-4,190,185,13.3,5,1220,1200,,
2026-07-21,18:23:11,01:23:11,-07:00,+33.6161327,-116.1580428,-139,3DDiff (GPS nav),264191.3,0.0,,0,0,-0.02,347.5,13,26,12,71,-134,-24,11.6,12,2.26,0.10,-0.002,1.021,-0.885,,320,900,,,29.70,123.000,121.500,116.200,GPS1,,RW17,1.4,3,180,-0.082,-0.27,1822,TERM,,,,,,,,,,,,,,,,,-10.8,42.7,3187,,,,040007FF N100 N100 *,480017FF N100 N100,0.5,0.0,93,57,,1200,ALT,17.0,2510,49,173,14,2.8,4.0,-4,190,186,13.3,4,1205,1195,,
2026-07-21,18:23:12,01:23:12,-07:00,+33.6161330,-116.1580428,-139,3DDiff (GPS nav),264192.3,0.1,,-0,0,0.00,347.6,13,26,12,72,-134,-11,11.4,12,2.43,0.09,0.021,1.012,-0.555,,320,900,,,29.70,123.000,121.500,116.200,GPS1,,RW17,1.4,3,180,-0.082,-0.27,1822,TERM,,,,,,,,,,,,,,,,,-10.8,42.7,3187,,,,040007FF N100 N100 *,480017FF N100 N100,0.3,0.1,116,65,,1200,ALT,16.8,2450,51,173,14,2.6,3.9,-4,191,186,13.3,3,1195,1190,,
2026-07-21,18:23:13,01:23:13,-07:00,+33.6161322,-116.1580428,-138,3DDiff (GPS nav),264193.3,0.0,,0,0,-0.06,347.6,13,26,12,71,-134,-7,11.1,11,2.46,0.09,0.056,1.013,-0.332,,320,900,,,29.70,123.000,121.500,116.200,GPS1,,RW17,1.4,3,180,-0.082,-0.27,1822,TERM,,,,,,,,,,,,,,,,,-10.8,42.7,3186,,,,040007FF N100 N100 *,480017FF N100 N100,0.3,0.1,126,61,,1200,ALT,16.6,2400,52,173,14,2.5,3.9,-4,191,186,13.3,3,1185,1190,,
2026-07-21,18:23:14,01:23:14,-07:00,+33.6161308,-116.1580436,-139,3DDiff (GPS nav),264194.3,0.0,,-0,0,-0.02,347.7,13,26,12,71,-134,-6,10.7,11,2.42,0.10,0.025,1.013,-0.212,,320,900,,,29.70,123.000,121.500,116.200,GPS1,,RW17,1.4,3,180,-0.082,-0.27,1822,TERM,,,,,,,,,,,,,,,,,-10.8,42.7,3186,,,,040007FF N100 N100 *,480017FF N100 N100,0.3,0.1,108,61,,1200,ALT,16.5,2380,55,173,14,2.2,4.0,-4,191,187,13.3,2,1175,1185,,
2026-07-21,18:23:15,01:23:15,-07:00,+33.6161311,-116.1580436,-140,3DDiff (GPS nav),264195.3,0.0,,0,0,-0.02,347.6,13,26,12,71,-134,-4,10.7,11,2.47,0.12,-0.024,0.990,-0.144,,320,900,,,29.70,123.000,121.500,116.200,GPS1,,RW17,1.4,3,180,-0.082,-0.27,1822,TERM,,,,,,,,,,,,,,,,,-10.8,42.7,3185,,,,040007FF N100 N100 *,480017FF N100 N100,0.3,0.1,100,60,,1200,ALT,16.5,2370,57,173,14,2.1,4.0,-4,192,187,13.3,2,1160,1185,,
2026-07-21,18:23:16,01:23:16,-07:00,+33.6161310,-116.1580438,-140,3DDiff (GPS nav),264196.3,0.0,,-0,0,0.01,347.6,13,26,12,70,-134,-8,10.6,11,2.48,0.12,0.016,1.001,-0.127,,320,900,,,29.70,123.000,121.500,116.200,GPS1,,RW17,1.4,3,180,-0.082,-0.27,1822,TERM,,,,,,,,,,,,,,,,,-10.8,42.7,3184,,,,040007FF N100 N100 *,480017FF N100 N100,0.3,0.1,116,61,,1200,ALT,16.4,2350,57,173,14,2.0,4.0,-4,192,188,13.3,2,1150,1180,,
2026-07-21,18:23:17,01:23:17,-07:00,+33.6161311,-116.1580438,-140,3DDiff (GPS nav),264197.3,0.0,,0,0,-0.02,347.6,13,26,12,70,-135,-14,10.4,11,2.69,0.09,-0.018,0.997,-0.131,,320,900,,,29.70,123.000,121.500,116.200,GPS1,,RW17,1.4,3,180,-0.082,-0.27,1822,TERM,,,,,,,,,,,,,,,,,-10.8,42.7,3184,,,,040007FF N100 N100 *,480017FF N100 N100,0.1,0.1,116,57,,1200,ALT,16.4,2340,57,173,14,1.9,4.0,-4,192,188,13.3,2,1140,1180,,
2026-07-21,18:23:18,01:23:18,-07:00,+33.6161310,-116.1580438,-140,3DDiff (GPS nav),264198.3,0.0,,0,-0,0.01,347.7,13,26,12,70,-135,-12,10.2,11,2.55,0.12,-0.022,1.018,-0.160,,320,900,,,29.70,123.000,121.500,116.200,GPS1,,RW17,1.4,3,180,-0.082,-0.27,1822,TERM,,,,,,,,,,,,,,,,,-10.8,42.6,3183,,,,040007FF N100 N100 *,480017FF N100 N100,0.2,0.1,114,59,,1200,ALT,16.4,2350,57,173,14,1.7,4.0,-4,192,188,13.3,2,1130,1175,,
2026-07-21,18:23:19,01:23:19,-07:00,+33.6161308,-116.1580438,-140,3DDiff (GPS nav),264199.3,0.0,,0,-0,0.00,347.6,13,26,12,71,-135,-5,10.0,10,2.51,0.10,0.050,1.019,-0.204,,320,900,,,29.70,123.000,121.500,116.200,GPS1,,RW17,1.4,3,180,-0.082,-0.27,1822,TERM,,,,,,,,,,,,,,,,,-10.8,42.6,3183,,,,040007FF N100 N100 *,480017FF N100 N100,0.3,0.1,111,58,,1200,ALT,16.4,2340,57,173,14,1.7,4.1,-4,192,188,13.3,2,1125,1175,,
2026-07-21,18:23:20,01:23:20,-07:00,+33.6161321,-116.1580428,-139,3DDiff (GPS nav),264200.3,0.0,,-0,-0,-0.05,347.5,13,26,12,70,-135,-6,10.1,10,2.56,0.04,0.027,1.001,-0.245,,320,900,,,29.70,123.000,121.500,116.200,GPS1,,RW17,1.4,3,180,-0.082,-0.27,1822,TERM,,,,,,,,,,,,,,,,,-10.8,42.6,3183,,,,040007FF N100 N100 *,480017FF N100 N100,0.2,0.0,126,55,,1200,ALT,16.5,2330,58,174,14,1.7,4.1,-4,192,189,13.3,2,1115,1175,,
2026-07-21,18:23:21,01:23:21,-07:00,+33.6161316,-116.1580425,-138,3DDiff (GPS nav),264201.3,0.0,,-0,0,0.05,347.6,13,26,12,70,-135,-11,9.8,10,2.68,0.14,-0.036,0.971,-0.288,,320,900,,,29.70,123.000,121.500,116.200,GPS1,,RW17,1.4,3,180,-0.082,-0.27,1822,TERM,,,,,,,,,,,,,,,,,-10.8,42.6,3182,,,,040007FF N100 N100 *,480017FF N100 N100,0.1,0.1,129,60,,1200,ALT,16.5,2350,57,174,14,1.7,4.1,-4,193,189,13.3,2,1110,1170,,
2026-07-21,18:23:22,01:23:22,-07:00,+33.6161316,-116.1580425,-138,3DDiff (GPS nav),264202.3,0.0,,-0,-0,0.01,347.7,13,26,12,70,-135,-4,10.0,11,2.77,0.15,0.031,1.016,-0.297,,320,900,,,29.70,123.000,121.500,116.200,GPS1,,RW17,1.4,3,180,-0.082,-0.27,1822,TERM,,,,,,,,,,,,,,,,,-10.8,42.6,3182,,,,040007FF N100 N100 *,480017FF N100 N100,0.0,0.2,127,59,,1200,ALT,16.5,2350,58,174,14,1.7,4.1,-4,193,189,13.3,2,1100,1170,,
2026-07-21,18:23:23,01:23:23,-07:00,+33.6161316,-116.1580425,-138,3DDiff (GPS nav),264203.3,0.0,,-0,-0,-0.01,347.7,13,26,12,70,-135,1,10.1,10,2.67,0.17,-0.049,0.979,-0.306,,320,900,,,29.70,123.000,121.500,116.200,GPS1,,RW17,1.4,3,180,-0.082,-0.27,1822,TERM,,,,,,,,,,,,,,,,,-10.8,42.6,3182,,,,040007FF N100 N100 *,480017FF N100 N100,0.1,0.2,120,54,,1200,ALT,16.5,2340,57,174,14,1.8,4.2,-4,193,189,13.3,1,1095,1170,,
2026-07-21,18:23:24,01:23:24,-07:00,+33.6161316,-116.1580422,-138,3DDiff (GPS nav),264204.3,0.0,,0,0,0.00,347.9,13,26,12,71,-135,5,9.8,10,2.57,0.19,0.049,1.043,-0.349,,320,900,,,29.70,123.000,121.500,116.200,GPS1,,RW17,1.4,3,180,-0.082,-0.27,1822,TERM,,,,,,,,,,,,,,,,,-10.8,42.6,3183,,,,040007FF N100 N100 *,480017FF N100 N100,0.2,0.2,115,59,,1200,ALT,16.5,2360,57,175,14,1.9,4.5,-4,193,189,13.3,0,1090,1165,,
2026-07-21,18:23:25,01:23:25,-07:00,+33.6161333,-116.1580422,-138,3DDiff (GPS nav),264205.3,0.0,,-0,-0,-0.01,347.8,13,26,12,71,-135,10,9.8,10,2.54,0.14,-0.033,0.971,-0.379,,320,900,,,29.70,123.000,121.500,116.200,GPS1,,RW17,1.4,3,180,-0.082,-0.27,1822,TERM,,,,,,,,,,,,,,,,,-10.8,42.6,3183,,,,040007FF N100 N100 *,480017FF N100 N100,0.3,0.1,100,55,,1200,ALT,16.4,2370,58,175,14,1.9,4.6,-4,193,189,13.3,0,1085,1165,,
2026-07-21,18:23:26,01:23:26,-07:00,+33.6161316,-116.1580433,-138,3DDiff (GPS nav),264206.3,0.0,,-0,-0,-0.01,347.8,13,26,12,71,-135,8,9.8,10,2.61,0.10,-0.056,0.974,-0.410,,320,900,,,29.70,123.000,121.500,116.200,GPS1,,RW17,1.4,3,180,-0.082,-0.27,1822,TERM,,,,,,,,,,,,,,,,,-10.8,42.6,3183,,,,040007FF N100 N100 *,480017FF N100 N100,0.2,0.1,141,60,,1200,ALT,16.4,2360,58,175,14,2.0,4.8,-4,193,189,13.3,0,1075,1165,,
2026-07-21,18:23:27,01:23:27,-07:00,+33.6161322,-116.1580436,-139,3DDiff (GPS nav),264207.3,0.0,,0,0,-0.01,347.6,13,26,12,70,-135,-0,9.7,10,2.73,0.09,0.098,1.048,-0.422,,320,900,,,29.70,123.000,121.500,116.200,GPS1,,RW17,1.4,3,180,-0.082,-0.27,1822,TERM,,,,,,,,,,,,,,,,,-10.8,42.6,3183,,,,040007FF N100 N100 *,480017FF N100 N100,0.1,0.1,124,60,,1200,ALT,16.4,2360,58,175,14,2.0,4.9,-4,193,189,13.3,0,1070,1160,,
2026-07-21,18:23:28,01:23:28,-07:00,+33.6161325,-116.1580436,-139,3DDiff (GPS nav),264208.3,0.0,,0,0,-0.01,347.8,13,26,12,71,-135,1,10.2,11,2.67,0.18,-0.088,0.965,-0.398,,320,900,,,29.70,123.000,121.500,116.200,GPS1,,RW17,1.4,3,180,-0.082,-0.27,1822,TERM,,,,,,,,,,,,,,,,,-10.8,42.6,3183,,,,040007FF N100 N100 *,480017FF N100 N100,0.1,0.2,130,66,,1200,ALT,16.4,2350,59,176,14,2.0,4.9,-4,193,189,13.3,0,1070,1160,,
2026-07-21,18:23:29,01:23:29,-07:00,+33.6161325,-116.1580438,-139,3DDiff (GPS nav),264209.3,0.0,,0,-0,-0.03,347.7,13,26,12,71,-135,1,10.8,11,2.64,0.13,0.026,0.997,-0.371,,320,900,,,29.70,123.000,121.500,116.200,GPS1,,RW17,1.4,3,180,-0.082,-0.27,1822,TERM,,,,,,,,,,,,,,,,,-10.8,42.6,3183,,,,040007FF N100 N100 *,480017FF N100 N100,0.2,0.2,115,55,,1200,ALT,16.4,2330,58,176,14,1.9,4.9,-4,193,189,13.3,0,1065,1160,,
2026-07-21,18:23:30,01:23:30,-07:00,+33.6161328,-116.1580441,-139,3DDiff (GPS nav),264210.3,0.1,,-0,0,-0.01,347.8,13,26,12,71,-134,5,11.1,12,2.66,0.02,-0.008,0.981,-0.340,,320,900,,,29.70,123.000,121.500,116.200,GPS1,,RW17,1.4,3,180,-0.082,-0.27,1822,TERM,,,,,,,,,,,,,,,,,-10.8,42.6,3183,,,,040007FF N100 N100 *,480017FF N100 N100,0.2,0.1,122,59,,1200,ALT,16.4,2350,57,176,14,1.8,4.9,-4,193,189,13.3,0,1060,1155,,
2026-07-21,18:23:31,01:23:31,-07:00,+33.6161361,-116.1580442,-139,3DDiff (GPS nav),264211.3,0.7,,-0,1,0.03,349.6,13,26,12,71,-134,3,11.7,12,2.65,0.11,-0.006,0.969,-0.319,,320,900,,,29.70,123.000,121.500,116.200,GPS1,,RW17,1.4,3,180,-0.082,-0.27,1822,TERM,,,,,,,,,,,,,,,,,-10.8,42.6,3183,,,,040007FF N100 N100 *,480017FF N100 N100,0.4,0.1,105,43,,1200,ALT,17.0,2780,55,177,14,1.9,4.9,-4,193,189,13.3,0,1055,1155,,
2026-07-21,18:23:32,01:23:32,-07:00,+33.6161460,-116.1580438,-139,3DDiff (GPS nav),264212.3,1.7,,0,1,0.01,354.2,13,26,12,71,-134,5,11.9,12,2.83,-0.02,-0.044,1.010,-0.322,,320,900,,,29.70,123.000,121.500,116.200,GPS1,,RW17,1.4,3,180,-0.082,-0.27,1822,TERM,,,,,,,,,,,,,,,,,-10.8,42.6,3183,,,,040007FF N100 N100 *,480017FF N100 N100,0.4,0.1,74,67,,1200,ALT,17.2,2690,49,177,14,2.1,4.9,-4,193,189,13.3,1,1050,1150,,
2026-07-21,18:23:33,01:23:33,-07:00,+33.6161585,-116.1580426,-138,3DDiff (GPS nav),264213.3,2.7,,0,2,0.06,1.3,13,26,12,71,-134,1,12.0,13,2.93,-0.10,0.020,0.984,-0.339,,320,900,,,29.70,123.000,121.500,116.200,GPS1,,RW17,1.4,3,180,-0.082,-0.27,1822,TERM,,,,,,,,,,,,,,,,,-10.8,42.6,3182,,,,020007FF N100 N100 *,480017FF N100 N100,0.3,0.2,77,48,,1200,ALT,17.2,2650,47,178,14,2.3,5.1,-4,193,189,13.3,1,1050,1145,,
2026-07-21,18:23:34,01:23:34,-07:00,+33.6161754,-116.1580387,-138,3DDiff (GPS nav),264214.3,3.6,,1,2,-0.03,10.5,13,26,12,70,-135,-3,12.0,12,3.04,-0.01,0.040,1.013,-0.358,,320,900,,,29.70,123.000,121.500,116.200,GPS1,,RW17,0.1,106,360,0.082,+1.00,350,TERM,-0.31,-1,,,,,,,,,,,,,,,-10.8,42.6,3182,,,,020007FF N100 N100 *,480017FF N100 N100,0.2,0.2,73,55,,1200,ALT,17.2,2660,47,178,14,2.4,5.1,-4,193,190,13.3,1,1050,1145,,
2026-07-21,18:23:35,01:23:35,-07:00,+33.6161956,-116.1580291,-138,3DDiff (GPS nav),264215.3,4.4,,1,2,-0.01,21.4,13,26,12,70,-135,-7,12.1,13,3.04,0.13,0.006,1.006,-0.381,,320,900,,,29.70,123.000,121.500,116.200,GPS1,SUSP,RW35,0.1,107,360,0.082,+1.00,350,VISUAL,-0.30,-1,,,,,,,,,,,,,,,-10.8,42.6,3181,,,,020007FF N100 N100 *,480017FF N100 N100,0.2,0.2,73,53,,1200,ALT,17.2,2640,49,179,14,2.4,5.1,-4,193,190,13.3,1,1045,1140,,
2026-07-21,18:23:36,01:23:36,-07:00,+33.6162152,-116.1580140,-138,3DDiff (GPS nav),264216.3,5.0,,2,2,0.01,33.2,13,26,12,69,-135,-16,12.2,13,3.12,0.15,0.032,0.993,-0.385,,320,900,,,29.70,123.000,121.500,116.200,GPS1,SUSP,RW35,0.1,108,360,0.082,+1.00,350,VISUAL,-0.29,-1,,,,,,,,,,,,,,,-10.8,42.6,3180,,,,020007FF N100 N100 *,480017FF N99 N100,0.1,0.2,74,48,,1200,ALT,16.6,2220,54,179,14,2.2,5.1,-4,193,190,13.3,1,1045,1140,,
2026-07-21,18:23:37,01:23:37,-07:00,+33.6162334,-116.1579934,-137,3DDiff (GPS nav),264217.3,5.3,,2,2,0.07,45.4,13,26,12,69,-136,-25,12.0,12,3.08,0.22,0.059,0.997,-0.392,,320,900,,,29.70,123.000,121.500,116.200,GPS1,SUSP,RW35,0.1,109,360,0.082,+1.00,350,VISUAL,-0.28,-1,,,,,,,,,,,,,,,-10.8,42.6,3178,,,,020007FF N100 N100 *,480017FF N100 N100,0.0,0.2,63,60,,1200,ALT,16.1,2160,58,179,14,1.9,5.1,-4,193,190,13.3,0,1045,1135,,
2026-07-21,18:23:38,01:23:38,-07:00,+33.6162459,-116.1579677,-138,3DDiff (GPS nav),264218.3,5.6,,3,1,0.16,59.9,13,26,12,68,-136,-30,11.8,12,3.19,0.26,0.041,0.954,-0.396,,320,900,,,29.70,123.000,121.500,116.200,GPS1,SUSP,RW35,0.1,110,360,0.082,+1.00,350,VISUAL,-0.29,-1,,,,,,,,,,,,,,,-10.8,42.6,3177,,,,020007FF N100 N100 *,480017FF N100 N100,0.2,0.1,81,69,,1200,ALT,15.8,2160,60,180,14,1.6,5.1,-4,193,190,13.3,-1,1040,1135,,
2026-07-21,18:23:39,01:23:39,-07:00,+33.6162542,-116.1579369,-138,3DDiff (GPS nav),264219.3,5.8,,3,1,0.07,77.9,13,26,12,67,-137,-36,11.4,12,3.34,0.59,0.059,0.971,-0.451,,320,900,,,29.70,123.000,121.500,116.200,GPS1,SUSP,RW35,0.1,111,360,0.078,+1.00,350,VISUAL,-0.29,-1,,,,,,,,,,,,,,,-10.8,42.6,3177,,,,020007FF N100 N100 *,480017FF N100 N100,0.3,0.1,51,50,,1200,ALT,15.7,2150,62,180,14,1.4,5.1,-4,193,190,13.3,-1,1035,1135,,
2026-07-21,18:23:40,01:23:40,-07:00,+33.6162538,-116.1579038,-138,3DDiff (GPS nav),264220.3,6.0,,3,-0,0.01,96.6,13,26,12,67,-138,-39,10.5,11,3.28,0.87,0.074,1.021,-0.541,,320,900,,,29.70,123.000,121.500,116.200,GPS1,SUSP,RW35,0.1,111,360,0.078,+1.00,350,VISUAL,-0.29,-1,,,,,,,,,,,,,,,-10.8,42.6,3176,,,,020007FF N100 N100 *,480017FF N100 N100,0.3,0.3,62,47,,1200,ALT,15.6,2160,63,180,14,1.3,5.1,-4,193,190,13.3,-1,1035,1135,,
2026-07-21,18:23:41,01:23:41,-07:00,+33.6162439,-116.1578712,-138,3DDiff (GPS nav),264221.3,6.3,,3,-1,0.15,114.4,13,26,12,67,-138,-33,9.9,10,3.09,1.00,0.060,0.988,-0.677,,320,900,,,29.70,123.000,121.500,116.200,GPS1,SUSP,RW35,0.1,111,360,0.074,+1.00,350,VISUAL,-0.29,-1,,,,,,,,,,,,,,,-10.8,42.6,3175,,,,020007FF N100 N100 *,480017FF N100 N100,0.3,0.4,68,63,,1200,ALT,15.5,2160,64,180,14,1.2,5.2,-4,193,190,13.3,-1,1030,1135,,
2026-07-21,18:23:42,01:23:42,-07:00,+33.6162254,-116.1578416,-137,3DDiff (GPS nav),264222.3,6.6,,3,-2,0.08,127.4,13,26,12,68,-138,-12,9.7,10,3.07,1.25,0.013,1.022,-0.838,,320,900,,,29.70,123.000,121.500,116.200,GPS1,SUSP,RW35,0.1,111,360,0.074,+1.00,350,VISUAL,-0.29,-1,,,,,,,,,,,,,,,-10.8,42.6,3176,,,,020007FF N100 N100 *,480017FF N100 N100,0.3,0.6,58,98,,1200,ALT,15.5,2170,64,181,14,1.3,5.2,-4,193,190,13.3,-1,1025,1135,,
2026-07-21,18:23:43,01:23:43,-07:00,+33.6161998,-116.1578160,-138,3DDiff (GPS nav),264223.3,7.0,,2,-3,-0.02,134.8,13,26,12,68,-138,0,9.8,10,2.96,1.38,-0.026,0.980,-0.965,,320,900,,,29.70,123.000,121.500,116.200,GPS1,SUSP,RW35,0.1,110,360,0.074,+1.00,350,VISUAL,-0.29,-1,,,,,,,,,,,,,,,-10.8,42.6,3176,,,,020007FF N100 N100 *,480017FF N100 N100,0.2,0.7,52,47,,1200,ALT,15.4,2170,64,181,14,1.2,5.2,-4,193,190,13.3,-1,1020,1135,,
2026-07-21,18:23:44,01:23:44,-07:00,+33.6161719,-116.1577923,-137,3DDiff (GPS nav),264224.3,7.4,,2,-3,-0.04,139.2,13,26,12,68,-137,8,10.2,11,2.69,1.28,-0.054,0.986,-1.029,,320,900,,,29.70,123.000,121.500,116.200,GPS1,SUSP,RW35,0.1,109,360,0.070,+1.00,350,VISUAL,-0.29,-1,,,,,,,,,,,,,,,-10.8,42.6,3177,,,,020007FF N100 N100 *,480017FF N100 N100,0.1,0.6,62,45,,1200,ALT,15.3,2150,64,181,14,1.1,5.3,-4,193,190,13.3,-2,1020,1135,,
2026-07-21,18:23:45,01:23:45,-07:00,+33.6161396,-116.1577700,-137,3DDiff (GPS nav),264225.3,7.9,,2,-4,0.04,140.6,13,26,12,68,-137,11,10.3,11,2.47,1.39,-0.068,1.011,-1.090,,320,900,,,29.70,123.000,121.500,116.200,GPS1,SUSP,RW35,0.1,108,360,0.070,+1.00,350,VISUAL,-0.30,-1,,,,,,,,,,,,,,,-10.8,42.6,3177,,,,040007FF N100 N100 *,480017FF N100 N100,0.1,0.7,65,42,,1200,ALT,15.3,2150,64,182,14,1.2,5.3,-4,193,190,13.3,-2,1015,1135,,
2026-07-21,18:23:46,01:23:46,-07:00,+33.6161053,-116.1577465,-137,3DDiff (GPS nav),264226.3,8.4,,2,-4,-0.03,140.9,13,26,12,68,-138,1,10.6,11,2.14,0.61,-0.036,0.999,-1.106,,320,900,,,29.70,123.000,121.500,116.200,GPS1,SUSP,RW35,0.1,106,360,0.070,+1.00,350,VISUAL,-0.30,-1,,,,,,,,,,,,,,,-10.8,42.6,3177,,,,040007FF N100 N100 *,480017FF N100 N100,0.2,0.8,60,38,,1200,ALT,15.3,2160,64,182,14,1.3,5.3,-4,193,190,13.3,-2,1010,1135,,
2026-07-21,18:23:47,01:23:47,-07:00,+33.6160684,-116.1577221,-137,3DDiff (GPS nav),264227.3,9.0,,2,-4,-0.06,140.1,13,26,12,68,-137,-1,11.3,12,2.28,0.69,-0.034,1.025,-1.088,,320,900,,,29.70,123.000 TX,121.500,116.200,GPS1,SUSP,RW35,0.1,105,360,0.066,+1.00,350,VISUAL,-0.30,-1,,,,,,,,,,,,,,,-10.8,42.6,3177,,,,040007FF N100 N100 *,480017FF N100 N100,0.3,0.7,54,56,,1200,ALT,15.2,2150,64,182,14,1.2,5.3,-4,193,190,13.3,-2,1010,1135,,
2026-07-21,18:23:48,01:23:48,-07:00,+33.6160297,-116.1576949,-137,3DDiff (GPS nav),264228.3,9.6,,3,-4,-0.02,137.4,13,26,12,68,-137,1,11.2,12,1.94,0.83,-0.039,0.986,-1.066,,320,900,,,29.70,123.000 TX,121.500,116.200,GPS1,SUSP,RW35,0.1,103,360,0.066,+1.00,350,VISUAL,-0.31,-1,,,,,,,,,,,,,,,-10.8,42.6,3176,,,,040007FF N100 N100 *,480017FF N100 N100,0.4,0.8,65,33,,1200,ALT,15.2,2170,64,182,14,1.2,5.3,-4,194,191,13.3,-3,1005,1130,,
2026-07-21,18:23:49,01:23:49,-07:00,+33.6159934,-116.1576656,-137,3DDiff (GPS nav),264229.3,9.7,,3,-4,-0.11,135.5,13,26,12,68,-137,1,11.4,12,1.91,0.85,-0.012,1.011,-1.069,,320,900,,,29.70,123.000 TX,121.500,116.200,GPS1,SUSP,RW35,0.1,102,360,0.066,+1.00,350,VISUAL,-0.32,-1,,,,,,,,,,,,,,,-10.8,42.6,3176,,,,040007FF N100 N100 *,480017FF N100 N100,0.5,0.8,88,76,,1200,ALT,14.6,1840,64,182,14,1.2,5.3,-4,194,191,13.2,-4,1005,1130,,
2026-07-21,18:23:50,01:23:50,-07:00,+33.6159543,-116.1576348,-138,3DDiff (GPS nav),264230.3,9.9,,3,-4,-0.11,131.5,13,26,12,68,-137,2,11.9,12,2.06,0.61,-0.021,0.996,-1.034,,320,900,,,29.70,123.000 TX,121.500 RX,116.200,GPS1,SUSP,RW35,0.1,100,360,0.062,+1.00,350,VISUAL,-0.33,-1,,,,,,,,,,,,,,,-10.8,42.6,3176,,,,040007FF N100 N100 *,480017FF N100 N100,0.5,0.7,133,100,,1200,ALT,13.9,1820,64,183,14,1.1,5.3,-4,194,191,13.2,-5,1000,1130,,
2026-07-21,18:23:51,01:23:51,-07:00,+33.6159205,-116.1575991,-138,3DDiff (GPS nav),264231.3,9.7,,3,-4,-0.07,123.3,13,26,12,67,-137,-0,11.7,12,2.20,0.79,-0.097,0.939,-0.988,,320,900,,,29.70,123.000 TX,121.500,116.200,GPS1,SUSP,RW35,0.1,98,360,0.062,+1.00,350,VISUAL,-0.33,-1,,,,,,,,,,,,,,,-10.8,42.6,3175,,,,020007FF N100 N100 *,480017FF N100 N100,0.4,0.7,66,70,,1200,ALT,13.4,1830,64,183,14,1.0,5.4,-4,194,191,13.2,-6,995,1120,,
2026-07-21,18:23:52,01:23:52,-07:00,+33.6158937,-116.1575632,-139,3DDiff (GPS nav),264232.3,8.8,,3,-3,-0.07,113.6,13,26,12,67,-138,-9,10.7,11,1.45,1.26,-0.055,1.067,-0.954,,320,900,,,29.70,123.000 TX,121.500 RX,116.200,GPS1,SUSP,RW35,0.1,97,360,0.059,+1.00,350,VISUAL,-0.34,-1,,,,,,,,,,,,,,,-10.8,42.6,3174,,,,020007FF N100 N100 *,480017FF N100 N100,0.4,0.7,76,81,,1200,ALT,13.3,1800,64,183,14,1.0,5.4,-4,195,192,13.2,-7,995,1115,,
2026-07-21,18:23:53,01:23:53,-07:00,+33.6158761,-116.1575292,-139,3DDiff (GPS nav),264233.3,7.4,,3,-2,0.00,103.6,13,26,12,67,-138,-13,10.0,10,1.79,1.13,-0.100,1.010,-0.947,,320,900,,,29.70,123.000 TX,121.500,116.200,GPS1,SUSP,RW35,0.1,96,360,0.059,+1.00,350,VISUAL,-0.35,-1,,,,,,,,,,,,,,,-10.8,42.6,3174,,,,020007FF N100 N100 *,480017FF N100 N100,0.3,0.7,80,56,,1200,ALT,13.1,1800,64,183,14,1.0,5.4,-4,195,192,13.2,-7,990,1110,,
2026-07-21,18:23:54,01:23:54,-07:00,+33.6158661,-116.1574999,-139,3DDiff (GPS nav),264234.3,6.0,,3,-1,0.01,92.4,13,26,12,68,-138,-4,9.6,10,1.79,1.47,-0.053,1.035,-0.967,,320,900,,,29.70,123.000 TX,121.500 RX,116.200,GPS1,SUSP,RW35,0.1,96,360,0.059,+1.00,350,VISUAL,-0.35,-1,,,,,,,,,,,,,,,-10.8,42.6,3174,,,,020007FF N100 N100 *,480017FF N100 N100,0.2,0.7,77,43,,1200,ALT,13.1,1810,64,183,14,1.1,5.4,-4,195,192,13.2,-7,990,1100,,
2026-07-21,18:23:55,01:23:55,-07:00,+33.6158622,-116.1574738,-139,3DDiff (GPS nav),264235.3,4.9,,2,-0,-0.05,83.4,13,26,12,68,-138,4,9.9,10,2.07,1.20,-0.022,1.001,-1.013,,320,900,,,29.70,123.000,121.500,116.200,GPS1,SUSP,RW35,0.1,96,360,0.055,+0.95,350,VISUAL,-0.35,-1,,,,,,,,,,,,,,,-10.8,42.6,3174,,,,020007FF N100 N100 *,480017FF N100 N100,0.1,0.6,80,52,,1200,ALT,13.1,1820,64,183,14,1.1,5.4,-4,195,192,13.2,-7,985,1095,,
2026-07-21,18:23:56,01:23:56,-07:00,+33.6158630,-116.1574495,-138,3DDiff (GPS nav),264236.3,4.2,,2,-0,0.04,80.1,13,26,12,68,-138,4,10.0,10,1.88,1.27,-0.023,1.032,-1.061,,320,900,,,29.70,123.000,121.500,116.200,GPS1,SUSP,RW35,0.1,96,360,0.055,+0.95,350,VISUAL,-0.34,-1,,,,,,,,,,,,,,,-10.8,42.6,3174,,,,020007FF N100 N100 *,480017FF N99 N100,0.2,0.7,60,59,,1200,ALT,13.1,1810,65,184,14,1.0,5.4,-4,196,193,13.2,-6,980,1090,,
2026-07-21,18:23:57,01:23:57,-07:00,+33.6158625,-116.1574388,-138,3DDiff (GPS nav),264237.3,2.4,,1,0,0.00,79.5,13,26,12,67,-138,1,8.1,9,1.55,1.01,-0.027,1.001,-1.138,,320,900,,,29.70,123.000,121.500,116.200,GPS1,SUSP,RW35,0.1,96,360,0.055,+0.95,350,VISUAL,-0.34,-1,,,,,,,,,,,,,,,-10.8,42.6,3174,,,,040007FF N100 N100 *,480017FF N98 N100,0.1,0.5,59,64,,1200,ALT,13.1,1810,65,184,14,1.1,5.4,-4,196,193,13.2,-6,980,1085,,
2026-07-21,18:23:58,01:23:58,-07:00,+33.6158627,-116.1574385,-138,3DDiff (GPS nav),264238.3,0.5,,0,-0,0.01,79.8,13,26,12,68,-138,2,8.2,8,1.64,1.03,-0.042,1.022,-1.392,,320,900,,,29.70,123.000,121.500,116.200,GPS1,SUSP,RW35,0.1,96,360,0.055,+0.95,350,VISUAL,-0.34,-1,,,,,,,,,,,,,,,-10.8,42.6,3174,,,,040007FF N100 N100 *,480017FF N100 N100,0.4,0.5,76,87,,1200,ALT,13.1,1800,65,184,14,1.1,5.5,-4,196,193,13.2,-5,975,1080,,
2026-07-21,18:23:59,01:23:59,-07:00,+33.6158633,-116.1574385,-138,3DDiff (GPS nav),264239.3,0.2,,0,0,0.05,79.7,13,26,12,69,-137,18,9.0,9,1.87,1.04,-0.006,1.005,-2.691,,340,900,,,29.70,123.000,121.500,116.200,GPS1,SUSP,RW35,0.1,96,360,0.055,+0.95,350,VISUAL,-0.34,-1,,,,,,,,,,,,,,,-10.8,42.6,3175,,,,040007FF N100 N100 *,480017FF N100 N100,0.3,0.5,52,52,,1200,ALT,13.2,1800,65,184,14,1.0,5.5,-4,196,193,13.2,-5,975,1075,,
2026-07-21,18:24:00,01:24:00,-07:00,+33.6158636,-116.1574386,-138,3DDiff (GPS nav),264240.3,0.1,,-0,0,-0.03,79.7,13,26,12,69,-136,25,9.5,10,2.08,1.02,-0.027,0.995,-3.225,,350,900,,,29.70,123.000,121.500,116.200,GPS1,SUSP,RW35,0.1,96,360,0.055,+0.95,350,VISUAL,-0.34,-1,,,,,,,,,,,,,,,-10.8,42.6,3175,,,,040007FF N100 N100 *,480017FF N100 N100,0.2,0.5,50,33,,1200,ALT,13.2,1800,65,184,14,0.9,5.5,-4,197,193,13.2,-5,970,1070,,
2026-07-21,18:24:01,01:24:01,-07:00,+33.6158614,-116.1574391,-138,3DDiff (GPS nav),264241.3,0.0,,0,0,-0.02,79.7,13,26,12,69,-136,18,10.3,11,2.08,1.04,-0.016,1.004,-3.223,,350,900,,,29.70,123.000,121.500,116.200,GPS1,SUSP,RW35,0.1,96,360,0.055,+0.95,350,VISUAL,-0.34,-1,,,,,,,,,,,,,,,-10.8,42.6,3175,,,,040007FF N100 N100 *,480017FF N100 N100,0.2,0.5,54,25,,1200,ALT,13.1,1800,65,184,14,0.9,5.5,-4,197,194,13.2,-5,970,1065,,
2026-07-21,18:24:02,01:24:02,-07:00,+33.6158597,-116.1574414,-139,3DDiff (GPS nav),264242.3,0.0,,-0,0,0.01,79.9,13,26,12,69,-137,6,10.8,11,1.98,1.01,-0.006,1.014,-2.895,,350,900,,,29.70,123.000,121.500,116.200,GPS1,SUSP,RW35,0.1,96,360,0.055,+0.95,350,VISUAL,-0.35,-1,,,,,,,,,,,,,,,-10.8,42.6,3175,,,,040007FF N100 N100 *,480017FF N100 N100,0.3,0.5,56,19,,1200,ALT,13.0,1800,65,184,14,0.9,5.5,-4,197,194,13.2,-5,965,1060,,
2026-07-21,18:24:03,01:24:03,-07:00,+33.6158600,-116.1574397,-139,3DDiff (GPS nav),264243.3,0.0,,0,-0,0.01,80.1,13,26,12,69,-136,2,10.8,11,2.21,1.08,-0.031,0.985,-2.464,,350,900,,,29.70,123.000,121.500,116.200,GPS1,SUSP,RW35,0.1,96,360,0.055,+0.95,350,VISUAL,-0.35,-1,,,,,,,,,,,,,,,-10.8,42.6,3176,,,,040007FF N100 N100 *,480017FF N100 N100,0.2,0.5,52,22,,1200,ALT,13.0,1810,65,184,14,1.0,5.4,-4,197,194,13.2,-5,965,1055,,
2026-07-21,18:24:04,01:24:04,-07:00,+33.6158597,-116.1574382,-139,3DDiff (GPS nav),264244.3,0.2,,0,0,0.02,80.0,13,26,12,69,-136,-0,10.8,11,2.16,1.10,-0.018,0.985,-2.036,,350,900,,,29.70,123.000 TX,121.500 RX,116.200,GPS1,SUSP,RW35,0.1,96,360,0.055,+0.95,350,VISUAL,-0.35,-1,,,,,,,,,,,,,,,-10.8,42.6,3176,,,,040007FF N100 N100 *,480017FF N100 N100,0.2,0.5,41,27,,1200,ALT,12.9,1820,65,184,14,1.0,5.4,-4,198,194,13.2,-5,965,1050,,
2026-07-21,18:24:05,01:24:05,-07:00,+33.6158597,-116.1574356,-139,3DDiff (GPS nav),264245.3,0.5,,0,0,-0.01,80.2,13,26,12,69,-137,-2,10.5,11,2.14,1.01,-0.004,0.991,-1.713,,350,900,,,29.70,123.000 TX,121.500 RX,116.200,GPS1,SUSP,RW35,0.1,96,360,0.055,+0.95,350,VISUAL,-0.35,-1,,,,,,,,,,,,,,,-10.8,42.6,3177,,,,040007FF N100 N100 *,480017FF N100 N100,0.3,0.4,44,17,,1200,ALT,12.9,1930,65,184,14,0.9,5.4,-4,198,194,13.2,-5,960,1045,,
2026-07-21,18:24:06,01:24:06,-07:00,+33.6158594,-116.1574306,-139,3DDiff (GPS nav),264246.3,0.9,,1,0,0.01,80.2,13,26,12,68,-137,-5,9.9,10,2.20,0.96,-0.003,1.012,-1.520,,350,900,,,29.70,123.000 TX,121.500 RX,116.200,GPS1,SUSP,RW35,0.1,96,360,0.055,+0.95,350,VISUAL,-0.35,-1,,,,,,,,,,,,,,,-10.8,42.6,3177,,,,040007FF N100 N100 *,480017FF N100 N100,0.2,0.4,54,21,,1200,ALT,13.2,2000,65,184,14,0.9,5.4,-4,198,194,13.2,-5,960,1045,,
2026-07-21,18:24:07,01:24:07,-07:00,+33.6158611,-116.1574214,-139,3DDiff (GPS nav),264247.3,1.5,,1,-0,-0.04,80.1,13,26,12,67,-137,-14,9.7,10,2.30,0.96,-0.054,1.004,-1.401,,350,900,,,29.70,123.000 TX,121.500,116.200,GPS1,SUSP,RW35,0.1,96,360,0.055,+0.95,350,VISUAL,-0.35,-1,,,,,,,,,,,,,,,-10.8,42.6,3178,,,,040007FF N100 N100 *,480017FF N100 N100,0.3,0.4,79,41,,1200,ALT,13.9,2380,63,184,14,0.9,5.4,-4,198,194,13.2,-5,960,1040,,
2026-07-21,18:24:08,01:24:08,-07:00,+33.6158627,-116.1574058,-138,3DDiff (GPS nav),264248.3,2.3,,1,0,0.02,79.5,13,26,12,67,-138,-25,9.4,10,2.21,0.98,-0.024,0.961,-1.340,,350,900,,,29.70,123.000 TX,121.500,116.200,GPS1,SUSP,RW35,0.1,96,360,0.051,+0.88,350,VISUAL,-0.34,-1,,,,,,,,,,,,,,,-10.8,42.6,3178,,,,040007FF N100 N100 *,480017FF N100 N100,0.2,0.4,76,42,,1200,ALT,15.0,2510,61,184,14,1.4,5.3,-4,199,194,13.2,-4,960,1040,,
2026-07-21,18:24:09,01:24:09,-07:00,+33.6158628,-116.1573881,-138,3DDiff (GPS nav),264249.3,3.4,,2,0,0.03,78.5,13,26,12,66,-138,-27,8.9,9,2.21,0.99,-0.015,1.021,-1.348,,350,900,,,29.70,123.000 TX,121.500,116.200,GPS1,SUSP,RW35,0.1,96,360,0.051,+0.88,350,VISUAL,-0.35,-1,,,,,,,,,,,,,,,-10.8,42.6,3179,,,,040007FF N100 N100 *,480017FF N100 N100,0.2,0.5,68,35,,1200,ALT,16.0,2610,57,184,14,1.9,5.3,-4,199,194,13.2,-3,960,1040,,
2026-07-21,18:24:10,01:24:10,-07:00,+33.6158639,-116.1573630,-138,3DDiff (GPS nav),264250.3,4.4,,3,0,-0.06,77.8,13,26,12,67,-139,-24,8.6,9,2.18,0.97,0.020,1.020,-1.404,,350,900,,,29.70,123.000,121.500,116.200,GPS1,SUSP,RW35,0.0,97,360,0.051,+0.88,350,VISUAL,-0.34,-1,,,,,,,,,,,,,,,-10.8,42.7,3179,,,,040007FF N100 N100 *,480017FF N100 N100,0.2,0.5,83,66,,1200,ALT,16.5,2610,56,184,14,2.3,5.2,-4,199,195,13.2,-2,960,1040,,
2026-07-21,18:24:11,01:24:11,-07:00,+33.6158650,-116.1573318,-138,3DDiff (GPS nav),264251.3,5.5,,3,0,0.03,78.3,13,26,12,67,-138,-13,8.6,9,2.29,0.89,0.056,1.038,-1.491,,350,900,,,29.70,123.000,121.500,116.200,GPS1,SUSP,RW35,0.0,97,360,0.047,+0.81,350,VISUAL,-0.34,-1,,,,,,,,,,,,,,,-10.8,42.7,3180,,,,040007FF N100 N100 *,480017FF N100 N100,0.3,0.4,82,45,,1200,ALT,16.8,2630,54,184,14,2.6,5.1,-4,199,195,13.2,0,960,1045,,
2026-07-21,18:24:12,01:24:12,-07:00,+33.6158658,-116.1572950,-138,3DDiff (GPS nav),264252.3,6.5,,4,0,0.00,79.0,13,26,12,66,-139,-10,8.7,9,2.22,0.93,0.052,1.003,-1.548,,350,900,,,29.70,123.000,121.500,116.200,GPS1,SUSP,RW35,0.0,97,360,0.047,+0.81,350,VISUAL,-0.34,-1,,,,,,,,,,,,,,,-10.8,42.7,3181,,,,040007FF N100 N100 *,480017FF N100 N100,0.4,0.4,91,57,,1200,ALT,16.9,2600,53,184,14,2.5,5.1,-4,199,195,13.2,0,960,1050,,
2026-07-21,18:24:13,01:24:13,-07:00,+33.6158663,-116.1572523,-138,3DDiff (GPS nav),264253.3,7.6,,4,0,-0.04,79.2,13,26,12,65,-140,-24,9.3,10,2.22,0.82,-0.025,0.947,-1.788,,350,900,,,29.70,123.000,121.500,116.200,GPS1,SUSP,RW35,0.0,97,360,0.043,+0.75,350,VISUAL,-0.34,-1,,,,,,,,,,,,,,,-10.8,42.7,3181,,,,040007FF N100 N100 *,480017FF N100 N100,0.4,0.4,52,40,,1200,ALT,17.4,2980,52,184,14,2.4,5.2,-4,199,195,13.2,1,965,1050,,
2026-07-21,18:24:14,01:24:14,-07:00,+33.6158644,-116.1572006,-139,3DDiff (GPS nav),264254.3,9.1,,5,0,0.02,78.8,13,26,12,63,-141,-42,10.0,10,2.37,0.97,-0.029,0.980,-1.965,,350,900,,,29.70,123.000,121.500,116.200,GPS1,SUSP,RW35,0.0,98,360,0.043,+0.75,350,VISUAL,-0.35,-1,,,,,,,,,,,,,,,-10.8,42.7,3180,,,,040007FF N100 N100 *,480017FF N100 N100,0.2,0.4,47,45,,1200,ALT,18.6,3540,50,184,14,2.0,5.2,-4,199,195,13.2,2,970,1055,,
2026-07-21,18:24:15,01:24:15,-07:00,+33.6158656,-116.1571353,-139,3DDiff (GPS nav),264255.3,11.1,,6,0,-0.01,78.2,13,26,12,63,-142,-62,10.5,11,2.25,0.99,-0.059,1.011,-2.081,,350,900,,,29.70,123.000,121.500,116.200,GPS1,SUSP,RW35,0.0,99,360,0.039,+0.68,350,VISUAL,-0.35,-1,,,,,,,,,,,,,,,-10.8,42.7,3179,,,,040007FF N100 N100 *,480017FF N100 N100,0.5,0.4,83,64,,1200,ALT,18.5,2970,48,184,14,1.7,5.3,-4,199,195,13.2,3,975,1060,,
2026-07-21,18:24:16,01:24:16,-07:00,+33.6158664,-116.1570668,-139,3DDiff (GPS nav),264256.3,12.2,,6,0,0.03,78.2,13,26,12,64,-142,-40,11.6,12,2.20,0.96,-0.006,0.965,-2.034,,350,900,,,29.70,123.000,121.500,116.200,GPS1,SUSP,RW35,0.0,99,360,0.035,+0.61,350,VISUAL,-0.35,-1,,,,,,,,,,,,,,,-10.8,42.7,3181,,,,040007FF N100 N100 *,480017FF N100 N100,0.6,0.4,60,61,,1200,ALT,17.3,2130,49,184,14,1.7,5.3,-4,199,195,13.2,3,985,1060,,
2026-07-21,18:24:17,01:24:17,-07:00,+33.6158675,-116.1569975,-139,3DDiff (GPS nav),264257.3,12.5,,6,0,-0.01,79.0,13,26,12,66,-140,7,13.0,14,2.24,0.94,-0.001,1.035,-1.819,,350,900,,,29.70,123.000,121.500,116.200,GPS1,SUSP,RW35,0.0,101,360,0.031,+0.54,350,VISUAL,-0.35,-1,,,,,,,,,,,,,,,-10.8,42.7,3183,,,,040007FF N100 N100 *,480017FF N100 N100,0.7,0.4,45,50,,1200,ALT,15.5,1760,55,184,14,1.5,5.3,-4,199,195,13.2,0,990,1065,,
2026-07-21,18:24:18,01:24:18,-07:00,+33.6158668,-116.1569275,-139,3DDiff (GPS nav),264258.3,12.6,,7,-0,0.01,80.2,13,26,12,66,-140,32,14.3,15,2.31,0.93,0.004,1.001,-1.507,,350,900,,,29.70,123.000,121.500,116.200,GPS1,SUSP,RW35,0.0,102,360,0.027,+0.48,350,VISUAL,-0.35,-1,,,,,,,,,,,,,,,-10.8,42.7,3185,,,,040007FF N100 N100 *,480017FF N100 N100,0.7,0.3,47,44,,1200,ALT,14.3,1760,59,184,14,1.2,5.4,-4,199,195,13.2,-2,990,1065,,
2026-07-21,18:24:19,01:24:19,-07:00,+33.6158657,-116.1568566,-140,3DDiff (GPS nav),264259.3,12.6,,6,-0,-0.04,82.0,13,26,12,66,-140,28,15.4,16,2.56,1.00,0.019,0.983,-1.177,,350,900,,,29.70,123.000,121.500,116.200,GPS1,SUSP,RW35,0.0,104,360,0.023,+0.41,350,VISUAL,-0.35,-1,,,,,,,,,,,,,,,-10.8,42.7,3186,,,,040007FF N100 N100 *,480017FF N100 N100,0.5,0.3,38,50,,1200,ALT,13.6,1770,61,184,14,1.0,5.4,-4,199,195,13.2,-3,990,1060,,
2026-07-21,18:24:20,01:24:20,-07:00,+33.6158638,-116.1567876,-139,3DDiff (GPS nav),264260.3,12.3,,6,-1,0.00,85.9,13,23,12,66,-140,18,14.9,16,2.67,0.58,0.062,1.016,-0.889,,350,900,,,29.70,123.000,121.500,116.200,GPS1,SUSP,RW35,0.0,106,360,0.020,+0.36,350,VISUAL,-0.35,-1,,,,,,,,,,,,,,,-10.8,42.7,3187,,,,040007FF N100 N100 *,480017FF N100 N100,0.3,0.2,45,42,,1200,ALT,13.2,1790,63,184,14,0.9,5.5,-4,200,195,13.2,-4,990,1055,,
2026-07-21,18:24:21,01:24:21,-07:00,+33.6158566,-116.1567287,-139,3DDiff (GPS nav),264261.3,11.2,,5,-1,0.03,91.0,13,23,12,67,-139,16,13.3,14,2.42,0.46,0.016,0.999,-0.679,,350,900,,,29.70,123.000,121.500,116.200,GPS1,SUSP,RW35,0.0,107,360,0.020,+0.34,350,VISUAL,-0.35,-1,,,,,,,,,,,,,,,-10.8,42.8,3189,,,,040007FF N100 N100 *,480017FF N100 N100,0.4,0.0,50,46,,1200,ALT,13.0,1770,64,184,14,0.8,5.5,-4,200,195,13.2,-4,985,1050,,
2026-07-21,18:24:22,01:24:22,-07:00,+33.6158473,-116.1566753,-139,3DDiff (GPS nav),264262.3,10.0,,5,-1,0.09,93.1,13,26,12,66,-139,16,12.3,13,3.02,0.81,-0.049,1.010,-0.543,,350,900,,,29.70,123.000,121.500,116.200,GPS1,SUSP WPT,RW35,0.0,107,360,0.016,+0.27,350,VISUAL,-0.35,-1,,,,,,,,,,,,,,,-10.8,42.8,3191,,,,040007FF N100 N100 *,480017FF N100 N100,0.3,0.1,82,88,,1200,ALT,12.9,1760,64,183,14,0.8,5.5,-4,200,195,13.2,-4,985,1045,,
2026-07-21,18:24:23,01:24:23,-07:00,+33.6158386,-116.1566289,-139,3DDiff (GPS nav),264263.3,8.7,,4,-1,0.06,88.5,13,26,12,66,-139,9,11.6,12,2.90,1.05,-0.076,0.972,-0.466,,350,900,,,29.70,123.000,121.500,116.200,GPS1,SUSP WPT,RW35,0.0,108,360,0.012,+0.23,350,VISUAL,-0.35,-1,,,,,,,,,,,,,,,-10.8,42.8,3192,,,,040007FF N100 N100 *,480017FF N100 N100,0.3,0.3,51,71,,1200,ALT,12.8,1750,64,183,14,0.8,5.5,-4,200,195,13.2,-5,980,1040,,
2026-07-21,18:24:24,01:24:24,-07:00,+33.6158348,-116.1565881,-138,3DDiff (GPS nav),264264.3,7.6,,4,-0,0.12,77.9,13,26,12,67,-139,12,10.8,11,3.20,1.22,-0.109,1.051,-0.464,,350,900,,,29.70,123.000,121.500,116.200,GPS1,SUSP WPT,RW35,0.0,111,360,0.012,+0.20,350,VISUAL,-0.35,-1,,,,,,,,,,,,,,,-10.8,42.8,3194,,,,020007FF N100 N100 *,480017FF N100 N100,0.2,0.4,61,78,,1200,ALT,12.4,1740,64,183,14,0.9,5.5,-4,201,196,13.2,-5,980,1040,,
2026-07-21,18:24:25,01:24:25,-07:00,+33.6158367,-116.1565540,-137,3DDiff (GPS nav),264265.3,6.5,,3,1,0.06,63.8,13,26,12,67,-138,15,10.8,11,2.96,0.49,-0.067,0.969,-0.493,,350,900,,,29.70,123.000,121.500,116.200,GPS1,SUSP,RW35,0.0,115,360,0.008,+0.14,350,VISUAL,-0.34,-1,,,,,,,,,,,,,,,-10.8,42.8,3195,,,,020007FF N100 N100 *,480017FF N99 N100,0.1,0.5,122,92,,1200,ALT,12.1,1750,64,183,14,1.0,5.5,-4,201,196,13.2,-5,975,1035,,
2026-07-21,18:24:26,01:24:26,-07:00,+33.6158439,-116.1565234,-138,3DDiff (GPS nav),264266.3,6.2,,3,1,0.04,49.3,13,23,12,68,-138,18,12.0,12,3.26,0.66,-0.049,1.015,-0.525,,350,900,,,29.70,123.000,121.500,116.200,GPS1,SUSP WPT,RW35,0.0,125,360,0.008,+0.14,350,VISUAL,-0.34,-1,,,,,,,,,,,,,,,-10.8,42.8,3196,,,,020007FF N100 N100 *,480017FF N98 N100,0.1,0.4,84,87,,1200,ALT,11.9,1770,64,182,14,1.0,5.5,-4,201,196,13.2,-5,975,1030,,
2026-07-21,18:24:27,01:24:27,-07:00,+33.6158598,-116.1564931,-137,3DDiff (GPS nav),264267.3,6.2,,2,2,0.00,35.3,13,23,12,68,-138,22,12.9,13,3.44,0.53,-0.053,1.081,-0.540,,350,900,,,29.70,123.000,121.500,116.200,GPS1,SUSP WPT,RW35,0.0,137,360,0.008,+0.14,350,VISUAL,-0.34,-1,,,,,,,,,,,,,,,-10.8,42.8,3197,,,,020007FF N100 N100 *,480017FF N100 N100,0.2,0.3,48,64,,1200,ALT,11.9,2000,64,182,14,1.0,5.5,-4,201,196,13.2,-5,975,1025,,
2026-07-21,18:24:28,01:24:28,-07:00,+33.6158813,-116.1564686,-137,3DDiff (GPS nav),264268.3,6.4,,2,3,0.04,22.3,13,26,12,68,-137,21,13.4,14,3.26,0.39,-0.049,1.010,-0.541,,350,900,,,29.70,123.000,121.500,116.200,GPS1,SUSP WPT,RW35,0.0,152,360,0.004,+0.07,350,VISUAL,-0.33,-1,,,,,,,,,,,,,,,-10.8,42.8,3199,,,,020007FF N100 N100 *,480017FF N100 N100,0.3,0.3,53,75,,1200,ALT,13.1,2370,63,182,14,1.0,5.5,-4,201,196,13.2,-4,970,1025,,
2026-07-21,18:24:29,01:24:29,-07:00,+33.6159100,-116.1564493,-137,3DDiff (GPS nav),264269.3,7.1,,2,4,0.03,8.8,13,26,12,69,-137,16,13.9,14,3.26,0.28,-0.088,1.001,-0.527,,350,900,,,29.70,123.000,121.500,116.200,GPS1,SUSP WPT,RW35,0.0,161,360,0.004,+0.07,350,VISUAL,-0.33,-1,,,,,,,,,,,,,,,-10.8,42.8,3199,,,,020007FF N100 N100 *,480017FF N100 N100,0.3,0.3,79,60,,1200,ALT,15.4,2980,57,181,14,1.3,5.4,-4,201,196,13.2,-2,970,1020,,
2026-07-21,18:24:30,01:24:30,-07:00,+33.6159479,-116.1564368,-137,3DDiff (GPS nav),264270.3,8.3,,1,5,0.05,356.9,13,26,12,70,-136,26,15.0,16,3.24,0.65,-0.094,0.957,-0.473,,350,900,,,29.70,123.000,121.500,116.200,GPS1,SUSP WPT,RW35,0.0,169,360,0.004,+0.07,350,VISUAL,-0.33,-1,,,,,,,,,,,,,,,-10.8,42.8,3201,,,,020007FF N100 N100 *,480017FF N100 N100,0.4,0.4,54,66,,1200,ALT,17.4,3460,53,181,14,1.6,5.4,-4,201,196,13.2,1,970,1020,,
2026-07-21,18:24:31,01:24:31,-07:00,+33.6159970,-116.1564303,-138,3DDiff (GPS nav),264271.3,10.2,,0,6,0.00,350.9,13,26,12,67,-137,8,16.2,17,3.30,0.86,-0.044,0.981,-0.434,,350,900,,,29.70,123.000,121.500,116.200,GPS1,SUSP WPT,RW35,0.0,174,360,0.004,+0.07,350,VISUAL,-0.33,-1,,,,,,,,,,,,,,,-10.8,42.8,3200,,,,020007FF N100 N100 *,480017FF N100 N100,0.5,0.5,48,77,,1200,ALT,18.7,3680,51,181,14,1.6,5.4,-4,201,196,13.2,3,970,1025,,
2026-07-21,18:24:32,01:24:32,-07:00,+33.6160586,-116.1564280,-137,3DDiff (GPS nav),264272.3,12.6,,0,7,-0.02,349.6,13,23,12,65,-139,-36,16.5,17,2.98,0.87,-0.052,0.978,-0.433,,350,900,,,29.70,123.000,121.500,116.200,GPS1,SUSP WPT,RW35,0.0,176,360,0.004,+0.07,350,VISUAL,-0.31,-1,,,,,,,,,,,,,,,-10.8,42.8,3198,,,,040007FF N100 N100 *,480017FF N100 N100,0.5,0.4,42,45,,1200,ALT,20.2,3950,51,180,14,1.5,5.4,-4,201,195,13.2,5,980,1030,,
2026-07-21,18:24:33,01:24:33,-07:00,+33.6161300,-116.1564297,-137,3DDiff (GPS nav),264273.3,15.2,,-0,9,0.02,349.3,13,23,12,64,-140,-60,16.5,17,2.97,0.82,-0.024,0.979,-0.446,,350,900,,,29.70,123.000,121.500,116.200,GPS1,SUSP WPT,RW35,0.0,176,360,0.004,+0.07,350,VISUAL,-0.30,-1,,,,,,,,,,,,,,,-10.8,42.8,3197,,,,040007FF N100 N100 *,480017FF N100 N100,0.7,0.4,39,60,,1200,ALT,21.4,4080,51,180,14,1.6,5.4,-4,201,195,13.3,6,995,1045,,
2026-07-21,18:24:34,01:24:34,-07:00,+33.6162149,-116.1564300,-137,3DDiff (GPS nav),264274.3,17.9,,-0,10,0.03,349.2,13,26,12,62,-142,-83,17.1,18,2.89,0.86,-0.016,0.966,-0.460,,350,900,,,29.70,123.000,121.500,116.200,GPS1,SUSP WPT,RW35,0.0,177,360,0.004,+0.07,350,VISUAL,-0.29,-1,,,,,,,,,,,,,,,-10.8,42.8,3195,,,,040007FF N100 N100 *,480017FF N100 N100,0.8,0.4,50,58,,1200,ALT,22.2,4150,51,180,14,1.8,5.4,-4,201,195,13.3,6,1015,1060,,
2026-07-21,18:24:35,01:24:35,-07:00,+33.6163124,-116.1564297,-137,3DDiff (GPS nav),264275.3,20.7,360,0,11,0.03,349.2,13,26,12,60,-144,-97,18.8,20,2.66,1.13,-0.065,1.046,-0.454,,350,900,,,29.70,123.000,121.500,116.200,GPS1,SUSP WPT,RW35,0.0,178,360,0.004,+0.07,350,VISUAL,-0.28,-1,,,,,,,,,,,,,,,-10.8,42.8,3192,,,,040007FF N100 N100 *,480017FF N100 N100,0.8,0.4,47,72,,1200,ALT,23.1,4270,51,180,14,2.0,5.4,-4,200,195,13.3,7,1035,1075,,
2026-07-21,18:24:36,01:24:36,-07:00,+33.6164236,-116.1564294,-137,3DDiff (GPS nav),264276.3,23.6,360,0,13,0.04,348.9,13,26,12,58,-146,-105,21.0,22,2.77,0.96,-0.051,0.993,-0.436,,350,900,,,29.70,123.000,121.500,116.200,GPS1,SUSP WPT,RW35,0.0,178,360,0.004,+0.07,350,VISUAL,-0.26,-1,,,,,,,,,,,,,,,-10.8,42.8,3188,,,,040007FF N100 N100 *,480017FF N100 N100,0.8,0.5,48,51,,1200,ALT,23.9,4400,51,179,14,2.2,5.3,-4,200,194,13.3,7,1060,1095,,
2026-07-21,18:24:37,01:24:37,-07:00,+33.6165491,-116.1564314,-136,3DDiff (GPS nav),264277.3,26.6,360,-0,15,0.06,348.7,13,26,12,57,-147,-106,23.1,24,2.60,0.94,-0.030,1.014,-0.391,,350,900,,,29.70,123.000,121.500,116.200,GPS1,SUSP,RW35,0.0,177,360,0.004,+0.07,350,VISUAL,-0.24,-1,,,,,,,,,,,,,,,-10.8,42.8,3185,,,,040007FF N100 N100 *,480017FF N100 N100,0.7,0.6,60,51,,1200,ALT,24.7,4520,52,179,14,2.3,5.2,-4,200,192,13.3,7,1080,1110,,
2026-07-21,18:24:38,01:24:38,-07:00,+33.6166877,-116.1564345,-137,3DDiff (GPS nav),264278.3,29.8,360,-0,16,0.04,348.5,13,23,12,56,-148,-89,25.2,26,2.63,0.88,-0.028,1.046,-0.338,,350,900,,,29.70,123.000,121.500,116.200,GPS1,SUSP,RW35,0.1,178,360,0.004,+0.07,350,VISUAL,-0.23,-1,,,,,,,,,,,,,,,-10.8,42.8,3183,,,,040007FF N100 N100 *,480017FF N100 N100,0.7,0.5,47,60,,1200,ALT,25.4,4660,52,179,14,2.5,5.0,-4,199,189,13.3,7,1105,1130,,
2026-07-21,18:24:39,01:24:39,-07:00,+33.6168437,-116.1564351,-137,3DDiff (GPS nav),264279.3,33.1,360,-0,18,0.11,349.3,13,23,12,53,-150,-90,28.0,29,2.61,0.31,0.018,0.989,-0.282,,350,900,,,29.70,123.000,121.500,116.200,GPS1,SUSP,RW35,0.1,178,360,0.004,+0.07,350,VISUAL,-0.21,-1,,,,,,,,,,,,,,,-10.8,42.8,3179,,,,040007FF N100 N100 *,480017FF N100 N100,0.8,0.5,48,50,,1200,ALT,26.1,4770,53,179,14,2.7,4.8,-4,199,187,13.3,7,1130,1150,,
2026-07-21,18:24:40,01:24:40,-07:00,+33.6170146,-116.1564364,-136,3DDiff (GPS nav),264280.3,36.4,360,-0,20,0.06,349.8,13,23,12,51,-152,-101,31.4,33,2.40,-0.01,-0.017,1.004,-0.224,,350,900,,,29.70,123.000,121.500,116.200,GPS1,SUSP,RW35,0.1,178,360,0.004,+0.07,350,VISUAL,-0.18,-1,,,,,,,,,,,,,,,-10.8,42.8,3175,,,,040007FF N100 N100 *,480017FF N100 N100,0.8,0.3,54,51,,1200,ALT,26.7,4870,53,179,14,3.1,4.6,-4,199,187,13.3,7,1150,1165,,
2026-07-21,18:24:41,01:24:41,-07:00,+33.6172016,-116.1564373,-136,3DDiff (GPS nav),264281.3,39.9,360,-0,21,0.02,349.5,13,26,12,49,-154,-112,34.9,37,2.47,-0.03,-0.024,0.971,-0.168,,350,900,,,29.70,123.000,121.500,116.200,GPS1,SUSP,RW35,0.1,179,360,0.004,+0.07,350,VISUAL,-0.16,-1,,,,,,,,,,,,,,,-10.8,42.7,3170,,,,040007FF N100 N100 *,480017FF N100 N100,0.7,0.3,60,58,,1200,ALT,27.2,4990,53,179,14,3.5,4.5,-4,199,187,13.3,7,1175,1185,,
2026-07-21,18:24:42,01:24:42,-07:00,+33.6174049,-116.1564405,-136,3DDiff (GPS nav),264282.3,43.4,360,-0,23,0.02,349.7,13,26,12,46,-156,-125,38.6,40,2.21,-0.30,-0.004,0.965,-0.116,,350,900,,,29.70,123.000,121.500,116.200,GPS1,SUSP,RW35,0.1,179,360,0.004,+0.07,350,VISUAL,-0.13,-0,,,,,,,,,,,,,,,-10.8,42.7,3165,,,,040007FF N100 N100 *,480017FF N100 N100,0.7,0.3,72,54,,1200,ALT,27.8,5140,54,179,14,4.0,4.4,-4,199,187,13.3,7,1190,1200,,
2026-07-21,18:24:43,01:24:43,-07:00,+33.6176244,-116.1564435,-137,3DDiff (GPS nav),264283.3,46.9,360,-0,25,0.07,350.9,13,26,12,43,-159,-147,41.9,44,2.92,-0.54,0.041,1.001,-0.074,+0.104,350,900,,,29.70,123.000,121.500,116.200,GPS1,SUSP,RW35,0.1,179,360,0.004,+0.07,350,VISUAL,-0.11,-0,,,,,,,,,,,,,,,-10.8,42.7,3159,,,,040007FF N100 N100 *,480017FF N100 N100,0.6,0.3,58,62,,1200,ALT,28.3,5230,54,179,14,12.7,4.3,-4,199,188,13.3,6,1205,1210,,
2026-07-21,18:24:44,01:24:44,-07:00,+33.6178626,-116.1564448,-136,3DDiff (GPS nav),264284.3,50.5,360,-0,27,0.11,352.1,13,23,12,39,-162,-165,44.9,47,3.58,0.31,-0.015,0.999,-0.041,+0.187,350,900,,,29.70,123.000,121.500,116.200,GPS1,SUSP,RW35,0.1,179,360,0.004,+0.07,350,VISUAL,-0.07,-0,,,,,,,,,,,,,,,-10.8,42.7,3153,,,,040007FF N100 N100 *,480017FF N100 N100,0.8,0.2,99,44,,1200,ALT,28.9,5330,54,178,14,21.3,4.2,-4,199,188,13.3,6,1215,1215,,
2026-07-21,18:24:45,01:24:45,-07:00,+33.6181150,-116.1564463,-135,3DDiff (GPS nav),264285.3,54.0,360,0,29,0.51,352.1,13,23,12,38,-165,-174,47.4,50,3.50,1.79,-0.019,1.032,-0.008,+0.290,350,900,,,29.70,123.000,121.500,116.200,GPS1,SUSP,RW35,0.1,179,360,0.004,+0.07,350,VISUAL,-0.04,-0,,,,,,,,,,,,,,,-10.8,42.7,3147,,,,040007FF N100 N100 *,480017FF N100 N100,1.0,0.2,100,96,,1200,ALT,29.3,5340,54,178,14,16.6,4.1,-4,199,187,13.3,6,1225,1220,,
2026-07-21,18:24:46,01:24:46,-07:00,+33.6183841,-116.1564440,-133,3DDiff (GPS nav),264286.3,57.3,360,0,30,0.90,351.7,13,23,12,39,-166,-135,50.1,52,2.14,0.20,-0.013,0.978,+0.018,+0.208,350,900,,,29.70,123.000,121.500,116.200,GPS1,SUSP,RW35,0.2,179,360,0.004,+0.07,350,VISUAL,,,,,,,,,,,,,,,,,-10.8,42.6,3143,,,,040007FF N100 N100 *,420017FF N100 N100,1.1,0.2,27,50,,1200,ALT,29.5,5340,54,178,14,12.1,4.1,-4,199,187,13.3,6,1230,1225,,
2026-07-21,18:24:47,01:24:47,-07:00,+33.6186635,-116.1564414,-129,3DDiff (GPS nav),264287.3,60.1,1,0,32,1.19,352.3,13,26,12,41,-166,-67,53.3,56,3.01,1.46,-0.011,1.091,+0.025,+0.013,350,900,,,29.70,123.000,121.500,116.200,GPS1,SUSP,RW35,0.2,179,360,0.004,+0.07,350,VISUAL,,,,,,,,,,,,,,,,,-10.8,42.6,3140,,,,040007FF N100 N100 *,480017FF N100 N100,1.2,0.2,34,75,,1200,ALT,29.6,5350,54,178,14,8.8,4.1,-4,199,187,13.3,6,1235,1225,,
2026-07-21,18:24:48,01:24:48,-07:00,+33.6189545,-116.1564366,-123,3DDiff (GPS nav),264288.3,62.4,360,0,33,2.06,351.3,13,26,12,45,-164,9,55.9,59,4.64,0.78,-0.010,1.050,+0.017,-0.005,350,900,,,29.70,123.000,121.500,116.200,GPS1,SUSP,RW35,0.2,179,360,0.004,+0.07,350,VISUAL,,,,,,,,,,,,,,,,,-10.8,42.6,3139,0,,,040007FF N100 N100 *,480017FF N100 N100,1.4,0.3,41,44,,1200,ALT,29.6,5360,54,178,14,7.3,4.1,-4,199,187,13.3,6,1240,1230,,
2026-07-21,18:24:49,01:24:49,-07:00,+33.6192557,-116.1564327,-114,3DDiff (GPS nav),264289.3,64.3,360,0,34,2.75,350.6,13,26,12,52,-159,114,58.6,61,4.03,0.72,-0.011,0.933,+0.002,-0.005,350,900,,,29.70,123.000,121.500,116.200,GPS1,SUSP,RW35,0.2,179,360,0.004,+0.07,350,VISUAL,,,,,,,,,,,,,,,,,-10.8,42.5,3142,0,,,040007FF N100 N100 *,480017FF N100 N100,1.5,0.3,91,93,,1200,ALT,29.7,5370,54,178,14,6.6,4.1,-4,199,187,13.3,6,1245,1230,,
2026-07-21,18:24:50,01:24:50,-07:00,+33.6195613,-116.1564299,-107,3DDiff (GPS nav),264290.3,66.1,360,0,34,1.98,350.7,13,23,12,58,-153,227,61.2,64,3.66,-0.02,0.002,0.934,-0.022,-0.118,350,900,,,29.70,123.000,121.500,116.200,GPS1,SUSP,RW35,0.2,180,360,0.004,+0.07,350,VISUAL,,,,,,,,,,,,,,,,,-10.8,42.5,3146,0,,,040007FF N100 N100 *,480017FF N100 N100,1.4,0.1,55,51,,1200,ALT,29.7,5380,55,178,14,6.3,4.1,-4,199,187,13.3,6,1250,1230,,
2026-07-21,18:24:51,01:24:51,-07:00,+33.6198790,-116.1564259,-100,3DDiff (GPS nav),264291.3,68.1,1,0,36,2.15,351.2,13,23,12,66,-146,318,63.9,67,4.23,1.51,-0.035,0.914,-0.050,-0.089,350,900,,,29.70,123.000,121.500,116.200,GPS1,SUSP,RW35,0.2,180,360,0.004,+0.07,350,VISUAL,,,,,,,,,,,,,,,,,-10.8,42.5,3152,0,,,040007FF N100 N100 *,480017FF N100 N100,1.1,0.2,67,103,,1200,ALT,29.7,5400,55,178,14,6.1,4.1,-4,200,189,13.3,6,1255,1235,,
2026-07-21,18:24:52,01:24:52,-07:00,+33.6202024,-116.1564243,-92,3DDiff (GPS nav),264292.3,69.8,1,0,36,2.58,351.7,13,23,12,71,-140,364,65.9,69,4.72,0.34,-0.014,1.052,-0.072,-0.082,350,900,,,29.70,123.000,121.500,116.200,GPS1,SUSP,RW35,0.3,180,360,0.004,+0.07,350,VISUAL,,,,,,,,,,,,,,,,,-10.8,42.4,3157,0,,,040007FF N100 N100 *,420017FF N100 N100,1.1,0.2,44,58,,1200,ALT,29.7,5410,55,178,14,6.0,4.1,-4,200,189,13.3,6,1255,1235,,
2026-07-21,18:24:53,01:24:53,-07:00,+33.6205361,-116.1564226,-83,3DDiff (GPS nav),264293.3,71.4,1,0,37,2.37,351.7,13,26,12,77,-134,369,67.3,71,4.83,0.06,0.001,1.065,-0.091,-0.105,350,900,,,29.70,123.000,121.500,116.200,GPS1,SUSP,RW35,0.3,180,360,0.004,+0.07,350,VISUAL,,,,,,,,,,,,,,,,,-10.8,42.4,3161,0,,,040007FF N100 N100 *,480017FF N100 N100,1.2,0.3,60,97,,1200,ALT,29.7,5420,55,177,14,6.0,4.1,-4,200,190,13.3,6,1260,1240,,
2026-07-21,18:24:54,01:24:54,-07:00,+33.6208721,-116.1564215,-73,3DDiff (GPS nav),264294.3,72.6,360,0,38,3.47,351.3,13,26,12,85,-127,373,68.3,72,6.11,0.41,-0.004,1.094,-0.109,-0.116,350,900,,,29.70,123.000,121.500,116.200,GPS1,SUSP,RW35,0.3,180,360,0.004,+0.07,350,VISUAL,,,,,,,,,,,,,,,,,-10.8,42.4,3167,0,,,040007FF N100 N100 *,480017FF N100 N100,1.1,0.2,39,94,,1200,ALT,29.7,5440,55,177,14,6.0,4.1,-4,200,191,13.3,6,1265,1240,,
2026-07-21,18:24:55,01:24:55,-07:00,+33.6212147,-116.1564197,-62,3DDiff (GPS nav),264295.3,73.5,360,-0,38,3.26,351.7,13,26,12,95,-119,410,68.7,72,6.71,-0.05,0.038,1.032,-0.122,-0.149,350,900,,,29.70,123.000,121.500,116.200,GPS1,SUSP,RW35,0.3,180,360,0.004,+0.07,350,VISUAL,,,,,,,,,,,,,,,,,-10.8,42.4,3175,0,,,040007FF N100 N100 *,480017FF N100 N100,1.2,0.2,77,83,,1200,ALT,29.7,5440,55,177,14,6.0,4.2,-4,201,191,13.3,6,1270,1245,,
2026-07-21,18:24:56,01:24:56,-07:00,+33.6215642,-116.1564171,-48,3DDiff (GPS nav),264296.3,74.1,1,0,38,5.56,351.8,13,23,12,105,-109,483,68.8,72,6.75,4.56,-0.046,0.786,-0.135,-0.126,350,900,,,29.70,123.000,121.500,116.200,GPS1,SUSP,RW35,0.3,180,360,0.004,+0.07,350,VISUAL,,,,,,,,,,,,,,,,,-10.8,42.4,3186,0,,,040007FF N100 N100 *,480017FF N100 N100,1.1,0.3,230,259,,1200,ALT,29.7,5470,55,177,14,6.0,4.2,-4,201,192,13.3,6,1275,1245,,
2026-07-21,18:24:57,01:24:57,-07:00,+33.6219024,-116.1564116,-27,3DDiff (GPS nav),264297.3,73.9,1,1,38,7.50,352.3,13,23,12,117,-99,540,70.4,74,9.38,4.92,0.001,1.120,-0.137,-0.054,350,900,,,29.70,123.000,121.500,116.200,GPS1,SUSP,RW35,0.4,180,360,0.004,+0.07,350,VISUAL,,,,,,,,,,,,,,,,,-10.8,42.4,3195,100,,,020007FF N100 N100 *,420017FF N100 N100,1.1,0.4,139,183,,1200,ALT,29.7,5540,55,177,14,6.1,4.2,-4,201,192,13.3,6,1275,1250,,
2026-07-21,18:24:58,01:24:58,-07:00,+33.6222394,-116.1563961,1,3DDiff (GPS nav),264298.3,72.8,2,2,37,9.03,353.4,13,23,12,137,-86,648,72.3,76,10.86,2.55,0.019,0.953,-0.141,-0.162,350,900,,,29.70,123.000,121.500,116.200,GPS1,SUSP,RW35,0.4,180,360,-0.000,+0.00,350,VISUAL,,,,,,,,,,,,,,,,,-10.8,42.3,3206,100,,,040007FF N100 N100 *,480017FF N100 N100,0.8,0.4,103,113,,1200,ALT,29.7,5540,55,177,14,5.9,4.2,-4,202,192,13.3,6,1280,1255,,
2026-07-21,18:24:59,01:24:59,-07:00,+33.6225688,-116.1563725,31,3DDiff (GPS nav),264299.3,71.3,2,3,36,9.84,352.5,13,26,12,163,-65,867,73.0,77,13.31,0.93,0.017,1.076,-0.151,-0.268,350,900,,,29.70,123.000,121.500,116.200,GPS1,SUSP,RW35,0.4,180,360,-0.000,+0.00,350,VISUAL,,,,,,,,,,,,,,,,,-10.8,42.3,3230,100,,,040007FF N100 N100 *,480017FF N100 N100,0.6,0.6,154,147,,1200,ALT,29.7,5520,55,177,14,5.9,4.2,-4,202,192,13.3,6,1285,1255,,
2026-07-21,18:25:00,01:25:00,-07:00,+33.6228888,-116.1563459,66,3DDiff (GPS nav),264300.3,69.4,3,2,35,11.00,352.4,13,26,12,194,-39,1145,72.4,76,13.17,0.38,0.034,0.815,-0.163,-0.227,350,900,,,29.70,123.000,121.500,116.200,GPS1,SUSP,RW35,0.4,180,360,-0.000,+0.00,350,VISUAL,,,,,,,,,,,,,,,,,-10.8,42.3,3261,100,,,020007FF N100 N100 *,480017FF N100 N100,0.4,1.0,123,153,,1200,ALT,29.6,5500,55,177,14,5.9,4.2,-4,202,193,13.3,6,1290,1260,,
2026-07-21,18:25:01,01:25:01,-07:00,+33.6232010,-116.1563170,99,3DDiff (GPS nav),264301.3,67.7,4,3,34,9.72,352.2,13,26,12,223,-11,1402,71.7,75,13.29,2.13,0.022,0.993,-0.179,-0.362,350,900,,,29.70,123.000,121.500,116.200,GPS1,SUSP,RW35,0.4,181,360,-0.004,-0.05,350,VISUAL,,,,,,,,,,,,,,,,,-10.8,42.3,3296,100,,,040007FF N100 N100 *,480017FF N100 N100,0.3,0.9,64,74,,1200,ALT,29.6,5500,55,177,14,6.0,4.2,-4,202,194,13.3,6,1290,1260,,
2026-07-21,18:25:02,01:25:02,-07:00,+33.6235028,-116.1562833,129,3DDiff (GPS nav),264302.3,66.3,4,3,34,8.96,350.4,13,23,12,254,19,1592,70.9,75,12.28,0.79,0.004,0.907,-0.201,-0.382,350,900,,,29.70,123.000,121.500,116.200,GPS1,SUSP,RW35,0.5,181,360,-0.004,-0.07,350,VISUAL,,,,,,,,,,,,,,,,,-10.8,42.3,3332,200,,,040007FF N100 N100 *,480017FF N100 N100,0.5,0.6,97,78,,1200,ALT,29.6,5480,55,177,14,6.1,4.2,-4,202,194,13.3,6,1295,1265,,
2026-07-21,18:25:03,01:25:03,-07:00,+33.6238037,-116.1562455,157,3DDiff (GPS nav),264303.3,65.3,6,3,33,7.70,351.6,13,23,12,283,49,1709,70.0,74,10.18,-0.19,0.023,0.845,-0.219,-0.329,350,900,,,29.70,123.000,121.500,116.200,GPS1,SUSP,RW35,0.5,181,360,-0.008,-0.11,350,VISUAL,,,,,,,,,,,,,,,,,-10.8,42.3,3370,200,,,040007FF N100 N100 *,480017FF N99 N100,0.7,0.3,28,69,,1200,ALT,29.5,5460,55,177,14,6.0,4.2,-4,202,194,13.3,6,1295,1265,,
2026-07-21,18:25:04,01:25:04,-07:00,+33.6241027,-116.1562078,180,3DDiff (GPS nav),264304.3,64.8,6,4,33,7.32,351.6,13,23,12,306,76,1712,69.1,73,10.61,0.50,0.031,0.956,-0.235,-0.327,350,900,,,29.70,123.000,121.500,116.200,GPS1,SUSP,RW35,0.5,181,360,-0.008,-0.14,350,VISUAL,,,,,,,,,,,,,,,,,-10.8,42.3,3404,200,,,040007FF N100 N100 *,480017FF N98 N100,0.9,0.3,64,58,,1200,ALT,29.5,5450,55,177,14,6.0,4.1,-4,202,195,13.3,6,1295,1265,,
2026-07-21,18:25:05,01:25:05,-07:00,+33.6243974,-116.1561668,204,3DDiff (GPS nav),264305.3,64.2,6,4,33,7.46,350.8,13,26,12,327,100,1614,68.5,72,10.86,-0.50,0.022,0.938,-0.241,-0.237,350,900,,,29.70,123.000,121.500,116.200,GPS1,SUSP,RW35,0.5,181,360,-0.012,-0.18,350,VISUAL,,,,,,,,,,,,,,,,,-10.8,42.3,3432,300,,,040007FF N100 N100 *,480017FF N98 N100,0.9,0.3,59,69,,1200,ALT,29.5,5450,54,177,14,6.0,4.1,-4,202,195,13.3,6,1300,1265,,
2026-07-21,18:25:06,01:25:06,-07:00,+33.6246898,-116.1561236,228,3DDiff (GPS nav),264306.3,63.6,6,4,32,7.05,350.9,13,26,12,350,122,1508,67.3,71,9.92,2.02,-0.009,0.792,-0.239,-0.238,350,900,,,29.70,123.000,121.500,116.200,GPS1,SUSP,RW35,0.5,181,360,-0.012,-0.20,350,VISUAL,,,,,,,,,,,,,,,,,-10.8,42.3,3459,300,,,040007FF N100 N100 *,480017FF N97 N100,0.7,0.4,60,50,,1200,ALT,29.4,5430,54,177,14,6.0,4.1,-4,202,195,13.3,6,1300,1265,,
2026-07-21,18:25:07,01:25:07,-07:00,+33.6249824,-116.1560770,248,3DDiff (GPS nav),264307.3,63.6,6,4,32,5.32,349.5,13,26,12,373,145,1435,65.8,69,9.58,-0.65,-0.052,1.204,-0.236,-0.293,350,900,,,29.70,123.000,121.500,116.200,GPS1,SUSP,RW35,0.5,182,360,-0.016,-0.25,350,VISUAL,,,,,,,,,,,,,,,,,-10.8,42.3,3486,300,,,040007FF N100 N100 *,480017FF N96 N100,0.8,0.2,111,120,,1200,ALT,29.4,5410,54,177,14,6.0,4.1,-4,202,195,13.3,6,1300,1265,,
2026-07-21,18:25:08,01:25:08,-07:00,+33.6252778,-116.1560326,267,3DDiff (GPS nav),264308.3,63.6,7,4,33,5.49,350.1,13,23,12,392,167,1378,65.7,69,7.25,-3.88,0.023,0.708,-0.227,-0.142,350,900,,,29.70,123.000,121.500,116.200,GPS1,SUSP,RW35,0.6,182,360,-0.016,-0.27,350,VISUAL,,,,,,,,,,,,,,,,,-10.8,42.3,3511,300,,,040007FF N100 N100 *,480017FF N96 N100,0.7,0.2,100,117,,1200,ALT,29.4,5420,54,177,14,6.0,4.2,-4,202,196,13.3,6,1300,1265,,
2026-07-21,18:25:09,01:25:09,-07:00,+33.6255731,-116.1559975,280,3DDiff (GPS nav),264309.3,64.0,7,3,33,3.52,349.9,13,23,12,406,185,1257,65.7,69,7.00,-7.04,0.038,0.963,-0.219,-0.303,350,900,,,29.70,123.000,121.500,116.200,GPS1,SUSP,RW35,0.6,182,360,-0.020,-0.34,350,VISUAL,,,,,,,,,,,,,,,,,-10.8,42.3,3530,400,,,040007FF N100 N100 *,480017FF N95 N100,0.7,0.2,32,61,,1200,ALT,29.4,5420,54,177,14,6.1,4.2,-4,203,196,13.3,6,1300,1265,,
2026-07-21,18:25:10,01:25:10,-07:00,+33.6258716,-116.1559702,292,3DDiff (GPS nav),264310.3,64.6,4,2,33,4.09,347.0,13,23,12,416,199,1086,65.9,70,8.56,-9.50,0.002,1.133,-0.215,-0.221,350,900,,,29.70,123.000,121.500,116.200,GPS1,SUSP,RW35,0.6,182,360,-0.020,-0.34,350,VISUAL,,,,,,,,,,,,,,,,,-10.8,42.3,3544,400,,,040007FF N100 N100 *,480017FF N95 N100,0.7,0.5,175,136,,1200,ALT,29.4,5420,54,177,14,6.0,4.2,-4,203,196,13.3,6,1300,1260,,
2026-07-21,18:25:11,01:25:11,-07:00,+33.6261703,-116.1559603,308,3DDiff (GPS nav),264311.3,64.5,1,0,33,5.24,344.5,13,26,12,429,211,925,66.2,70,9.46,-7.05,-0.008,1.001,-0.198,-0.018,350,900,,,29.70,123.000,121.500,116.200,GPS1,SUSP,RW35,0.6,182,360,-0.020,-0.34,350,VISUAL,,,,,,,,,,,,,,,,,-10.8,42.2,3556,400,,,020007FF N100 N100 *,480017FF N94 N100,0.8,0.3,38,91,,1200,ALT,29.4,5420,53,177,14,5.9,4.3,-4,203,196,13.3,6,1300,1260,,
2026-07-21,18:25:12,01:25:12,-07:00,+33.6264686,-116.1559645,324,3DDiff (GPS nav),264312.3,64.3,359,-1,33,4.30,343.3,13,26,12,444,225,855,66.1,70,7.66,-6.51,0.007,0.938,-0.181,-0.163,350,900,,,29.70,123.000,121.500,116.200,GPS1,SUSP,RW35,0.6,182,360,-0.020,-0.34,350,VISUAL,,,,,,,,,,,,,,,,,-10.8,42.2,3569,400,,,040007FF N100 N100 *,480017FF N94 N100,0.9,0.4,24,54,,1200,ALT,29.3,5420,53,177,14,5.9,4.3,-4,203,195,13.3,6,1300,1260,,
2026-07-21,18:25:13,01:25:13,-07:00,+33.6267683,-116.1559796,336,3DDiff (GPS nav),264313.3,64.6,358,-2,33,2.93,342.9,13,26,12,455,238,818,66.7,70,5.29,-5.60,0.009,0.877,-0.175,-0.272,350,900,,,29.70,123.000,121.500,116.200,GPS1,SUSP,RW35,0.7,182,360,-0.020,-0.34,350,VISUAL,,,,,,,,,,,,,,,,,-10.8,42.2,3582,400,,,040007FF N100 N100 *,480017FF N93 N100,0.6,0.5,28,68,,1200,ALT,29.3,5420,53,177,14,6.0,4.3,-4,203,195,13.3,6,1300,1260,,
2026-07-21,18:25:14,01:25:14,-07:00,+33.6270694,-116.1560065,344,3DDiff (GPS nav),264314.3,65.5,357,-3,34,2.60,342.4,13,23,12,465,249,765,67.8,72,5.40,-4.80,0.000,1.043,-0.177,-0.246,350,900,,,29.70,123.000,121.500,116.200,GPS1,SUSP,RW35,0.7,182,360,-0.020,-0.34,350,VISUAL,,,,,,,,,,,,,,,,,-10.8,42.1,3592,400,,,020007FF N100 N100 *,480017FF N92 N100,0.4,0.7,160,208,,1200,ALT,29.3,5420,53,177,14,6.0,4.2,-4,204,196,13.3,6,1300,1260,,
2026-07-21,18:25:15,01:25:15,-07:00,+33.6273775,-116.1560419,355,3DDiff (GPS nav),264315.3,66.6,355,-4,34,3.47,341.8,13,23,12,474,259,693,68.2,72,7.00,-0.41,0.013,1.111,-0.175,-0.130,350,900,,,29.70,123.000,121.500,116.200,GPS1,SUSP,RW35,0.7,181,360,-0.016,-0.27,350,VISUAL,,,,,,,,,,,,,,,,,-10.8,42.1,3600,400,,,040007FF N100 N100 *,480017FF N92 N100,0.6,0.8,81,213,,1200,ALT,29.3,5430,53,177,14,5.9,4.2,-4,204,197,13.3,6,1300,1260,,
2026-07-21,18:25:16,01:25:16,-07:00,+33.6276884,-116.1560799,368,3DDiff (GPS nav),264316.3,67.1,354,-3,34,4.59,340.7,13,23,12,482,268,624,68.3,72,9.20,-0.17,-0.003,1.176,-0.169,-0.098,350,900,,,29.70,123.000,121.500,116.200,GPS1,SUSP,RW35,0.7,181,360,-0.016,-0.27,350,VISUAL,,,,,,,,,,,,,,,,,-10.8,42.0,3606,400,,,020007FF N100 N100 *,480017FF N91 N100,0.8,0.7,73,227,,1200,ALT,29.3,5440,53,177,14,5.9,4.3,-4,204,197,13.3,6,1300,1260,,
2026-07-21,18:25:17,01:25:17,-07:00,+33.6279991,-116.1561168,386,3DDiff (GPS nav),264317.3,67.2,354,-3,34,5.01,341.5,13,26,12,496,279,607,68.3,72,7.63,-0.97,-0.005,1.018,-0.161,-0.138,350,900,,,29.70,123.000,121.500,116.200,GPS1,SUSP,RW35,0.7,181,360,-0.012,-0.20,350,VISUAL,,,,,,,,,,,,,,,,,-10.8,42.0,3614,500,,,040007FF N100 N100 *,480017FF N90 N100,0.8,0.6,50,92,,1200,ALT,29.3,5450,54,177,14,5.9,4.4,-4,204,197,13.3,6,1300,1260,,
2026-07-21,18:25:18,01:25:18,-07:00,+33.6283087,-116.1561537,403,3DDiff (GPS nav),264318.3,67.3,355,-3,34,5.15,342.0,13,26,12,511,292,669,68.8,73,7.90,0.14,0.017,1.092,-0.161,-0.220,350,900,,,29.70,123.000,121.500,116.200,GPS1,SUSP,RW35,0.7,181,360,-0.012,-0.20,350,VISUAL,,,,,,,,,,,,,,,,,-10.8,41.9,3625,500,,,040007FF N100 N100 *,480017FF N92 N100,0.8,0.5,56,74,,1200,ALT,29.3,5460,54,177,14,6.0,4.4,-4,205,197,13.3,6,1300,1260,,
2026-07-21,18:25:19,01:25:19,-07:00,+33.6286200,-116.1561884,421,3DDiff (GPS nav),264319.3,67.3,354,-3,34,5.68,342.0,13,26,12,526,306,741,69.3,73,8.01,1.51,0.004,0.983,-0.163,-0.210,350,900,,,29.70,123.000,121.500,116.200,GPS1,SUSP,RW35,0.8,181,360,-0.008,-0.14,350,VISUAL,,,,,,,,,,,,,,,,,-10.8,41.9,3638,500,,,040007FF N100 N100 *,480017FF N96 N100,0.9,0.4,19,54,,1200,ALT,29.2,5460,54,177,14,6.0,4.4,-4,205,197,13.3,6,1300,1260,,
2026-07-21,18:25:20,01:25:20,-07:00,+33.6289325,-116.1562172,441,3DDiff (GPS nav),264320.3,67.2,356,-3,34,6.01,344.0,13,23,12,543,322,827,69.4,73,8.69,5.32,0.008,1.146,-0.168,-0.225,350,900,,,29.70,123.000,121.500,116.200,GPS1,SUSP,RW35,0.8,181,360,-0.008,-0.14,350,VISUAL,,,,,,,,,,,,,,,,,-10.8,41.9,3653,500,,,040007FF N100 N100 *,480017FF N100 N100,0.9,0.1,230,215,,1200,ALT,29.2,5460,54,177,14,6.0,4.4,-4,205,197,13.3,6,1300,1260,,
2026-07-21,18:25:21,01:25:21,-07:00,+33.6292428,-116.1562377,462,3DDiff (GPS nav),264321.3,66.9,357,-1,34,6.87,344.7,13,23,12,561,339,912,69.9,74,9.62,1.23,0.026,0.949,-0.172,-0.185,350,900,,,29.70,123.000,121.500,116.200,GPS1,SUSP,RW35,0.8,181,360,-0.008,-0.14,350,VISUAL,,,,,,,,,,,,,,,,,-10.8,41.8,3669,500,,,040007FF N100 N100 *,480017FF N100 N100,0.8,0.1,75,103,,1200,ALT,29.2,5470,54,177,14,6.0,4.5,-4,205,197,13.3,6,1300,1260,,
2026-07-21,18:25:22,01:25:22,-07:00,+33.6295507,-116.1562495,483,3DDiff (GPS nav),264322.3,66.5,357,-1,34,6.19,344.1,13,23,12,579,356,977,70.4,74,7.81,0.30,-0.001,0.939,-0.183,-0.338,350,900,,,29.70,123.000,121.500,116.200,GPS1,SUSP,RW35,0.8,181,360,-0.004,-0.07,350,VISUAL,,,,,,,,,,,,,,,,,-10.8,41.8,3685,600,,,040007FF N100 N100 *,480017FF N100 N100,0.9,0.4,62,80,,1200,ALT,29.2,5470,54,177,14,6.1,4.5,-4,205,198,13.3,6,1300,1260,,
2026-07-21,18:25:23,01:25:23,-07:00,+33.6298579,-116.1562599,502,3DDiff (GPS nav),264323.3,66.4,358,-1,34,4.98,344.0,13,26,12,601,375,1051,70.7,75,6.64,-0.33,-0.002,1.050,-0.199,-0.366,350,900,,,29.70,123.000,121.500,116.200,GPS1,SUSP,RW35,0.8,180,360,-0.004,-0.07,350,VISUAL,,,,,,,,,,,,,,,,,-10.8,41.7,3705,600,,,040007FF N100 N100 *,480017FF N100 N100,0.8,0.5,82,77,,1200,ALT,29.2,5460,54,177,14,6.2,4.4,-4,206,198,13.3,6,1305,1265,,
2026-07-21,18:25:24,01:25:24,-07:00,+33.6301675,-116.1562707,519,3DDiff (GPS nav),264324.3,66.7,359,-1,34,4.95,344.3,13,26,12,616,394,1096,71.1,75,6.01,1.15,0.037,0.737,-0.215,-0.323,350,900,,,29.70,123.000,121.500,116.200,GPS1,SUSP,RW35,0.9,180,360,-0.004,-0.07,350,VISUAL,,,,,,,,,,,,,,,,,-10.8,41.7,3724,600,,,040007FF N100 N100 *,480017FF N100 N100,0.6,0.3,60,82,,1200,ALT,29.1,5460,54,177,14,6.1,4.4,-8,206,198,13.3,5,1305,1265,,
2026-07-21,18:25:25,01:25:25,-07:00,+33.6304799,-116.1562789,532,3DDiff (GPS nav),264325.3,67.3,358,-1,35,4.01,343.1,13,26,12,630,409,1050,71.7,76,5.90,-0.47,0.015,1.071,-0.231,-0.365,350,900,,,29.70,123.000,121.500,116.200,GPS1,SUSP,RW35,0.9,180,360,-0.004,-0.07,350,VISUAL,,,,,,,,,,,,,,,,,-10.8,41.7,3738,600,,,040007FF N100 N100 *,480017FF N100 N100,0.6,0.1,92,101,,1200,ALT,29.1,5460,55,177,14,6.2,4.3,-8,206,197,13.3,5,1305,1265,,
2026-07-21,18:25:26,01:25:26,-07:00,+33.6307942,-116.1562889,545,3DDiff (GPS nav),264326.3,68.0,359,-1,35,3.57,344.1,13,23,12,643,424,987,71.7,76,5.14,0.64,0.020,0.885,-0.238,-0.262,350,900,,,29.70,123.000,121.500,116.200,GPS1,SUSP,RW35,0.9,180,360,-0.004,-0.07,350,VISUAL,,,,,,,,,,,,,,,,,-10.8,41.6,3752,600,,,040007FF N100 N100 *,480017FF N100 N100,0.6,0.2,46,82,,1200,ALT,29.1,5470,55,177,14,6.0,4.3,-8,206,197,13.3,5,1305,1265,,
2026-07-21,18:25:27,01:25:27,-07:00,+33.6311144,-116.1562952,556,3DDiff (GPS nav),264327.3,68.7,359,-1,35,3.29,345.3,13,23,12,653,437,890,71.6,76,6.56,-1.19,0.013,1.000,-0.244,-0.308,350,900,,,29.70,123.000,121.500,116.200,GPS1,SUSP,RW35,0.9,180,360,-0.004,-0.07,350,VISUAL,,,,,,,,,,,,,,,,,-10.8,41.6,3764,600,,,040007FF N100 N100 *,480017FF N100 N100,0.6,0.0,106,90,,1200,ALT,29.1,5470,54,177,14,6.0,4.3,-8,206,198,13.3,5,1305,1265,,
2026-07-21,18:25:28,01:25:28,-07:00,+33.6314351,-116.1563023,568,3DDiff (GPS nav),264328.3,69.1,359,-0,36,4.10,344.6,13,23,12,663,447,781,71.6,76,6.00,0.96,0.020,1.177,-0.242,-0.242,350,900,,,29.70,123.000,121.500,116.200,GPS1,SUSP,RW35,0.9,180,360,-0.004,-0.07,350,VISUAL,,,,,,,,,,,,,,,,,-10.8,41.6,3772,600,,,040007FF N100 N100 *,420017FF N100 N100,0.8,0.2,119,98,,1200,ALT,29.1,5470,54,177,14,6.0,4.3,-8,206,197,13.3,5,1305,1265,,
2026-07-21,18:25:29,01:25:29,-07:00,+33.6317577,-116.1563076,583,3DDiff (GPS nav),264329.3,69.6,358,-1,36,4.08,343.8,13,26,12,676,458,712,71.9,76,4.01,0.12,-0.047,0.954,-0.234,-0.217,350,900,,,29.70,123.000,121.500,116.200,GPS1,SUSP,RW35,1.0,180,360,-0.004,-0.07,350,VISUAL,,,,,,,,,,,,,,,,,-10.8,41.5,3781,700,,,040007FF N100 N100 *,480017FF N100 N100,0.9,0.1,103,134,,1200,ALT,29.1,5490,54,177,14,6.0,4.4,-8,207,196,13.3,5,1305,1265,,
2026-07-21,18:25:30,01:25:30,-07:00,+33.6320847,-116.1563170,597,3DDiff (GPS nav),264330.3,70.4,359,-1,36,4.01,345.6,13,26,12,690,472,724,73.3,78,4.20,-0.02,0.045,0.905,-0.230,-0.309,350,900,,,29.70,123.000,121.500,116.200,GPS1,SUSP,RW35,1.0,180,360,-0.004,-0.07,350,VISUAL,,,,,,,,,,,,,,,,,-10.8,41.5,3791,700,,,040007FF N100 N100 *,480017FF N100 N100,0.6,0.1,130,125,,1200,ALT,29.1,5500,54,177,14,5.9,4.4,-8,207,196,13.3,5,1305,1265,,
2026-07-21,18:25:31,01:25:31,-07:00,+33.6324140,-116.1563240,612,3DDiff (GPS nav),264331.3,71.0,358,-1,37,5.45,344.5,13,26,12,699,483,718,74.0,78,6.92,1.53,-0.002,1.134,-0.229,-0.277,350,900,,,29.70,123.000,121.500,116.200,GPS1,SUSP,RW35,1.0,180,360,-0.000,-0.00,350,VISUAL,,,,,,,,,,,,,,,,,-10.8,41.4,3801,700,,,040007FF N100 N100 *,480017FF N100 N100,0.7,0.0,94,104,,1200,ALT,29.1,5520,54,177,14,5.8,4.4,-8,207,196,13.3,5,1305,1265,,
2026-07-21,18:25:32,01:25:32,-07:00,+33.6327451,-116.1563275,633,3DDiff (GPS nav),264332.3,70.9,359,-0,36,6.41,344.5,13,23,12,716,496,729,74.3,79,7.45,-1.16,0.049,0.980,-0.223,-0.235,350,900,,,29.70,123.000,121.500,116.200,GPS1,SUSP,RW35,1.0,180,360,-0.000,-0.00,350,VISUAL,,,,,,,,,,,,,,,,,-10.8,41.4,3810,700,,,040007FF N100 N100 *,480017FF N100 N100,0.7,0.1,103,118,,1200,ALT,29.0,5540,55,177,14,5.7,4.4,-8,207,197,13.3,5,1305,1265,,
2026-07-21,18:25:33,01:25:33,-07:00,+33.6330712,-116.1563320,654,3DDiff (GPS nav),264333.3,70.6,359,-0,36,6.93,343.9,13,23,12,733,511,800,74.6,79,7.55,0.18,0.009,1.064,-0.225,-0.357,350,900,,,29.70,123.000,121.500,116.200,GPS1,SUSP,RW35,1.0,180,360,-0.000,-0.00,350,VISUAL,,,,,,,,,,,,,,,,,-10.8,41.3,3825,700,,,040007FF N100 N100 *,480017FF N100 N100,0.7,0.1,58,108,,1200,ALT,29.0,5530,56,178,14,5.9,4.4,-8,207,198,13.3,5,1305,1270,,
2026-07-21,18:25:34,01:25:34,-07:00,+33.6333973,-116.1563328,677,3DDiff (GPS nav),264334.3,70.2,359,-0,36,6.81,343.8,13,23,12,754,530,913,74.5,79,6.67,0.13,-0.018,0.758,-0.227,-0.299,350,900,,,29.70,123.000,121.500,116.200,GPS1,SUSP,RW35,1.1,180,360,-0.000,-0.00,350,VISUAL,,,,,,,,,,,,,,,,,-10.8,41.3,3844,700,,,040007FF N100 N100 *,480017FF N100 N100,0.6,0.1,66,68,,1200,ALT,29.0,5510,56,178,14,6.1,4.4,-8,207,198,13.3,5,1305,1270,,
2026-07-21,18:25:35,01:25:35,-07:00,+33.6337228,-116.1563351,696,3DDiff (GPS nav),264335.3,70.3,360,-0,36,5.11,345.3,13,26,12,774,549,1033,73.9,78,6.51,-2.04,0.031,0.955,-0.233,-0.392,350,900,,,29.70,123.000,121.500,116.200,GPS1,SUSP,RW35,1.1,180,360,-0.000,-0.00,350,VISUAL,,,,,,,,,,,,,,,,,-10.8,41.3,3866,700,,,040007FF N100 N100 *,480017FF N100 N100,0.5,0.1,39,89,,1200,ALT,29.0,5500,56,178,14,6.3,4.4,-8,207,199,13.3,5,1310,1270,,
2026-07-21,18:25:36,01:25:36,-07:00,+33.6340494,-116.1563375,713,3DDiff (GPS nav),264336.3,70.3,360,-0,36,5.85,345.2,13,26,12,790,567,1082,73.6,78,7.42,-0.53,-0.026,0.961,-0.242,-0.336,350,900,,,29.70,123.000,121.500,116.200,GPS1,SUSP,RW35,1.1,180,360,-0.000,-0.00,350,VISUAL,,,,,,,,,,,,,,,,,-10.8,41.3,3884,800,,,040007FF N100 N100 *,480017FF N100 N100,0.6,0.1,76,187,,1200,ALT,29.0,5520,56,178,14,6.1,4.4,-8,207,198,13.3,5,1310,1270,,
2026-07-21,18:25:37,01:25:37,-07:00,+33.6343773,-116.1563414,732,3DDiff (GPS nav),264337.3,70.1,360,-0,36,5.89,346.2,13,26,12,809,585,1091,73.2,78,7.29,0.55,0.017,0.932,-0.243,-0.259,350,900,,,29.70,123.000,121.500,116.200,GPS1,SUSP,RW35,1.1,180,360,-0.000,-0.00,350,VISUAL,,,,,,,,,,,,,,,,,-10.8,41.2,3902,800,,,020007FF N100 N100 *,480017FF N100 N100,0.7,0.0,143,222,,1200,ALT,29.0,5500,55,179,14,6.0,4.4,-8,207,197,13.3,5,1310,1270,,
2026-07-21,18:25:38,01:25:38,-07:00,+33.6346975,-116.1563469,749,3DDiff (GPS nav),264338.3,70.0,359,-0,36,5.19,345.6,13,23,12,825,603,1078,72.4,77,7.67,-2.66,0.007,1.060,-0.243,-0.341,350,900,,,29.70,123.000,121.500,116.200,GPS1,SUSP,RW35,1.1,180,360,-0.000,-0.00,350,VISUAL,,,,,,,,,,,,,,,,,-10.8,41.2,3921,800,,,020007FF N100 N100 *,480017FF N100 N100,0.8,0.0,49,222,,1200,ALT,28.9,5510,55,179,14,6.0,4.4,-8,207,197,13.3,5,1310,1270,,
2026-07-21,18:25:39,01:25:39,-07:00,+33.6350197,-116.1563515,768,3DDiff (GPS nav),264339.3,69.6,359,-1,36,6.08,344.9,13,23,12,841,619,1046,72.6,77,7.94,-1.37,0.057,0.998,-0.244,-0.332,350,900,,,29.70,123.000,121.500,116.200,GPS1,SUSP,RW35,1.1,180,360,-0.000,-0.00,350,VISUAL,,,,,,,,,,,,,,,,,-10.8,41.2,3937,800,,,040007FF N100 N100 *,480017FF N100 N100,0.7,0.2,62,109,,1200,ALT,28.9,5510,55,180,14,6.0,4.4,-8,207,197,13.3,5,1310,1270,,
2026-07-21,18:25:40,01:25:40,-07:00,+33.6353408,-116.1563582,788,3DDiff (GPS nav),264340.3,69.2,359,-1,35,6.23,344.3,13,23,12,858,636,1015,72.7,77,8.03,-0.43,0.011,1.055,-0.245,-0.316,327,900,,,29.70,123.000,121.500,116.200,GPS1,SUSP,RW35,1.2,180,360,-0.000,-0.00,350,VISUAL,,,,,,,,,,,,,,,,,-10.8,41.1,3952,800,,,020007FF N100 N100 *,480017FF N100 N100,0.6,0.1,22,117,,1200,ALT,28.9,5510,56,180,14,6.0,4.4,-8,207,197,13.3,5,1310,1270,,
2026-07-21,18:25:41,01:25:41,-07:00,+33.6356586,-116.1563644,810,3DDiff (GPS nav),264341.3,68.8,359,-1,35,6.51,344.4,13,23,12,878,654,1035,72.8,77,7.40,-2.82,0.002,0.994,-0.243,-0.260,283,900,,,29.70,123.000,121.500,116.200,GPS1,SUSP,RW35,1.2,180,360,-0.000,-0.00,350,VISUAL,,,,,,,,,,,,,,,,,-10.8,41.1,3971,900,,,040007FF N100 N100 *,480017FF N100 N100,0.7,0.1,63,83,,1200,ALT,28.9,5500,56,180,14,5.9,4.4,-8,207,197,13.3,5,1310,1270,,
2026-07-21,18:25:42,01:25:42,-07:00,+33.6359760,-116.1563743,831,3DDiff (GPS nav),264342.3,68.5,360,-1,35,6.24,344.6,13,26,12,899,674,1091,72.7,77,7.60,-3.34,0.012,1.082,-0.241,-0.335,265,900,,,29.70,123.000,121.500,116.200,GPS1,SUSP,RW35,1.2,180,360,-0.000,-0.00,350,VISUAL,,,,,,,,,,,,,,,,,-10.8,41.1,3992,900,,,040007FF N100 N100 *,480017FF N100 N100,0.6,0.1,73,93,,1200,ALT,28.9,5490,55,181,14,6.0,4.5,-8,207,196,13.3,5,1310,1270,,
2026-07-21,18:25:43,01:25:43,-07:00,+33.6362934,-116.1563887,852,3DDiff (GPS nav),264343.3,68.3,357,-2,35,6.05,342.2,13,26,12,919,694,1140,72.4,77,7.21,-6.72,-0.032,0.754,-0.241,-0.325,265,900,,,29.70,123.000,121.500,116.200,GPS1,SUSP,RW35,1.2,180,360,-0.000,-0.00,350,VISUAL,,,,,,,,,,,,,,,,,-10.8,41.0,4013,900,,,040007FF N100 N100 *,480017FF N100 N100,0.5,0.1,154,116,,1200,ALT,28.9,5490,54,181,14,5.9,4.5,-8,207,196,13.3,5,1310,1270,,
2026-07-21,18:25:44,01:25:44,-07:00,+33.6366131,-116.1564168,869,3DDiff (GPS nav),264344.3,68.4,355,-4,35,4.96,339.0,13,23,12,941,715,1194,71.7,76,6.50,-14.77,-0.036,0.983,-0.243,-0.319,265,900,,,29.70,123.000,121.500,116.200,GPS1,SUSP,RW35,1.2,180,360,0.004,+0.07,350,VISUAL,,,,,,,,,,,,,,,,,-10.8,41.0,4036,900,8.7,328,020007FF N100 N100 *,480017FF N100 N100,0.6,0.0,102,127,,1200,ALT,28.8,5460,54,181,14,5.9,4.4,-8,207,196,13.3,5,1310,1270,,
2026-07-21,18:25:45,01:25:45,-07:00,+33.6369253,-116.1564761,883,3DDiff (GPS nav),264345.3,68.6,352,-6,35,3.53,337.1,13,23,12,956,734,1198,70.7,75,6.00,-18.51,0.022,0.984,-0.240,-0.274,265,900,,,29.70,123.000,121.500,116.200,GPS1,SUSP,RW35,1.3,180,360,0.004,+0.07,350,VISUAL,,,,,,,,,,,,,,,,,-10.8,41.0,4057,900,8.7,327,020007FF N100 N100 *,480017FF N100 N100,0.4,0.1,46,126,,1200,ALT,28.8,5430,55,182,14,6.0,4.4,-8,207,196,13.3,5,1310,1270,,
2026-07-21,18:25:46,01:25:46,-07:00,+33.6372378,-116.1565652,896,3DDiff (GPS nav),264346.3,69.2,347,-9,34,4.21,333.0,13,23,12,966,748,1086,69.7,74,7.94,-16.77,0.037,1.134,-0.234,-0.187,265,900,,,29.70,123.000 TX,121.500,116.200,GPS1,SUSP,RW35,1.3,180,360,0.012,+0.18,350,VISUAL,,,,,,,,,,,,,,,,,-10.8,41.0,4072,1000,8.8,326,040007FF N100 N100 *,480017FF N100 N100,0.3,0.4,64,80,,1200,ALT,28.8,5440,55,182,14,5.9,4.4,-8,206,196,13.3,5,1310,1270,,
2026-07-21,18:25:47,01:25:47,-07:00,+33.6375418,-116.1566874,911,3DDiff (GPS nav),264347.3,69.1,341,-12,33,4.92,327.8,13,26,12,977,760,925,69.7,74,10.00,-18.06,0.023,1.177,-0.220,-0.155,265,900,,,29.70,123.000 TX,121.500,116.200,GPS1,SUSP,RW35,1.3,179,360,0.016,+0.27,350,VISUAL,,,,,,,,,,,,,,,,,-10.8,40.9,4081,1000,8.8,325,020007FF N100 N100 *,480017FF N100 N100,0.4,0.4,37,72,,1200,ALT,28.8,5470,55,182,14,5.9,4.4,-8,206,196,13.3,5,1305,1270,,
2026-07-21,18:25:48,01:25:48,-07:00,+33.6378304,-116.1568438,931,3DDiff (GPS nav),264348.3,68.4,336,-16,31,7.03,323.0,13,30,11,992,773,829,69.4,74,11.13,-19.49,0.062,1.128,-0.202,-0.088,265,900,,,29.70,123.000 TX,121.500,116.200,GPS1,SUSP,RW35,1.3,179,360,0.023,+0.41,350,VISUAL,,,,,,,,,,,,,,,,,-10.8,40.9,4092,1000,8.9,324,040007FF N100 N100 *,480017FF N100 N100,0.6,0.2,67,64,,1200,ALT,28.7,5470,56,183,14,5.9,4.4,-8,206,196,13.3,4,1305,1270,,
2026-07-21,18:25:49,01:25:49,-07:00,+33.6380976,-116.1570335,956,3DDiff (GPS nav),264349.3,67.2,329,-19,29,7.88,317.7,13,26,12,1011,788,843,69.4,74,11.29,-19.90,-0.013,1.055,-0.183,-0.119,265,900,,,29.70,123.000 TX,121.500,116.200,GPS1,SUSP,RW35,1.3,179,360,0.035,+0.59,350,VISUAL,,,,,,,,,,,,,,,,,-10.8,40.8,4107,1000,8.9,323,040007FF N100 N100 *,480017FF N99 N100,0.7,0.2,35,50,,1200,ALT,28.7,5480,56,183,14,5.9,4.4,-8,206,196,13.3,4,1305,1270,,
2026-07-21,18:25:50,01:25:50,-07:00,+33.6383422,-116.1572539,982,3DDiff (GPS nav),264350.3,66.3,324,-21,27,7.91,313.2,13,26,12,1036,809,971,68.6,73,11.24,-19.64,0.056,0.950,-0.171,-0.199,265,900,,,29.70,123.000 TX,121.500,116.200,GPS1,SUSP,RW35,1.3,178,360,0.047,+0.79,350,VISUAL,,,,,,,,,,,,,,,,,-10.8,40.8,4129,1000,8.8,323,040007FF N100 N100 *,480017FF N100 N100,0.7,0.2,39,77,,1200,ALT,28.7,5450,56,183,14,6.0,4.4,-8,206,197,13.3,4,1305,1270,,
2026-07-21,18:25:51,01:25:51,-07:00,+33.6385708,-116.1574938,1007,3DDiff (GPS nav),264351.3,65.8,318,-23,25,6.67,308.0,13,26,12,1061,832,1140,67.4,72,8.86,-19.15,-0.011,0.790,-0.170,-0.297,265,900,,,29.70,123.000,121.500,116.200,GPS1,SUSP,RW35,1.4,178,360,0.059,+0.99,350,VISUAL,,,,,,,,,,,,,,,,,-10.8,40.8,4156,1000,8.8,323,020007FF N100 N100 *,480017FF N100 N100,0.8,0.1,49,89,,1200,ALT,28.7,5420,56,184,14,6.2,4.4,-8,206,197,13.3,4,1305,1270,,
2026-07-21,18:25:52,01:25:52,-07:00,+33.6387839,-116.1577580,1024,3DDiff (GPS nav),264352.3,66.2,314,-25,23,4.58,305.8,13,26,12,1083,855,1279,67.1,71,6.41,-20.42,0.010,0.740,-0.180,-0.337,265,900,,,29.70,123.000,121.500,116.200,GPS1,SUSP,RW35,1.4,177,360,0.070,+1.00,350,VISUAL,,,,,,,,,,,,,,,,,-10.8,40.8,4182,1100,8.7,323,040007FF N100 N100 *,480017FF N100 N100,0.8,0.1,122,106,,1200,ALT,28.7,5410,56,184,14,6.3,4.4,-8,206,197,13.3,4,1305,1270,,
2026-07-21,18:25:53,01:25:53,-07:00,+33.6389824,-116.1580475,1035,3DDiff (GPS nav),264353.3,67.4,310,-28,21,2.68,302.3,13,26,12,1096,875,1275,67.0,71,4.46,-21.63,0.015,0.988,-0.195,-0.355,265,900,,,29.70,123.000,121.500,116.200,GPS1,SUSP,RW35,1.4,177,360,0.086,+1.00,350,VISUAL,,,,,,,,,,,,,,,,,-10.8,40.8,4203,1100,8.7,325,040007FF N100 N100 *,480017FF N100 N100,0.7,0.4,41,92,,1200,ALT,28.6,5400,56,184,14,6.2,4.4,-8,206,197,13.3,5,1305,1265,,
2026-07-21,18:25:54,01:25:54,-07:00,+33.6391629,-116.1583655,1042,3DDiff (GPS nav),264354.3,69.1,304,-31,19,1.92,298.3,13,26,12,1105,888,1120,67.5,72,1.82,-21.59,0.023,0.833,-0.207,-0.240,265,900,,,29.70,123.000,121.500,116.200,GPS1,SUSP,RW35,1.4,176,360,0.102,+1.00,350,VISUAL,,,,,,,,,,,,,,,,,-10.8,40.7,4216,1100,8.6,327,040007FF N100 N100 *,420017FF N100 N100,0.6,0.5,47,55,,1200,ALT,28.1,5110,56,185,14,6.1,4.4,-8,206,199,13.3,5,1305,1265,,
2026-07-21,18:25:55,01:25:55,-07:00,+33.6393247,-116.1587114,1045,3DDiff (GPS nav),264355.3,71.1,299,-33,17,-0.17,294.1,13,26,12,1109,897,893,68.7,73,-0.02,-23.57,0.031,1.031,-0.216,-0.321,265,900,,,29.70,123.000,121.500,116.200,GPS1,SUSP,RW35,1.4,175,360,0.117,+1.00,350,VISUAL,,,,,,,,,,,,,,,,,-10.8,40.7,4222,1100,8.5,330,020007FF N100 N100 *,480017FF N100 N100,0.4,0.6,52,53,,1200,ALT,27.6,5080,54,185,14,5.8,4.5,-8,206,200,13.3,5,1305,1265,,
2026-07-21,18:25:56,01:25:56,-07:00,+33.6394651,-116.1590834,1044,3DDiff (GPS nav),264356.3,73.6,294,-36,14,-0.63,289.2,13,26,12,1107,901,611,70.8,75,0.02,-23.81,0.005,1.063,-0.224,-0.282,265,900,,,29.70,123.000,121.500,116.200,GPS1,SUSP,RW35,1.4,175,360,0.137,+1.00,350,VISUAL,,,,,,,,,,,,,,,,,-10.8,40.6,4220,1100,8.4,333,040007FF N100 N100 *,480017FF N100 N100,0.3,0.7,56,47,,1200,ALT,27.1,5120,53,185,14,5.4,4.6,-8,206,200,13.3,5,1310,1270,,
2026-07-21,18:25:57,01:25:57,-07:00,+33.6395742,-116.1594893,1042,3DDiff (GPS nav),264357.3,76.3,288,-39,11,-0.25,284.5,13,26,12,1102,899,302,73.6,78,0.26,-23.66,0.008,1.065,-0.227,-0.244,265,900,,,29.70,123.000,121.500,116.200,GPS1,SUSP,RW35,1.4,174,360,0.156,+1.00,350,VISUAL,,,,,,,,,,,,,,,,,-10.8,40.5,4209,1100,8.3,335,020007FF N100 N100 *,480017FF N100 N100,0.2,0.9,157,124,,1200,ALT,26.8,5080,53,186,14,4.9,4.8,-8,206,200,13.3,5,1315,1275,,
2026-07-21,18:25:58,01:25:58,-07:00,+33.6396515,-116.1599199,1041,3DDiff (GPS nav),264358.3,78.9,282,-40,7,-0.10,279.9,16,30,11,1102,897,86,75.9,81,0.53,-17.07,0.026,1.092,-0.225,-0.247,265,900,,,29.70,123.000,121.500,116.200,GPS1,SUSP,RW35,1.4,173,360,0.180,+1.00,350,VISUAL,,,,,,,,,,,,,,,,,-10.8,40.5,4199,1200,8.2,338,020007FF N100 N100 *,480017FF N100 N100,0.3,0.8,48,78,,1200,ALT,26.2,4870,52,186,14,4.5,4.9,-8,206,201,13.3,5,1320,1285,,
2026-07-21,18:25:59,01:25:59,-07:00,+33.6397026,-116.1603621,1041,3DDiff (GPS nav),264359.3,80.5,277,-42,5,0.17,275.5,13,26,12,1103,897,4,77.3,82,1.04,-13.75,-0.031,1.061,-0.224,-0.280,265,900,,,29.70,123.000,121.500,116.200,GPS1,SUSP,RW35,1.4,172,360,0.199,+1.00,350,VISUAL,,,,,,,,,,,,,,,,,-10.8,40.4,4193,1200,8.2,340,020007FF N100 N100 *,480017FF N100 N100,0.3,0.8,71,71,,1200,ALT,25.1,4630,51,186,14,4.2,5.0,-8,205,202,13.3,5,1325,1295,,
2026-07-21,18:26:00,01:26:00,-07:00,+33.6397307,-116.1608141,1042,3DDiff (GPS nav),264360.3,81.3,274,-42,2,0.42,273.1,13,26,12,1104,898,-7,78.5,84,1.28,-10.18,0.005,0.989,-0.222,-0.257,265,900,,,29.70,123.000,121.500,116.200,GPS1,SUSP,RW35,1.5,171,360,0.223,+1.00,350,VISUAL,,,,,,,,,,,,,,,,,-10.8,40.3,4188,1100,8.2,342,040007FF N100 N100 *,480017FF N100 N100,0.3,0.7,43,66,,1200,ALT,23.6,4490,49,187,14,3.9,5.1,-8,205,202,13.3,5,1330,1300,,
2026-07-21,18:26:01,01:26:01,-07:00,+33.6397430,-116.1612649,1043,3DDiff (GPS nav),264361.3,81.6,272,-42,1,0.65,270.5,13,26,12,1106,899,16,78.8,84,1.37,-5.09,0.036,1.016,-0.221,-0.288,265,900,,,29.70,123.000,121.500,116.200,GPS1,SUSP,RW35,1.5,170,360,0.246,+1.00,350,VISUAL,,,,,,,,,,,,,,,,,-10.8,40.3,4185,1100,8.3,343,040007FF N100 N100 *,480017FF N99 N100,0.5,0.5,32,71,,1200,ALT,22.6,4430,48,187,14,3.6,5.2,-8,205,203,13.3,5,1335,1300,,
2026-07-21,18:26:02,01:26:02,-07:00,+33.6397439,-116.1617191,1046,3DDiff (GPS nav),264362.3,81.6,271,-42,0,1.33,271.4,13,26,12,1109,901,57,78.4,84,0.88,0.49,0.034,1.037,-0.218,-0.210,265,900,,,29.70,123.000,121.500,116.200,GPS1,SUSP,RW35,1.5,169,360,0.270,+1.00,350,VISUAL,,,,,,,,,,,,,,,,,-10.8,40.3,4184,1100,8.3,344,040007FF N100 N100 *,420017FF N99 N100,0.6,0.5,149,177,,1200,ALT,21.8,4390,47,187,14,3.3,5.3,-8,205,203,13.3,5,1335,1300,,
2026-07-21,18:26:03,01:26:03,-07:00,+33.6397472,-116.1621682,1050,3DDiff (GPS nav),264363.3,81.4,271,-42,0,0.97,271.3,13,26,12,1112,904,107,77.2,82,0.31,-1.34,0.049,0.870,-0.213,-0.248,265,900,,,29.70,123.000,121.500,116.200,GPS1,SUSP,RW35,1.5,169,360,0.293,+1.00,350,VISUAL,,,,,,,,,,,,,,,,,-10.8,40.3,4186,1200,8.5,345,040007FF N100 N100 *,480017FF N98 N100,0.7,0.1,65,155,,1200,ALT,21.3,4380,46,188,14,3.1,5.3,-8,203,203,13.3,5,1335,1300,,
2026-07-21,18:26:04,01:26:04,-07:00,+33.6397517,-116.1626190,1051,3DDiff (GPS nav),264364.3,81.2,271,-42,1,0.09,271.2,13,26,12,1115,907,145,76.4,81,-0.95,0.85,0.021,0.904,-0.218,-0.368,265,900,,,29.70,123.000,121.500,116.200,GPS1,SUSP,RW35,1.5,168,360,0.312,+1.00,350,VISUAL,,,,,,,,,,,,,,,,,-10.8,40.2,4187,1200,8.7,346,040007FF N100 N100 *,420017FF N98 N100,1.1,0.2,45,92,,1200,ALT,21.1,4360,46,188,14,3.1,5.3,-8,202,203,13.3,6,1335,1300,,
2026-07-21,18:26:05,01:26:05,-07:00,+33.6397592,-116.1630672,1049,3DDiff (GPS nav),264365.3,81.0,270,-42,1,-1.02,270.6,13,26,12,1115,909,147,76.0,81,-1.27,0.29,0.018,1.091,-0.227,-0.398,265,900,,,29.70,123.000,121.500,116.200,GPS1,SUSP,RW35,1.5,167,360,0.336,+1.00,350,VISUAL,,,,,,,,,,,,,,,,,-10.8,40.2,4186,1200,8.9,348,040007FF N100 N100 *,480017FF N100 N100,1.1,0.2,70,72,,1200,ALT,20.9,4340,46,188,14,3.1,5.3,-8,201,203,13.3,6,1335,1295,,
2026-07-21,18:26:06,01:26:06,-07:00,+33.6397705,-116.1635165,1047,3DDiff (GPS nav),264366.3,81.0,271,-42,1,-0.67,270.6,13,26,12,1114,909,100,76.4,81,-1.14,0.78,0.037,0.972,-0.237,-0.321,265,900,,,29.70,123.000,121.500,116.200,GPS1,SUSP,RW35,1.5,166,360,0.359,+1.00,350,VISUAL,,,,,,,,,,,,,,,,,-10.8,40.2,4181,1200,9.1,349,040007FF N100 N100 *,480017FF N100 N100,1.1,0.1,200,149,,1200,ALT,20.8,4360,46,188,14,3.0,5.4,-8,201,203,13.3,6,1330,1290,,
2026-07-21,18:26:07,01:26:07,-07:00,+33.6397859,-116.1639666,1046,3DDiff (GPS nav),264367.3,81.1,272,-42,2,-0.07,270.6,13,26,12,1111,908,30,77.0,82,-1.57,0.48,0.038,0.840,-0.241,-0.274,265,900,,,29.70,123.000,121.500,116.200,GPS1,SUSP,RW35,1.5,165,360,0.383,+1.00,350,VISUAL,,,,,,,,,,,,,,,,,-10.8,40.1,4174,1200,9.4,350,020007FF N100 N100 *,420017FF N100 N100,1.1,0.2,170,193,,1200,ALT,20.7,4390,46,188,14,2.7,5.4,-8,200,203,13.3,6,1325,1290,,
2026-07-21,18:26:08,01:26:08,-07:00,+33.6398041,-116.1644119,1044,3DDiff (GPS nav),264368.3,80.9,272,-42,2,-0.94,270.2,13,26,12,1109,905,-44,77.8,83,-1.11,-1.13,-0.002,1.105,-0.247,-0.386,265,900,,,29.70,123.000,121.500,116.200,GPS1,SUSP,RW35,1.5,164,360,0.402,+1.00,350,VISUAL,,,,,,,,,,,,,,,,,-10.8,40.1,4167,1200,9.7,351,020007FF N100 N100 *,480017FF N100 N100,1.2,0.4,103,147,,1200,ALT,20.6,4370,46,188,14,2.8,5.4,-8,195,203,13.3,6,1325,1285,,
2026-07-21,18:26:09,01:26:09,-07:00,+33.6398193,-116.1648628,1042,3DDiff (GPS nav),264369.3,81.1,273,-42,2,-1.08,271.4,13,26,12,1109,904,-69,77.8,83,-2.34,0.46,-0.015,0.853,-0.248,-0.265,265,900,,,29.70,123.000,121.500,116.200,GPS1,SUSP,RW35,1.5,164,360,0.426,+1.00,350,VISUAL,,,,,,,,,,,,,,,,,-10.8,40.0,4163,1200,10.0,352,020007FF N100 N100 *,480017FF N100 N100,1.1,0.3,141,159,,1200,ALT,20.5,4290,46,188,14,2.8,5.4,-8,189,203,13.3,6,1320,1285,,
2026-07-21,18:26:10,01:26:10,-07:00,+33.6398344,-116.1653125,1038,3DDiff (GPS nav),264370.3,81.2,274,-42,2,-0.16,272.5,13,26,12,1103,902,-96,78.9,84,-1.65,0.96,0.038,1.060,-0.247,-0.275,265,900,,,29.70,123.000,121.500,116.200,GPS1,SUSP,RW35,1.5,163,360,0.449,+1.00,350,VISUAL,,,,,,,,,,,,,,,,,-10.8,40.0,4155,1200,10.2,352,020007FF N100 N100 *,480017FF N100 N100,1.3,0.4,66,202,,1200,ALT,20.3,4350,45,189,14,2.7,5.4,-8,189,203,13.3,6,1320,1280,,
2026-07-21,18:26:11,01:26:11,-07:00,+33.6398532,-116.1657616,1039,3DDiff (GPS nav),264371.3,81.1,272,-42,2,0.32,270.7,13,26,12,1100,898,-154,80.1,85,-1.69,-1.66,0.020,0.992,-0.243,-0.297,265,900,,,29.70,123.000,121.500,116.200,GPS1,SUSP,RW35,1.5,162,360,0.473,+1.00,350,VISUAL,,,,,,,,,,,,,,,,,-10.8,39.9,4144,1200,10.5,353,040007FF N100 N100 *,480017FF N100 N100,1.3,0.4,33,84,,1200,ALT,20.2,4360,45,189,14,2.7,5.5,-8,186,203,13.3,6,1315,1275,,
2026-07-21,18:26:12,01:26:12,-07:00,+33.6398736,-116.1662102,1040,3DDiff (GPS nav),264372.3,81.0,272,-42,2,0.47,269.9,13,26,12,1100,896,-155,80.7,86,-1.77,-1.65,0.012,0.911,-0.243,-0.364,265,900,,,29.70,123.000,121.500,116.200,GPS1,SUSP,RW35,1.5,161,360,0.492,+1.00,350,VISUAL,,,,,,,,,,,,,,,,,-10.8,39.9,4138,1100,10.8,352,040007FF N100 N100 *,480017FF N100 N100,1.2,0.5,40,39,,1200,ALT,20.1,4380,45,189,14,2.7,5.5,-8,189,202,13.3,6,1315,1275,,
2026-07-21,18:26:13,01:26:13,-07:00,+33.6398913,-116.1666582,1040,3DDiff (GPS nav),264373.3,80.9,272,-41,2,-0.42,269.0,13,26,12,1102,896,-104,81.4,87,-1.19,-4.40,0.001,1.232,-0.248,-0.393,265,900,,,29.70,123.000,121.500,116.200,GPS1,SUSP,RW35,1.5,160,360,0.516,+1.00,350,VISUAL,,,,,,,,,,,,,,,,,-10.8,39.9,4134,1100,11.0,352,040007FF N100 N100 *,480017FF N99 N100,1.2,0.4,135,106,,1200,ALT,20.1,4400,45,189,14,2.7,5.5,-8,193,202,13.3,6,1310,1270,,
2026-07-21,18:26:14,01:26:14,-07:00,+33.6399002,-116.1671074,1041,3DDiff (GPS nav),264374.3,80.7,270,-41,0,0.79,265.3,13,26,12,1104,897,-32,81.9,87,0.58,-14.83,-0.005,1.062,-0.252,-0.332,265,900,,,29.70,123.000,121.500,116.200,GPS1,SUSP,RW35,1.5,160,360,0.539,+1.00,350,VISUAL,,,,,,,,,,,,,,,,,-10.8,39.8,4131,1100,11.3,351,020007FF N100 N100 *,480017FF N98 N100,0.9,0.6,179,243,,1200,ALT,20.0,4410,45,189,14,2.5,5.5,-8,195,202,13.3,6,1310,1270,,
2026-07-21,18:26:15,01:26:15,-07:00,+33.6398879,-116.1675511,1045,3DDiff (GPS nav),264375.3,80.5,267,-41,-2,1.25,262.2,13,26,12,1107,900,42,81.4,87,2.04,-14.88,-0.048,1.168,-0.252,-0.284,265,900,,,29.70,123.000 TX,121.500,116.200,GPS1,SUSP,RW35,1.5,159,360,0.562,+1.00,350,VISUAL,,,,,,,,,,,,,,,,,-10.8,39.8,4131,1100,11.5,349,040007FF N100 N100 *,480017FF N97 N100,0.8,0.5,54,50,,1200,ALT,20.0,4390,45,189,14,2.3,5.5,-8,195,201,13.3,6,1305,1265,,
2026-07-21,18:26:16,01:26:16,-07:00,+33.6398479,-116.1679917,1051,3DDiff (GPS nav),264376.3,80.0,263,-41,-6,2.22,257.1,13,26,12,1112,902,99,80.6,86,2.97,-21.15,-0.056,1.055,-0.247,-0.228,265,900,,,29.70,123.000 TX,121.500,116.200,GPS1,SUSP,RW35,1.6,158,360,0.582,+1.00,350,VISUAL,,,,,,,,,,,,,,,,,-10.8,39.8,4132,1100,11.7,348,020007FF N100 N100 *,480017FF N98 N100,0.6,0.3,45,82,,1200,ALT,20.0,4380,45,189,14,2.3,5.5,-8,192,201,13.3,5,1305,1265,,
2026-07-21,18:26:17,01:26:17,-07:00,+33.6397696,-116.1684266,1058,3DDiff (GPS nav),264377.3,79.7,258,-40,-10,2.26,252.8,13,26,12,1121,909,204,79.2,84,3.39,-28.84,-0.022,1.038,-0.235,-0.189,217,900,,,29.70,123.000 TX,121.500,116.200,GPS1,SUSP,RW35,1.6,157,360,0.605,+1.00,350,VISUAL,,,,,,,,,,,,,,,,,-10.8,39.8,4139,1200,11.8,346,020007FF N100 N100 *,480017FF N100 N100,0.6,0.4,45,44,,1200,ALT,20.0,4340,45,189,14,2.3,5.5,-8,188,201,13.3,5,1305,1265,,
2026-07-21,18:26:18,01:26:18,-07:00,+33.6396492,-116.1688437,1064,3DDiff (GPS nav),264378.3,79.8,251,-38,-15,1.23,247.5,13,26,12,1126,915,286,77.4,82,2.85,-31.71,0.024,1.048,-0.225,-0.278,184,900,,,29.70,123.000 TX,121.500,116.200,GPS1,SUSP,RW35,1.6,156,360,0.625,+1.00,350,VISUAL,,,,,,,,,,,,,,,,,-10.8,39.8,4147,1200,11.9,344,020007FF N100 N100 *,480017FF N100 N100,0.5,0.5,36,56,,1200,ALT,20.0,4320,45,189,14,2.5,5.5,-8,184,200,13.3,5,1305,1260,,
2026-07-21,18:26:19,01:26:19,-07:00,+33.6394865,-116.1692435,1066,3DDiff (GPS nav),264379.3,80.6,244,-37,-20,0.21,241.8,13,30,11,1129,920,311,76.0,81,2.18,-32.94,0.069,0.954,-0.223,-0.331,169,900,,,29.70,123.000 TX,121.500,116.200,GPS1,SUSP,RW35,1.6,156,360,0.645,+1.00,350,VISUAL,,,,,,,,,,,,,,,,,-10.8,39.8,4153,1200,12.0,343,020007FF N100 N100 *,480017FF N100 N100,0.5,0.5,28,48,,1200,ALT,20.0,4290,45,189,14,2.6,5.5,-8,181,200,13.3,5,1300,1260,,
2026-07-21,18:26:20,01:26:20,-07:00,+33.6392812,-116.1696240,1065,3DDiff (GPS nav),264380.3,81.7,237,-35,-25,-1.18,234.8,13,26,11,1130,923,277,74.9,80,2.30,-34.29,0.084,1.090,-0.227,-0.361,169,900,,,29.70,123.000 TX,121.500,116.200,GPS1,SUSP,RW35,1.6,155,360,0.664,+1.00,350,VISUAL,,,,,,,,,,,,,,,,,-10.8,39.8,4157,1200,12.1,343,020007FF N100 N100 *,420017FF N100 N100,0.5,0.7,126,112,,1200,ALT,20.0,4260,44,189,14,2.7,5.5,-8,184,200,13.3,5,1300,1260,,
2026-07-21,18:26:21,01:26:21,-07:00,+33.6390343,-116.1699818,1061,3DDiff (GPS nav),264381.3,83.2,229,-32,-29,-1.30,227.8,13,26,11,1128,924,199,73.8,78,1.45,-28.34,0.095,1.112,-0.230,-0.279,169,900,,,29.70,123.000,121.500,116.200,GPS1,SUSP,RW35,1.6,154,360,0.684,+1.00,350,VISUAL,,,,,,,,,,,,,,,,,-10.8,39.8,4158,1200,12.1,343,020007FF N100 N100 *,480017FF N100 N100,0.7,0.8,26,46,,1200,ALT,20.1,4260,44,189,14,2.8,5.5,-8,187,199,13.3,5,1300,1255,,
2026-07-21,18:26:22,01:26:22,-07:00,+33.6387520,-116.1703103,1057,3DDiff (GPS nav),264382.3,84.8,222,-30,-33,-1.08,219.9,13,26,11,1122,921,57,73.9,79,0.60,-26.75,0.069,1.071,-0.227,-0.213,169,900,,,29.70,123.000,121.500,116.200,GPS1,SUSP,RW35,1.5,153,360,0.699,+1.00,350,VISUAL,,,,,,,,,,,,,,,,,-10.8,39.8,4153,1200,12.2,343,020007FF N100 N100 *,480017FF N100 N100,0.7,0.7,36,101,,1200,ALT,20.9,4480,44,189,14,2.9,5.5,-8,189,199,13.3,5,1295,1255,,
2026-07-21,18:26:23,01:26:23,-07:00,+33.6384402,-116.1706102,1054,3DDiff (GPS nav),264383.3,86.3,216,-27,-36,-0.95,212.0,13,26,11,1119,917,-79,74.4,79,1.87,-22.53,0.002,1.233,-0.223,-0.241,169,900,,,29.70,123.000,121.500,116.200,GPS1,SUSP,RW35,1.5,152,360,0.715,+1.00,350,VISUAL,,,,,,,,,,,,,,,,,-10.8,39.7,4146,1200,12.3,343,020007FF N100 N100 *,480017FF N100 N100,0.7,0.9,43,97,,1200,ALT,21.8,4550,45,189,14,2.9,5.5,-8,193,199,13.3,5,1295,1255,,
2026-07-21,18:26:24,01:26:24,-07:00,+33.6381013,-116.1708751,1053,3DDiff (GPS nav),264384.3,87.5,211,-23,-39,-0.13,205.5,13,26,11,1119,915,-136,74.4,79,1.05,-23.41,-0.012,1.015,-0.213,-0.143,169,900,,,29.70,123.000,121.500,116.200,GPS1,SUSP,RW35,1.5,151,360,0.727,+1.00,350,VISUAL,,,,,,,,,,,,,,,,,-10.8,39.7,4141,1200,12.3,343,020007FF N100 N100 *,480017FF N100 N100,0.6,0.8,151,224,,1200,ALT,22.5,4560,46,189,14,2.7,5.5,-8,196,198,13.3,5,1295,1255,,
2026-07-21,18:26:25,01:26:25,-07:00,+33.6377366,-116.1711062,1051,3DDiff (GPS nav),264385.3,88.5,207,-20,-41,-0.76,200.7,13,26,11,1119,914,-117,74.2,79,-0.20,-24.87,0.011,1.061,-0.201,-0.188,169,900,,,29.70,123.000,121.500,116.200,GPS1,SUSP,RW35,1.5,151,360,0.738,+1.00,350,VISUAL,,,,,,,,,,,,,,,,,-10.8,39.7,4138,1200,12.4,343,020007FF N100 N100 *,480017FF N100 N100,0.6,0.7,95,140,,1200,ALT,22.8,4550,46,189,14,2.7,5.5,-8,197,198,13.3,5,1295,1255,,
2026-07-21,18:26:26,01:26:26,-07:00,+33.6373491,-116.1713019,1046,3DDiff (GPS nav),264386.3,89.8,202,-16,-44,-0.61,196.3,13,26,11,1116,913,-99,73.9,78,0.23,-21.46,-0.001,1.077,-0.192,-0.161,169,900,,,29.70,123.000,121.500,116.200,GPS1,SUSP,RW35,1.5,150,360,0.750,+1.00,350,VISUAL,,,,,,,,,,,,,,,,,-10.8,39.7,4136,1200,12.4,344,040007FF N100 N100 *,480017FF N100 N100,0.8,0.9,193,176,,1200,ALT,22.9,4490,46,189,14,2.7,5.4,-8,197,198,13.3,5,1295,1255,,
2026-07-21,18:26:27,01:26:27,-07:00,+33.6369461,-116.1714546,1044,3DDiff (GPS nav),264387.3,91.4,198,-13,-46,-1.02,193.4,13,26,11,1114,911,-92,72.4,77,-0.79,-21.82,0.015,0.972,-0.181,-0.158,169,900,,,29.70,123.000,121.500,116.200,GPS1,SUSP,RW35,1.5,149,360,0.758,+1.00,350,VISUAL,,,,,,,,,,,,,,,,,-10.8,39.7,4134,1200,12.5,345,040007FF N100 N100 *,480017FF N100 N100,0.7,0.9,124,148,,1200,ALT,22.9,4470,46,189,14,2.8,5.4,-8,197,198,13.3,5,1300,1255,,
2026-07-21,18:26:28,01:26:28,-07:00,+33.6365270,-116.1715798,1038,3DDiff (GPS nav),264388.3,92.9,193,-11,-47,-2.01,188.4,13,26,11,1109,908,-119,71.1,76,-0.87,-20.49,0.001,1.162,-0.179,-0.286,169,900,,,29.70,123.000,121.500,116.200,GPS1,SUSP,RW35,1.5,148,360,0.762,+1.00,350,VISUAL,,,,,,,,,,,,,,,,,-10.8,39.7,4130,1200,12.5,345,040007FF N100 N100 *,480017FF N100 N100,0.9,0.9,125,108,,1200,ALT,22.9,4460,46,189,14,3.0,5.4,-8,195,198,13.3,5,1300,1260,,
2026-07-21,18:26:29,01:26:29,-07:00,+33.6360981,-116.1716725,1033,3DDiff (GPS nav),264389.3,94.3,189,-7,-48,-1.72,183.4,13,26,11,1105,904,-170,71.2,76,-0.48,-17.62,0.008,1.025,-0.180,-0.207,169,900,,,29.70,123.000,121.500,116.200,GPS1,SUSP,RW35,1.4,148,360,0.766,+1.00,350,VISUAL,,,,,,,,,,,,,,,,,-10.8,39.7,4122,1100,12.6,345,020007FF N100 N100 *,480017FF N100 N100,0.9,1.2,71,166,,1200,ALT,22.9,4490,46,189,14,3.0,5.4,-8,194,198,13.3,5,1300,1260,,
2026-07-21,18:26:30,01:26:30,-07:00,+33.6356559,-116.1717364,1026,3DDiff (GPS nav),264390.3,95.5,186,-5,-49,-1.99,180.0,13,30,11,1099,899,-225,71.4,76,-1.22,-13.29,0.017,1.082,-0.182,-0.234,169,900,,,29.70,123.000,121.500,116.200,GPS1,SUSP,RW35,1.4,147,360,0.770,+1.00,350,VISUAL,,,,,,,,,,,,,,,,,-10.8,39.6,4113,1100,12.8,346,040007FF N100 N100 *,480017FF N100 N100,0.9,1.3,83,84,,1200,ALT,22.9,4490,46,189,14,3.0,5.4,-8,193,197,13.3,5,1305,1260,,
2026-07-21,18:26:31,01:26:31,-07:00,+33.6352089,-116.1717765,1022,3DDiff (GPS nav),264391.3,96.7,183,-3,-50,-1.30,175.6,13,26,12,1093,893,-275,72.3,77,-0.96,-9.47,0.018,1.115,-0.184,-0.201,169,900,,,29.70,123.000,121.500,116.200,GPS1,SUSP,RW35,1.4,146,360,0.773,+1.00,350,VISUAL,,,,,,,,,,,,,,,,,-10.8,39.6,4104,1100,13.0,346,020007FF N100 N100 *,480017FF N100 N100,0.9,1.3,32,50,,1200,ALT,22.9,4490,46,190,14,3.0,5.4,-8,193,197,13.3,5,1305,1260,,
2026-07-21,18:26:32,01:26:32,-07:00,+33.6347563,-116.1717970,1021,3DDiff (GPS nav),264392.3,97.5,181,-1,-50,-0.54,172.2,13,26,12,1089,888,-303,73.8,78,-1.11,-9.42,-0.003,1.016,-0.184,-0.185,169,900,,,29.70,123.000,121.500,116.200,GPS1,SUSP,RW35,1.4,146,360,0.773,+1.00,350,VISUAL,,,,,,,,,,,,,,,,,-10.8,39.6,4094,1100,13.2,346,020007FF N100 N100 *,480017FF N100 N100,0.8,1.1,32,162,,1200,ALT,22.8,4500,46,190,14,2.9,5.4,-8,194,197,13.3,5,1305,1265,,
2026-07-21,18:26:33,01:26:33,-07:00,+33.6343038,-116.1718028,1019,3DDiff (GPS nav),264393.3,98.1,180,0,-51,-0.45,170.6,13,26,12,1087,884,-284,74.7,79,-0.74,-9.07,-0.010,1.089,-0.186,-0.255,169,900,,,29.70,123.000,121.500,116.200,GPS1,SUSP,RW35,1.4,145,360,0.773,+1.00,350,VISUAL,,,,,,,,,,,,,,,,,-10.8,39.5,4087,1100,13.5,346,040007FF N100 N100 *,480017FF N100 N100,0.7,1.2,125,155,,1200,ALT,22.6,4500,46,190,14,2.9,5.4,-8,194,197,13.3,5,1305,1265,,
2026-07-21,18:26:34,01:26:34,-07:00,+33.6338446,-116.1717896,1018,3DDiff (GPS nav),264394.3,98.6,179,2,-51,-0.63,169.9,13,26,12,1084,882,-234,75.4,80,-1.00,-3.04,-0.021,1.047,-0.188,-0.229,169,900,,,29.70,123.000,121.500,116.200,GPS1,SUSP,RW35,1.3,144,360,0.773,+1.00,350,VISUAL,,,,,,,,,,,,,,,,,-10.8,39.5,4082,1100,13.8,347,040007FF N100 N100 *,480017FF N100 N100,0.6,1.1,49,140,,1200,ALT,22.6,4500,46,190,14,2.8,5.4,-8,194,197,13.3,5,1305,1265,,
2026-07-21,18:26:35,01:26:35,-07:00,+33.6333851,-116.1717685,1017,3DDiff (GPS nav),264395.3,98.9,178,2,-51,0.55,170.4,13,26,12,1084,880,-183,75.8,81,3.77,0.33,-0.029,1.366,-0.190,-0.204,169,900,,,29.70,123.000,121.500,116.200,GPS1,SUSP,RW35,1.3,144,360,0.770,+1.00,350,VISUAL,,,,,,,,,,,,,,,,,-10.8,39.5,4077,1100,14.1,347,020007FF N100 N100 *,480017FF N100 N100,0.8,1.0,92,116,,1200,ALT,22.5,4510,46,190,14,2.7,5.4,-8,192,197,13.3,5,1305,1265,,
2026-07-21,18:26:36,01:26:36,-07:00,+33.6329299,-116.1717457,1022,3DDiff (GPS nav),264396.3,98.6,178,2,-51,0.52,170.6,13,26,12,1087,880,-109,75.8,81,-1.69,-4.60,0.036,0.780,-0.186,-0.181,169,900,,,29.70,123.000,121.500,116.200,GPS1,SUSP,RW35,1.3,143,360,0.770,+1.00,350,VISUAL,,,,,,,,,,,,,,,,,-10.8,39.5,4075,1100,14.4,347,040007FF N100 N100 *,420017FF N100 N100,0.5,0.5,132,164,,1200,ALT,22.5,4510,46,190,14,2.6,5.4,-8,189,196,13.3,5,1305,1265,,
2026-07-21,18:26:37,01:26:37,-07:00,+33.6324687,-116.1717185,1020,3DDiff (GPS nav),264397.3,98.6,178,3,-51,-0.83,171.4,13,26,12,1088,882,-16,75.5,80,1.23,-3.06,-0.008,1.187,-0.197,-0.410,169,900,,,29.70,123.000,121.500,116.200,GPS1,SUSP,RW35,1.3,142,360,0.770,+1.00,350,VISUAL,,,,,,,,,,,,,,,,,-10.8,39.5,4078,1100,14.7,347,040007FF N100 N100 *,420017FF N100 N100,0.6,1.0,293,246,,1200,ALT,22.5,4480,46,190,14,3.0,5.4,-8,187,196,13.3,5,1305,1265,,
2026-07-21,18:26:38,01:26:38,-07:00,+33.6320127,-116.1716910,1019,3DDiff (GPS nav),264398.3,98.6,178,3,-51,0.37,171.8,13,26,12,1087,882,17,74.5,79,0.60,1.95,0.000,0.932,-0.205,-0.234,169,900,,,29.70,123.000,121.500,116.200,GPS1,SUSP,RW35,1.2,142,360,0.770,+1.00,350,VISUAL,,,,,,,,,,,,,,,,,-10.8,39.5,4079,1100,15.0,346,020007FF N100 N100 *,480017FF N100 N100,0.8,0.7,99,164,,1200,ALT,22.5,4490,46,190,14,3.0,5.4,-8,184,196,13.3,5,1305,1265,,
2026-07-21,18:26:39,01:26:39,-07:00,+33.6315586,-116.1716660,1020,3DDiff (GPS nav),264399.3,98.4,177,2,-51,0.04,170.7,13,26,12,1086,882,10,75.1,80,-0.08,0.36,0.038,1.037,-0.211,-0.289,169,900,,,29.70,123.000,121.500,116.200,GPS1,SUSP,RW35,1.2,141,360,0.766,+1.00,350,VISUAL,,,,,,,,,,,,,,,,,-10.8,39.5,4076,1100,15.3,346,040007FF N100 N100 *,420017FF N100 N100,0.6,0.7,281,209,,1200,ALT,22.5,4520,46,190,14,3.1,5.4,-8,184,196,13.3,5,1305,1265,,
2026-07-21,18:26:40,01:26:40,-07:00,+33.6311026,-116.1716478,1023,3DDiff (GPS nav),264400.3,98.4,177,2,-51,1.88,170.0,13,26,12,1087,881,-4,76.2,81,0.87,-2.18,0.017,1.275,-0.217,-0.239,169,900,,,29.70,123.000,121.500,116.200,GPS1,SUSP,RW35,1.2,140,360,0.766,+1.00,350,VISUAL,,,,,,,,,,,,,,,,,-10.8,39.5,4072,1100,15.6,345,040007FF N100 N100 *,480017FF N99 N100,0.6,0.5,68,309,,1200,ALT,22.5,4540,46,190,14,3.2,5.4,-8,185,196,13.3,5,1305,1265,,
2026-07-21,18:26:41,01:26:41,-07:00,+33.6306432,-116.1716306,1031,3DDiff (GPS nav),264401.3,98.3,180,1,-50,2.20,173.8,13,26,12,1093,884,45,76.5,81,0.45,5.88,0.059,0.909,-0.212,-0.145,169,900,,,29.70,123.000,121.500,116.200,GPS1,SUSP,RW35,1.2,139,360,0.766,+1.00,350,VISUAL,,,,,,,,,,,,,,,,,-10.8,39.4,4075,1100,15.9,345,020007FF N100 N100 *,480017FF N99 N100,0.5,0.2,886,819,,1200,ALT,22.5,4520,46,190,14,2.9,5.4,-8,184,196,13.3,5,1305,1265,,
2026-07-21,18:26:42,01:26:42,-07:00,+33.6301913,-116.1716201,1037,3DDiff (GPS nav),264402.3,97.9,178,1,-50,2.11,170.6,13,26,12,1100,889,147,75.9,81,3.36,-11.41,0.048,1.063,-0.215,-0.392,169,900,,,29.70,123.000,121.500,116.200,GPS1,SUSP,RW35,1.2,139,360,0.766,+1.00,350,VISUAL,,,,,,,,,,,,,,,,,-10.8,39.4,4081,1100,16.2,344,020007FF N100 N100 *,480017FF N98 N100,0.5,0.7,552,613,,1200,ALT,22.4,4520,46,190,14,3.1,5.4,-8,183,195,13.3,5,1305,1265,,
2026-07-21,18:26:43,01:26:43,-07:00,+33.6297437,-116.1716017,1046,3DDiff (GPS nav),264403.3,97.2,178,2,-50,2.39,171.5,13,26,12,1105,895,242,75.5,80,2.37,4.34,0.042,1.053,-0.218,-0.231,169,900,,,29.70,123.000,121.500,116.200,GPS1,SUSP,RW35,1.1,138,360,0.762,+1.00,350,VISUAL,,,,,,,,,,,,,,,,,-10.8,39.4,4087,1100,16.5,344,020007FF N100 N100 *,480017FF N98 N100,0.6,0.3,559,685,,1200,ALT,22.4,4520,46,190,14,3.0,5.4,-8,183,195,13.3,5,1305,1265,,
2026-07-21,18:26:44,01:26:44,-07:00,+33.6292994,-116.1715904,1055,3DDiff (GPS nav),264404.3,96.4,177,1,-49,1.88,169.5,13,26,12,1114,901,309,75.6,80,-0.14,0.25,-0.056,0.962,-0.220,-0.302,169,900,,,29.70,123.000,121.500,116.200,GPS1,SUSP,RW35,1.1,137,360,0.762,+1.00,350,VISUAL,,,,,,,,,,,,,,,,,-10.8,39.4,4094,1100,16.7,344,040007FF N100 N100 *,480017FF N97 N100,0.5,0.2,98,117,,1200,ALT,22.4,4510,46,190,14,3.0,5.4,-8,178,195,13.3,5,1305,1265,,
2026-07-21,18:26:45,01:26:45,-07:00,+33.6288530,-116.1715797,1060,3DDiff (GPS nav),264405.3,96.3,179,1,-50,1.48,170.1,13,26,12,1123,909,388,75.9,81,0.34,-10.58,0.018,1.028,-0.224,-0.296,169,900,,,29.70,123.000,121.500,116.200,GPS1,SUSP,RW35,1.1,136,360,0.762,+1.00,350,VISUAL,,,,,,,,,,,,,,,,,-10.8,39.4,4104,1100,17.0,344,040007FF N100 N100 *,480017FF N96 N100,0.4,0.0,188,284,,1200,ALT,22.4,4500,46,190,14,2.9,5.4,-8,176,195,13.3,5,1305,1265,,
2026-07-21,18:26:46,01:26:46,-07:00,+33.6284064,-116.1715573,1066,3DDiff (GPS nav),264406.3,96.3,179,2,-50,2.20,171.4,13,26,12,1125,915,399,75.8,81,-0.07,6.00,-0.025,0.969,-0.225,-0.239,169,900,,,29.70,123.000,121.500,116.200,GPS1,SUSP,RW35,1.1,135,360,0.762,+1.00,350,VISUAL,,,,,,,,,,,,,,,,,-10.8,39.4,4111,1200,17.2,344,040007FF N100 N100 *,480017FF N96 N100,0.7,0.4,473,556,,1200,ALT,22.4,4500,46,190,14,2.8,5.4,-8,177,195,13.3,5,1305,1265,,
2026-07-21,18:26:47,01:26:47,-07:00,+33.6279594,-116.1715344,1073,3DDiff (GPS nav),264407.3,96.3,178,2,-49,1.75,170.6,13,26,12,1131,920,366,75.3,80,1.35,-11.77,0.101,1.109,-0.221,-0.236,169,900,,,29.70,123.000,121.500,116.200,GPS1,SUSP,RW35,1.1,134,360,0.762,+1.00,350,VISUAL,,,,,,,,,,,,,,,,,-10.8,39.4,4117,1200,17.3,344,020007FF N100 N100 *,480017FF N95 N100,0.5,0.2,135,280,,1200,ALT,22.4,4490,46,191,14,2.8,5.4,-8,180,194,13.3,5,1305,1265,,
2026-07-21,18:26:48,01:26:48,-07:00,+33.6275139,-116.1715085,1080,3DDiff (GPS nav),264408.3,96.2,178,2,-49,2.26,171.7,13,26,12,1137,926,352,74.6,79,0.37,9.52,0.022,1.111,-0.222,-0.289,169,900,,,29.70,123.000,121.500,116.200,GPS1,SUSP,RW35,1.0,133,360,0.758,+1.00,350,VISUAL,,,,,,,,,,,,,,,,,-10.8,39.4,4124,1200,17.5,344,020007FF N100 N100 *,480017FF N95 N100,0.8,1.0,146,406,,1200,ALT,22.4,4490,46,191,14,2.9,5.4,-8,182,194,13.3,5,1305,1265,,
2026-07-21,18:26:49,01:26:49,-07:00,+33.6270677,-116.1714928,1088,3DDiff (GPS nav),264409.3,96.0,177,1,-49,2.71,170.1,13,26,12,1144,932,349,74.7,79,0.99,2.04,-0.017,1.091,-0.218,-0.235,169,900,,,29.70,123.000,121.500,116.200,GPS1,SUSP,RW35,1.0,132,360,0.758,+1.00,350,VISUAL,,,,,,,,,,,,,,,,,-10.8,39.4,4130,1200,17.6,343,040007FF N100 N100 *,420017FF N94 N100,0.7,0.3,64,302,,1200,ALT,22.4,4510,46,191,14,2.9,5.4,-8,183,194,13.3,5,1305,1265,,
2026-07-21,18:26:50,01:26:50,-07:00,+33.6266229,-116.1714837,1096,3DDiff (GPS nav),264410.3,95.8,178,1,-49,2.67,170.5,13,26,12,1153,940,384,74.7,79,1.13,-0.27,0.008,1.007,-0.214,-0.237,169,900,,,29.70,123.000,121.500,116.200,GPS1,SUSP,RW35,1.0,131,360,0.758,+1.00,350,VISUAL,,,,,,,,,,,,,,,,,-10.8,39.4,4138,1200,17.7,343,020007FF N100 N100 *,480017FF N95 N100,0.6,0.5,73,141,,1200,ALT,22.1,4440,46,191,14,2.7,5.4,-8,183,194,13.3,5,1305,1265,,
2026-07-21,18:26:51,01:26:51,-07:00,+33.6261812,-116.1714715,1105,3DDiff (GPS nav),264411.3,95.5,179,1,-49,2.31,170.3,13,26,12,1161,948,428,75.0,80,-0.91,1.58,-0.005,0.802,-0.211,-0.245,169,900,,,29.70,123.000,121.500,116.200,GPS1,SUSP,RW35,1.0,129,360,0.758,+1.00,350,VISUAL,,,,,,,,,,,,,,,,,-10.8,39.4,4146,1200,17.8,343,040007FF N100 N100 *,480017FF N99 N100,0.7,0.6,52,84,,1200,ALT,21.9,4440,46,191,14,2.6,5.4,-8,181,194,13.3,5,1305,1265,,
2026-07-21,18:26:52,01:26:52,-07:00,+33.6257358,-116.1714623,1109,3DDiff (GPS nav),264412.3,95.5,179,1,-49,0.80,170.7,13,26,12,1167,955,446,75.4,80,-0.92,1.39,-0.022,1.118,-0.213,-0.326,169,900,,,29.70,123.000,121.500,116.200,GPS1,SUSP,RW35,1.0,128,360,0.758,+1.00,350,VISUAL,,,,,,,,,,,,,,,,,-10.8,39.4,4155,1200,17.9,343,040007FF N100 N100 *,480017FF N100 N100,0.7,0.6,75,68,,1200,ALT,21.8,4440,46,191,14,2.7,5.4,-8,178,194,13.3,5,1305,1265,,
2026-07-21,18:26:53,01:26:53,-07:00,+33.6252940,-116.1714545,1114,3DDiff (GPS nav),264413.3,95.6,179,1,-49,2.13,170.6,13,26,12,1172,961,422,75.5,80,0.59,0.08,-0.012,1.106,-0.212,-0.186,169,900,,,29.70,123.000,121.500,116.200,GPS1,SUSP,RW35,0.9,127,360,0.758,+1.00,350,VISUAL,,,,,,,,,,,,,,,,,-10.8,39.4,4161,1200,18.0,344,040007FF N100 N100 *,480017FF N100 N100,0.6,0.7,42,148,,1200,ALT,21.1,4190,46,191,14,2.6,5.4,-8,172,194,13.3,5,1305,1265,,
2026-07-21,18:26:54,01:26:54,-07:00,+33.6248518,-116.1714463,1123,3DDiff (GPS nav),264414.3,95.0,180,1,-49,2.88,172.1,13,26,12,1181,968,405,74.9,80,0.14,1.77,-0.018,1.023,-0.204,-0.150,169,900,,,29.70,123.000,121.500,116.200,GPS1,SUSP,RW35,0.9,126,360,0.758,+1.00,350,VISUAL,,,,,,,,,,,,,,,,,-10.8,39.4,4168,1200,18.0,344,040007FF N100 N100 *,480017FF N100 N100,0.6,0.8,103,107,,1200,ALT,18.8,3600,44,191,14,2.6,5.5,-8,169,194,13.3,5,1305,1265,,
2026-07-21,18:26:55,01:26:55,-07:00,+33.6244157,-116.1714403,1133,3DDiff (GPS nav),264415.3,93.9,180,1,-48,2.23,173.1,13,26,12,1190,976,428,74.0,79,-0.37,0.25,0.032,0.950,-0.199,-0.277,169,900,,,29.70,123.000,121.500,116.200,GPS1,SUSP,RW35,0.9,124,360,0.754,+1.00,350,VISUAL,,,,,,,,,,,,,,,,,-10.8,39.4,4178,1200,18.0,344,040007FF N100 N100 *,480017FF N100 N100,0.4,0.5,64,107,,1200,ALT,16.6,3240,43,191,14,2.9,5.5,-8,169,194,13.3,5,1295,1260,,
2026-07-21,18:26:56,01:26:56,-07:00,+33.6239928,-116.1714339,1140,3DDiff (GPS nav),264416.3,92.6,180,1,-47,2.16,173.3,13,26,12,1199,985,471,73.0,78,-1.06,-3.64,-0.012,0.937,-0.199,-0.248,169,900,,,29.70,123.000,121.500,116.200,GPS1,SUSP,RW35,0.9,123,360,0.754,+1.00,350,VISUAL,,,,,,,,,,,,,,,,,-10.8,39.4,4188,1200,18.0,344,040007FF N100 N100 *,480017FF N100 N100,0.5,0.4,89,103,,1200,ALT,13.7,2750,46,191,14,3.1,5.5,-8,171,194,13.3,4,1285,1255,,
2026-07-21,18:26:57,01:26:57,-07:00,+33.6235674,-116.1714224,1145,3DDiff (GPS nav),264417.3,91.2,180,1,-47,1.31,174.0,13,26,12,1207,994,500,73.2,78,-0.78,-7.96,0.013,1.037,-0.198,-0.250,169,900,,,29.70,123.000,121.500,116.200,GPS1,SUSP,RW35,0.9,122,360,0.754,+1.00,350,VISUAL,,,,,,,,,,,,,,,,,-10.8,39.4,4198,1200,18.0,343,020007FF N100 N100 *,480017FF N100 N100,0.5,0.6,116,231,,1200,ALT,11.3,2680,53,191,14,3.0,5.6,-8,172,194,13.3,3,1275,1240,,
2026-07-21,18:26:58,01:26:58,-07:00,+33.6231411,-116.1714020,1151,3DDiff (GPS nav),264418.3,89.9,179,2,-46,1.49,174.7,13,26,12,1212,1001,481,73.0,78,-1.74,1.14,0.021,0.988,-0.198,-0.218,169,900,,,29.70,123.000,121.500,116.200,GPS1,SUSP,RW35,0.9,120,360,0.754,+1.00,350,VISUAL,,,,,,,,,,,,,,,,,-10.8,39.4,4207,1200,18.0,343,040007FF N100 N100 *,480017FF N100 N100,0.6,0.7,85,171,,1200,ALT,9.9,2650,56,191,14,2.8,5.6,-8,172,194,13.3,2,1260,1215,,
2026-07-21,18:26:59,01:26:59,-07:00,+33.6227437,-116.1713846,1154,3DDiff (GPS nav),264419.3,88.9,178,2,-45,0.72,175.1,13,26,12,1217,1007,433,72.1,77,-1.93,0.11,0.040,0.920,-0.194,-0.173,169,900,,,29.70,123.000,121.500,116.200,GPS1,SUSP,RW35,0.9,119,360,0.754,+1.00,350,VISUAL,,,,,,,,,,,,,,,,,-10.8,39.4,4214,1200,17.9,341,040007FF N100 N100 *,480017FF N99 N100,0.5,0.6,145,181,,1200,ALT,9.3,2600,59,191,14,2.5,5.7,-8,175,194,13.3,1,1250,1200,,
2026-07-21,18:27:00,01:27:00,-07:00,+33.6223340,-116.1713713,1156,3DDiff (GPS nav),264420.3,87.8,179,1,-45,0.36,176.6,13,26,12,1220,1011,368,70.6,75,-1.24,-0.19,0.011,0.974,-0.191,-0.186,169,900,,,29.70,123.000,121.500,116.200,GPS1,SUSP,RW35,0.8,118,360,0.750,+1.00,350,VISUAL,,,,,,,,,,,,,,,,,-10.8,39.4,4221,1300,17.9,340,040007FF N100 N100 *,480017FF N99 N100,0.7,0.4,163,129,,1200,ALT,9.0,2550,61,191,14,2.2,5.7,-8,176,194,13.3,0,1235,1180,,
2026-07-21,18:27:01,01:27:01,-07:00,+33.6219347,-116.1713644,1156,3DDiff (GPS nav),264421.3,86.7,179,0,-44,0.38,175.6,13,26,12,1223,1015,298,69.5,74,-1.02,0.46,0.004,1.064,-0.183,-0.120,169,900,,,29.70,123.000,121.500,116.200,GPS1,SUSP,RW35,0.8,116,360,0.750,+1.00,350,VISUAL,,,,,,,,,,,,,,,,,-10.8,39.4,4225,1300,17.8,339,040007FF N100 N100 *,480017FF N100 N100,0.8,0.5,102,80,,1200,ALT,9.0,2530,62,191,14,2.1,5.7,-8,176,194,13.3,0,1220,1170,,
2026-07-21,18:27:02,01:27:02,-07:00,+33.6215390,-116.1713655,1156,3DDiff (GPS nav),264422.3,85.5,179,-0,-44,0.32,175.2,13,26,12,1223,1016,217,69.4,74,-1.16,2.06,0.002,1.080,-0.174,-0.150,169,900,,,29.70,123.000,121.500,116.200,GPS1,SUSP,RW35,0.8,115,360,0.750,+1.00,350,VISUAL,,,,,,,,,,,,,,,,,-10.8,39.4,4225,1300,17.8,338,040007FF N100 N100 *,480017FF N100 N100,0.7,0.6,102,114,,1200,ALT,8.9,2570,62,191,14,2.0,5.7,-8,176,194,13.3,0,1205,1150,,
2026-07-21,18:27:03,01:27:03,-07:00,+33.6211496,-116.1713694,1159,3DDiff (GPS nav),264423.3,84.2,181,-1,-43,1.16,176.2,13,26,12,1225,1018,158,69.2,74,0.89,1.18,0.054,0.986,-0.165,-0.087,169,900,,,29.70,123.000,121.500,116.200,GPS1,SUSP,RW35,0.8,113,360,0.750,+1.00,350,VISUAL,,,,,,,,,,,,,,,,,-10.8,39.3,4226,1300,17.7,337,020007FF N100 N100 *,480017FF N100 N100,0.7,0.7,105,137,,1200,ALT,8.9,2560,63,191,14,1.8,5.8,-8,167,194,13.3,0,1190,1135,,
2026-07-21,18:27:04,01:27:04,-07:00,+33.6207671,-116.1713794,1163,3DDiff (GPS nav),264424.3,82.7,182,-1,-42,1.28,177.6,13,26,12,1227,1020,122,68.6,73,0.08,0.56,0.056,0.855,-0.151,-0.044,169,900,,,29.70,123.000,121.500,116.200,GPS1,SUSP,RW35,0.8,112,360,0.754,+1.00,350,VISUAL,,,,,,,,,,,,,,,,,-10.8,39.3,4227,1300,17.6,336,040007FF N100 N100 *,480017FF N100 N100,0.4,0.7,119,89,,1200,ALT,8.9,2540,63,191,14,1.8,5.8,-8,165,194,13.3,0,1180,1125,,
2026-07-21,18:27:05,01:27:05,-07:00,+33.6203908,-116.1713929,1164,3DDiff (GPS nav),264425.3,81.3,182,-1,-42,-0.06,178.5,13,26,12,1233,1023,142,67.4,72,-0.76,-4.42,0.079,0.950,-0.142,-0.144,169,900,,,29.70,123.000,121.500,116.200,GPS1,SUSP,RW35,0.8,110,360,0.754,+1.00,350,VISUAL,,,,,,,,,,,,,,,,,-10.8,39.3,4232,1300,17.5,335,020007FF N100 N100 *,480017FF N100 N100,0.5,0.5,101,55,,1200,ALT,9.0,2430,63,191,14,1.8,5.8,-8,169,194,13.3,0,1170,1110,,
2026-07-21,18:27:06,01:27:06,-07:00,+33.6200191,-116.1714046,1162,3DDiff (GPS nav),264426.3,80.3,183,-1,-41,-1.42,179.5,13,26,12,1235,1027,175,65.9,70,-0.87,-1.05,0.091,0.896,-0.135,-0.099,169,900,,,29.70,123.000,121.500,116.200,GPS1,SUSP,RW35,0.8,109,360,0.754,+1.00,350,VISUAL,,,,,,,,,,,,,,,,,-10.8,39.3,4238,1300,17.4,334,040007FF N100 N100 *,480017FF N100 N100,0.6,0.7,94,125,,1200,ALT,9.2,2410,63,191,14,1.8,5.8,-8,176,194,13.3,0,1155,1095,,
2026-07-21,18:27:07,01:27:07,-07:00,+33.6196529,-116.1714194,1157,3DDiff (GPS nav),264427.3,79.1,181,-1,-40,-2.15,178.0,13,26,12,1233,1028,159,64.5,69,-1.77,1.91,-0.012,1.053,-0.123,+0.066,169,900,,,29.70,123.000,121.500,116.200,GPS1,SUSP,RW35,0.8,107,360,0.754,+1.00,350,VISUAL,,,,,,,,,,,,,,,,,-10.8,39.4,4239,1300,17.3,333,020007FF N100 N100 *,480017FF N99 N100,0.8,0.5,206,216,,1200,ALT,9.4,2360,63,191,14,1.8,5.8,-8,179,194,13.3,-1,1145,1085,,
2026-07-21,18:27:08,01:27:08,-07:00,+33.6192954,-116.1714366,1152,3DDiff (GPS nav),264428.3,77.7,182,-2,-40,-1.64,177.8,13,26,12,1225,1025,26,62.8,67,-1.35,-1.26,0.031,0.811,-0.102,+0.137,169,900,,,29.70,123.000,121.500,116.200,GPS1,SUSP,RW35,0.8,106,360,0.754,+1.00,350,VISUAL,,,,,,,,,,,,,,,,,-10.8,39.4,4235,1300,17.1,333,040007FF N100 N100 *,480017FF N99 N100,0.8,0.5,139,130,,1200,ALT,9.6,2330,63,191,14,1.6,5.8,-8,177,193,13.3,-1,1135,1070,,
2026-07-21,18:27:09,01:27:09,-07:00,+33.6189401,-116.1714593,1144,3DDiff (GPS nav),264429.3,76.3,182,-2,-39,-2.32,177.0,13,26,12,1220,1020,-113,60.5,64,-1.41,-1.06,-0.009,0.989,-0.081,+0.069,169,900,,,29.70,123.000,121.500,116.200,GPS1,SUSP,RW35,0.8,104,360,0.758,+1.00,350,VISUAL,,,,,,,,,,,,,,,,,-10.8,39.4,4230,1300,17.0,332,040007FF N100 N100 *,480017FF N98 N100,0.8,0.7,172,176,,1200,ALT,9.8,2290,63,191,14,1.4,5.8,-8,178,193,13.3,-1,1125,1060,,
2026-07-21,18:27:10,01:27:10,-07:00,+33.6185936,-116.1714785,1137,3DDiff (GPS nav),264430.3,75.0,182,-2,-38,-2.13,175.4,13,26,12,1213,1014,-223,59.2,63,-0.70,-2.70,0.086,0.929,-0.060,+0.142,169,900,,,29.70,123.000,121.500,116.200,GPS1,SUSP,RW35,0.8,103,360,0.758,+1.00,350,VISUAL,,,,,,,,,,,,,,,,,-10.8,39.4,4223,1300,16.8,332,040007FF N100 N100 *,480017FF N97 N100,0.8,0.8,77,74,,1200,ALT,9.9,2290,63,191,14,1.1,5.8,-8,175,193,13.3,-1,1115,1055,,
2026-07-21,18:27:11,01:27:11,-07:00,+33.6182558,-116.1714941,1130,3DDiff (GPS nav),264431.3,73.6,182,-1,-38,-1.49,174.2,13,26,12,1207,1008,-307,59.2,63,-1.55,3.09,-0.019,1.029,-0.040,+0.179,169,900,,,29.70,123.000,121.500,116.200,GPS1,SUSP,RW35,0.8,101,360,0.758,+1.00,350,VISUAL,,,,,,,,,,,,,,,,,-10.8,39.3,4213,1200,16.7,333,040007FF N100 N100 *,420017FF N97 N100,0.9,1.0,107,192,,1200,ALT,9.9,2290,63,191,14,1.0,5.9,-8,175,193,13.3,-2,1105,1045,,
2026-07-21,18:27:12,01:27:12,-07:00,+33.6179208,-116.1715118,1126,3DDiff (GPS nav),264432.3,72.5,182,-2,-37,-1.54,173.5,13,26,12,1201,1002,-347,59.6,63,-2.98,2.28,0.003,0.935,-0.016,+0.231,169,900,,,29.70,123.000,121.500,116.200,GPS1,SUSP,RW35,0.8,100,360,0.758,+1.00,350,VISUAL,,,,,,,,,,,,,,,,,-10.8,39.3,4204,1200,16.5,333,040007FF N100 N100 *,420017FF N97 N100,0.7,0.7,81,90,,1200,ALT,10.0,2280,63,191,14,0.8,5.9,-8,174,193,13.3,-2,1095,1040,,
2026-07-21,18:27:13,01:27:13,-07:00,+33.6175908,-116.1715314,1120,3DDiff (GPS nav),264433.3,71.6,183,-2,-37,-1.85,174.6,13,26,12,1197,997,-341,59.8,64,-2.65,1.26,0.013,0.953,+0.001,+0.175,169,900,,,29.70,123.000,121.500,116.200,GPS1,SUSP,RW35,0.8,98,360,0.762,+1.00,350,VISUAL,,,,,,,,,,,,,,,,,-10.8,39.3,4196,1200,16.3,334,040007FF N100 N100 *,480017FF N96 N100,0.8,0.8,70,87,,1200,ALT,10.0,2260,63,192,14,0.8,5.9,-8,175,193,13.3,-2,1085,1035,,
2026-07-21,18:27:14,01:27:14,-07:00,+33.6172617,-116.1715567,1112,3DDiff (GPS nav),264434.3,70.8,183,-2,-36,-2.30,174.4,13,26,12,1191,991,-327,59.6,63,-2.79,2.03,0.073,1.110,+0.013,+0.162,169,900,,,29.70,123.000,121.500,116.200,GPS1,SUSP,RW35,0.8,97,360,0.762,+1.00,350,VISUAL,,,,,,,,,,,,,,,,,-10.8,39.3,4190,1200,16.1,335,040007FF N100 N100 *,480017FF N96 N100,0.8,0.7,73,70,,1200,ALT,10.1,2240,63,192,14,0.7,5.9,-8,176,192,13.3,-2,1080,1030,,
2026-07-21,18:27:15,01:27:15,-07:00,+33.6169377,-116.1715840,1105,3DDiff (GPS nav),264435.3,70.2,183,-3,-36,-2.06,173.2,13,26,12,1186,986,-323,59.5,63,-1.52,-2.82,0.035,1.193,+0.024,+0.225,169,900,,,29.70,123.000,121.500,116.200,GPS1,SUSP,RW35,0.8,95,360,0.762,+1.00,350,VISUAL,,,,,,,,,,,,,,,,,-10.8,39.3,4182,1200,15.8,336,040007FF N100 N100 *,480017FF N100 N100,0.5,0.5,86,138,,1200,ALT,10.2,2250,63,192,14,0.7,5.9,-8,176,192,13.3,-2,1070,1025,,
2026-07-21,18:27:16,01:27:16,-07:00,+33.6166168,-116.1716131,1101,3DDiff (GPS nav),264436.3,69.5,184,-3,-35,-0.24,173.7,13,26,12,1180,981,-321,59.2,63,-1.58,1.27,-0.009,1.082,+0.034,+0.279,169,900,,,29.70,123.000,121.500,116.200,GPS1,SUSP,RW35,0.8,94,360,0.766,+1.00,350,VISUAL,,,,,,,,,,,,,,,,,-10.8,39.3,4174,1200,15.5,337,040007FF N100 N100 *,480017FF N100 N100,0.7,0.7,227,230,,1200,ALT,10.2,2230,63,192,14,0.7,5.9,-8,174,192,13.3,-2,1065,1020,,
2026-07-21,18:27:17,01:27:17,-07:00,+33.6163012,-116.1716414,1102,3DDiff (GPS nav),264437.3,68.4,185,-3,-35,0.49,174.5,13,26,12,1178,976,-313,56.8,60,-0.89,0.34,-0.024,1.075,+0.048,+0.268,169,900,,,29.70,123.000,121.500,116.200,GPS1,SUSP,RW35,0.8,92,360,0.766,+1.00,350,VISUAL,,,,,,,,,,,,,,,,,-10.8,39.3,4169,1200,15.1,338,040007FF N100 N100 *,420017FF N100 N100,0.6,0.6,44,52,,1200,ALT,10.3,2210,63,192,14,0.7,5.9,-8,174,192,13.3,-2,1055,1015,,
2026-07-21,18:27:18,01:27:18,-07:00,+33.6159931,-116.1716678,1105,3DDiff (GPS nav),264438.3,66.8,185,-2,-34,0.58,174.7,13,26,12,1179,974,-243,55.2,59,-0.77,-3.15,-0.005,0.959,+0.055,+0.204,169,900,,,29.70,123.000,121.500,116.200,GPS1,SUSP,RW35,0.8,91,360,0.766,+1.00,350,VISUAL,,,,,,,,,,,,,,,,,-10.8,39.3,4167,1200,14.8,340,040007FF N100 N100 *,480017FF N100 N100,0.3,0.6,51,60,,1200,ALT,10.3,2200,63,192,14,1.1,6.0,-8,174,192,13.3,-2,1050,1015,,
2026-07-21,18:27:19,01:27:19,-07:00,+33.6156907,-116.1716887,1106,3DDiff (GPS nav),264439.3,65.2,185,-2,-33,0.17,175.5,13,26,12,1182,975,-121,53.5,57,-2.18,-3.65,-0.025,0.928,+0.054,+0.174,169,900,,,29.70,123.000,121.500,116.200,GPS1,SUSP,RW35,0.8,90,360,0.770,+1.00,350,VISUAL,,,,,,,,,,,,,,,,,-10.8,39.3,4168,1200,14.4,341,040007FF N100 N100 *,480017FF N100 N100,0.6,0.8,44,60,,1200,ALT,10.4,2130,63,192,14,1.1,6.0,-8,175,192,13.3,-2,1045,1010,,
2026-07-21,18:27:20,01:27:20,-07:00,+33.6153966,-116.1717021,1104,3DDiff (GPS nav),264440.3,64.0,183,-1,-33,-1.27,174.6,13,26,12,1182,976,-23,52.4,56,-3.65,-0.27,0.027,0.909,+0.048,+0.112,169,900,,,29.70,123.000,121.500,116.200,GPS1,,RW35,0.8,88,360,0.770,+1.00,353,VISUAL,,,,,,,,,,,,,,,,,-10.8,39.3,4171,1200,14.1,342,040007FF N100 N100 *,480017FF N100 N100,0.6,1.0,62,59,,1200,ALT,10.6,2090,62,192,14,0.9,6.0,-8,175,192,13.3,-3,1040,1010,,
2026-07-21,18:27:21,01:27:21,-07:00,+33.6151032,-116.1717163,1098,3DDiff (GPS nav),264441.3,63.3,182,-1,-32,-2.13,173.4,13,26,12,1180,976,2,52.1,55,-5.15,-1.23,-0.028,0.900,+0.040,+0.172,169,900,,,29.70,123.000,121.500,116.200,GPS1,,RW35,0.8,87,360,0.770,+1.00,359,VISUAL,,,,,,,,,,,,,,,,,-10.8,39.3,4170,1200,13.7,342,040007FF N100 N100 *,480017FF N100 N100,0.6,0.9,44,55,,1200,ALT,10.8,2070,62,192,14,0.8,6.0,-8,175,192,13.3,-3,1035,1010,,
2026-07-21,18:27:22,01:27:22,-07:00,+33.6147969,-116.1717272,1089,3DDiff (GPS nav),264442.3,62.9,183,-1,-32,-2.94,175.3,13,26,12,1173,973,-57,52.3,56,-4.93,-1.78,0.003,1.020,+0.033,+0.189,169,900,,,29.70,123.000,121.500,116.200,GPS1,,RW35,0.8,86,360,0.770,+1.00,362,VISUAL,,,,,,,,,,,,,,,,,-10.8,39.3,4166,1200,13.3,342,040007FF N100 N100 *,480017FF N100 N100,0.7,0.7,64,74,,1200,ALT,10.9,2070,61,192,14,0.7,6.0,-8,177,192,13.3,-3,1030,1005,,
2026-07-21,18:27:23,01:27:23,-07:00,+33.6145032,-116.1717354,1080,3DDiff (GPS nav),264443.3,63.0,184,-1,-32,-2.69,177.1,13,26,12,1165,967,-177,52.5,56,-4.24,-2.52,0.005,0.981,+0.034,+0.296,169,900,,,29.70,123.000,121.500,116.200,GPS1,,RW35,0.8,84,360,0.770,+1.00,365,VISUAL,,,,,,,,,,,,,,,,,-10.8,39.3,4157,1200,13.0,342,040007FF N100 N100 *,480017FF N100 N100,0.6,0.6,66,69,,1200,ALT,10.9,2090,61,192,14,0.6,6.0,-8,178,192,13.3,-3,1025,1000,,
2026-07-21,18:27:24,01:27:24,-07:00,+33.6142113,-116.1717424,1071,3DDiff (GPS nav),264444.3,62.9,181,-1,-32,-2.77,175.3,13,26,12,1156,959,-301,52.4,56,-3.66,-3.05,-0.020,1.030,+0.039,+0.270,169,900,,,29.70,123.000,121.500,116.200,GPS1,,RW35,0.8,83,360,0.770,+1.00,368,VISUAL,,,,,,,,,,,,,,,,,-10.8,39.3,4147,1200,12.6,342,040007FF N100 N100 *,480017FF N100 N100,0.9,0.9,66,43,,1200,ALT,10.9,2110,61,192,14,0.6,6.0,-8,179,192,13.3,-3,1020,995,,
2026-07-21,18:27:25,01:27:25,-07:00,+33.6139237,-116.1717456,1062,3DDiff (GPS nav),264445.3,62.8,181,-0,-32,-2.55,174.1,13,26,12,1148,951,-393,52.5,56,-3.71,-3.00,0.044,1.020,+0.048,+0.305,169,900,,,29.70,123.000,121.500,116.200,GPS1,,RW35,0.8,82,360,0.770,+1.00,374,VISUAL,,,,,,,,,,,,,,,,,-10.8,39.3,4136,1200,12.3,341,040007FF N100 N100 *,480017FF N100 N100,0.9,0.8,71,24,,1200,ALT,10.9,2090,61,192,14,0.6,6.0,-8,181,192,13.3,-3,1015,990,,
2026-07-21,18:27:26,01:27:26,-07:00,+33.6136326,-116.1717480,1053,3DDiff (GPS nav),264446.3,62.5,179,-0,-32,-2.61,172.6,13,26,12,1141,943,-443,52.6,56,-4.12,-2.51,0.025,0.981,+0.057,+0.268,169,900,,,29.70,123.000,121.500,116.200,GPS1,,RW35,0.8,81,360,0.770,+1.00,377,VISUAL,,,,,,,,,,,,,,,,,-10.8,39.2,4125,1200,12.0,340,040007FF N100 N100 *,480017FF N100 N100,0.9,0.8,58,35,,1200,ALT,10.9,2110,62,192,14,0.4,6.0,-8,182,192,13.3,-3,1010,990,,
2026-07-21,18:27:27,01:27:27,-07:00,+33.6133456,-116.1717430,1044,3DDiff (GPS nav),264447.3,62.1,179,0,-32,-2.78,171.6,13,26,12,1133,935,-463,52.8,56,-3.65,-3.22,0.034,1.020,+0.060,+0.213,169,900,,,29.70,123.000,121.500,116.200,GPS1,,RW35,0.8,79,360,0.770,+1.00,380,VISUAL,,,,,,,,,,,,,,,,,-10.8,39.2,4114,1200,11.6,339,040007FF N100 N100 *,480017FF N100 N100,0.8,0.7,56,56,,1200,ALT,10.9,2110,62,192,14,0.6,6.0,-8,183,192,13.3,-3,1005,985,,
2026-07-21,18:27:28,01:27:28,-07:00,+33.6130575,-116.1717353,1035,3DDiff (GPS nav),264448.3,61.8,179,1,-32,-2.48,171.3,13,26,12,1125,927,-469,52.9,56,-3.06,-0.96,0.019,1.034,+0.065,+0.317,169,900,,,29.70,123.000,121.500,116.200,GPS1,,RW35,0.8,78,360,0.770,+1.00,383,VISUAL,,,,,,,,,,,,,,,,,-10.8,39.2,4104,1200,11.3,339,040007FF N100 N100 *,480017FF N100 N100,0.6,0.7,49,48,,1200,ALT,10.9,2100,62,192,14,0.7,6.0,-8,183,192,13.3,-3,1000,985,,
2026-07-21,18:27:29,01:27:29,-07:00,+33.6127706,-116.1717262,1028,3DDiff (GPS nav),264449.3,61.6,179,1,-32,-1.96,171.3,13,26,12,1117,920,-467,52.5,56,-2.53,-0.89,-0.001,0.978,+0.078,+0.372,169,900,,,29.70,123.000,121.500,116.200,GPS1,,RW35,0.8,77,360,0.770,+1.00,386,VISUAL,,,,,,,,,,,,,,,,,-10.8,39.2,4094,1100,11.0,338,040007FF N100 N100 *,480017FF N100 N100,0.6,0.4,41,48,,1200,ALT,10.9,2100,62,192,14,1.1,6.0,4,183,192,13.3,-3,1000,985,,
2026-07-21,18:27:30,01:27:30,-07:00,+33.6124902,-116.1717162,1021,3DDiff (GPS nav),264450.3,61.2,179,1,-31,-2.11,171.8,13,26,12,1111,912,-458,51.9,55,-2.91,0.62,0.003,0.951,+0.091,+0.341,169,900,,,29.70,123.000,121.500,116.200,GPS1,,RW35,0.8,76,360,0.770,+1.00,392,VISUAL,,,,,,,,,,,,,,,,,-10.8,39.2,4084,1100,10.7,337,040007FF N100 N100 *,480017FF N100 N100,0.6,0.5,48,71,,1200,ALT,10.9,2090,62,192,14,1.4,6.0,8,183,192,13.3,-3,995,985,,
2026-07-21,18:27:31,01:27:31,-07:00,+33.6122073,-116.1717068,1014,3DDiff (GPS nav),264451.3,60.8,179,1,-31,-2.81,171.5,13,26,12,1105,906,-431,51.3,54,-3.91,-1.35,-0.023,0.955,+0.100,+0.317,169,900,,,29.70,123.000,121.500,116.200,GPS1,,RW35,0.8,74,360,0.770,+1.00,395,VISUAL,,,,,,,,,,,,,,,,,-10.8,39.2,4076,1100,10.4,337,040007FF N100 N100 *,420017FF N100 N100,0.7,0.3,37,76,,1200,ALT,10.9,2070,62,192,14,1.1,6.0,8,182,192,13.3,-3,990,985,,
2026-07-21,18:27:32,01:27:32,-07:00,+33.6119276,-116.1716934,1005,3DDiff (GPS nav),264452.3,60.7,179,1,-31,-3.18,172.8,13,26,12,1097,899,-418,50.8,54,-4.74,0.07,-0.024,0.960,+0.106,+0.339,169,900,,,29.70,123.000,121.500,116.200,GPS1,,RW35,0.8,73,360,0.770,+1.00,398,VISUAL,,,,,,,,,,,,,,,,,-10.8,39.2,4067,1100,10.1,336,040007FF N100 N100 *,480017FF N100 N100,0.7,0.5,39,97,,1200,ALT,11.0,2060,62,192,14,0.8,5.9,8,180,192,13.3,-3,990,985,,
2026-07-21,18:27:33,01:27:33,-07:00,+33.6116455,-116.1716827,993,3DDiff (GPS nav),264453.3,60.8,179,1,-31,-3.45,173.3,13,26,12,1087,891,-441,50.9,54,-4.54,1.22,0.019,1.020,+0.112,+0.356,169,900,,,29.70,123.000,121.500,116.200,GPS1,,RW35,0.8,72,360,0.770,+1.00,401,VISUAL,,,,,,,,,,,,,,,,,-10.8,39.2,4056,1100,9.9,336,040007FF N100 N100 *,480017FF N100 N100,0.7,0.5,57,34,,1200,ALT,11.0,2070,62,192,14,0.7,5.9,8,179,192,13.3,-3,985,985,,
2026-07-21,18:27:34,01:27:34,-07:00,+33.6113623,-116.1716725,983,3DDiff (GPS nav),264454.3,61.0,180,1,-31,-2.96,174.5,13,26,12,1076,881,-491,51.6,55,-4.57,1.59,0.023,1.076,+0.120,+0.374,169,900,,,29.70,123.000,121.500,116.200,GPS1,,RW35,0.8,71,360,0.766,+1.00,406,VISUAL,,,,,,,,,,,,,,,,,-10.8,39.2,4043,1100,9.6,335,040007FF N100 N100 *,480017FF N100 N100,0.7,0.3,57,37,,1200,ALT,11.0,2100,62,192,14,0.7,5.9,8,180,192,13.3,-3,980,985,,
2026-07-21,18:27:35,01:27:35,-07:00,+33.6110774,-116.1716676,975,3DDiff (GPS nav),264455.3,61.4,179,0,-32,-2.36,174.5,13,26,12,1068,871,-536,52.2,55,-4.13,1.82,0.007,1.082,+0.130,+0.379,169,900,,,29.70,123.000,121.500,116.200,GPS1,,RW35,0.8,70,360,0.766,+1.00,409,VISUAL,,,,,,,,,,,,,,,,,-10.8,39.2,4030,1100,9.4,334,040007FF N100 N100 *,420017FF N99 N100,0.6,0.4,53,68,,1200,ALT,11.0,2110,62,192,14,1.1,5.9,8,179,192,13.3,-3,980,985,,
2026-07-21,18:27:36,01:27:36,-07:00,+33.6107914,-116.1716658,969,3DDiff (GPS nav),264456.3,61.6,179,0,-32,-1.71,173.8,13,26,12,1061,863,-532,52.3,55,-3.58,-2.91,0.009,1.036,+0.141,+0.381,169,900,,,29.70,123.000,121.500,116.200,GPS1,,RW35,0.8,69,360,0.766,+1.00,412,VISUAL,,,,,,,,,,,,,,,,,-10.8,39.2,4019,1100,9.2,333,040007FF N100 N100 *,480017FF N99 N100,0.5,0.3,52,123,,1200,ALT,10.9,2110,62,192,14,1.7,5.9,8,176,192,13.3,-3,975,985,,
2026-07-21,18:27:37,01:27:37,-07:00,+33.6105065,-116.1716588,963,3DDiff (GPS nav),264457.3,61.6,180,1,-32,-1.47,174.4,13,26,12,1055,856,-497,52.4,56,-3.39,-4.94,0.025,0.962,+0.144,+0.312,169,900,,,29.70,123.000,121.500,116.200,GPS1,,RW35,0.8,68,360,0.766,+1.00,415,VISUAL,,,,,,,,,,,,,,,,,-10.8,39.1,4009,1100,9.0,332,020007FF N100 N100 *,480017FF N98 N100,0.4,0.4,83,139,,1200,ALT,10.9,2110,63,192,14,1.5,5.9,8,175,192,13.3,-3,975,985,,
2026-07-21,18:27:38,01:27:38,-07:00,+33.6102196,-116.1716505,957,3DDiff (GPS nav),264458.3,61.5,178,1,-32,-1.72,173.1,13,26,12,1051,851,-431,52.4,56,-4.13,-4.08,0.062,1.001,+0.135,+0.226,169,900,,,29.70,123.000,121.500,116.200,GPS1,,RW35,0.8,66,360,0.766,+1.00,418,VISUAL,,,,,,,,,,,,,,,,,-10.8,39.1,4001,1100,8.8,331,040007FF N100 N100 *,480017FF N98 N100,0.6,0.7,72,73,,1200,ALT,10.9,2090,63,192,14,1.3,5.9,8,175,192,13.3,-3,975,985,,
2026-07-21,18:27:39,01:27:39,-07:00,+33.6099319,-116.1716358,951,3DDiff (GPS nav),264459.3,61.6,178,1,-32,-1.82,172.7,13,26,12,1046,846,-365,52.4,56,-5.41,-0.39,0.065,0.991,+0.123,+0.292,169,900,,,29.70,123.000,121.500,116.200,GPS1,,RW35,0.8,65,360,0.766,+1.00,424,VISUAL,,,,,,,,,,,,,,,,,-10.8,39.1,3996,1100,8.7,330,040007FF N100 N100 *,480017FF N97 N100,0.8,0.7,62,38,,1200,ALT,10.9,2090,63,192,14,1.0,5.9,8,177,192,13.3,-3,970,985,,
2026-07-21,18:27:40,01:27:40,-07:00,+33.6096487,-116.1716244,944,3DDiff (GPS nav),264460.3,61.7,178,1,-32,-2.14,174.1,13,26,12,1041,841,-331,52.6,56,-4.46,-0.11,0.015,1.014,+0.111,+0.290,169,900,,,29.70,123.000,121.500,116.200,GPS1,,RW35,0.8,64,360,0.766,+1.00,427,VISUAL,,,,,,,,,,,,,,,,,-10.8,39.1,3989,1100,8.6,330,040007FF N100 N100 *,480017FF N96 N100,0.6,0.4,64,60,,1200,ALT,10.9,2090,63,192,14,0.9,5.9,8,177,192,13.3,-3,970,985,,
2026-07-21,18:27:41,01:27:41,-07:00,+33.6093626,-116.1716163,938,3DDiff (GPS nav),264461.3,61.7,178,1,-32,-2.23,174.1,13,26,12,1034,835,-329,52.4,56,-4.15,-3.06,0.066,0.955,+0.100,+0.282,169,900,,,29.70,123.000,121.500,116.200,GPS1,,RW35,0.9,63,360,0.766,+1.00,430,VISUAL,,,,,,,,,,,,,,,,,-10.8,39.1,3982,1100,8.5,329,040007FF N100 N100 *,480017FF N96 N100,0.6,0.3,87,98,,1200,ALT,10.9,2090,63,192,14,0.8,5.9,8,178,192,13.3,-3,965,985,,
2026-07-21,18:27:42,01:27:42,-07:00,+33.6090781,-116.1716087,930,3DDiff (GPS nav),264462.3,61.4,179,1,-32,-2.33,174.0,13,26,12,1028,829,-343,52.4,56,-3.17,-1.53,0.048,1.037,+0.086,+0.193,169,900,,,29.70,123.000,121.500,116.200,GPS1,,RW35,0.9,62,360,0.766,+1.00,433,VISUAL,,,,,,,,,,,,,,,,,-10.8,39.1,3973,1000,8.4,328,040007FF N100 N100 *,480017FF N96 N100,0.7,0.6,110,98,,1200,ALT,10.9,2100,63,192,14,0.7,5.9,8,178,192,13.3,-3,965,985,,
2026-07-21,18:27:43,01:27:43,-07:00,+33.6087950,-116.1716032,923,3DDiff (GPS nav),264463.3,61.1,178,0,-31,-2.45,172.0,13,26,12,1021,822,-364,52.6,56,-3.14,0.44,0.000,0.957,+0.077,+0.283,169,900,,,29.70,123.000,121.500,116.200,GPS1,,RW35,0.9,61,360,0.762,+1.00,439,VISUAL,,,,,,,,,,,,,,,,,-10.8,39.1,3965,1000,8.3,327,020007FF N100 N100 *,480017FF N100 N100,0.6,0.4,91,154,,1200,ALT,10.9,2090,63,191,14,0.7,5.9,8,175,192,13.3,-3,965,985,,
2026-07-21,18:27:44,01:27:44,-07:00,+33.6085157,-116.1715964,916,3DDiff (GPS nav),264464.3,60.7,178,1,-31,-2.10,171.8,13,26,12,1014,815,-383,52.5,56,-2.02,-5.07,0.060,1.024,+0.072,+0.308,169,900,,,29.70,123.000,121.500,116.200,GPS1,,RW35,0.9,60,360,0.762,+1.00,442,VISUAL,,,,,,,,,,,,,,,,,-10.8,39.1,3957,1000,8.2,326,020007FF N100 N100 *,480017FF N100 N100,0.7,0.3,71,87,,1200,ALT,10.9,2080,63,191,14,0.6,5.9,8,171,192,13.3,-3,960,985,,
2026-07-21,18:27:45,01:27:45,-07:00,+33.6082366,-116.1715869,908,3DDiff (GPS nav),264465.3,60.2,177,1,-31,-2.50,169.3,13,26,12,1007,809,-395,52.0,55,-2.78,-7.77,0.014,0.974,+0.075,+0.279,169,900,,,29.70,123.000,121.500,116.200,GPS1,,RW35,0.9,59,360,0.762,+1.00,445,VISUAL,,,,,,,,,,,,,,,,,-10.8,39.1,3950,1000,8.1,326,040007FF N100 N100 *,480017FF N100 N100,0.8,0.5,76,107,,1200,ALT,10.9,2090,63,191,14,0.6,5.9,8,169,192,13.3,-3,960,985,,
2026-07-21,18:27:46,01:27:46,-07:00,+33.6079609,-116.1715659,900,3DDiff (GPS nav),264466.3,59.7,175,2,-30,-2.62,166.7,13,26,12,1000,802,-406,51.6,55,-2.19,-8.00,0.072,1.010,+0.073,+0.258,169,900,,,29.70,123.000 TX,121.500,116.200,GPS1,,RW35,0.9,58,360,0.762,+1.00,448,VISUAL,,,,,,,,,,,,,,,,,-10.8,39.1,3942,1000,8.1,326,040007FF N100 N100 *,480017FF N100 N100,0.8,0.6,62,37,,1200,ALT,10.9,2070,63,191,14,0.6,5.9,8,168,192,13.3,-3,960,985,,
2026-07-21,18:27:47,01:27:47,-07:00,+33.6076879,-116.1715328,891,3DDiff (GPS nav),264467.3,59.2,173,3,-30,-2.91,163.8,13,26,12,992,795,-415,51.3,54,-2.74,-9.13,0.017,0.983,+0.075,+0.317,169,900,,,29.70,123.000 TX,121.500 RX,116.200,GPS1,,RW35,0.9,57,360,0.762,+1.00,451,VISUAL,,,,,,,,,,,,,,,,,-10.8,39.1,3933,1000,8.0,326,040007FF N100 N100 *,480017FF N100 N100,0.7,0.7,64,28,,1200,ALT,10.9,2070,63,191,14,0.6,5.9,8,167,193,13.3,-4,955,985,,
2026-07-21,18:27:48,01:27:48,-07:00,+33.6074183,-116.1714850,881,3DDiff (GPS nav),264468.3,58.9,171,5,-30,-3.03,161.0,13,26,12,984,787,-440,51.1,54,-2.77,-10.98,0.021,0.989,+0.079,+0.321,169,900,,,29.70,123.000 TX,121.500 RX,116.200,GPS1,,RW35,0.9,57,360,0.758,+1.00,454,VISUAL,,,,,,,,,,,,,,,,,-10.8,39.1,3924,1000,7.9,327,040007FF N100 N100 *,480017FF N100 N100,0.8,0.8,49,26,,1200,ALT,10.9,2070,63,191,14,0.6,5.9,8,167,193,13.2,-5,955,985,,
2026-07-21,18:27:49,01:27:49,-07:00,+33.6071510,-116.1714198,871,3DDiff (GPS nav),264469.3,58.6,168,7,-29,-3.20,157.4,13,26,12,975,778,-463,51.0,54,-2.59,-13.18,0.051,1.018,+0.084,+0.341,169,900,,,29.70,123.000 TX,121.500 RX,116.200,GPS1,,RW35,0.9,56,360,0.754,+1.00,460,VISUAL,,,,,,,,,,,,,,,,,-10.8,39.1,3915,1000,7.8,328,040007FF N100 N100 *,480017FF N100 N100,0.6,0.8,54,29,,1200,ALT,10.9,2070,63,191,14,0.6,5.9,8,166,193,13.2,-5,955,985,,
2026-07-21,18:27:50,01:27:50,-07:00,+33.6068881,-116.1713352,859,3DDiff (GPS nav),264470.3,58.4,164,9,-29,-3.35,153.4,13,26,12,966,770,-490,50.9,54,-2.06,-15.19,0.037,1.037,+0.091,+0.346,169,900,,,29.70,123.000 TX,121.500 RX,116.200,GPS1,,RW35,0.9,55,360,0.750,+1.00,460,VISUAL,,,,,,,,,,,,,,,,,-10.8,39.1,3904,1000,7.7,329,040007FF N100 N100 *,480017FF N100 N100,0.6,0.9,65,35,,1200,ALT,10.9,2070,63,191,14,0.7,5.9,8,166,193,13.2,-6,955,985,,
2026-07-21,18:27:51,01:27:51,-07:00,+33.6066352,-116.1712244,848,3DDiff (GPS nav),264471.3,58.2,159,11,-28,-3.44,148.7,13,26,12,956,760,-522,51.0,54,-1.84,-15.45,0.009,1.035,+0.098,+0.343,169,900,,,29.70,123.000 TX,121.500 RX,116.200,GPS1,,RW35,0.9,54,360,0.746,+1.00,466,VISUAL,,,,,,,,,,,,,,,,,-10.8,39.1,3893,1000,7.5,330,040007FF N100 N100 *,480017FF N100 N100,0.6,0.9,67,32,,1200,ALT,10.9,2070,63,191,14,0.6,5.9,8,166,193,13.2,-6,950,985,,
2026-07-21,18:27:52,01:27:52,-07:00,+33.6063911,-116.1710915,837,3DDiff (GPS nav),264472.3,57.9,154,13,-27,-3.00,143.2,13,26,12,946,750,-550,51.0,54,-1.76,-15.94,0.042,1.056,+0.106,+0.362,154,900,,,29.70,123.000 TX,121.500 RX,116.200,GPS1,,RW35,0.9,53,360,0.738,+1.00,469,VISUAL,,,,,,,,,,,,,,,,,-10.8,39.1,3882,1000,7.4,330,020007FF N100 N100 *,480017FF N100 N100,0.5,1.0,73,32,,1200,ALT,10.9,2090,63,191,14,0.6,5.9,8,167,193,13.2,-6,950,985,,
2026-07-21,18:27:53,01:27:53,-07:00,+33.6061590,-116.1709346,828,3DDiff (GPS nav),264473.3,57.5,149,15,-25,-3.01,137.3,13,26,12,937,741,-568,51.1,54,-2.41,-16.27,0.028,1.075,+0.114,+0.350,89,900,,,29.70,123.000,121.500,116.200,GPS1,,RW35,0.9,52,360,0.730,+1.00,472,VISUAL,,,,,,,,,,,,,,,,,-10.8,39.2,3870,1000,7.2,331,020007FF N100 N100 *,480017FF N100 N100,0.3,0.9,60,40,,1200,ALT,10.8,2090,63,190,14,0.6,5.9,8,167,193,13.2,-5,950,985,,
2026-07-21,18:27:54,01:27:54,-07:00,+33.6059407,-116.1707542,817,3DDiff (GPS nav),264474.3,57.2,144,17,-24,-3.16,131.7,13,26,12,928,732,-565,51.3,55,-2.52,-18.17,0.011,1.038,+0.118,+0.336,84,900,,,29.70,123.000,121.500,116.200,GPS1,,RW35,0.9,51,360,0.723,+1.00,475,VISUAL,,,,,,,,,,,,,,,,,-10.8,39.1,3859,1000,7.1,332,020007FF N100 N100 *,480017FF N100 N100,0.2,0.9,59,31,,1200,ALT,10.8,2090,63,190,14,0.5,5.9,8,167,193,13.2,-5,950,985,,
2026-07-21,18:27:55,01:27:55,-07:00,+33.6057411,-116.1705501,807,3DDiff (GPS nav),264475.3,56.8,139,20,-22,-3.11,126.5,13,26,12,918,722,-564,51.8,55,-1.09,-17.43,0.031,1.094,+0.120,+0.337,84,900,,,29.70,123.000,121.500,116.200,GPS1,,RW35,0.9,50,360,0.711,+1.00,478,VISUAL,,,,,,,,,,,,,,,,,-10.8,39.1,3847,900,6.9,333,020007FF N100 N100 *,480017FF N99 N100,0.1,1.0,57,38,,1200,ALT,10.8,2090,63,190,14,0.5,5.9,8,167,193,13.2,-4,950,985,,
2026-07-21,18:27:56,01:27:56,-07:00,+33.6055620,-116.1703237,798,3DDiff (GPS nav),264476.3,56.3,134,21,-19,-2.89,121.7,13,26,12,909,713,-564,51.9,55,-0.76,-16.30,0.072,1.013,+0.122,+0.353,84,900,,,29.70,123.000,121.500,116.200,GPS1,,RW35,0.9,49,360,0.699,+1.00,478,VISUAL,,,,,,,,,,,,,,,,,-10.8,39.1,3836,900,6.7,335,020007FF N100 N100 *,480017FF N100 N100,0.1,1.0,71,36,,1200,ALT,10.8,2100,63,190,14,0.6,5.9,8,167,193,13.2,-4,945,985,,
2026-07-21,18:27:57,01:27:57,-07:00,+33.6053997,-116.1700863,788,3DDiff (GPS nav),264477.3,55.6,128,23,-17,-2.99,116.8,13,26,12,900,704,-559,51.7,55,-1.17,-13.28,0.017,1.046,+0.122,+0.339,84,900,,,29.70,123.000,121.500,116.200,GPS1,,RW35,0.9,48,360,0.688,+1.00,481,VISUAL,,,,,,,,,,,,,,,,,-10.8,39.2,3825,900,6.5,336,020007FF N100 N100 *,480017FF N100 N100,0.2,0.9,77,33,,1200,ALT,10.8,2100,63,190,14,0.6,5.9,19,167,193,13.2,-4,945,985,,
2026-07-21,18:27:58,01:27:58,-07:00,+33.6052547,-116.1698359,778,3DDiff (GPS nav),264478.3,55.0,124,24,-16,-2.87,112.5,13,26,12,892,695,-545,51.6,55,-2.03,-12.38,0.018,1.011,+0.122,+0.347,84,900,,,29.70,123.000,121.500,116.200,GPS1,,RW35,0.9,47,360,0.676,+1.00,484,VISUAL,,,,,,,,,,,,,,,,,-10.8,39.2,3816,900,6.3,337,020007FF N100 N100 *,480017FF N100 N100,0.1,0.8,63,38,,1200,ALT,10.8,2090,63,190,14,0.6,5.9,23,167,193,13.2,-4,945,985,,
2026-07-21,18:27:59,01:27:59,-07:00,+33.6051251,-116.1695765,769,3DDiff (GPS nav),264479.3,54.6,121,24,-14,-2.82,109.3,13,26,12,883,686,-533,51.6,55,-2.56,-11.35,0.019,1.023,+0.121,+0.346,84,900,,,29.70,123.000,121.500,116.200,GPS1,,RW35,0.9,46,360,0.664,+1.00,484,VISUAL,,,,,,,,,,,,,,,,,-10.8,39.2,3807,900,6.1,339,040007FF N100 N100 *,480017FF N100 N100,0.1,0.6,74,49,,1200,ALT,10.9,2050,63,190,14,0.6,5.9,26,168,193,13.2,-4,945,985,,
2026-07-21,18:28:00,01:28:00,-07:00,+33.6050095,-116.1693096,760,3DDiff (GPS nav),264480.3,54.3,117,25,-12,-2.73,106.0,13,26,12,874,677,-530,51.7,55,-1.69,-9.92,0.009,1.060,+0.120,+0.346,84,900,,,29.70,123.000,121.500,116.200,GPS1,,RW35,0.9,45,360,0.648,+1.00,487,VISUAL,,,,,,,,,,,,,,,,,-10.8,39.2,3797,900,5.9,342,040007FF N100 N100 *,480017FF N100 N100,0.1,0.4,61,48,,1200,ALT,10.9,2070,63,189,14,0.7,5.8,26,168,193,13.2,-4,945,980,,
2026-07-21,18:28:01,01:28:01,-07:00,+33.6049127,-116.1690519,753,3DDiff (GPS nav),264481.3,53.9,114,25,-11,-2.36,102.3,13,26,12,866,669,-519,51.7,55,-1.11,-9.42,0.032,1.070,+0.123,+0.375,84,900,,,29.70,123.000,121.500,116.200,GPS1,,RW35,0.9,44,360,0.637,+1.00,487,VISUAL,,,,,,,,,,,,,,,,,-10.8,39.2,3787,900,5.6,346,040007FF N100 N100 *,480017FF N100 N100,0.0,0.2,54,27,,1200,ALT,11.0,2080,64,189,14,0.8,5.8,31,167,193,13.2,-4,945,975,,
2026-07-21,18:28:02,01:28:02,-07:00,+33.6048217,-116.1687784,745,3DDiff (GPS nav),264482.3,53.4,110,26,-9,-2.01,98.8,13,26,12,859,661,-497,51.5,54,-1.04,-10.19,0.006,1.000,+0.130,+0.380,84,900,,,29.70,123.000,121.500,116.200,GPS1,,RW35,0.9,43,360,0.621,+1.00,490,VISUAL,,,,,,,,,,,,,,,,,-10.8,39.2,3778,900,5.3,351,040007FF N100 N100 *,480017FF N100 N100,0.1,0.0,63,37,,1200,ALT,10.9,2080,64,189,14,1.1,5.8,34,167,193,13.2,-4,945,970,,
2026-07-21,18:28:03,01:28:03,-07:00,+33.6047472,-116.1684991,739,3DDiff (GPS nav),264483.3,52.7,107,26,-8,-1.97,94.6,13,26,12,853,654,-466,50.9,54,-1.06,-12.64,0.025,1.011,+0.138,+0.377,84,900,,,29.70,123.000,121.500,116.200,GPS1,,RW35,0.9,43,360,0.609,+1.00,490,VISUAL,,,,,,,,,,,,,,,,,-10.8,39.2,3771,900,5.1,356,020007FF N100 N100 *,480017FF N100 N100,0.1,0.0,64,41,,1200,ALT,10.9,2060,64,189,14,1.1,5.8,34,167,193,13.2,-4,945,970,,
2026-07-21,18:28:04,01:28:04,-07:00,+33.6046896,-116.1682196,732,3DDiff (GPS nav),264484.3,52.0,103,26,-6,-2.23,90.9,13,26,12,848,648,-424,50.1,53,-0.92,-12.32,0.036,1.011,+0.145,+0.377,84,900,,,29.70,123.000,121.500,116.200,GPS1,,RW35,0.9,42,360,0.594,+1.00,490,VISUAL,,,,,,,,,,,,,,,,,-10.8,39.2,3765,900,4.8,360,040007FF N100 N100 *,480017FF N100 N100,0.1,0.1,58,29,,1200,ALT,10.9,2050,64,189,14,1.3,5.8,35,167,193,13.2,-4,945,965,,
2026-07-21,18:28:05,01:28:05,-07:00,+33.6046494,-116.1679386,725,3DDiff (GPS nav),264485.3,51.5,99,26,-4,-2.01,87.2,13,26,12,842,643,-387,49.7,53,-0.32,-12.60,0.029,1.043,+0.155,+0.402,84,900,,,29.70,123.000,121.500,116.200,GPS1,,RW35,0.9,41,360,0.578,+1.00,490,VISUAL,+1.00,3,,,,,,,,,,,,,,,-10.8,39.2,3760,900,4.5,3,040007FF N100 N100 *,480017FF N100 N100,0.1,0.3,56,23,,1200,ALT,11.0,2040,64,189,14,1.0,5.8,35,168,193,13.2,-4,945,965,,
2026-07-21,18:28:06,01:28:06,-07:00,+33.6046275,-116.1676572,719,3DDiff (GPS nav),264486.3,51.1,95,26,-2,-2.00,83.3,13,26,12,836,637,-367,49.1,52,-0.45,-10.77,0.002,1.004,+0.170,+0.422,84,900,,,29.70,123.000,121.500,116.200,GPS1,,RW35,0.9,40,360,0.566,+1.00,490,VISUAL,+1.00,3,,,,,,,,,,,,,,,-10.8,39.2,3755,900,4.3,7,040007FF N100 N100 *,480017FF N100 N100,0.1,0.2,59,29,,1200,ALT,11.1,2040,64,189,14,0.7,5.8,35,169,193,13.2,-4,945,965,,
2026-07-21,18:28:07,01:28:07,-07:00,+33.6046207,-116.1673752,712,3DDiff (GPS nav),264487.3,50.8,91,26,-0,-1.60,79.6,13,26,12,830,631,-356,48.9,52,-2.87,-6.64,-0.019,0.936,+0.186,+0.438,84,900,,,29.70,123.000,121.500,116.200,GPS1,,RW35,0.9,39,360,0.551,+1.00,490,VISUAL,+1.00,3,,,,,,,,,,,,,,,-10.8,39.3,3750,800,4.1,10,020007FF N100 N100 *,480017FF N100 N100,0.4,0.2,57,55,,1200,ALT,11.1,2020,64,189,14,0.6,5.8,35,169,193,13.2,-4,945,965,,
2026-07-21,18:28:08,01:28:08,-07:00,+33.6046245,-116.1670922,705,3DDiff (GPS nav),264488.3,50.8,89,26,1,-2.48,78.4,13,23,12,824,625,-355,49.0,52,-4.76,-0.84,-0.012,0.862,+0.199,+0.392,84,900,,,29.70,123.000,121.500,116.200,GPS1,,RW35,0.9,39,360,0.539,+1.00,490,VISUAL,+1.00,3,,,,,,,,,,,,,,,-10.8,39.3,3744,800,3.8,14,020007FF N100 N100 *,480017FF N100 N100,0.3,0.2,52,48,,1200,ALT,11.1,2040,64,188,14,0.7,5.7,35,170,193,13.2,-4,945,960,,
2026-07-21,18:28:09,01:28:09,-07:00,+33.6046313,-116.1668118,694,3DDiff (GPS nav),264489.3,50.9,89,26,1,-3.33,78.5,13,23,12,817,618,-368,49.2,52,-5.23,-1.96,-0.015,0.942,+0.197,+0.345,84,900,,,29.70,123.000,121.500,116.200,GPS1,,RW35,0.8,38,360,0.523,+1.00,490,VISUAL,+1.00,3,,,,,,,,,,,,,,,-10.8,39.3,3737,800,3.6,19,040007FF N100 N100 *,480017FF N100 N100,0.3,0.1,122,142,,1200,ALT,11.2,2010,64,188,14,0.8,5.6,35,170,193,13.2,-4,940,960,,
2026-07-21,18:28:10,01:28:10,-07:00,+33.6046412,-116.1665266,681,3DDiff (GPS nav),264490.3,51.4,89,27,1,-4.09,79.2,13,26,12,805,610,-418,49.8,53,-5.55,-2.72,0.006,1.028,+0.192,+0.375,84,900,,,29.70,123.000,121.500,116.200,GPS1,,RW35,0.8,37,360,0.508,+1.00,490,VISUAL,+1.00,3,,,,,,,,,,,,,,,-10.8,39.3,3729,800,3.4,25,040007FF N100 N100 *,480017FF N100 N100,0.3,0.0,45,68,,1200,ALT,11.2,2030,64,188,14,0.8,5.7,33,171,193,13.2,-4,940,960,,
2026-07-21,18:28:11,01:28:11,-07:00,+33.6046534,-116.1662374,668,3DDiff (GPS nav),264491.3,52.1,88,27,1,-3.63,79.7,13,26,12,794,600,-497,50.3,53,-3.83,-0.76,0.002,1.049,+0.188,+0.400,84,900,,,29.70,123.000,121.500,116.200,GPS1,,RW35,0.8,36,360,0.492,+1.00,490,VISUAL,+1.00,3,,,,,,,,,,,,,,,-10.8,39.3,3717,800,3.2,30,040007FF N100 N100 *,480017FF N100 N100,0.4,0.2,48,57,,1200,ALT,11.2,2050,64,188,14,0.8,5.8,33,172,193,13.2,-4,940,960,,
2026-07-21,18:28:12,01:28:12,-07:00,+33.6046660,-116.1659454,657,3DDiff (GPS nav),264492.3,52.7,88,27,1,-3.19,79.9,13,26,12,783,588,-573,50.6,53,-2.57,1.73,0.007,1.057,+0.189,+0.408,84,900,,,29.70,123.000,121.500,116.200,GPS1,,RW35,0.8,36,360,0.480,+1.00,490,VISUAL,+1.00,3,,,,,,,,,,,,,,,-10.8,39.3,3705,800,3.0,36,040007FF N100 N100 *,480017FF N100 N100,0.4,0.1,55,35,,1200,ALT,11.2,2070,64,188,14,0.8,5.8,33,173,194,13.2,-4,940,960,,
2026-07-21,18:28:13,01:28:13,-07:00,+33.6046762,-116.1656540,649,3DDiff (GPS nav),264493.3,52.7,87,27,1,-2.79,79.3,13,26,12,773,578,-611,50.6,53,-2.11,0.83,0.007,0.966,+0.191,+0.404,84,900,,,29.70,123.000,121.500,116.200,GPS1,,RW35,0.8,35,360,0.465,+1.00,490,VISUAL,+1.00,3,,,,,,,,,,,,,,,-10.8,39.3,3694,800,2.8,42,040007FF N100 N100 *,480017FF N100 N100,0.5,0.1,46,32,,1200,ALT,11.1,2070,64,188,14,0.7,5.8,33,173,194,13.2,-4,940,960,,
2026-07-21,18:28:14,01:28:14,-07:00,+33.6046839,-116.1653656,639,3DDiff (GPS nav),264494.3,52.4,87,27,1,-3.07,78.8,13,23,12,764,568,-617,49.9,53,-1.50,-1.30,0.007,0.996,+0.192,+0.390,84,900,,,29.70,123.000,121.500,116.200,GPS1,,RW35,0.8,34,360,0.449,+1.00,490,VISUAL,+1.00,3,,,,,,,,,,,,,,,-10.8,39.4,3684,800,2.7,50,040007FF N100 N100 *,480017FF N100 N100,0.4,0.1,37,22,,1200,ALT,11.1,2060,64,188,14,0.8,5.8,33,173,194,13.2,-4,940,960,,
2026-07-21,18:28:15,01:28:15,-07:00,+33.6046953,-116.1650760,629,3DDiff (GPS nav),264495.3,52.0,87,27,1,-3.03,78.2,13,23,12,756,559,-591,49.2,52,-1.93,-2.76,0.005,1.017,+0.194,+0.410,84,900,,,29.70,123.000,121.500,116.200,GPS1,,RW35,0.8,33,360,0.438,+1.00,490,VISUAL,+1.00,3,,,,,,,,,,,,,,,-10.8,39.4,3676,800,2.5,60,040007FF N100 N100 *,480017FF N99 N100,0.5,0.3,41,71,,1200,ALT,11.1,2040,64,188,14,0.7,5.8,33,172,194,13.2,-4,940,960,,
2026-07-21,18:28:16,01:28:16,-07:00,+33.6047102,-116.1647894,619,3DDiff (GPS nav),264496.3,51.8,87,27,2,-3.35,79.1,13,26,12,747,550,-560,49.0,52,-2.35,-0.34,-0.003,0.973,+0.197,+0.401,84,900,,,29.70,123.000,121.500,116.200,GPS1,,RW35,0.8,32,360,0.422,+1.00,490,VISUAL,+1.00,3,,,,,,,,,,,,,,,-10.8,39.4,3668,800,2.4,71,040007FF N100 N100 *,480017FF N98 N100,0.4,0.3,37,37,,1200,ALT,11.1,2040,64,187,14,0.6,5.8,33,173,194,13.2,-4,940,960,,
2026-07-21,18:28:17,01:28:17,-07:00,+33.6047254,-116.1645044,608,3DDiff (GPS nav),264497.3,51.6,87,26,2,-3.45,79.1,13,26,12,737,541,-550,48.9,52,-1.93,1.54,-0.026,0.997,+0.197,+0.398,84,900,,,29.70,123.000,121.500,116.200,GPS1,,RW35,0.8,32,360,0.406,+1.00,490,VISUAL,+1.00,3,,,,,,,,,,,,,,,-10.8,39.4,3659,700,2.3,85,040007FF N100 N100 *,480017FF N98 N100,0.5,0.2,50,33,,1200,ALT,11.2,2040,64,187,14,0.6,5.8,33,177,194,13.2,-4,940,960,,
2026-07-21,18:28:18,01:28:18,-07:00,+33.6047389,-116.1642204,597,3DDiff (GPS nav),264498.3,51.3,86,26,1,-3.27,78.9,13,26,12,727,531,-561,48.9,52,-1.64,1.22,0.001,1.040,+0.200,+0.412,84,900,,,29.70,123.000,121.500,116.200,GPS1,,RW35,0.8,31,360,0.395,+1.00,490,VISUAL,+1.00,3,,,,,,,,,,,,,,,-10.8,39.5,3650,700,2.2,100,040007FF N100 N100 *,480017FF N98 N100,0.5,0.0,50,45,,1200,ALT,11.2,2050,64,187,14,0.6,5.8,33,179,194,13.2,-4,940,960,,
2026-07-21,18:28:19,01:28:19,-07:00,+33.6047499,-116.1639362,585,3DDiff (GPS nav),264499.3,51.2,87,26,1,-3.18,79.3,13,26,12,717,522,-572,49.0,52,-2.40,-1.89,0.007,0.978,+0.204,+0.417,84,900,,,29.70,123.000,121.500,116.200,GPS1,,RW35,0.8,30,360,0.379,+1.00,490,VISUAL,+1.00,3,,,,,,,,,,,,,,,-10.8,39.5,3640,700,2.1,114,040007FF N100 N100 *,480017FF N100 N100,0.4,0.2,49,28,,1200,ALT,11.2,2050,64,187,14,0.6,5.9,33,179,194,13.2,-4,940,960,,
2026-07-21,18:28:20,01:28:20,-07:00,+33.6047634,-116.1636518,574,3DDiff (GPS nav),264500.3,51.1,87,26,2,-3.31,80.4,13,23,12,708,512,-571,48.9,52,-2.43,-4.13,0.028,1.038,+0.207,+0.400,84,900,,,29.70,123.000,121.500,116.200,GPS1,,RW35,0.8,29,360,0.363,+1.00,490,VISUAL,+1.00,3,,,,,,,,,,,,,,,-10.8,39.5,3631,700,2.1,124,040007FF N100 N100 *,480017FF N100 N100,0.4,0.0,48,31,,1200,ALT,11.2,2050,64,187,14,0.7,5.9,33,177,194,13.2,-4,940,960,,
2026-07-21,18:28:21,01:28:21,-07:00,+33.6047789,-116.1633707,564,3DDiff (GPS nav),264501.3,51.1,87,26,2,-3.14,80.4,13,23,12,698,503,-572,49.1,52,-2.17,-2.69,0.022,1.039,+0.207,+0.402,84,900,,,29.70,123.000,121.500,116.200,GPS1,,RW35,0.7,28,360,0.352,+1.00,490,VISUAL,+1.00,3,,,,,,,,,,,,,,,-10.8,39.5,3621,700,2.0,133,040007FF N100 N100 *,480017FF N100 N100,0.3,0.3,58,67,,1200,ALT,11.2,2050,64,187,14,0.7,5.9,33,175,194,13.2,-4,940,965,,
2026-07-21,18:28:22,01:28:22,-07:00,+33.6047979,-116.1630877,554,3DDiff (GPS nav),264502.3,51.2,85,26,2,-2.82,79.4,13,26,12,689,493,-569,49.3,52,-3.02,-1.95,0.024,0.958,+0.210,+0.426,84,900,,,29.70,123.000,121.500,116.200,GPS1,,RW35,0.7,27,360,0.336,+1.00,490,VISUAL,+1.00,3,,,,,,,,,,,,,,,-10.8,39.5,3612,700,2.0,139,040007FF N100 N100 *,480017FF N100 N100,0.3,0.2,52,49,,1200,ALT,11.2,2050,64,187,14,0.6,5.9,33,175,195,13.2,-4,940,965,,
2026-07-21,18:28:23,01:28:23,-07:00,+33.6048192,-116.1628043,544,3DDiff (GPS nav),264503.3,51.3,85,26,2,-3.11,79.6,13,26,12,680,484,-570,49.4,52,-3.21,-0.57,0.016,0.973,+0.211,+0.401,84,900,,,29.70,123.000,121.500,116.200,GPS1,,RW35,0.7,26,360,0.324,+1.00,490,VISUAL,+1.00,3,,,,,,,,,,,,,,,-10.8,39.6,3602,700,2.0,144,040007FF N100 N100 *,480017FF N100 N100,0.3,0.0,44,31,,1200,ALT,11.2,2040,64,187,14,0.6,5.9,33,175,195,13.2,-4,940,965,,
2026-07-21,18:28:24,01:28:24,-07:00,+33.6048399,-116.1625206,533,3DDiff (GPS nav),264504.3,51.4,85,26,2,-3.58,79.4,13,26,12,671,475,-563,49.4,52,-3.49,1.35,-0.000,0.999,+0.211,+0.402,84,900,,,29.70,123.000,121.500,116.200,GPS1,,RW35,0.7,25,360,0.309,+1.00,490,VISUAL,+1.00,3,,,,,,,,,,,,,,,-10.8,39.6,3594,700,2.1,147,040007FF N100 N100 *,480017FF N100 N100,0.4,0.1,62,59,,1200,ALT,11.2,2030,64,186,14,0.6,5.9,33,175,195,13.2,-4,940,965,,
2026-07-21,18:28:25,01:28:25,-07:00,+33.6048586,-116.1622358,522,3DDiff (GPS nav),264505.3,51.6,85,27,2,-3.54,79.1,13,26,12,660,465,-565,49.4,52,-3.85,-0.34,-0.004,1.011,+0.208,+0.389,84,900,,,29.70,123.000,121.500,116.200,GPS1,,RW35,0.7,24,360,0.293,+1.00,487,VISUAL,+1.00,3,,,,,,,,,,,,,,,-10.8,39.6,3584,600,2.1,151,040007FF N100 N100 *,480017FF N100 N100,0.4,0.2,47,20,,1200,ALT,11.3,2040,64,186,14,0.7,5.9,33,175,195,13.2,-4,940,965,,
2026-07-21,18:28:26,01:28:26,-07:00,+33.6048752,-116.1619515,510,3DDiff (GPS nav),264506.3,51.8,86,27,2,-3.30,79.3,13,23,12,649,454,-592,49.8,53,-3.50,-1.69,0.010,1.026,+0.201,+0.380,84,900,,,29.70,123.000,121.500,116.200,GPS1,,RW35,0.7,23,360,0.281,+1.00,487,VISUAL,+1.00,3,,,,,,,,,,,,,,,-10.8,39.6,3573,600,2.2,153,040007FF N100 N100 *,480017FF N100 N100,0.4,0.1,60,35,,1200,ALT,11.3,2060,64,186,14,0.7,5.9,33,176,195,13.2,-4,940,965,,
2026-07-21,18:28:27,01:28:27,-07:00,+33.6048925,-116.1616611,500,3DDiff (GPS nav),264507.3,52.2,86,27,2,-3.42,79.4,13,23,12,639,444,-612,50.1,53,-4.08,-0.52,-0.005,0.980,+0.194,+0.385,84,900,,,29.70,123.000,121.500,116.200,GPS1,,RW35,0.7,22,360,0.266,+1.00,487,VISUAL,+1.00,3,,,,,,,,,,,,,,,-10.8,39.6,3562,600,2.2,155,040007FF N100 N100 *,480017FF N100 N100,0.4,0.0,44,42,,1200,ALT,11.3,2030,64,186,14,0.7,5.8,33,176,195,13.2,-4,940,965,,
2026-07-21,18:28:28,01:28:28,-07:00,+33.6049098,-116.1613705,488,3DDiff (GPS nav),264508.3,52.5,86,27,2,-3.70,79.1,13,26,12,629,434,-611,50.1,53,-3.12,-2.73,0.015,1.012,+0.187,+0.379,84,900,,,29.70,123.000,121.500,116.200,GPS1,,RW35,0.7,21,360,0.250,+1.00,487,VISUAL,+1.00,3,,,,,,,,,,,,,,,-10.8,39.7,3553,600,2.3,156,040007FF N100 N100 *,480017FF N100 N100,0.2,0.0,65,75,,1200,ALT,11.3,2040,64,186,14,0.7,5.8,33,176,195,13.2,-4,935,965,,
2026-07-21,18:28:29,01:28:29,-07:00,+33.6049285,-116.1610793,477,3DDiff (GPS nav),264509.3,52.6,86,27,2,-2.54,78.2,13,26,12,619,423,-616,50.1,53,0.49,-1.83,-0.010,1.183,+0.182,+0.406,84,900,,,29.70,123.000,121.500,116.200,GPS1,,RW35,0.7,20,360,0.234,+1.00,487,VISUAL,+1.00,3,,,,,,,,,,,,,,,-10.8,39.7,3542,600,2.4,158,020007FF N100 N100 *,480017FF N99 N100,0.3,0.1,89,90,,1200,ALT,11.3,2060,64,186,14,0.8,5.8,33,176,195,13.2,-4,935,965,,
2026-07-21,18:28:30,01:28:30,-07:00,+33.6049502,-116.1607908,471,3DDiff (GPS nav),264510.3,52.3,84,27,3,-1.84,75.4,13,26,12,610,414,-603,49.9,52,2.30,-7.02,0.031,1.055,+0.192,+0.445,84,900,,,29.70,123.000,121.500,116.200,GPS1,,RW35,0.7,19,360,0.223,+1.00,487,VISUAL,+1.00,3,,,,,,,,,,,,,,,-10.8,39.7,3532,600,2.5,160,040007FF N100 N100 *,480017FF N98 N100,0.1,0.3,56,125,,1200,ALT,11.2,2070,64,186,14,0.8,5.8,33,175,195,13.2,-4,935,965,,
2026-07-21,18:28:31,01:28:31,-07:00,+33.6049794,-116.1605085,466,3DDiff (GPS nav),264511.3,51.3,82,26,4,-1.43,73.2,13,26,12,606,407,-547,48.1,51,2.77,-7.74,0.007,1.019,+0.202,+0.433,84,900,,,29.70,123.000,121.500,116.200,GPS1,,RW35,0.7,18,360,0.207,+1.00,487,VISUAL,+1.00,3,,,,,,,,,,,,,,,-10.8,39.7,3527,600,2.6,162,020007FF N100 N100 *,480017FF N98 N100,0.2,0.0,125,186,,1200,ALT,11.2,2030,64,186,14,0.7,5.8,33,175,195,13.2,-4,935,965,,
2026-07-21,18:28:32,01:28:32,-07:00,+33.6050169,-116.1602333,460,3DDiff (GPS nav),264512.3,50.1,79,25,4,-1.57,69.7,13,23,12,602,401,-457,47.2,50,0.87,-4.99,0.012,0.943,+0.214,+0.432,84,900,,,29.70,123.000,121.500,116.200,GPS1,,RW35,0.7,17,360,0.195,+1.00,487,VISUAL,+1.00,3,,,,,,,,,,,,,,,-10.8,39.8,3523,600,2.6,164,020007FF N100 N100 *,480017FF N100 N100,0.3,0.2,70,98,,1200,ALT,11.3,2020,64,185,14,0.7,5.7,33,175,195,13.2,-4,935,965,,
2026-07-21,18:28:33,01:28:33,-07:00,+33.6050606,-116.1599677,453,3DDiff (GPS nav),264513.3,49.2,77,25,5,-2.22,66.2,13,23,12,598,397,-370,46.5,49,-0.86,-6.39,-0.017,0.973,+0.224,+0.435,84,900,,,29.70,123.000 TX,121.500,116.200,GPS1,,RW35,0.7,16,360,0.180,+1.00,487,VISUAL,+1.00,3,,,,,,,,,,,,,,,-10.8,39.8,3521,600,2.7,166,020007FF N100 N100 *,480017FF N100 N100,0.4,0.1,78,149,,1200,ALT,11.4,1990,64,185,14,0.8,5.7,33,175,196,13.2,-4,935,965,,
2026-07-21,18:28:34,01:28:34,-07:00,+33.6051133,-116.1597050,445,3DDiff (GPS nav),264514.3,48.8,76,24,6,-2.48,64.5,13,26,12,591,392,-329,46.6,49,-1.29,-8.12,-0.006,0.965,+0.235,+0.445,84,900,,,29.70,123.000 TX,121.500 RX,116.200,GPS1,,RW35,0.7,15,360,0.168,+1.00,484,VISUAL,+1.00,3,,,,,,,,,,,,,,,-10.8,39.8,3518,600,2.7,172,020007FF N100 N100 *,480017FF N100 N100,0.5,0.1,64,87,,1200,ALT,11.4,1990,64,185,14,0.8,5.7,33,175,196,13.2,-4,935,965,,
2026-07-21,18:28:35,01:28:35,-07:00,+33.6051777,-116.1594455,436,3DDiff (GPS nav),264515.3,48.8,73,24,8,-2.72,62.1,13,26,12,584,385,-337,46.8,49,-1.17,-7.69,0.037,1.042,+0.248,+0.454,84,900,,,29.70,123.000 TX,121.500 RX,116.200,GPS1,,RW35,0.7,13,360,0.152,+1.00,484,VISUAL,+1.00,3,,,,,,,,,,,,,,,-10.8,39.8,3513,600,2.7,169,040007FF N100 N100 *,480017FF N100 N100,0.3,0.3,67,38,,1200,ALT,11.5,2000,64,185,14,0.8,5.7,33,176,196,13.2,-5,935,965,,
2026-07-21,18:28:36,01:28:36,-07:00,+33.6052534,-116.1591902,428,3DDiff (GPS nav),264516.3,48.8,70,24,9,-2.53,59.4,13,26,12,576,378,-368,47.1,50,-0.77,-7.76,-0.005,1.074,+0.259,+0.462,84,900,,,29.70,123.000 TX,121.500 RX,116.200,GPS1,,RW35,0.6,12,360,0.141,+1.00,484,VISUAL,+1.00,3,,,,,,,,,,,,,,,-10.8,39.9,3507,500,2.7,163,040007FF N100 N100 *,480017FF N100 N100,0.2,0.2,68,59,,1200,ALT,11.5,2000,64,185,14,0.8,5.7,33,176,196,13.2,-6,935,965,,
2026-07-21,18:28:37,01:28:37,-07:00,+33.6053409,-116.1589403,421,3DDiff (GPS nav),264517.3,49.0,67,23,10,-2.19,56.6,13,26,12,568,370,-409,47.4,50,-0.47,-11.59,0.036,1.080,+0.271,+0.466,84,900,,,29.70,123.000 TX,121.500 RX,116.200,GPS1,,RW35,0.6,11,360,0.129,+1.00,481,VISUAL,+1.00,3,,,,,,,,,,,,,,,-10.8,39.9,3499,500,2.6,153,040007FF N100 N100 *,480017FF N100 N100,0.2,0.1,50,45,,1200,ALT,11.5,2020,64,185,14,0.8,5.7,33,177,196,13.2,-6,935,965,,
2026-07-21,18:28:38,01:28:38,-07:00,+33.6054432,-116.1587001,415,3DDiff (GPS nav),264518.3,49.0,63,22,12,-1.75,52.2,13,23,12,561,363,-432,47.5,50,0.72,-14.79,0.044,1.049,+0.280,+0.462,84,900,,,29.70,123.000 TX,121.500 RX,116.200,GPS1,,RW35,0.6,11,360,0.117,+1.00,481,VISUAL,+1.00,3,,,,,,,,,,,,,,,-10.8,39.9,3492,500,2.6,143,040007FF N100 N100 *,480017FF N100 N100,0.1,0.1,64,106,,1200,ALT,11.5,2040,64,185,14,0.8,5.7,33,177,196,13.2,-6,935,965,,
2026-07-21,18:28:39,01:28:39,-07:00,+33.6055636,-116.1584677,409,3DDiff (GPS nav),264519.3,48.7,59,21,14,-1.99,49.1,13,23,12,555,356,-428,47.3,50,0.59,-16.66,0.051,1.000,+0.284,+0.444,84,900,,,29.70,123.000,121.500,116.200,GPS1,,RW35,0.6,10,360,0.105,+1.00,481,VISUAL,+1.00,3,,,,,,,,,,,,,,,-10.8,39.9,3486,500,2.5,133,040007FF N100 N100 *,480017FF N100 N100,0.1,0.1,72,39,,1200,ALT,11.4,2040,64,185,14,0.8,5.7,33,178,197,13.2,-6,935,965,,
2026-07-21,18:28:40,01:28:40,-07:00,+33.6056982,-116.1582567,402,3DDiff (GPS nav),264520.3,48.3,53,19,16,-2.52,45.0,13,26,12,549,350,-405,47.0,49,-0.03,-17.93,0.017,0.984,+0.279,+0.407,84,900,,,29.70,123.000,121.500,116.200,GPS1,,RW35,0.6,9,360,0.094,+1.00,478,VISUAL,+1.00,3,,,,,,,,,,,,,,,-10.8,39.9,3481,500,2.5,129,040007FF N100 N100 *,480017FF N100 N100,0.1,0.1,79,69,,1200,ALT,11.4,2030,64,185,14,0.8,5.7,33,179,197,13.2,-5,935,965,,
2026-07-21,18:28:41,01:28:41,-07:00,+33.6058505,-116.1580623,391,3DDiff (GPS nav),264521.3,48.1,47,17,18,-3.34,40.1,16,30,11,541,343,-399,47.0,50,0.48,-20.38,0.076,0.914,+0.265,+0.391,84,900,,,29.70,123.000,121.500,116.200,GPS1,,RW35,0.6,8,360,0.086,+1.00,475,VISUAL,+1.00,3,,,,,,,,,,,,,,,-10.8,40.0,3474,500,2.4,127,020007FF N100 N100 *,480017FF N100 N100,0.0,0.2,73,75,,1200,ALT,11.4,2030,64,184,14,0.8,5.7,33,179,197,13.2,-5,935,965,,
2026-07-21,18:28:42,01:28:42,-07:00,+33.6060190,-116.1578893,378,3DDiff (GPS nav),264522.3,47.9,41,15,19,-4.07,35.4,16,30,11,532,335,-424,47.3,50,0.72,-15.87,0.041,0.986,+0.246,+0.390,84,900,,,29.70,123.000,121.500,116.200,GPS1,,RW35,0.6,7,360,0.078,+1.00,475,VISUAL,+1.00,3,,,,,,,,,,,,,,,-10.8,40.0,3467,500,2.4,125,040007FF N100 N100 *,420017FF N100 N100,0.1,0.6,97,127,,1200,ALT,11.4,1990,64,184,14,0.9,5.7,33,178,197,13.2,-4,935,965,,
2026-07-21,18:28:43,01:28:43,-07:00,+33.6062006,-116.1577332,363,3DDiff (GPS nav),264523.3,48.0,34,14,20,-4.64,28.3,16,30,11,520,326,-474,47.5,50,-0.07,-10.56,0.003,1.030,+0.233,+0.413,84,900,,,29.70,123.000,121.500,116.200,GPS1,,RW35,0.6,7,360,0.066,+0.87,472,VISUAL,+1.00,3,,,,,,,,,,,,,,,-10.8,40.0,3458,500,2.4,124,020007FF N100 N100 *,480017FF N100 N100,0.2,0.5,67,66,,1200,ALT,11.5,1980,64,184,14,0.9,5.7,33,177,197,13.2,-4,935,965,,
2026-07-21,18:28:44,01:28:44,-07:00,+33.6063901,-116.1575906,347,3DDiff (GPS nav),264524.3,48.2,30,13,22,-4.37,23.3,16,30,11,506,314,-576,47.7,50,-0.37,-6.72,0.019,1.006,+0.229,+0.460,84,900,,,29.70,123.000,121.500,116.200,GPS1,,RW35,0.6,6,360,0.062,+0.81,469,VISUAL,+1.00,3,,,,,,,,,,,,,,,-10.8,40.0,3445,500,2.4,121,020007FF N100 N100 *,480017FF N100 N100,0.3,0.5,56,48,,1200,ALT,11.5,2000,64,184,14,0.8,5.7,33,176,198,13.2,-4,935,965,,
2026-07-21,18:28:45,01:28:45,-07:00,+33.6065866,-116.1574640,333,3DDiff (GPS nav),264525.3,48.3,27,12,22,-4.25,20.3,16,30,11,492,300,-675,47.9,51,-0.38,-3.90,-0.014,1.014,+0.238,+0.480,84,900,,,29.70,123.000,121.500,116.200,GPS1,,RW35,0.6,6,360,0.055,+0.71,466,VISUAL,+1.00,3,,,,,,,,,,,,,,,-10.8,40.0,3430,500,2.4,118,040007FF N100 N100 *,480017FF N100 N100,0.3,0.4,61,38,,1200,ALT,11.5,2020,64,184,14,0.7,5.7,33,176,198,13.2,-4,935,960,,
2026-07-21,18:28:46,01:28:46,-07:00,+33.6067876,-116.1573439,319,3DDiff (GPS nav),264526.3,48.4,26,11,22,-4.25,18.9,16,30,11,479,287,-744,48.1,50,-0.57,-2.57,0.021,1.009,+0.251,+0.467,84,900,,,29.70,123.000,121.500,116.200,GPS1,,RW35,0.5,5,360,0.051,+0.67,463,VISUAL,+1.00,3,,,,,,,,,,,,,,,-10.8,40.0,3416,400,2.4,114,040007FF N100 N100 *,480017FF N100 N100,0.3,0.1,60,60,,1200,ALT,11.5,2010,64,184,14,0.6,5.7,33,176,198,13.2,-4,935,960,,
2026-07-21,18:28:47,01:28:47,-07:00,+33.6069908,-116.1572280,305,3DDiff (GPS nav),264527.3,48.6,26,11,23,-4.19,18.3,16,30,11,467,274,-765,47.7,50,-0.90,-1.19,-0.005,1.013,+0.264,+0.472,84,900,,,29.70,123.000,121.500,116.200,GPS1,,RW35,0.5,4,360,0.043,+0.56,463,VISUAL,+1.00,3,,,,,,,,,,,,,,,-10.8,40.1,3403,400,2.5,111,040007FF N100 N100 *,480017FF N100 N100,0.5,0.2,60,53,,1200,ALT,11.5,2000,64,184,14,0.7,5.7,33,175,198,13.2,-4,935,960,,
2026-07-21,18:28:48,01:28:48,-07:00,+33.6071959,-116.1571139,291,3DDiff (GPS nav),264528.3,48.8,25,11,23,-4.00,17.3,16,30,11,455,262,-760,47.1,49,-0.74,-1.55,0.014,1.044,+0.278,+0.479,64,900,,,29.70,123.000,121.500,116.200,GPS1,,RW35,0.5,4,360,0.039,+0.52,460,VISUAL,+1.00,3,,,,,,,,,,,,,,,-10.8,40.1,3390,400,2.5,109,040007FF N100 N100 *,480017FF N100 N100,0.6,0.3,49,64,,1200,ALT,11.5,2010,64,184,14,0.7,5.8,33,176,198,13.2,-4,935,960,,
2026-07-21,18:28:49,01:28:49,-07:00,+33.6074036,-116.1570029,281,3DDiff (GPS nav),264529.3,49.2,24,10,23,-3.43,15.5,13,26,12,443,250,-752,46.9,49,-1.38,-3.14,-0.031,1.053,+0.294,+0.501,9,900,,,29.70,123.000,121.500,116.200,GPS1,,RW35,0.5,3,360,0.031,+0.42,457,VISUAL,+1.00,3,,,,,,,,,,,,,,,-10.8,40.1,3377,400,2.6,109,040007FF N100 N100 *,480017FF N100 N100,0.7,0.2,59,67,,1200,ALT,11.5,2010,64,184,14,0.7,5.8,33,176,199,13.2,-4,930,960,,
2026-07-21,18:28:50,01:28:50,-07:00,+33.6076150,-116.1568980,271,3DDiff (GPS nav),264530.3,49.5,22,10,24,-3.09,12.6,13,26,12,432,238,-740,47.1,50,-1.53,-8.63,-0.014,0.988,+0.306,+0.469,3,900,,,29.70,123.000,121.500,116.200,GPS1,,RW35,0.5,3,360,0.027,+0.37,454,VISUAL,+1.00,3,,,,,,,,,,,,,,,-10.8,40.1,3363,400,2.6,109,020007FF N100 N100 *,480017FF N100 N100,0.6,0.3,41,26,,1200,ALT,11.5,2030,64,184,14,0.7,5.8,33,176,199,13.2,-4,930,960,,
2026-07-21,18:28:51,01:28:51,-07:00,+33.6078314,-116.1568014,260,3DDiff (GPS nav),264531.3,49.6,20,8,24,-3.52,10.5,13,26,12,422,227,-709,47.3,50,-1.73,-8.71,0.020,1.022,+0.305,+0.426,354,900,,,29.70,123.000,121.500,116.200,GPS1,,RW35,0.5,2,360,0.023,+0.32,451,VISUAL,+1.00,3,,,,,,,,,,,,,,,-10.8,40.1,3351,400,2.6,109,040007FF N100 N100 *,480017FF N100 N100,0.6,0.2,55,80,,1200,ALT,11.5,2030,64,183,14,0.6,5.8,33,176,199,13.2,-4,930,960,,
2026-07-21,18:28:52,01:28:52,-07:00,+33.6080523,-116.1567207,248,3DDiff (GPS nav),264532.3,49.8,17,7,25,-3.70,8.3,13,26,12,411,216,-674,47.2,50,-2.58,-8.94,0.007,1.015,+0.298,+0.428,352,900,,,29.70,123.000,121.500,116.200,GPS1,,RW35,0.5,2,360,0.020,+0.26,448,VISUAL,+1.00,3,,,,,,,,,,,,,,,-10.8,40.1,3340,400,2.6,109,040007FF N100 N100 *,480017FF N100 N100,0.5,0.1,51,27,,1200,ALT,11.5,2030,64,183,14,0.7,5.8,33,177,199,13.2,-4,930,960,,
2026-07-21,18:28:53,01:28:53,-07:00,+33.6082782,-116.1566556,236,3DDiff (GPS nav),264533.3,50.1,14,5,25,-3.80,6.3,13,26,12,399,205,-663,47.9,50,-2.09,-10.15,0.015,1.043,+0.286,+0.422,352,900,,,29.70,123.000,121.500,116.200,GPS1,,RW35,0.5,2,360,0.016,+0.21,445,VISUAL,+1.00,3,,,,,,,,,,,,,,,-10.8,40.1,3328,400,2.6,109,040007FF N100 N100 *,480017FF N100 N100,0.4,0.2,58,38,,1200,ALT,11.5,2040,64,183,14,0.7,5.7,33,178,200,13.2,-4,930,955,,
2026-07-21,18:28:54,01:28:54,-07:00,+33.6085088,-116.1566064,224,3DDiff (GPS nav),264534.3,50.5,11,4,26,-3.39,4.3,13,26,12,387,194,-671,48.5,51,-1.48,-6.24,-0.002,1.038,+0.273,+0.425,352,900,,,29.70,123.000,121.500,116.200,GPS1,,RW35,0.4,1,360,0.012,+0.16,442,VISUAL,+1.00,3,,,,,,,,,,,,,,,-10.8,40.1,3314,300,2.6,108,040007FF N100 N100 *,480017FF N100 N100,0.4,0.3,65,122,,1200,ALT,11.5,2040,64,183,14,0.7,5.7,33,178,200,13.2,-4,930,955,,
2026-07-21,18:28:55,01:28:55,-07:00,+33.6087445,-116.1565685,213,3DDiff (GPS nav),264535.3,50.8,7,3,26,-3.05,1.4,13,26,12,377,182,-676,48.7,51,-1.02,-4.51,0.001,1.029,+0.262,+0.433,352,900,,,29.70,123.000,121.500,116.200,GPS1,,RW35,0.4,1,360,0.012,+0.16,439,VISUAL,+1.00,3,,,,,,,,,,,,,,,-10.8,40.2,3302,300,2.6,107,040007FF N100 N100 *,480017FF N100 N100,0.5,0.0,75,74,,1200,ALT,11.4,2050,64,183,14,0.7,5.7,33,178,200,13.2,-4,930,955,,
2026-07-21,18:28:56,01:28:56,-07:00,+33.6089789,-116.1565371,203,3DDiff (GPS nav),264536.3,50.9,5,2,26,-2.71,358.6,13,26,12,368,172,-654,48.8,51,0.66,-8.84,0.036,1.089,+0.254,+0.428,352,900,,,29.70,123.000,121.500,116.200,GPS1,,RW35,0.4,1,360,0.008,+0.11,436,VISUAL,+1.00,3,,,,,,,,,,,,,,,-10.8,40.2,3291,300,2.7,106,040007FF N100 N100 *,480017FF N100 N100,0.4,0.3,54,93,,1200,ALT,11.4,2050,64,183,14,0.7,5.6,33,178,200,13.2,-4,930,955,,
2026-07-21,18:28:57,01:28:57,-07:00,+33.6092125,-116.1565223,195,3DDiff (GPS nav),264537.3,50.6,3,1,26,-2.63,356.3,13,26,12,359,163,-612,48.5,51,1.63,-8.19,-0.003,1.104,+0.247,+0.415,352,900,,,29.70,123.000,121.500,116.200,GPS1,,RW35,0.4,1,360,0.008,+0.11,433,VISUAL,+1.00,3,,,,,,,,,,,,,,,-10.8,40.2,3281,300,2.7,105,020007FF N100 N100 *,480017FF N100 N100,0.4,0.1,74,209,,1200,ALT,12.2,2420,63,183,14,0.9,5.6,33,177,200,13.2,-3,930,955,,
2026-07-21,18:28:58,01:28:58,-07:00,+33.6094445,-116.1565204,187,3DDiff (GPS nav),264538.3,50.0,360,-0,26,-2.11,354.3,13,26,12,353,155,-566,48.0,50,1.13,-3.97,-0.022,1.012,+0.241,+0.431,352,900,,,29.70,123.000,121.500,116.200,GPS1,,RW35,0.4,1,360,0.008,+0.11,430,VISUAL,+1.00,3,,,,,,,,,,,,,,,-10.8,40.2,3272,300,2.7,104,020007FF N100 N100 *,480017FF N100 N100,0.4,0.0,101,116,,1200,ALT,12.2,2060,62,183,14,1.2,5.6,33,176,201,13.2,-3,930,955,,
2026-07-21,18:28:59,01:28:59,-07:00,+33.6096723,-116.1565275,180,3DDiff (GPS nav),264539.3,49.2,359,-1,25,-2.74,354.4,13,26,12,347,148,-501,47.7,50,0.85,-0.04,0.030,0.984,+0.236,+0.415,352,900,,,29.70,123.000,121.500,116.200,GPS1,,RW35,0.4,1,360,0.008,+0.11,427,VISUAL,+1.00,3,,,,,,,,,,,,,,,-10.8,40.2,3266,300,2.8,103,040007FF N100 N100 *,480017FF N100 N100,0.4,0.1,56,75,,1200,ALT,12.0,2020,63,182,14,1.2,5.7,33,175,201,13.2,-3,930,955,,
2026-07-21,18:29:00,01:29:00,-07:00,+33.6098966,-116.1565345,170,3DDiff (GPS nav),264540.3,48.5,359,-1,25,-2.89,354.3,13,26,12,339,141,-457,47.5,50,-0.75,1.68,-0.013,0.928,+0.235,+0.441,352,900,,,29.70,123.000,121.500,116.200,GPS1,,RW35,0.4,1,360,0.008,+0.11,424,VISUAL,+0.98,3,,,,,,,,,,,,,,,-10.8,40.2,3260,300,2.8,101,020007FF N100 N100 *,480017FF N100 N100,0.5,0.0,52,128,,1200,ALT,11.8,2000,64,182,14,1.1,5.7,33,175,201,13.2,-3,930,950,,
2026-07-21,18:29:01,01:29:01,-07:00,+33.6101184,-116.1565388,160,3DDiff (GPS nav),264541.3,48.2,359,-0,25,-3.27,354.6,13,26,12,332,134,-438,47.1,49,-0.68,1.00,-0.023,1.024,+0.238,+0.447,352,900,,,29.70,123.000,121.500,116.200,GPS1,,RW35,0.3,1,360,0.008,+0.11,421,VISUAL,+0.94,3,,,,,,,,,,,,,,,-10.8,40.3,3254,300,2.9,99,040007FF N100 N100 *,480017FF N100 N100,0.6,0.2,68,31,,1200,ALT,11.7,1990,64,182,14,1.1,5.7,33,176,201,13.2,-3,930,950,,
2026-07-21,18:29:02,01:29:02,-07:00,+33.6103424,-116.1565422,150,3DDiff (GPS nav),264542.3,48.2,360,-0,25,-3.09,355.2,13,26,12,322,125,-455,47.2,50,-1.49,0.57,0.037,0.982,+0.247,+0.467,352,900,,,29.70,123.000,121.500,116.200,GPS1,,RW35,0.3,1,360,0.008,+0.11,418,VISUAL,+0.90,3,,,,,,,,,,,,,,,-10.8,40.3,3245,300,3.0,98,040007FF N100 N100 *,480017FF N100 N100,0.5,0.1,74,48,,1200,ALT,11.7,2000,64,182,14,1.0,5.7,33,179,201,13.2,-4,930,950,,
2026-07-21,18:29:03,01:29:03,-07:00,+33.6105672,-116.1565396,140,3DDiff (GPS nav),264543.3,48.4,360,0,25,-3.18,355.9,13,26,12,312,116,-495,47.4,50,-1.56,-1.20,-0.019,1.033,+0.256,+0.458,352,900,,,29.70,123.000,121.500,116.200,GPS1,,RW35,0.3,1,360,0.008,+0.11,415,VISUAL,+0.86,3,,,,,,,,,,,,,,,-10.8,40.3,3235,300,3.0,96,040007FF N100 N100 *,480017FF N100 N100,0.5,0.1,55,41,,1200,ALT,11.7,2010,64,182,14,0.9,5.7,33,181,202,13.2,-4,930,950,,
2026-07-21,18:29:04,01:29:04,-07:00,+33.6107938,-116.1565394,130,3DDiff (GPS nav),264544.3,48.8,1,0,25,-2.81,356.9,13,26,12,303,107,-525,47.3,49,-1.93,-1.28,0.043,1.044,+0.268,+0.477,352,900,,,29.70,123.000,121.500,116.200,GPS1,,RW35,0.3,1,360,0.008,+0.12,412,VISUAL,+0.82,3,,,,,,,,,,,,,,,-10.8,40.3,3226,200,3.1,95,040007FF N100 N100 *,480017FF N100 N100,0.5,0.0,68,58,,1200,ALT,11.7,2010,64,182,14,0.9,5.7,33,183,202,13.2,-4,930,945,,
2026-07-21,18:29:05,01:29:05,-07:00,+33.6110224,-116.1565395,122,3DDiff (GPS nav),264545.3,49.2,1,-0,25,-2.73,357.4,13,26,12,293,97,-551,47.2,50,-1.44,-1.22,0.008,1.001,+0.280,+0.467,352,900,,,29.70,123.000,121.500,116.200,GPS1,,RW35,0.3,1,360,0.008,+0.12,409,VISUAL,+0.79,3,,,,,,,,,,,,,,,-10.8,40.3,3215,200,3.3,95,040007FF N100 N100 *,480017FF N100 N100,0.6,0.0,58,42,,1200,ALT,11.7,2030,64,182,14,0.9,5.8,33,182,202,13.2,-4,930,945,,
2026-07-21,18:29:06,01:29:06,-07:00,+33.6112510,-116.1565396,113,3DDiff (GPS nav),264546.3,49.2,1,0,25,-2.70,358.3,13,26,12,285,88,-560,47.2,50,-1.09,0.86,0.018,0.975,+0.284,+0.440,352,900,,,29.70,123.000,121.500,116.200,GPS1,,RW35,0.3,1,360,0.008,+0.12,406,VISUAL,+0.76,3,,,,,,,,,,,,,,,-10.8,40.3,3205,200,3.4,94,040007FF N100 N100 *,480017FF N100 N100,0.5,0.0,48,28,,1200,ALT,11.7,2020,64,182,14,0.9,5.8,33,181,202,13.2,-4,930,945,,
2026-07-21,18:29:07,01:29:07,-07:00,+33.6114799,-116.1565372,103,3DDiff (GPS nav),264547.3,49.2,1,0,25,-2.91,359.1,13,26,12,277,80,-536,47.2,49,-1.78,2.15,0.031,0.948,+0.283,+0.432,352,900,,,29.70,123.000,121.500,116.200,GPS1,,RW35,0.3,2,360,0.008,+0.12,403,VISUAL,+0.73,2,,,,,,,,,,,,,,,-10.8,40.3,3197,200,3.5,94,040007FF N100 N100 *,480017FF N100 N100,0.5,0.1,59,28,,1200,ALT,11.6,2020,64,182,14,0.9,5.8,33,183,202,13.2,-4,930,945,,
2026-07-21,18:29:08,01:29:08,-07:00,+33.6117068,-116.1565280,91,3DDiff (GPS nav),264548.3,49.1,2,1,25,-3.55,0.5,13,26,12,268,71,-520,47.1,49,-2.37,0.52,0.038,1.026,+0.276,+0.419,352,900,,,29.70,123.000,121.500,116.200,GPS1,,RW35,0.2,2,360,0.008,+0.12,401,VISUAL,+0.68,2,,,,,,,,,,,,,,,-10.8,40.4,3188,200,3.7,94,040007FF N100 N100 *,480017FF N100 N100,0.4,0.4,53,65,,1200,ALT,11.6,2000,64,181,14,0.9,5.8,33,186,203,13.2,-4,930,945,,
2026-07-21,18:29:09,01:29:09,-07:00,+33.6119352,-116.1565174,80,3DDiff (GPS nav),264549.3,49.3,3,1,25,-3.66,0.8,13,26,12,259,62,-522,47.2,50,-2.69,-0.96,0.009,0.958,+0.268,+0.430,352,900,,,29.70,123.000,121.500,116.200,GPS1,,RW35,0.2,2,360,0.008,+0.12,398,VISUAL,+0.63,2,,,,,,,,,,,,,,,-10.8,40.4,3179,200,3.8,94,040007FF N100 N100 *,480017FF N100 N100,0.3,0.3,69,40,,1200,ALT,11.7,2000,64,181,14,0.9,5.8,33,186,203,13.2,-4,930,945,,
2026-07-21,18:29:10,01:29:10,-07:00,+33.6121655,-116.1565041,67,3DDiff (GPS nav),264550.3,49.6,2,1,26,-3.54,0.2,13,26,12,247,52,-548,47.6,50,-2.65,-3.35,0.025,0.995,+0.258,+0.414,352,900,,,29.70,123.000,121.500,116.200,GPS1,,RW35,0.2,1,360,0.008,+0.12,395,VISUAL,+0.58,2,,,,,,,,,,,,,,,-10.8,40.4,3168,200,4.0,94,040007FF N100 N100 *,480017FF N100 N100,0.3,0.1,83,76,,1200,ALT,11.7,2030,65,181,14,0.9,5.7,33,184,203,13.2,-4,930,950,,
2026-07-21,18:29:11,01:29:11,-07:00,+33.6123977,-116.1564923,56,3DDiff (GPS nav),264551.3,50.1,2,1,26,-3.67,359.2,13,26,12,235,41,-595,48.4,51,-1.82,-2.40,0.011,1.035,+0.248,+0.414,352,900,,,29.70,123.000,121.500,116.200,GPS1,,RW35,0.2,1,360,0.008,+0.12,392,VISUAL,+0.53,2,,,,,,,,,,,,,,,-10.8,40.4,3156,200,4.2,94,040007FF N100 N100 *,480017FF N100 N100,0.3,0.0,72,49,,1200,ALT,11.6,2040,65,181,14,0.8,5.7,33,183,203,13.2,-4,930,950,,
2026-07-21,18:29:12,01:29:12,-07:00,+33.6126308,-116.1564833,44,3DDiff (GPS nav),264552.3,50.2,2,1,26,-3.38,358.6,13,26,12,225,30,-630,48.7,51,-1.81,-0.56,0.000,1.030,+0.239,+0.414,352,900,,,29.70,123.000,121.500,116.200,GPS1,,RW35,0.2,1,360,0.004,+0.08,389,VISUAL,+0.48,2,,,,,,,,,,,,,,,-10.8,40.4,3143,200,4.4,94,040007FF N100 N100 *,480017FF N100 N100,0.4,0.1,48,29,,1200,ALT,11.6,2050,65,181,14,0.8,5.7,33,183,203,13.2,-4,930,950,,
2026-07-21,18:29:13,01:29:13,-07:00,+33.6128625,-116.1564758,33,3DDiff (GPS nav),264553.3,50.2,1,1,26,-3.29,357.8,13,26,12,214,19,-649,49.1,51,-1.93,-0.33,-0.010,0.990,+0.231,+0.412,352,900,,,29.70,123.000,121.500,116.200,GPS1,,RW35,0.2,1,360,0.004,+0.06,386,VISUAL,+0.43,1,,,,,,,,,,,,,,,-10.8,40.4,3131,200,4.6,94,040007FF N100 N100 *,480017FF N99 N100,0.3,0.0,51,35,,1200,ALT,11.6,2050,65,181,14,0.8,5.8,33,186,204,13.2,-4,930,950,,
2026-07-21,18:29:14,01:29:14,-07:00,+33.6130961,-116.1564703,23,3DDiff (GPS nav),264554.3,50.2,1,1,26,-3.13,356.8,13,26,12,204,9,-646,49.1,51,-2.17,-1.06,-0.009,1.043,+0.224,+0.415,352,900,,,29.70,123.000,121.500,116.200,GPS1,,RW35,0.2,1,360,0.004,+0.06,383,VISUAL,+0.40,1,,,,,,,,,,,,,,,-10.8,40.4,3120,100,4.8,93,040007FF N100 N100 *,480017FF N98 N100,0.4,0.1,58,56,,1200,ALT,11.6,2040,65,181,14,0.7,5.8,33,187,204,13.2,-4,930,950,,
2026-07-21,18:29:15,01:29:15,-07:00,+33.6133303,-116.1564636,13,3DDiff (GPS nav),264555.3,50.4,1,0,26,-2.84,356.0,13,26,12,194,-1,-635,49.3,52,-2.57,-2.05,0.001,1.013,+0.223,+0.426,352,900,,,29.70,123.000,121.500,116.200,GPS1,WPT,RW35,0.1,1,360,0.004,+0.06,380,VISUAL,+0.36,1,,,,,,,,,,,,,,,-10.8,40.4,3109,100,4.9,92,040007FF N100 N100 *,480017FF N100 N100,0.3,0.1,44,29,,1200,ALT,11.6,2060,65,181,14,0.8,5.8,33,190,204,13.2,-4,930,950,,
2026-07-21,18:29:16,01:29:16,-07:00,+33.6135639,-116.1564624,4,3DDiff (GPS nav),264556.3,50.3,1,-0,26,-2.52,357.1,13,26,12,185,-11,-615,49.5,52,-0.49,-1.32,0.032,1.133,+0.218,+0.392,352,900,,,29.70,123.000,121.500,116.200,GPS1,WPT,RW35,0.1,1,360,0.004,+0.06,377,VISUAL,+0.33,1,,,,,,,,,,,,,,,-10.8,40.4,3098,100,5.1,91,040007FF N100 N100 *,480017FF N100 N100,0.2,0.1,88,88,,1200,ALT,11.5,2070,65,181,14,0.8,5.8,33,190,204,13.2,-4,930,950,,
2026-07-21,18:29:17,01:29:17,-07:00,+33.6137950,-116.1564630,-1,3DDiff (GPS nav),264557.3,49.8,1,-0,25,-1.49,357.1,13,26,12,176,-20,-589,50.1,53,0.45,1.03,0.033,1.095,+0.213,+0.393,352,900,,,29.70,123.000,121.500,116.200,GPS1,WPT,RW35,0.1,2,360,0.004,+0.06,374,VISUAL,+0.32,1,,,,,,,,,,,,,,,-10.8,40.4,3087,100,5.2,91,040007FF N100 N100 *,480017FF N100 N100,0.3,0.0,57,26,,1200,ALT,11.4,2120,64,181,14,0.8,5.8,33,189,204,13.2,-4,930,950,,
2026-07-21,18:29:18,01:29:18,-07:00,+33.6140203,-116.1564623,-5,3DDiff (GPS nav),264558.3,48.6,360,0,25,-1.18,357.8,13,26,12,172,-28,-534,50.4,53,1.22,6.55,0.002,1.107,+0.204,+0.358,352,900,,,29.70,123.000,121.500,116.200,GPS1,WPT,RW35,0.1,2,360,0.004,+0.06,371,VISUAL,+0.32,1,,,,,,,,,,,,,,,-10.8,40.5,3080,100,5.4,89,040007FF N100 N100 *,480017FF N100 N100,0.2,0.3,234,268,,1200,ALT,11.3,2100,64,181,14,0.7,5.8,33,188,204,13.2,-4,930,950,,
2026-07-21,18:29:19,01:29:19,-07:00,+33.6142397,-116.1564521,-9,3DDiff (GPS nav),264559.3,47.4,2,1,24,-1.41,359.1,13,26,12,171,-32,-424,50.3,53,-1.43,4.04,0.056,0.884,+0.191,+0.341,352,900,,,29.70,123.000,121.500,116.200,GPS1,WPT,RW35,0.1,2,360,0.004,+0.06,368,VISUAL,+0.33,1,,,,,,,,,,,,,,,-10.8,40.5,3077,100,5.5,88,040007FF N100 N100 *,480017FF N100 N100,0.1,0.1,70,158,,1200,ALT,11.3,2050,64,181,14,0.6,5.8,33,188,204,13.2,-4,930,955,,
2026-07-21,18:29:20,01:29:20,-07:00,+33.6144533,-116.1564316,-17,3DDiff (GPS nav),264560.3,46.4,2,2,24,-2.53,355.3,13,26,12,167,-35,-315,49.6,52,-0.40,-2.91,0.026,1.029,+0.173,+0.310,352,900,,,29.70,123.000,121.500,116.200,GPS1,WPT,RW35,0.1,1,360,0.004,+0.06,368,VISUAL,+0.30,1,,,,,,,,,,,,,,,-10.8,40.5,3077,100,5.7,86,040007FF N100 N100 *,480017FF N100 N100,0.2,0.4,97,173,,1200,ALT,11.4,1990,64,180,14,0.8,5.8,33,188,204,13.2,-4,930,955,,
2026-07-21,18:29:21,01:29:21,-07:00,+33.6146665,-116.1564133,-25,3DDiff (GPS nav),264561.3,46.3,1,2,24,-2.77,352.3,13,26,12,161,-39,-268,48.6,51,-1.64,-2.92,0.025,1.004,+0.169,+0.437,352,900,,,29.70,123.000,121.500,116.200,GPS1,WPT,RW35,0.1,1,360,0.004,+0.07,365,VISUAL,+0.28,1,,,,,,,,,,,,,,,-10.8,40.5,3075,100,5.8,83,020007FF N100 N100 *,480017FF N100 N100,0.2,0.2,70,92,,1200,ALT,11.6,1980,64,180,14,0.9,5.8,33,190,205,13.2,-4,930,955,,
2026-07-21,18:29:22,01:29:22,-07:00,+33.6148810,-116.1564004,-35,3DDiff (GPS nav),264562.3,46.3,1,1,24,-3.42,350.1,13,26,12,153,-45,-288,47.5,50,-0.70,-7.32,0.026,0.943,+0.181,+0.454,352,900,,,29.70,123.000,121.500,116.200,GPS1,WPT,RW35,0.1,360,360,-0.000,+0.02,362,VISUAL,+0.24,1,,,,,,,,,,,,,,,-10.8,40.6,3070,100,6.0,79,040007FF N100 N100 *,480017FF N100 N100,0.1,0.3,120,189,,1200,ALT,11.7,2000,64,180,14,1.0,5.7,33,191,205,13.2,-4,930,955,,
2026-07-21,18:29:23,01:29:23,-07:00,+33.6150975,-116.1563964,-45,3DDiff (GPS nav),264563.3,46.7,1,0,24,-2.77,349.3,13,26,12,144,-53,-357,46.9,49,-2.14,-3.90,-0.001,1.017,+0.199,+0.492,352,900,,,29.70,123.000,121.500,116.200,GPS1,WPT,RW35,0.0,360,360,-0.000,+0.00,359,VISUAL,+0.19,1,,,,,,,,,,,,,,,-10.8,40.6,3063,100,6.1,75,020007FF N100 N100 *,420017FF N100 N100,0.2,0.3,85,211,,1200,ALT,11.8,2000,64,180,14,1.0,5.7,33,190,205,13.2,-4,930,955,,
2026-07-21,18:29:24,01:29:24,-07:00,+33.6153162,-116.1564002,-54,3DDiff (GPS nav),264564.3,47.1,359,-1,24,-2.55,347.3,13,26,12,134,-62,-435,46.8,49,-1.20,-6.11,0.015,0.996,+0.227,+0.486,352,900,,,29.70,123.000,121.500,116.200,GPS1,WPT,RW35,0.0,360,360,-0.000,+0.00,356,VISUAL,+0.16,1,,,,,,,,,,,,,,,-10.8,40.6,3054,100,6.1,70,040007FF N100 N100 *,480017FF N100 N100,0.3,0.5,100,132,,1200,ALT,11.8,2020,64,180,14,0.8,5.7,33,188,205,13.2,-4,930,955,,
2026-07-21,18:29:25,01:29:25,-07:00,+33.6155346,-116.1564131,-63,3DDiff (GPS nav),264565.3,47.3,358,-2,24,-2.65,347.5,13,26,12,126,-71,-483,46.4,48,0.12,-4.70,0.013,1.027,+0.248,+0.445,352,900,,,29.70,123.000,121.500,116.200,GPS1,WPT,RW35,0.0,3,360,0.004,+0.07,353,VISUAL,+0.13,0,,,,,,,,,,,,,,,-10.8,40.6,3045,100,6.1,65,020007FF N100 N100 *,480017FF N100 N100,0.3,0.0,88,167,,1200,ALT,11.7,2010,64,180,14,0.7,5.7,33,187,205,13.2,-4,930,955,,
2026-07-21,18:29:26,01:29:26,-07:00,+33.6157534,-116.1564339,-70,3DDiff (GPS nav),264566.3,47.2,359,-2,24,-2.35,350.7,13,26,12,118,-79,-499,46.3,48,-0.98,2.14,0.041,0.986,+0.264,+0.453,352,900,,,29.70,123.000,121.500,116.200,GPS1,,RW35,0.0,45,360,0.004,+0.07,350,VISUAL,+0.11,0,,,,,,,,,,,,,,,-10.8,40.6,3037,0,6.1,61,020007FF N100 N100 *,480017FF N100 N100,0.4,0.2,110,56,,1200,ALT,11.9,2230,64,180,14,0.7,5.8,33,186,205,13.2,-4,930,955,,
2026-07-21,18:29:27,01:29:27,-07:00,+33.6159733,-116.1564452,-78,3DDiff (GPS nav),264567.3,47.4,359,-1,24,-2.14,353.1,13,26,12,110,-87,-496,46.8,49,-0.38,6.09,0.015,1.016,+0.275,+0.458,352,900,,,29.70,123.000,121.500,116.200,GPS1,SUSP,RW35,0.0,166,360,0.004,+0.07,350,VISUAL,+0.08,0,,,,,,,,,,,,,,,-10.8,40.7,3030,0,6.1,62,040007FF N100 N100 *,480017FF N100 N100,0.4,0.2,107,173,,1200,ALT,13.4,2590,61,180,14,1.2,5.7,33,183,205,13.2,-3,930,955,,
2026-07-21,18:29:28,01:29:28,-07:00,+33.6161948,-116.1564427,-84,3DDiff (GPS nav),264568.3,47.8,359,1,25,-2.15,351.7,13,26,12,104,-95,-480,46.8,49,0.20,2.70,0.018,0.970,+0.285,+0.462,352,900,,,29.70,123.000,121.500,116.200,GPS1,SUSP,RW35,0.0,175,360,0.004,+0.07,350,VISUAL,+0.07,0,,,,,,,,,,,,,,,-10.8,40.7,3023,0,6.0,62,020007FF N100 N100 *,480017FF N100 N100,0.3,0.4,104,228,,1200,ALT,14.4,2440,59,180,14,1.8,5.7,33,183,205,13.2,-2,930,955,,
2026-07-21,18:29:29,01:29:29,-07:00,+33.6164157,-116.1564296,-93,3DDiff (GPS nav),264569.3,47.6,360,1,24,-2.99,350.1,13,26,12,97,-101,-448,46.3,48,1.22,-3.32,0.015,0.986,+0.283,+0.410,352,900,,,29.70,123.000,121.500,116.200,GPS1,SUSP,RW35,0.0,177,360,0.004,+0.07,350,VISUAL,+0.04,0,,,,,,,,,,,,,,,-10.8,40.7,3017,0,5.9,63,040007FF N100 N100 *,480017FF N100 N100,0.2,0.6,129,134,,1200,ALT,14.9,2540,59,180,14,2.1,5.7,33,185,205,13.2,-2,930,960,,
2026-07-21,18:29:30,01:29:30,-07:00,+33.6166365,-116.1564199,-102,3DDiff (GPS nav),264570.3,47.7,1,1,25,-2.41,349.0,13,26,12,86,-110,-459,46.3,48,2.65,-5.20,0.033,1.106,+0.275,+0.423,352,900,,,29.70,123.000,121.500,116.200,GPS1,SUSP,RW35,0.0,179,360,0.004,+0.07,350,VISUAL,+0.01,0,,,,,,,,,,,,,,,-10.8,40.7,3009,0,5.9,61,020007FF N100 N100 *,480017FF N100 N100,0.3,0.1,179,364,,1200,ALT,16.8,3430,55,179,14,2.2,5.7,33,187,205,13.2,0,930,965,,
2026-07-21,18:29:31,01:29:31,-07:00,+33.6168605,-116.1564179,-108,3DDiff (GPS nav),264571.3,48.2,1,0,25,-1.51,348.1,13,26,12,79,-119,-494,46.0,48,2.38,-0.71,0.010,1.074,+0.274,+0.480,352,900,,,29.70,123.000,121.500,116.200,GPS1,SUSP,RW35,0.1,179,360,0.004,+0.07,350,VISUAL,-0.01,-0,,,,,,,,,,,,,,,-10.8,40.8,3001,0,5.7,56,020007FF N100 N100 *,480017FF N100 N100,0.5,0.3,90,120,,1200,ALT,17.6,3030,52,179,14,2.0,5.7,33,190,205,13.2,1,930,970,,
2026-07-21,18:29:32,01:29:32,-07:00,+33.6170825,-116.1564149,-113,3DDiff (GPS nav),264572.3,48.0,360,0,25,-1.79,347.2,13,26,12,75,-125,-462,45.5,48,2.77,-1.41,0.010,0.997,+0.277,+0.451,352,900,,,29.70,123.000,121.500,116.200,GPS1,SUSP,RW35,0.1,180,360,0.004,+0.07,350,VISUAL,-0.01,-0,,,,,,,,,,,,,,,-10.8,40.8,2996,0,5.6,54,040007FF N100 N100 *,480017FF N100 N100,0.3,0.3,202,166,,1200,ALT,17.4,2770,51,179,14,2.0,5.6,33,192,205,13.2,1,935,980,,
2026-07-21,18:29:33,01:29:33,-07:00,+33.6173022,-116.1564174,-118,3DDiff (GPS nav),264573.3,47.6,359,-0,24,-0.90,345.1,13,26,12,69,-131,-415,45.5,48,3.75,-3.60,-0.028,0.999,+0.271,+0.424,352,900,,,29.70,123.000,121.500,116.200,GPS1,SUSP,RW35,0.1,179,360,0.004,+0.07,350,VISUAL,-0.02,-0,,,,,,,,,,,,,,,-10.8,40.8,2991,0,5.4,52,020007FF N100 N100 *,480017FF N100 N100,0.5,0.4,110,155,,1200,ALT,17.9,3030,50,179,14,2.0,5.6,33,193,205,13.2,2,940,990,,
2026-07-21,18:29:34,01:29:34,-07:00,+33.6175188,-116.1564232,-122,3DDiff (GPS nav),264574.3,46.8,360,-1,24,-1.57,346.9,13,26,12,67,-135,-355,44.9,47,3.11,-1.33,0.001,0.928,+0.269,+0.430,352,900,,,29.70,123.000,121.500,116.200,GPS1,SUSP,RW35,0.1,179,360,0.004,+0.07,350,VISUAL,-0.01,-0,,,,,,,,,,,,,,,-10.8,40.8,2988,0,5.3,46,040007FF N100 N100 *,480017FF N100 N100,0.3,0.5,94,108,,1200,ALT,17.6,2670,50,179,14,2.1,5.6,33,192,205,13.2,2,945,995,,
2026-07-21,18:29:35,01:29:35,-07:00,+33.6177319,-116.1564296,-127,3DDiff (GPS nav),264575.3,46.1,360,-1,24,-1.14,348.4,13,26,12,65,-138,-278,44.8,47,5.35,-0.14,-0.026,1.086,+0.266,+0.467,352,900,,,29.70,123.000,121.500,116.200,GPS1,SUSP,RW35,0.1,179,360,0.004,+0.07,350,VISUAL,-0.03,-0,,,,,,,,,,,,,,,-10.8,40.9,2988,0,5.1,39,020007FF N100 N100 *,480017FF N100 N100,0.4,0.5,85,115,,1200,ALT,17.2,2610,51,179,14,2.5,5.6,33,190,206,13.2,2,950,1000,,
2026-07-21,18:29:36,01:29:36,-07:00,+33.6179424,-116.1564322,-130,3DDiff (GPS nav),264576.3,45.5,359,0,23,-0.71,347.9,13,26,12,61,-141,-226,44.2,46,7.80,0.84,0.006,1.121,+0.279,+0.521,352,900,,,29.70,123.000,121.500,116.200,GPS1,SUSP,RW35,0.1,179,360,0.004,+0.07,350,VISUAL,-0.02,-0,,,,,,,,,,,,,,,-10.8,40.9,2987,0,4.9,29,020007FF N100 N100 *,480017FF N100 N100,0.2,0.6,101,174,,1200,ALT,17.1,2600,53,179,14,2.5,5.5,33,188,206,13.2,1,955,1010,,
2026-07-21,18:29:37,01:29:37,-07:00,+33.6181471,-116.1564306,-130,3DDiff (GPS nav),264577.3,44.4,359,0,22,-0.19,346.0,13,26,12,59,-144,-198,42.9,45,7.73,-1.10,-0.017,0.959,+0.302,+0.549,352,900,,,29.70,123.000,121.500,116.200,GPS1,SUSP,RW35,0.1,179,360,0.004,+0.07,350,VISUAL,,,,,,,,,,,,,,,,,-10.8,40.9,2987,0,4.7,21,040007FF N100 N100 *,480017FF N100 N100,0.2,0.3,120,82,,1200,ALT,16.8,2500,52,178,14,2.4,5.5,33,189,206,13.2,1,955,1010,,
2026-07-21,18:29:38,01:29:38,-07:00,+33.6183465,-116.1564307,-131,3DDiff (GPS nav),264578.3,43.1,360,0,22,-0.72,346.9,13,26,12,59,-146,-158,41.2,43,9.85,-3.38,-0.001,1.039,+0.329,+0.538,352,900,,,29.70,123.000,121.500,116.200,GPS1,SUSP,RW35,0.2,179,360,0.004,+0.07,350,VISUAL,,,,,,,,,,,,,,,,,-10.8,40.9,2988,0,4.5,10,040007FF N100 N100 *,480017FF N100 N100,0.2,0.2,110,130,,1200,ALT,16.6,2480,52,178,14,2.4,5.5,33,192,206,13.2,0,955,1015,,
2026-07-21,18:29:39,01:29:39,-07:00,+33.6185403,-116.1564282,-132,3DDiff (GPS nav),264579.3,41.8,1,0,21,0.05,347.4,13,26,12,59,-146,-106,39.0,41,9.61,-0.34,0.052,0.976,+0.366,+0.830,352,900,,,29.70,123.000,121.500,116.200,GPS1,SUSP,RW35,0.2,180,360,0.004,+0.07,350,VISUAL,,,,,,,,,,,,,,,,,-10.8,41.0,2992,0,4.3,359,020007FF N100 N100 *,480017FF N100 N100,0.5,0.2,127,192,,1200,ALT,16.1,2140,54,178,14,2.3,5.5,33,194,207,13.2,0,955,1020,,
2026-07-21,18:29:40,01:29:40,-07:00,+33.6187251,-116.1564304,-132,3DDiff (GPS nav),264580.3,40.1,1,-0,20,-0.04,349.6,13,26,12,60,-146,-51,37.7,39,8.35,1.40,0.016,0.910,+0.410,+0.789,352,900,,,29.70,123.000,121.500,116.200,GPS1,SUSP,RW35,0.2,180,360,0.004,+0.07,350,VISUAL,,,,,,,,,,,,,,,,,-10.8,41.0,2996,0,4.1,346,040007FF N100 N100 *,420017FF N100 N100,0.6,0.3,100,111,,1200,ALT,15.1,1970,58,178,14,1.8,5.5,33,195,207,13.2,-2,955,1020,,
2026-07-21,18:29:41,01:29:41,-07:00,+33.6189016,-116.1564307,-132,3DDiff (GPS nav),264581.3,38.3,360,0,19,0.05,348.9,13,26,12,61,-145,-6,37.6,39,6.17,1.17,-0.094,0.952,+0.439,+0.545,352,900,,,29.70,123.000,121.500,116.200,GPS1,SUSP,RW35,0.2,179,360,0.004,+0.07,350,VISUAL,,,,,,,,,,,,,,,,,-10.8,41.0,2999,0,4.0,333,040007FF N100 N100 *,480017FF N100 N100,0.4,0.4,85,95,,1200,ALT,14.0,1910,61,178,14,1.3,5.6,33,195,207,13.2,-3,955,1020,,
2026-07-21,18:29:42,01:29:42,-07:00,+33.6190710,-116.1564341,-132,3DDiff (GPS nav),264582.3,36.7,360,-0,18,0.05,349.7,13,26,12,62,-144,20,37.6,39,7.54,1.01,0.000,0.917,+0.438,+0.446,352,900,,,29.70,123.000,121.500,116.200,GPS1,SUSP,RW35,0.2,179,360,0.004,+0.07,350,VISUAL,,,,,,,,,,,,,,,,,-10.8,41.1,3002,0,3.8,337,040007FF N100 N100 *,480017FF N99 N100,0.2,0.1,77,96,,1200,ALT,13.4,1900,63,177,14,1.0,5.6,33,193,208,13.2,-4,955,1020,,
2026-07-21,18:29:43,01:29:43,-07:00,+33.6192347,-116.1564353,-132,3DDiff (GPS nav),264583.3,35.4,360,-0,18,0.09,350.1,13,26,12,64,-143,47,37.1,39,3.36,0.52,0.002,1.108,+0.420,+0.452,352,900,,,29.70,123.000,121.500,116.200,GPS1,SUSP,RW35,0.2,179,360,0.004,+0.07,350,VISUAL,,,,,,,,,,,,,,,,,-10.8,41.1,3007,0,3.6,344,040007FF N100 N100 *,480017FF N98 N100,0.2,0.3,78,69,,1200,ALT,13.1,1880,64,177,14,0.8,5.7,33,192,208,13.2,-4,955,1015,,
2026-07-21,18:29:44,01:29:44,-07:00,+33.6193923,-116.1564338,-133,3DDiff (GPS nav),264584.3,34.3,360,0,17,0.07,351.1,13,26,12,64,-142,59,36.2,38,3.14,0.76,-0.017,1.033,+0.373,+0.226,352,900,,,29.70,123.000,121.500,116.200,GPS1,SUSP,RW35,0.2,179,360,0.004,+0.07,350,VISUAL,,,,,,,,,,,,,,,,,-10.8,41.1,3011,0,3.4,349,040007FF N100 N100 *,480017FF N99 N100,0.2,0.3,90,87,,1200,ALT,12.9,1900,64,177,14,0.8,5.7,33,192,208,13.2,-4,950,1015,,
2026-07-21,18:29:45,01:29:45,-07:00,+33.6195453,-116.1564324,-133,3DDiff (GPS nav),264585.3,33.2,360,0,17,0.08,349.3,13,26,12,66,-141,68,35.7,37,2.85,0.47,-0.073,0.963,+0.295,+0.055,352,900,,,29.70,123.000,121.500,116.200,GPS1,SUSP,RW35,0.2,179,360,0.004,+0.07,350,VISUAL,,,,,,,,,,,,,,,,,-10.8,41.1,3016,0,3.3,354,040007FF N100 N100 *,480017FF N100 N100,0.3,0.4,84,77,,1200,ALT,12.8,1880,65,177,14,0.8,5.7,33,192,209,13.2,-4,950,1010,,
2026-07-21,18:29:46,01:29:46,-07:00,+33.6196955,-116.1564338,-133,3DDiff (GPS nav),264586.3,32.5,1,0,17,0.12,352.7,13,26,12,61,-142,28,34.7,36,2.62,0.71,0.066,0.953,+0.233,+0.342,352,900,,,29.70,123.000,121.500,116.200,GPS1,SUSP,RW35,0.2,180,360,0.004,+0.07,350,VISUAL,,,,,,,,,,,,,,,,,-10.8,41.2,3018,0,3.2,355,040007FF N100 N100 *,480017FF N100 N100,0.2,0.3,75,91,,1200,ALT,12.8,1890,65,177,14,0.8,5.7,33,192,209,13.2,-4,945,1005,,
2026-07-21,18:29:47,01:29:47,-07:00,+33.6198431,-116.1564287,-133,3DDiff (GPS nav),264587.3,31.9,1,1,16,0.10,352.7,13,26,12,61,-144,-33,33.7,35,1.95,0.82,-0.037,0.986,+0.191,+0.403,352,900,,,29.70,123.000,121.500,116.200,GPS1,SUSP,RW35,0.2,180,360,0.004,+0.07,350,VISUAL,,,,,,,,,,,,,,,,,-10.8,41.2,3018,0,3.1,359,040007FF N100 N100 *,480017FF N100 N100,0.4,0.4,74,66,,1200,ALT,12.8,1880,65,177,14,0.8,5.7,33,192,209,13.2,-4,945,1005,,
2026-07-21,18:29:48,01:29:48,-07:00,+33.6199876,-116.1564230,-133,3DDiff (GPS nav),264588.3,31.3,1,0,16,0.00,352.1,13,26,12,61,-144,-42,33.0,34,2.35,1.31,-0.004,1.029,+0.163,+0.369,352,900,,,29.70,123.000,121.500,116.200,GPS1,SUSP,RW35,0.3,180,360,0.004,+0.07,350,VISUAL,,,,,,,,,,,,,,,,,-10.8,41.2,3020,0,3.0,2,040007FF N100 N100 *,480017FF N100 N100,0.3,0.2,57,59,,1200,ALT,13.1,2030,65,177,14,0.8,5.7,33,193,209,13.2,-4,940,1000,,
2026-07-21,18:29:49,01:29:49,-07:00,+33.6201322,-116.1564200,-132,3DDiff (GPS nav),264589.3,31.2,1,0,16,0.05,352.0,13,26,12,58,-145,-50,32.3,34,2.20,1.29,-0.012,1.012,+0.138,+0.279,352,900,,,29.70,123.000,121.500,116.200,GPS1,SUSP,RW35,0.3,180,360,0.004,+0.07,350,VISUAL,,,,,,,,,,,,,,,,,-10.8,41.3,3022,0,2.9,4,040007FF N100 N100 *,480017FF N100 N100,0.2,0.2,68,72,,1200,ALT,15.2,3110,62,177,14,0.9,5.7,33,194,209,13.2,-3,940,995,,
2026-07-21,18:29:50,01:29:50,-07:00,+33.6202869,-116.1564171,-131,3DDiff (GPS nav),264590.3,33.0,2,1,18,0.11,352.3,13,26,12,49,-150,-125,33.2,35,2.20,1.12,-0.022,0.990,+0.100,-0.090,352,900,,,29.70,123.000,121.500,116.200,GPS1,SUSP,RW35,0.3,180,360,0.004,+0.07,350,VISUAL,,,,,,,,,,,,,,,,,-10.8,41.3,3019,0,2.9,6,040007FF N100 N100 *,480017FF N100 N100,0.0,0.4,51,63,,1200,ALT,20.2,5040,56,177,14,1.1,5.6,33,197,209,13.2,1,940,995,,
2026-07-21,18:29:51,01:29:51,-07:00,+33.6204604,-116.1564092,-131,3DDiff (GPS nav),264591.3,36.8,1,1,20,0.09,351.5,13,26,12,41,-157,-253,33.2,35,3.59,1.06,-0.028,1.017,+0.037,-0.355,352,900,,,29.70,123.000,121.500,116.200,GPS1,SUSP,RW35,0.3,180,360,0.004,+0.07,350,VISUAL,,,,,,,,,,,,,,,,,-10.8,41.3,3013,0,2.8,9,040007FF N100 N100 *,480017FF N100 N100,0.3,0.6,77,68,,1200,ALT,24.7,5360,55,177,14,1.5,5.3,33,200,209,13.2,4,955,1005,,
2026-07-21,18:29:52,01:29:52,-07:00,+33.6206516,-116.1564033,-130,3DDiff (GPS nav),264592.3,40.7,1,0,22,0.07,349.7,13,26,12,41,-162,-296,33.2,34,6.95,-1.66,-0.021,1.050,-0.036,-0.300,352,900,,,29.70,123.000,121.500,116.200,GPS1,SUSP,RW35,0.3,180,360,0.004,+0.07,350,VISUAL,,,,,,,,,,,,,,,,,-10.8,41.3,3009,0,2.8,11,040007FF N100 N100 *,420017FF N100 N100,0.2,0.6,68,100,,1200,ALT,27.0,5380,54,177,14,2.2,5.1,33,203,209,13.2,5,975,1020,,
2026-07-21,18:29:53,01:29:53,-07:00,+33.6208601,-116.1564018,-127,3DDiff (GPS nav),264593.3,44.4,1,0,24,1.11,351.5,13,26,12,39,-164,-250,34.7,36,4.67,-3.08,0.053,0.923,-0.056,+0.349,352,900,,,29.70,123.000,121.500,116.200,GPS1,SUSP,RW35,0.3,180,360,-0.000,+0.00,350,VISUAL,,,,,,,,,,,,,,,,,-10.8,41.3,3007,0,2.8,13,020007FF N100 N100 *,420017FF N100 N100,0.1,0.4,57,138,,1200,ALT,28.5,5350,54,177,14,3.1,4.9,33,206,208,13.3,6,1000,1040,,
2026-07-21,18:29:54,01:29:54,-07:00,+33.6210827,-116.1564010,-125,3DDiff (GPS nav),264594.3,47.5,359,0,25,0.64,349.2,13,26,12,41,-165,-177,37.4,39,2.19,-2.13,0.023,0.961,-0.057,+0.089,352,900,,,29.70,123.000,121.500,116.200,GPS1,SUSP,RW35,0.3,180,360,-0.000,+0.00,350,VISUAL,,,,,,,,,,,,,,,,,-10.8,41.3,3005,0,2.8,16,040007FF N100 N100 *,420017FF N100 N100,0.0,0.3,79,62,,1200,ALT,29.2,5330,54,177,14,4.1,4.6,33,207,206,13.3,7,1030,1060,,
2026-07-21,18:29:55,01:29:55,-07:00,+33.6213198,-116.1563997,-124,3DDiff (GPS nav),264595.3,50.7,359,-0,27,0.47,347.6,13,26,12,42,-164,-82,41.5,43,1.88,-2.41,0.023,1.091,-0.069,-0.175,352,900,,,29.70,123.000,121.500,116.200,GPS1,SUSP,RW35,0.3,180,360,-0.000,+0.00,350,VISUAL,,,,,,,,,,,,,,,,,-10.8,41.3,3005,0,2.8,22,040007FF N100 N100 *,480017FF N100 N100,0.2,0.5,40,60,,1200,ALT,29.4,5330,54,177,14,4.7,4.5,33,207,205,13.3,7,1055,1080,,
2026-07-21,18:29:56,01:29:56,-07:00,+33.6215692,-116.1564005,-122,3DDiff (GPS nav),264596.3,53.5,360,-0,28,1.34,348.5,13,23,12,43,-163,-12,45.8,48,2.23,0.01,0.036,0.931,-0.085,-0.147,352,900,,,29.70,123.000,121.500,116.200,GPS1,SUSP,RW35,0.3,180,360,-0.000,+0.00,350,VISUAL,,,,,,,,,,,,,,,,,-10.8,41.3,3005,0,2.9,31,040007FF N100 N100 *,480017FF N100 N100,0.2,0.5,85,110,,1200,ALT,29.6,5330,54,177,14,5.3,4.4,33,207,204,13.3,7,1080,1095,,
2026-07-21,18:29:57,01:29:57,-07:00,+33.6218300,-116.1564028,-117,3DDiff (GPS nav),264597.3,56.0,359,-0,30,1.66,347.8,13,23,12,46,-162,28,49.6,52,2.82,-0.89,0.023,0.919,-0.108,-0.248,352,900,,,29.70,123.000,121.500,116.200,GPS1,SUSP,RW35,0.4,180,360,-0.000,+0.00,350,VISUAL,,,,,,,,,,,,,,,,,-10.8,41.3,3005,0,3.0,51,040007FF N100 N100 *,420017FF N100 N100,0.1,0.6,138,111,,1200,ALT,29.6,5330,54,177,14,5.6,4.4,33,207,204,13.3,7,1100,1115,,
2026-07-21,18:29:58,01:29:58,-07:00,+33.6221027,-116.1564039,-112,3DDiff (GPS nav),264598.3,58.5,359,-0,31,1.79,347.6,13,26,12,51,-158,106,53.1,56,1.75,0.48,0.022,0.949,-0.130,-0.199,352,900,,,29.70,123.000,121.500,116.200,GPS1,SUSP,RW35,0.4,180,360,0.004,+0.07,350,VISUAL,,,,,,,,,,,,,,,,,-10.8,41.3,3009,0,3.1,108,040007FF N100 N100 *,480017FF N100 N100,0.1,0.6,41,44,,1200,ALT,29.6,5330,54,177,14,5.7,4.4,33,208,203,13.3,7,1115,1125,,
2026-07-21,18:29:59,01:29:59,-07:00,+33.6223852,-116.1564032,-107,3DDiff (GPS nav),264599.3,60.6,359,0,32,1.71,346.7,13,26,12,53,-155,156,57.9,61,2.52,1.14,0.006,1.056,-0.151,-0.279,352,900,,,29.70,123.000,121.500,116.200,GPS1,SUSP,RW35,0.4,180,360,0.004,+0.07,350,VISUAL,,,,,,,,,,,,,,,,,-10.8,41.2,3010,0,3.2,160,040007FF N100 N100 *,480017FF N99 N100,0.1,0.4,159,141,,1200,ALT,29.7,5380,54,177,14,5.8,4.3,33,208,203,13.3,7,1135,1140,,
2026-07-21,18:30:00,01:30:00,-07:00,+33.6226757,-116.1563999,-100,3DDiff (GPS nav),264600.3,62.4,359,0,32,2.42,346.4,13,26,12,56,-153,165,62.1,65,2.73,-1.42,0.021,1.103,-0.175,-0.326,352,900,,,29.70,123.000,121.500,116.200,GPS1,SUSP,RW35,0.4,180,360,-0.000,+0.00,350,VISUAL,,,,,,,,,,,,,,,,,-10.8,41.2,3010,0,3.3,206,040007FF N100 N100 *,480017FF N98 N100,0.2,0.5,57,159,,1200,ALT,29.7,5390,54,177,14,5.9,4.3,33,208,203,13.3,7,1150,1150,,
2026-07-21,18:30:01,01:30:01,-07:00,+33.6229728,-116.1563966,-92,3DDiff (GPS nav),264601.3,63.8,1,0,33,2.11,347.5,13,26,12,62,-148,199,64.6,68,2.80,-3.24,-0.003,0.974,-0.202,-0.431,352,900,,,29.70,123.000,121.500,116.200,GPS1,SUSP,RW35,0.4,180,360,-0.000,+0.00,350,VISUAL,,,,,,,,,,,,,,,,,-10.8,41.2,3014,0,3.4,254,020007FF N100 N100 *,480017FF N100 N100,0.2,0.6,51,181,,1200,ALT,29.7,5390,54,177,14,5.9,4.3,33,208,203,13.3,7,1165,1160,,
2026-07-21,18:30:02,01:30:02,-07:00,+33.6232763,-116.1563984,-83,3DDiff (GPS nav),264602.3,65.2,2,-0,34,2.35,349.8,13,23,12,69,-142,260,65.6,69,2.13,-1.95,0.013,1.079,-0.230,-0.410,352,900,,,29.70,123.000,121.500,116.200,GPS1,SUSP,RW35,0.4,180,360,-0.000,+0.00,350,VISUAL,,,,,,,,,,,,,,,,,-10.8,41.2,3022,0,3.4,285,040007FF N100 N100 *,480017FF N100 N100,0.1,0.4,62,155,,1200,ALT,29.7,5390,54,177,14,5.8,4.3,33,208,203,13.3,7,1180,1170,,
2026-07-21,18:30:03,01:30:03,-07:00,+33.6235883,-116.1563992,-75,3DDiff (GPS nav),264603.3,66.9,1,-0,35,2.28,349.8,13,23,12,78,-135,323,66.4,69,2.20,2.09,0.058,0.923,-0.246,-0.276,352,900,,,29.70,123.000,121.500,116.200,GPS1,SUSP,RW35,0.5,180,360,-0.000,+0.00,350,VISUAL,,,,,,,,,,,,,,,,,-10.8,41.2,3031,0,3.5,305,040007FF N100 N100 *,480017FF N100 N100,0.2,0.4,67,81,,1200,ALT,29.7,5410,54,177,14,5.7,4.3,33,208,203,13.3,7,1190,1180,,
2026-07-21,18:30:04,01:30:04,-07:00,+33.6239098,-116.1563960,-69,3DDiff (GPS nav),264604.3,69.0,360,0,36,1.70,348.6,13,23,12,87,-127,402,67.7,71,2.40,-1.88,0.036,0.957,-0.254,-0.315,352,900,,,29.70,123.000,121.500,116.200,GPS1,SUSP,RW35,0.5,180,360,-0.000,+0.00,350,VISUAL,,,,,,,,,,,,,,,,,-10.8,41.2,3041,0,3.5,321,040007FF N100 N100 *,480017FF N100 N100,0.1,0.7,54,177,,1200,ALT,29.7,5430,54,176,14,5.9,4.3,33,208,203,13.3,7,1200,1190,,
2026-07-21,18:30:05,01:30:05,-07:00,+33.6242401,-116.1563914,-64,3DDiff (GPS nav),264605.3,71.0,360,0,37,1.64,349.0,13,26,12,90,-120,420,70.3,74,2.04,-1.10,0.058,1.132,-0.256,-0.309,352,900,,,29.70,123.000,121.500,116.200,GPS1,SUSP,RW35,0.5,180,360,-0.000,+0.00,350,VISUAL,,,,,,,,,,,,,,,,,-10.8,41.2,3046,0,3.6,328,040007FF N100 N100 *,420017FF N100 N100,0.1,0.6,235,200,,1200,ALT,29.7,5470,54,176,14,6.1,4.2,33,208,203,13.3,7,1210,1195,,
2026-07-21,18:30:06,01:30:06,-07:00,+33.6245792,-116.1563868,-57,3DDiff (GPS nav),264606.3,72.8,360,0,38,1.53,348.5,13,26,12,92,-117,361,72.8,76,3.21,-2.50,0.015,1.149,-0.254,-0.324,352,900,,,29.70,123.000,121.500,116.200,GPS1,SUSP,RW35,0.5,180,360,-0.000,+0.00,350,VISUAL,,,,,,,,,,,,,,,,,-10.8,41.2,3048,0,3.6,331,040007FF N100 N100 *,480017FF N100 N100,0.1,0.5,146,117,,1200,ALT,29.7,5510,54,176,14,6.1,4.2,23,207,202,13.3,7,1220,1205,,
2026-07-21,18:30:07,01:30:07,-07:00,+33.6249234,-116.1563819,-49,3DDiff (GPS nav),264607.3,74.1,1,0,38,3.28,349.0,13,26,12,97,-113,303,74.2,78,6.17,-1.44,0.020,1.226,-0.253,-0.297,352,900,,,29.70,123.000,121.500,116.200,GPS1,SUSP,RW35,0.5,180,360,-0.000,+0.00,350,VISUAL,,,,,,,,,,,,,,,,,-10.8,41.2,3052,100,3.6,332,020007FF N100 N100 *,480017FF N100 N100,0.0,0.4,44,107,,1200,ALT,29.7,5520,54,176,14,6.1,4.2,19,207,202,13.3,7,1230,1210,,
2026-07-21,18:30:08,01:30:08,-07:00,+33.6252677,-116.1563788,-36,3DDiff (GPS nav),264608.3,74.4,360,0,38,5.55,347.8,13,23,12,110,-105,328,74.3,78,8.45,-0.34,-0.005,1.154,-0.243,-0.157,352,900,,,29.70,123.000,121.500,116.200,GPS1,SUSP,RW35,0.6,180,360,-0.000,+0.00,350,VISUAL,,,,,,,,,,,,,,,,,-10.8,41.2,3061,100,3.6,333,040007FF N100 N100 *,480017FF N100 N100,0.2,0.5,130,127,,1200,ALT,29.7,5530,54,176,14,5.9,4.3,18,207,201,13.3,7,1240,1220,,
2026-07-21,18:30:09,01:30:09,-07:00,+33.6256082,-116.1563790,-13,3DDiff (GPS nav),264609.3,73.6,360,0,38,8.02,347.4,13,23,12,124,-94,460,74.8,78,9.52,0.41,0.041,1.024,-0.225,-0.125,352,900,,,29.70,123.000,121.500,116.200,GPS1,SUSP,RW35,0.6,180,360,-0.000,+0.00,350,VISUAL,,,,,,,,,,,,,,,,,-10.8,41.2,3075,100,3.6,332,040007FF N100 N100 *,480017FF N100 N100,0.0,0.6,69,128,,1200,ALT,29.7,5560,54,176,14,5.8,4.3,18,207,200,13.3,6,1250,1225,,
2026-07-21,18:30:10,01:30:10,-07:00,+33.6259427,-116.1563743,14,3DDiff (GPS nav),264610.3,72.3,360,1,37,8.83,345.6,13,23,12,145,-78,647,75.4,79,11.36,0.76,0.035,1.001,-0.215,-0.305,352,900,,,29.70,123.000,121.500,116.200,GPS1,SUSP,RW35,0.6,180,360,-0.000,+0.00,350,VISUAL,,,,,,,,,,,,,,,,,-10.8,41.2,3093,100,3.7,332,040007FF N100 N100 *,480017FF N100 N100,0.3,0.5,133,152,,1200,ALT,29.7,5560,54,176,14,5.8,4.3,18,207,200,13.3,6,1255,1230,,
2026-07-21,18:30:11,01:30:11,-07:00,+33.6262694,-116.1563654,44,3DDiff (GPS nav),264611.3,70.7,360,1,36,9.50,344.1,13,26,12,172,-57,903,74.8,79,12.28,-1.37,-0.021,0.811,-0.209,-0.260,352,900,,,29.70,123.000,121.500,116.200,GPS1,SUSP,RW35,0.6,180,360,-0.000,+0.00,350,VISUAL,,,,,,,,,,,,,,,,,-10.8,41.2,3120,100,3.7,331,040007FF N100 N100 *,480017FF N100 N100,0.5,0.6,101,107,,1200,ALT,29.6,5540,54,176,14,6.0,4.3,18,207,199,13.3,6,1265,1235,,
2026-07-21,18:30:12,01:30:12,-07:00,+33.6265897,-116.1563567,73,3DDiff (GPS nav),264612.3,69.3,360,1,35,8.27,343.6,13,26,12,203,-30,1197,73.5,77,8.74,0.07,-0.042,0.687,-0.210,-0.318,352,900,,,29.70,123.000,121.500,116.200,GPS1,SUSP,RW35,0.6,180,360,-0.000,+0.00,350,VISUAL,,,,,,,,,,,,,,,,,-10.8,41.2,3156,100,3.8,330,040007FF N100 N100 *,480017FF N100 N100,0.5,0.5,250,204,,1200,ALT,29.6,5490,54,176,14,6.1,4.3,18,207,199,13.3,6,1270,1240,,
2026-07-21,18:30:13,01:30:13,-07:00,+33.6269116,-116.1563518,94,3DDiff (GPS nav),264613.3,69.3,2,1,36,4.84,344.5,13,26,12,228,-2,1432,71.6,75,5.85,-0.14,0.033,0.901,-0.221,-0.464,352,900,,,29.70,123.000,121.500,116.200,GPS1,SUSP,RW35,0.7,180,360,-0.000,+0.00,350,VISUAL,,,,,,,,,,,,,,,,,-10.8,41.3,3196,200,3.9,328,020007FF N100 N100 *,480017FF N99 N100,0.4,0.2,100,222,,1200,ALT,29.6,5470,54,175,14,6.3,4.1,18,206,198,13.3,6,1275,1245,,
2026-07-21,18:30:14,01:30:14,-07:00,+33.6272365,-116.1563465,111,3DDiff (GPS nav),264614.3,69.8,1,1,36,4.74,344.1,13,23,12,242,19,1437,72.2,76,6.78,-3.18,-0.005,1.187,-0.239,-0.409,352,900,,,29.70,123.000,121.500,116.200,GPS1,SUSP,RW35,0.7,180,360,-0.000,+0.00,350,VISUAL,,,,,,,,,,,,,,,,,-10.8,41.3,3222,200,4.1,325,040007FF N100 N100 *,480017FF N98 N100,0.4,0.6,93,135,,1200,ALT,29.5,5510,54,175,14,6.3,4.1,18,206,198,13.3,6,1280,1245,,
2026-07-21,18:30:15,01:30:15,-07:00,+33.6275617,-116.1563415,128,3DDiff (GPS nav),264615.3,70.0,2,0,36,5.21,345.4,13,23,12,256,35,1291,72.8,76,6.91,1.31,-0.001,1.069,-0.245,-0.232,352,900,,,29.70,123.000,121.500,116.200,GPS1,SUSP,RW35,0.7,180,360,-0.000,+0.00,350,VISUAL,,,,,,,,,,,,,,,,,-10.8,41.3,3241,200,4.3,323,040007FF N100 N100 *,480017FF N97 N100,0.2,0.2,88,171,,1200,ALT,29.5,5510,54,175,14,6.1,4.1,18,206,198,13.3,6,1280,1250,,
2026-07-21,18:30:16,01:30:16,-07:00,+33.6278949,-116.1563371,146,3DDiff (GPS nav),264616.3,70.1,360,1,36,5.14,344.4,13,23,12,270,51,1127,73.2,77,6.49,-2.66,0.065,0.861,-0.248,-0.308,352,900,,,29.70,123.000,121.500,116.200,GPS1,SUSP,RW35,0.7,180,360,-0.000,+0.00,350,VISUAL,,,,,,,,,,,,,,,,,-10.8,41.3,3260,200,4.5,322,040007FF N100 N100 *,480017FF N98 N100,0.3,0.4,110,171,,1200,ALT,29.5,5510,54,175,14,6.1,4.2,18,206,198,13.3,6,1285,1250,,
2026-07-21,18:30:17,01:30:17,-07:00,+33.6282174,-116.1563305,162,3DDiff (GPS nav),264617.3,70.4,360,1,36,4.98,343.7,13,26,12,286,66,1011,73.3,77,6.63,-0.17,0.013,1.013,-0.253,-0.359,352,900,,,29.70,123.000,121.500,116.200,GPS1,SUSP,RW35,0.7,180,360,-0.000,+0.00,350,VISUAL,,,,,,,,,,,,,,,,,-10.8,41.3,3278,200,4.7,321,040007FF N100 N100 *,480017FF N100 N100,0.3,0.4,65,77,,1200,ALT,29.5,5510,54,175,14,6.2,4.2,18,205,198,13.3,6,1285,1255,,
2026-07-21,18:30:18,01:30:18,-07:00,+33.6285449,-116.1563233,179,3DDiff (GPS nav),264618.3,70.6,1,1,36,5.15,343.6,13,26,12,302,81,958,73.7,78,7.21,0.22,0.011,1.104,-0.253,-0.302,352,900,,,29.70,123.000,121.500,116.200,GPS1,SUSP,RW35,0.8,180,360,-0.000,+0.00,350,VISUAL,,,,,,,,,,,,,,,,,-10.8,41.2,3296,200,5.0,320,040007FF N100 N100 *,480017FF N100 N100,0.2,0.4,24,60,,1200,ALT,29.5,5530,54,175,14,6.1,4.3,18,205,196,13.3,6,1290,1255,,
2026-07-21,18:30:19,01:30:19,-07:00,+33.6288712,-116.1563150,197,3DDiff (GPS nav),264619.3,70.3,1,1,36,6.17,344.5,13,26,12,319,97,948,74.8,79,7.85,-0.40,-0.029,1.022,-0.248,-0.228,352,900,,,29.70,123.000,121.500,116.200,GPS1,SUSP,RW35,0.8,180,360,-0.004,-0.07,350,VISUAL,,,,,,,,,,,,,,,,,-10.8,41.2,3313,300,5.2,319,040007FF N100 N100 *,480017FF N100 N100,0.3,0.5,36,44,,1200,ALT,29.5,5540,54,175,14,6.0,4.3,18,205,196,13.3,6,1290,1255,,
2026-07-21,18:30:20,01:30:20,-07:00,+33.6291972,-116.1563104,215,3DDiff (GPS nav),264620.3,70.0,1,0,36,5.62,343.2,13,23,12,338,115,985,74.9,79,6.55,-6.45,-0.062,0.884,-0.242,-0.310,352,900,,,29.70,123.000,121.500,116.200,GPS1,SUSP,RW35,0.8,180,360,-0.004,-0.07,350,VISUAL,,,,,,,,,,,,,,,,,-10.8,41.2,3333,300,5.5,318,040007FF N100 N100 *,480017FF N100 N100,0.4,0.9,171,157,,1200,ALT,29.4,5530,54,175,14,5.9,4.3,18,205,196,13.3,6,1295,1260,,
2026-07-21,18:30:21,01:30:21,-07:00,+33.6295186,-116.1563197,232,3DDiff (GPS nav),264621.3,69.8,360,-1,36,5.61,343.8,13,23,12,356,133,1017,74.8,79,8.47,-2.24,-0.056,1.367,-0.241,-0.332,352,900,,,29.70,123.000,121.500,116.200,GPS1,SUSP,RW35,0.8,180,360,-0.004,-0.07,350,VISUAL,,,,,,,,,,,,,,,,,-10.8,41.2,3354,300,5.8,318,020007FF N100 N100 *,420017FF N100 N100,0.1,0.1,141,336,,1200,ALT,29.4,5530,54,175,14,6.0,4.3,18,205,194,13.3,6,1295,1260,,
2026-07-21,18:30:22,01:30:22,-07:00,+33.6298392,-116.1563370,256,3DDiff (GPS nav),264622.3,69.2,358,-2,35,7.75,343.5,13,23,12,371,150,1033,74.2,78,6.41,-1.95,0.074,0.801,-0.231,-0.150,352,900,,,29.70,123.000,121.500,116.200,GPS1,SUSP,RW35,0.8,180,360,-0.000,-0.00,350,VISUAL,,,,,,,,,,,,,,,,,-10.8,41.2,3375,300,6.1,318,040007FF N100 N100 *,420017FF N99 N100,0.3,0.4,109,110,,1200,ALT,29.4,5520,54,175,14,6.0,4.3,18,203,195,13.3,6,1295,1265,,
2026-07-21,18:30:23,01:30:23,-07:00,+33.6301609,-116.1563538,276,3DDiff (GPS nav),264623.3,69.3,357,-2,36,5.07,342.4,13,26,12,389,167,1023,73.4,77,6.25,-3.99,0.062,0.923,-0.232,-0.495,352,900,,,29.70,123.000,121.500,116.200,GPS1,SUSP,RW35,0.9,180,360,-0.000,-0.00,350,VISUAL,,,,,,,,,,,,,,,,,-10.8,41.2,3395,300,6.4,319,040007FF N100 N100 *,480017FF N100 N100,0.5,0.4,86,80,,1200,ALT,29.4,5500,54,175,14,6.3,4.3,18,201,197,13.3,6,1300,1265,,
2026-07-21,18:30:24,01:30:24,-07:00,+33.6304834,-116.1563696,293,3DDiff (GPS nav),264624.3,69.6,357,-1,36,5.86,342.1,13,26,12,407,184,1028,73.7,78,8.56,1.56,0.024,1.098,-0.247,-0.436,352,900,,,29.70,123.000,121.500,116.200,GPS1,SUSP,RW35,0.9,180,360,-0.000,-0.00,350,VISUAL,,,,,,,,,,,,,,,,,-10.8,41.2,3414,400,6.7,319,020007FF N100 N100 *,480017FF N100 N100,0.5,0.3,130,127,,1200,ALT,29.4,5520,54,175,14,6.3,4.3,18,198,198,13.3,6,1300,1265,,
2026-07-21,18:30:25,01:30:25,-07:00,+33.6308043,-116.1563831,316,3DDiff (GPS nav),264625.3,69.0,357,-1,35,7.14,342.4,13,26,12,426,203,1049,74.1,78,10.09,3.28,-0.011,1.119,-0.248,-0.209,352,900,,,29.70,123.000,121.500,116.200,GPS1,SUSP,RW35,0.9,180,360,-0.000,-0.00,350,VISUAL,,,,,,,,,,,,,,,,,-10.8,41.2,3433,400,7.0,319,040007FF N100 N100 *,480017FF N100 N100,0.5,0.2,109,87,,1200,ALT,29.3,5530,54,175,14,6.0,4.3,18,197,199,13.3,6,1300,1265,,
2026-07-21,18:30:26,01:30:26,-07:00,+33.6311185,-116.1563914,343,3DDiff (GPS nav),264626.3,68.0,358,-1,35,7.83,341.4,13,23,12,447,222,1095,73.8,78,9.36,-1.85,0.008,0.816,-0.244,-0.250,352,900,,,29.70,123.000,121.500,116.200,GPS1,SUSP,RW35,0.9,180,360,-0.000,-0.00,350,VISUAL,,,,,,,,,,,,,,,,,-10.8,41.1,3455,400,7.3,320,020007FF N100 N100 *,480017FF N100 N100,0.8,0.1,48,91,,1200,ALT,29.3,5530,54,175,14,5.9,4.3,18,196,200,13.3,6,1305,1265,,
2026-07-21,18:30:27,01:30:27,-07:00,+33.6314305,-116.1563980,366,3DDiff (GPS nav),264627.3,67.4,358,-1,35,6.28,340.7,13,23,12,472,244,1184,73.4,77,8.03,-1.74,-0.001,0.904,-0.243,-0.351,352,900,,,29.70,123.000,121.500,116.200,GPS1,SUSP,RW35,0.9,180,360,-0.000,-0.00,350,VISUAL,,,,,,,,,,,,,,,,,-10.8,41.1,3481,400,7.6,320,040007FF N100 N100 *,480017FF N100 N100,0.8,0.1,79,164,,1200,ALT,29.3,5500,54,175,14,6.0,4.3,18,195,200,13.3,6,1305,1270,,
2026-07-21,18:30:28,01:30:28,-07:00,+33.6317430,-116.1564094,386,3DDiff (GPS nav),264628.3,67.2,359,-1,34,5.95,341.4,13,23,12,490,265,1239,73.3,77,8.47,-0.53,-0.013,0.878,-0.246,-0.347,352,900,,,29.70,123.000,121.500,116.200,GPS1,SUSP,RW35,1.0,180,360,0.004,+0.07,350,VISUAL,,,,,,,,,,,,,,,,,-10.8,41.1,3506,400,7.8,319,040007FF N100 N100 *,480017FF N100 N100,0.7,0.2,50,53,,1200,ALT,29.3,5510,54,175,14,6.0,4.3,18,196,200,13.3,6,1305,1270,,
2026-07-21,18:30:29,01:30:29,-07:00,+33.6320504,-116.1564232,404,3DDiff (GPS nav),264629.3,66.8,359,-1,34,5.49,342.8,13,26,12,509,285,1237,73.4,77,9.23,1.41,0.013,1.095,-0.246,-0.313,352,900,,,29.70,123.000,121.500,116.200,GPS1,SUSP,RW35,1.0,180,360,0.004,+0.07,350,VISUAL,,,,,,,,,,,,,,,,,-10.8,41.1,3528,500,8.1,319,040007FF N100 N100 *,480017FF N100 N100,0.5,0.2,60,85,,1200,ALT,29.3,5510,54,175,14,6.0,4.3,18,199,200,13.3,6,1305,1270,,
2026-07-21,18:30:30,01:30:30,-07:00,+33.6323590,-116.1564338,423,3DDiff (GPS nav),264630.3,66.5,358,-1,34,5.63,342.1,13,26,12,526,303,1178,72.9,77,7.33,-1.18,-0.054,0.966,-0.244,-0.271,352,900,,,29.70,123.000,121.500,116.200,GPS1,SUSP,RW35,1.0,180,360,0.004,+0.07,350,VISUAL,,,,,,,,,,,,,,,,,-10.8,41.1,3548,500,8.4,319,040007FF N100 N100 *,480017FF N100 N100,0.2,0.1,144,207,,1200,ALT,29.3,5480,55,175,14,6.0,4.3,18,202,200,13.3,6,1305,1270,,
2026-07-21,18:30:31,01:30:31,-07:00,+33.6326669,-116.1564464,438,3DDiff (GPS nav),264631.3,66.6,359,-1,34,4.01,344.0,13,26,12,543,321,1128,72.4,76,5.92,-0.31,-0.011,1.012,-0.242,-0.326,352,900,,,29.70,123.000,121.500,116.200,GPS1,SUSP,RW35,1.0,180,360,0.004,+0.07,350,VISUAL,,,,,,,,,,,,,,,,,-10.8,41.1,3569,500,8.7,320,040007FF N100 N100 *,480017FF N100 N100,0.3,0.0,92,106,,1200,ALT,29.2,5480,55,175,14,6.0,4.3,18,203,200,13.3,6,1305,1270,,
2026-07-21,18:30:32,01:30:32,-07:00,+33.6329767,-116.1564613,451,3DDiff (GPS nav),264632.3,67.0,359,-2,34,4.84,344.6,13,23,12,556,336,1054,72.2,76,7.30,0.16,0.040,1.137,-0.240,-0.273,352,900,,,29.70,123.000,121.500,116.200,GPS1,SUSP,RW35,1.0,180,360,0.004,+0.07,350,VISUAL,,,,,,,,,,,,,,,,,-10.8,41.1,3586,500,9.0,320,040007FF N100 N100 *,480017FF N100 N100,0.3,0.1,40,81,,1200,ALT,29.2,5480,55,175,14,6.1,4.3,18,204,200,13.3,6,1305,1270,,
2026-07-21,18:30:33,01:30:33,-07:00,+33.6332869,-116.1564784,469,3DDiff (GPS nav),264633.3,67.1,357,-1,34,5.71,343.7,13,23,12,569,350,967,72.0,76,7.31,1.50,0.026,0.891,-0.231,-0.181,352,900,,,29.70,123.000,121.500,116.200,GPS1,SUSP,RW35,1.0,180,360,0.008,+0.13,350,VISUAL,,,,,,,,,,,,,,,,,-10.8,41.1,3600,500,9.2,321,040007FF N100 N100 *,480017FF N100 N100,0.3,0.1,100,99,,1200,ALT,29.2,5490,55,176,14,6.0,4.3,18,204,200,13.3,6,1305,1270,,
2026-07-21,18:30:34,01:30:34,-07:00,+33.6335997,-116.1564896,486,3DDiff (GPS nav),264634.3,67.2,357,-1,35,5.38,342.3,13,23,12,585,365,908,71.3,75,7.61,2.05,-0.037,0.945,-0.226,-0.306,352,900,,,29.70,123.000,121.500,116.200,GPS1,SUSP,RW35,1.1,180,360,0.008,+0.14,350,VISUAL,,,,,,,,,,,,,,,,,-10.8,41.0,3615,500,9.5,322,020007FF N100 N100 *,480017FF N99 N100,0.1,0.1,37,169,,1200,ALT,29.2,5480,55,176,14,6.1,4.3,18,204,200,13.3,6,1305,1270,,
2026-07-21,18:30:35,01:30:35,-07:00,+33.6339132,-116.1564987,503,3DDiff (GPS nav),264635.3,67.4,358,-1,35,4.93,342.6,13,26,12,604,382,927,70.9,75,6.13,-2.79,-0.004,0.905,-0.223,-0.277,352,900,,,29.70,123.000,121.500,116.200,GPS1,SUSP,RW35,1.1,180,360,0.008,+0.14,350,VISUAL,,,,,,,,,,,,,,,,,-10.8,41.0,3634,600,9.7,322,040007FF N100 N100 *,480017FF N98 N100,0.0,0.2,49,89,,1200,ALT,29.1,5470,55,176,14,6.1,4.3,18,204,200,13.3,6,1305,1270,,
2026-07-21,18:30:36,01:30:36,-07:00,+33.6342276,-116.1565121,517,3DDiff (GPS nav),264636.3,67.9,359,-1,35,3.83,343.6,13,26,12,618,399,961,70.2,74,5.76,-0.53,0.011,1.005,-0.223,-0.331,352,900,,,29.70,123.000,121.500,116.200,GPS1,SUSP,RW35,1.1,180,360,0.008,+0.14,350,VISUAL,,,,,,,,,,,,,,,,,-10.8,41.0,3653,600,9.9,322,040007FF N100 N100 *,480017FF N98 N100,0.1,0.0,40,130,,1200,ALT,29.1,5460,55,176,14,6.2,4.3,18,203,200,13.3,6,1305,1270,,
2026-07-21,18:30:37,01:30:37,-07:00,+33.6345452,-116.1565266,530,3DDiff (GPS nav),264637.3,68.4,358,-1,35,3.90,344.0,13,26,12,627,411,897,70.2,74,6.41,-0.26,0.036,0.941,-0.227,-0.326,352,900,,,29.70,123.000,121.500,116.200,GPS1,SUSP,RW35,1.1,180,360,0.008,+0.14,350,VISUAL,,,,,,,,,,,,,,,,,-10.8,41.0,3665,600,10.0,321,040007FF N100 N100 *,480017FF N100 N100,0.2,0.0,33,46,,1200,ALT,29.1,5470,55,177,14,6.1,4.3,18,203,200,13.3,6,1305,1270,,
2026-07-21,18:30:38,01:30:38,-07:00,+33.6348648,-116.1565393,545,3DDiff (GPS nav),264638.3,68.8,358,-1,35,4.59,343.5,13,23,12,639,422,810,70.8,75,6.58,0.99,-0.005,0.981,-0.229,-0.257,352,900,,,29.70,123.000,121.500,116.200,GPS1,SUSP,RW35,1.1,180,360,0.008,+0.14,350,VISUAL,,,,,,,,,,,,,,,,,-10.8,40.9,3674,600,10.1,321,020007FF N100 N100 *,480017FF N100 N100,0.1,0.1,86,149,,1200,ALT,29.1,5490,55,177,14,6.0,4.3,18,204,200,13.3,6,1305,1270,,
2026-07-21,18:30:39,01:30:39,-07:00,+33.6351876,-116.1565464,561,3DDiff (GPS nav),264639.3,69.0,358,-1,35,5.21,343.2,13,23,12,652,435,759,72.1,76,6.15,-2.14,-0.015,1.025,-0.227,-0.245,352,900,,,29.70,123.000,121.500,116.200,GPS1,SUSP,RW35,1.2,180,360,0.008,+0.14,350,VISUAL,,,,,,,,,,,,,,,,,-10.8,40.9,3684,600,10.2,321,040007FF N100 N100 *,420017FF N100 N100,0.2,0.0,136,115,,1200,ALT,29.1,5510,55,177,14,6.0,4.3,18,204,200,13.3,6,1305,1270,,
2026-07-21,18:30:40,01:30:40,-07:00,+33.6355054,-116.1565576,580,3DDiff (GPS nav),264640.3,68.9,359,-1,35,5.86,343.6,13,23,12,665,447,750,74.1,78,7.57,-1.00,0.029,1.154,-0.225,-0.284,352,900,,,29.70,123.000,121.500,116.200,GPS1,SUSP,RW35,1.2,180,360,0.012,+0.20,350,VISUAL,,,,,,,,,,,,,,,,,-10.8,40.8,3694,600,10.2,321,040007FF N100 N100 *,480017FF N100 N100,0.2,0.0,36,122,,1200,ALT,29.1,5540,55,178,14,5.9,4.3,18,205,200,13.3,6,1305,1270,,
2026-07-21,18:30:41,01:30:41,-07:00,+33.6358207,-116.1565683,603,3DDiff (GPS nav),264641.3,68.3,359,-1,35,7.58,343.4,13,23,12,682,461,780,75.3,80,9.90,0.02,0.018,1.269,-0.223,-0.245,352,900,,,29.70,123.000,121.500,116.200,GPS1,SUSP,RW35,1.2,180,360,0.012,+0.20,350,VISUAL,,,,,,,,,,,,,,,,,-10.8,40.8,3706,700,10.3,321,040007FF N100 N100 *,480017FF N100 N100,0.3,0.1,73,83,,1200,ALT,29.1,5550,54,178,14,5.9,4.3,18,205,200,13.3,6,1310,1270,,
2026-07-21,18:30:42,01:30:42,-07:00,+33.6361255,-116.1565782,632,3DDiff (GPS nav),264642.3,66.9,358,-1,34,9.47,342.5,13,26,12,708,481,917,75.3,80,11.17,-4.90,0.018,0.859,-0.215,-0.169,352,900,,,29.70,123.000,121.500,116.200,GPS1,SUSP,RW35,1.2,180,360,0.012,+0.20,350,VISUAL,,,,,,,,,,,,,,,,,-10.8,40.7,3726,700,10.3,322,040007FF N100 N100 *,480017FF N100 N100,0.8,0.1,116,156,,1200,ALT,29.1,5530,54,178,14,6.0,4.3,18,205,200,13.3,6,1310,1270,,
2026-07-21,18:30:43,01:30:43,-07:00,+33.6364286,-116.1565908,660,3DDiff (GPS nav),264643.3,65.5,357,-2,33,8.61,340.9,13,26,12,735,504,1114,74.2,79,12.76,-5.95,-0.012,1.094,-0.215,-0.351,352,900,,,29.70,123.000,121.500,116.200,GPS1,SUSP,RW35,1.2,180,360,0.012,+0.20,350,VISUAL,,,,,,,,,,,,,,,,,-10.8,40.7,3753,700,10.4,323,040007FF N100 N100 *,420017FF N100 N100,0.6,0.1,102,93,,1200,ALT,29.0,5520,54,178,14,6.2,4.3,18,205,200,13.3,6,1310,1270,,
2026-07-21,18:30:44,01:30:44,-07:00,+33.6367210,-116.1566142,688,3DDiff (GPS nav),264644.3,63.6,356,-3,32,8.75,339.4,13,23,12,763,531,1329,73.2,78,12.57,-10.38,-0.043,1.137,-0.217,-0.288,314,900,,,29.70,123.000,121.500,116.200,GPS1,SUSP,RW35,1.3,180,360,0.012,+0.20,350,VISUAL,,,,,,,,,,,,,,,,,-10.8,40.7,3783,700,10.5,323,040007FF N100 N100 *,480017FF N99 N100,0.4,0.1,111,102,,1200,ALT,29.0,5520,54,179,14,6.2,4.3,18,205,200,13.3,6,1310,1270,,
2026-07-21,18:30:45,01:30:45,-07:00,+33.6370010,-116.1566596,718,3DDiff (GPS nav),264645.3,61.3,353,-5,31,9.44,336.8,13,23,12,791,559,1493,72.5,77,11.84,-13.34,-0.002,0.892,-0.217,-0.227,258,900,,,29.70,123.000,121.500,116.200,GPS1,SUSP,RW35,1.3,179,360,0.016,+0.27,350,VISUAL,,,,,,,,,,,,,,,,,-10.8,40.7,3815,700,10.6,323,040007FF N100 N100 *,420017FF N99 N100,0.6,0.0,54,55,,1200,ALT,29.0,5500,55,179,14,6.1,4.3,18,205,200,13.3,6,1310,1270,,
2026-07-21,18:30:46,01:30:46,-07:00,+33.6372714,-116.1567249,747,3DDiff (GPS nav),264646.3,59.8,349,-7,30,8.32,333.2,13,23,12,819,587,1596,71.3,76,11.17,-15.21,0.012,0.827,-0.218,-0.322,258,900,,,29.70,123.000 TX,121.500,116.200,GPS1,SUSP,RW35,1.3,179,360,0.020,+0.34,350,VISUAL,,,,,,,,,,,,,,,,,-10.8,40.7,3848,800,10.8,323,020007FF N100 N100 *,480017FF N100 N100,0.6,0.0,42,96,,1200,ALT,29.0,5460,55,179,14,6.1,4.3,18,204,200,13.3,6,1310,1270,,
2026-07-21,18:30:47,01:30:47,-07:00,+33.6375333,-116.1568099,771,3DDiff (GPS nav),264647.3,58.7,344,-9,29,7.00,328.4,13,30,11,843,613,1612,70.3,74,11.28,-17.84,-0.006,1.111,-0.227,-0.384,275,900,,,29.70,123.000 TX,121.500,116.200,GPS1,SUSP,RW35,1.3,179,360,0.023,+0.41,350,VISUAL,,,,,,,,,,,,,,,,,-10.8,40.7,3878,800,11.0,324,040007FF N100 N100 *,480017FF N100 N100,0.8,0.2,80,83,,1200,ALT,28.9,5460,55,180,14,6.2,4.3,18,203,200,13.3,5,1310,1270,,
2026-07-21,18:30:48,01:30:48,-07:00,+33.6377812,-116.1569255,794,3DDiff (GPS nav),264648.3,57.5,338,-12,27,7.20,323.5,13,30,11,868,638,1585,69.3,73,11.17,-22.51,-0.015,1.092,-0.229,-0.216,273,900,,,29.70,123.000 TX,121.500,116.200,GPS1,SUSP,RW35,1.3,179,360,0.027,+0.47,350,VISUAL,,,,,,,,,,,,,,,,,-10.8,40.7,3906,800,11.2,324,020007FF N100 N100 *,480017FF N100 N100,0.8,0.3,84,76,,1200,ALT,28.9,5440,54,180,14,6.1,4.3,18,203,200,13.3,5,1310,1270,,
2026-07-21,18:30:49,01:30:49,-07:00,+33.6380085,-116.1570839,824,3DDiff (GPS nav),264649.3,56.7,332,-15,25,6.92,318.9,13,26,12,891,663,1538,68.2,72,11.00,-23.23,0.014,1.143,-0.219,-0.115,273,900,,,29.70,123.000 TX,121.500,116.200,GPS1,SUSP,RW35,1.3,179,360,0.035,+0.61,350,VISUAL,,,,,,,,,,,,,,,,,-10.8,40.6,3934,900,11.4,323,040007FF N100 N100 *,480017FF N100 N100,0.9,0.4,80,127,,1200,ALT,28.9,5420,54,180,14,6.0,4.3,18,202,200,13.3,5,1310,1270,,
2026-07-21,18:30:50,01:30:50,-07:00,+33.6382208,-116.1572717,847,3DDiff (GPS nav),264650.3,56.7,324,-18,23,5.69,313.8,13,26,12,909,684,1446,66.8,71,7.70,-22.29,0.040,0.834,-0.207,-0.192,273,900,,,29.70,123.000,121.500,116.200,GPS1,SUSP,RW35,1.3,178,360,0.047,+0.79,350,VISUAL,,,,,,,,,,,,,,,,,-10.8,40.6,3958,900,11.6,323,020007FF N100 N100 *,480017FF N100 N100,1.0,0.4,299,262,,1200,ALT,28.8,5410,54,180,14,6.1,4.3,18,199,199,13.3,5,1310,1265,,
2026-07-21,18:30:51,01:30:51,-07:00,+33.6384226,-116.1574813,860,3DDiff (GPS nav),264651.3,57.7,318,-21,22,3.25,309.2,13,26,12,928,704,1329,65.9,70,4.58,-22.59,-0.046,0.697,-0.210,-0.422,273,900,,,29.70,123.000,121.500,116.200,GPS1,SUSP,RW35,1.4,178,360,0.055,+0.95,350,VISUAL,,,,,,,,,,,,,,,,,-10.8,40.6,3980,900,11.9,323,020007FF N100 N100 *,480017FF N100 N100,0.9,0.0,43,296,,1200,ALT,28.8,5390,54,181,14,6.3,4.2,18,194,199,13.3,5,1310,1265,,
2026-07-21,18:30:52,01:30:52,-07:00,+33.6386129,-116.1577225,864,3DDiff (GPS nav),264652.3,59.6,314,-24,20,0.91,305.7,13,26,12,940,721,1206,65.2,69,4.99,-22.96,0.047,1.083,-0.222,-0.403,273,900,,,29.70,123.000,121.500,116.200,GPS1,SUSP,RW35,1.4,177,360,0.066,+1.00,350,VISUAL,,,,,,,,,,,,,,,,,-10.8,40.6,3999,900,12.1,324,020007FF N100 N100 *,420017FF N100 N100,0.8,0.1,31,161,,1200,ALT,28.8,5390,55,181,14,6.4,4.2,17,188,199,13.3,5,1305,1265,,
2026-07-21,18:30:53,01:30:53,-07:00,+33.6387861,-116.1579982,868,3DDiff (GPS nav),264653.3,61.9,307,-27,18,1.96,300.6,13,26,12,941,730,960,65.7,70,4.75,-18.35,0.024,1.094,-0.222,-0.117,273,900,,,29.70,123.000,121.500,116.200,GPS1,SUSP,RW35,1.4,177,360,0.082,+1.00,350,VISUAL,,,,,,,,,,,,,,,,,-10.8,40.5,4006,1000,12.3,324,020007FF N100 N100 *,480017FF N100 N100,0.8,0.2,59,68,,1200,ALT,28.8,5410,54,181,14,6.2,4.2,15,186,199,13.3,5,1305,1260,,
2026-07-21,18:30:54,01:30:54,-07:00,+33.6389398,-116.1583052,875,3DDiff (GPS nav),264654.3,64.3,301,-30,16,2.40,295.6,13,26,12,945,735,670,66.8,71,4.59,-17.63,0.027,1.126,-0.211,-0.113,273,900,,,29.70,123.000,121.500,116.200,GPS1,SUSP,RW35,1.4,176,360,0.098,+1.00,350,VISUAL,,,,,,,,,,,,,,,,,-10.8,40.5,4005,1000,12.4,326,020007FF N100 N100 *,420017FF N100 N100,0.7,0.1,63,83,,1200,ALT,28.8,5440,54,182,14,6.1,4.2,15,186,199,13.3,5,1305,1260,,
2026-07-21,18:30:55,01:30:55,-07:00,+33.6390758,-116.1586373,884,3DDiff (GPS nav),264655.3,66.5,295,-32,14,3.07,290.6,13,26,12,950,740,476,69.2,73,3.98,-19.24,-0.011,1.224,-0.201,-0.225,273,900,,,29.70,123.000,121.500,116.200,GPS1,SUSP,RW35,1.4,175,360,0.113,+1.00,350,VISUAL,,,,,,,,,,,,,,,,,-10.8,40.4,4003,1000,12.5,327,040007FF N100 N100 *,480017FF N100 N100,0.7,0.3,78,149,,1200,ALT,28.8,5470,54,182,14,6.0,4.3,15,176,199,13.3,5,1305,1260,,
2026-07-21,18:30:56,01:30:56,-07:00,+33.6391904,-116.1589924,892,3DDiff (GPS nav),264656.3,68.6,291,-34,12,2.58,286.0,13,26,12,960,747,408,71.6,76,7.12,-18.89,0.006,1.389,-0.197,-0.265,273,900,,,29.70,123.000,121.500,116.200,GPS1,SUSP,RW35,1.4,175,360,0.133,+1.00,350,VISUAL,,,,,,,,,,,,,,,,,-10.8,40.3,4004,1000,12.6,328,020007FF N100 N100 *,480017FF N100 N100,0.6,0.2,170,165,,1200,ALT,28.8,5490,54,182,14,6.0,4.3,15,166,199,13.3,5,1305,1260,,
2026-07-21,18:30:57,01:30:57,-07:00,+33.6392778,-116.1593690,904,3DDiff (GPS nav),264657.3,70.1,286,-35,9,3.54,281.8,13,26,12,967,755,412,73.9,79,6.83,-16.54,0.037,1.094,-0.195,-0.235,273,900,,,29.70,123.000,121.500,116.200,GPS1,SUSP,RW35,1.4,174,360,0.152,+1.00,350,VISUAL,,,,,,,,,,,,,,,,,-10.8,40.3,4006,1000,12.7,329,040007FF N100 N100 *,480017FF N99 N100,0.6,0.3,152,177,,1200,ALT,28.7,5510,54,183,14,5.9,4.3,15,176,200,13.3,5,1305,1260,,
2026-07-21,18:30:58,01:30:58,-07:00,+33.6393432,-116.1597556,916,3DDiff (GPS nav),264658.3,71.0,280,-36,6,3.88,276.6,13,26,12,978,763,443,75.0,80,6.65,-13.16,0.011,0.801,-0.199,-0.294,273,900,,,29.70,123.000,121.500,116.200,GPS1,SUSP,RW35,1.4,173,360,0.172,+1.00,350,VISUAL,,,,,,,,,,,,,,,,,-10.8,40.2,4010,1000,12.7,330,020007FF N100 N100 *,480017FF N100 N100,0.5,0.4,92,142,,1200,ALT,28.7,5510,55,183,14,5.9,4.4,15,186,200,13.3,5,1305,1260,,
2026-07-21,18:30:59,01:30:59,-07:00,+33.6393883,-116.1601508,926,3DDiff (GPS nav),264659.3,71.9,277,-37,4,3.00,273.8,13,26,12,990,774,515,75.4,80,6.67,-15.15,0.019,1.129,-0.208,-0.343,273,900,,,29.70,123.000,121.500,116.200,GPS1,SUSP,RW35,1.4,172,360,0.191,+1.00,350,VISUAL,,,,,,,,,,,,,,,,,-10.8,40.2,4019,1000,12.7,330,040007FF N100 N100 *,480017FF N100 N100,0.4,0.2,142,170,,1200,ALT,28.7,5510,56,183,14,6.0,4.4,15,185,200,13.3,5,1305,1260,,
2026-07-21,18:31:00,01:31:00,-07:00,+33.6394146,-116.1605528,936,3DDiff (GPS nav),264660.3,72.6,276,-37,3,3.63,273.6,13,26,12,999,784,577,75.9,81,6.40,-0.64,0.010,1.116,-0.213,-0.245,273,900,,,29.70,123.000,121.500,116.200,GPS1,SUSP,RW35,1.4,172,360,0.211,+1.00,350,VISUAL,,,,,,,,,,,,,,,,,-10.8,40.1,4028,1000,12.7,330,020007FF N100 N100 *,420017FF N100 N100,0.2,0.3,111,214,,1200,ALT,28.7,5520,56,183,14,6.0,4.4,15,182,201,13.3,5,1305,1260,,
2026-07-21,18:31:01,01:31:01,-07:00,+33.6394375,-116.1609576,951,3DDiff (GPS nav),264661.3,73.0,273,-38,2,4.53,271.3,13,26,12,1010,794,597,75.8,81,6.25,-3.26,-0.018,1.104,-0.215,-0.246,273,900,,,29.70,123.000,121.500,116.200,GPS1,SUSP,RW35,1.4,171,360,0.230,+1.00,350,VISUAL,,,,,,,,,,,,,,,,,-10.8,40.1,4036,1000,12.8,330,040007FF N100 N100 *,420017FF N100 N100,0.1,0.5,58,79,,1200,ALT,28.7,5520,56,184,14,6.0,4.4,15,183,201,13.3,5,1305,1260,,
2026-07-21,18:31:02,01:31:02,-07:00,+33.6394543,-116.1613663,969,3DDiff (GPS nav),264662.3,73.5,273,-38,2,5.84,271.4,13,26,12,1027,807,663,75.4,80,5.58,-0.62,-0.061,1.034,-0.213,-0.182,273,900,,,29.70,123.000,121.500,116.200,GPS1,SUSP,RW35,1.4,170,360,0.250,+1.00,350,VISUAL,,,,,,,,,,,,,,,,,-10.8,40.1,4049,1000,12.8,330,040007FF N100 N100 *,420017FF N100 N100,0.2,0.6,67,74,,1200,ALT,28.7,5510,55,184,14,6.0,4.4,15,186,201,13.3,5,1305,1260,,
2026-07-21,18:31:03,01:31:03,-07:00,+33.6394646,-116.1617754,988,3DDiff (GPS nav),264663.3,74.1,273,-38,1,5.60,272.8,13,26,12,1043,823,770,74.9,80,4.93,-5.13,-0.003,0.699,-0.208,-0.237,273,900,,,29.70,123.000,121.500,116.200,GPS1,SUSP,RW35,1.4,169,360,0.273,+1.00,350,VISUAL,,,,,,,,,,,,,,,,,-10.8,40.0,4064,1000,12.8,331,020007FF N100 N100 *,480017FF N100 N100,0.3,0.9,107,203,,1200,ALT,28.7,5520,55,184,14,6.0,4.3,15,188,201,13.3,5,1305,1260,,
2026-07-21,18:31:04,01:31:04,-07:00,+33.6394706,-116.1621916,1001,3DDiff (GPS nav),264664.3,75.0,272,-39,1,3.09,272.1,13,26,12,1053,836,809,74.2,79,4.17,-5.47,0.041,1.011,-0.218,-0.515,273,900,,,29.70,123.000,121.500,116.200,GPS1,SUSP,RW35,1.4,168,360,0.293,+1.00,350,VISUAL,,,,,,,,,,,,,,,,,-10.8,40.0,4077,1100,12.9,332,020007FF N100 N100 *,480017FF N100 N100,0.3,0.6,57,248,,1200,ALT,28.7,5500,55,185,14,6.2,4.3,15,189,201,13.3,5,1305,1260,,
2026-07-21,18:31:05,01:31:05,-07:00,+33.6394742,-116.1626137,1012,3DDiff (GPS nav),264665.3,76.0,269,-39,0,3.48,269.4,13,26,12,1065,848,783,74.4,79,4.01,-3.60,-0.043,1.070,-0.235,-0.387,273,900,,,29.70,123.000,121.500,116.200,GPS1,SUSP,RW35,1.5,168,360,0.312,+1.00,350,VISUAL,,,,,,,,,,,,,,,,,-10.8,40.0,4087,1100,12.9,333,020007FF N100 N100 *,480017FF N100 N100,0.3,0.6,49,134,,1200,ALT,28.7,5510,56,185,14,6.2,4.3,15,195,201,13.3,5,1305,1260,,
2026-07-21,18:31:06,01:31:06,-07:00,+33.6394710,-116.1630412,1025,3DDiff (GPS nav),264666.3,77.0,270,-40,-1,3.94,270.0,13,26,12,1076,860,753,75.4,80,3.51,-2.45,0.051,0.757,-0.242,-0.256,273,900,,,29.70,123.000,121.500,116.200,GPS1,SUSP,RW35,1.5,167,360,0.336,+1.00,350,VISUAL,,,,,,,,,,,,,,,,,-10.8,39.9,4096,1100,13.0,335,040007FF N100 N100 *,480017FF N99 N100,0.4,0.7,61,133,,1200,ALT,28.6,5500,56,185,14,6.0,4.3,15,197,201,13.3,5,1305,1260,,
2026-07-21,18:31:07,01:31:07,-07:00,+33.6394684,-116.1634720,1034,3DDiff (GPS nav),264667.3,77.8,269,-40,-0,2.73,268.8,13,26,12,1086,870,706,75.7,80,3.89,-2.13,0.003,1.142,-0.253,-0.444,273,900,,,29.70,123.000,121.500,116.200,GPS1,SUSP,RW35,1.5,166,360,0.355,+1.00,350,VISUAL,,,,,,,,,,,,,,,,,-10.8,39.9,4105,1100,13.1,336,020007FF N100 N100 *,420017FF N99 N100,0.6,1.2,243,273,,1200,ALT,28.5,5480,56,186,14,6.0,4.3,15,194,201,13.3,5,1305,1260,,
2026-07-21,18:31:08,01:31:08,-07:00,+33.6394626,-116.1639056,1044,3DDiff (GPS nav),264668.3,78.4,268,-40,-1,3.98,267.2,13,26,12,1097,881,671,76.2,81,4.52,-7.93,-0.011,1.221,-0.261,-0.332,273,900,,,29.70,123.000,121.500,116.200,GPS1,SUSP,RW35,1.5,165,360,0.379,+1.00,350,VISUAL,,,,,,,,,,,,,,,,,-10.8,39.8,4114,1100,13.2,337,020007FF N100 N100 *,480017FF N98 N100,0.6,0.7,138,241,,1200,ALT,28.3,5420,55,186,14,5.8,4.3,15,194,201,13.3,5,1305,1260,,
2026-07-21,18:31:09,01:31:09,-07:00,+33.6394443,-116.1643431,1059,3DDiff (GPS nav),264669.3,78.7,267,-40,-3,4.47,266.0,13,26,12,1110,893,670,76.3,81,3.16,-11.67,-0.011,0.898,-0.259,-0.236,273,900,,,29.70,123.000,121.500,116.200,GPS1,SUSP,RW35,1.5,164,360,0.398,+1.00,350,VISUAL,,,,,,,,,,,,,,,,,-10.8,39.8,4123,1100,13.3,338,040007FF N100 N100 *,420017FF N98 N100,0.6,0.9,81,219,,1200,ALT,27.6,5130,55,186,14,5.5,4.5,15,195,201,13.3,5,1305,1260,,
2026-07-21,18:31:10,01:31:10,-07:00,+33.6394138,-116.1647795,1071,3DDiff (GPS nav),264670.3,79.0,266,-41,-4,2.97,265.5,13,26,12,1122,905,697,76.4,81,0.70,-11.27,0.029,0.858,-0.258,-0.371,273,900,,,29.70,123.000,121.500,116.200,GPS1,SUSP,RW35,1.5,163,360,0.422,+1.00,350,VISUAL,,,,,,,,,,,,,,,,,-10.8,39.8,4135,1100,13.4,339,020007FF N100 N100 *,420017FF N97 N100,0.6,0.9,91,145,,1200,ALT,26.9,5030,54,187,14,5.4,4.6,15,192,201,13.3,5,1310,1265,,
2026-07-21,18:31:11,01:31:11,-07:00,+33.6393740,-116.1652189,1075,3DDiff (GPS nav),264671.3,79.6,264,-41,-5,-0.01,263.7,13,26,12,1130,915,680,77.0,82,-2.53,-13.91,0.067,0.637,-0.270,-0.570,273,900,,,29.70,123.000,121.500,116.200,GPS1,SUSP,RW35,1.5,163,360,0.445,+1.00,350,VISUAL,,,,,,,,,,,,,,,,,-10.8,39.7,4145,1200,13.5,340,040007FF N100 N100 *,480017FF N97 N100,0.5,0.7,103,124,,1200,ALT,26.1,4910,52,187,14,5.3,4.6,15,186,201,13.3,5,1315,1275,,
2026-07-21,18:31:12,01:31:12,-07:00,+33.6393268,-116.1656645,1068,3DDiff (GPS nav),264672.3,80.8,262,-42,-6,-2.45,262.1,13,26,12,1130,922,587,77.8,83,-3.71,-11.78,0.042,1.153,-0.294,-0.625,273,900,,,29.70,123.000,121.500,116.200,GPS1,SUSP,RW35,1.5,162,360,0.465,+1.00,350,VISUAL,,,,,,,,,,,,,,,,,-10.8,39.7,4150,1200,13.5,341,020007FF N100 N100 *,480017FF N96 N100,0.7,0.9,307,320,,1200,ALT,25.6,4920,51,187,14,5.3,4.6,15,185,202,13.3,5,1325,1285,,
2026-07-21,18:31:13,01:31:13,-07:00,+33.6392645,-116.1661201,1063,3DDiff (GPS nav),264673.3,82.9,259,-42,-8,-1.34,257.6,13,26,12,1124,921,353,79.7,85,-2.98,-21.32,-0.020,1.303,-0.307,-0.373,273,900,,,29.70,123.000,121.500,116.200,GPS1,SUSP,RW35,1.5,161,360,0.488,+1.00,350,VISUAL,,,,,,,,,,,,,,,,,-10.8,39.7,4143,1200,13.6,341,020007FF N100 N100 *,420017FF N96 N100,0.8,0.8,60,74,,1200,ALT,25.2,4850,50,188,13,4.6,4.8,15,185,202,13.3,5,1330,1295,,
2026-07-21,18:31:14,01:31:14,-07:00,+33.6391626,-116.1666050,1063,3DDiff (GPS nav),264674.3,85.3,256,-43,-12,0.17,254.7,13,26,12,1124,920,141,80.2,85,-3.44,-21.29,-0.044,0.808,-0.302,-0.201,273,900,,,29.70,123.000,121.500,116.200,GPS1,SUSP,RW35,1.5,160,360,0.512,+1.00,350,VISUAL,,,,,,,,,,,,,,,,,-10.8,39.6,4136,1200,13.7,342,020007FF N100 N100 *,420017FF N96 N100,0.8,0.7,226,264,,1200,ALT,23.4,4410,49,188,13,3.6,5.0,15,183,202,13.3,6,1335,1300,,
2026-07-21,18:31:15,01:31:15,-07:00,+33.6390298,-116.1670610,1062,3DDiff (GPS nav),264675.3,87.2,250,-42,-16,-0.31,249.0,13,26,12,1125,920,38,80.4,86,-1.63,-24.15,0.024,1.338,-0.290,-0.292,273,900,,,29.70,123.000 TX,121.500,116.200,GPS1,SUSP,RW35,1.5,159,360,0.535,+1.00,350,VISUAL,,,,,,,,,,,,,,,,,-10.8,39.6,4132,1200,13.8,342,020007FF N100 N100 *,420017FF N95 N100,0.9,0.4,66,215,,1200,ALT,21.4,4290,47,188,13,3.3,5.2,15,169,202,13.3,6,1340,1305,,
2026-07-21,18:31:16,01:31:16,-07:00,+33.6388545,-116.1675122,1064,3DDiff (GPS nav),264676.3,89.0,245,-41,-21,0.62,243.8,13,26,12,1125,920,2,80.8,86,-1.04,-22.54,0.048,0.839,-0.271,-0.215,250,900,,,29.70,123.000 TX,121.500,116.200,GPS1,SUSP,RW35,1.5,158,360,0.559,+1.00,350,VISUAL,,,,,,,,,,,,,,,,,-10.8,39.5,4127,1200,13.9,343,020007FF N100 N100 *,480017FF N95 N100,0.9,0.4,159,162,,1200,ALT,20.1,4240,46,189,13,2.9,5.3,15,165,202,13.3,6,1340,1305,,
2026-07-21,18:31:17,01:31:17,-07:00,+33.6386524,-116.1679448,1063,3DDiff (GPS nav),264677.3,89.8,239,-40,-24,-0.58,236.9,13,26,12,1123,919,-22,80.9,86,0.68,-25.68,-0.001,1.298,-0.260,-0.381,224,900,,,29.70,123.000 TX,121.500,116.200,GPS1,SUSP,RW35,1.5,157,360,0.578,+1.00,350,VISUAL,,,,,,,,,,,,,,,,,-10.8,39.5,4122,1200,13.9,343,020007FF N100 N100 *,420017FF N94 N100,1.1,0.4,86,113,,1200,ALT,19.3,4270,45,189,13,2.8,5.4,15,162,202,13.3,5,1340,1300,,
2026-07-21,18:31:18,01:31:18,-07:00,+33.6384070,-116.1683578,1065,3DDiff (GPS nav),264678.3,90.5,235,-37,-29,1.68,232.6,13,26,12,1125,919,-26,80.6,86,2.36,-27.98,0.079,0.860,-0.248,-0.216,213,900,,,29.70,123.000 TX,121.500,116.200,GPS1,SUSP,RW35,1.5,156,360,0.602,+1.00,350,VISUAL,,,,,,,,,,,,,,,,,-10.8,39.5,4119,1200,14.0,344,020007FF N100 N100 *,420017FF N94 N100,1.1,0.3,153,151,,1200,ALT,18.9,4210,44,189,13,2.6,5.5,15,157,202,13.3,5,1335,1295,,
2026-07-21,18:31:19,01:31:19,-07:00,+33.6381327,-116.1687365,1071,3DDiff (GPS nav),264679.3,90.9,227,-34,-32,2.72,222.9,13,26,12,1128,921,22,79.2,84,2.51,-22.28,-0.009,1.007,-0.236,-0.228,196,900,,,29.70,123.000 TX,121.500,116.200,GPS1,SUSP,RW35,1.5,155,360,0.621,+1.00,350,VISUAL,,,,,,,,,,,,,,,,,-10.8,39.5,4121,1200,14.1,344,020007FF N100 N100 *,420017FF N94 N100,1.2,0.1,150,184,,1200,ALT,18.7,4200,44,189,13,2.7,5.5,15,151,202,13.3,4,1330,1290,,
2026-07-21,18:31:20,01:31:20,-07:00,+33.6378237,-116.1690797,1080,3DDiff (GPS nav),264680.3,90.9,220,-31,-35,3.52,215.3,13,26,11,1140,926,137,77.9,83,2.11,-26.30,-0.068,1.315,-0.216,-0.102,180,900,,,29.70,123.000 TX,121.500,116.200,GPS1,SUSP,RW35,1.5,154,360,0.637,+1.00,350,VISUAL,,,,,,,,,,,,,,,,,-10.8,39.5,4127,1200,14.1,345,020007FF N100 N100 *,420017FF N94 N100,1.3,0.0,53,88,,1200,ALT,18.7,4150,43,189,13,2.5,5.5,15,153,202,13.3,4,1325,1285,,
2026-07-21,18:31:21,01:31:21,-07:00,+33.6374816,-116.1693800,1092,3DDiff (GPS nav),264681.3,91.1,217,-26,-39,3.42,212.1,13,26,11,1152,937,328,76.5,81,1.86,-26.18,0.003,0.948,-0.192,-0.074,174,900,,,29.70,123.000 TX,121.500,116.200,GPS1,SUSP,RW35,1.5,153,360,0.652,+1.00,350,VISUAL,,,,,,,,,,,,,,,,,-10.8,39.4,4139,1200,14.2,345,040007FF N100 N100 *,480017FF N93 N100,1.2,0.0,146,168,,1200,ALT,18.7,4140,43,190,13,2.3,5.5,15,156,202,13.3,4,1320,1280,,
2026-07-21,18:31:22,01:31:22,-07:00,+33.6371155,-116.1696373,1102,3DDiff (GPS nav),264682.3,91.5,211,-23,-41,2.88,207.2,13,26,11,1159,945,445,75.2,80,1.28,-28.21,-0.016,0.971,-0.176,-0.185,169,900,,,29.70,123.000,121.500,116.200,GPS1,SUSP,RW35,1.4,153,360,0.664,+1.00,350,VISUAL,,,,,,,,,,,,,,,,,-10.8,39.4,4149,1200,14.2,346,020007FF N100 N100 *,480017FF N97 N100,1.4,0.2,46,55,,1200,ALT,18.7,4140,43,190,13,2.3,5.5,15,149,202,13.3,4,1315,1275,,
2026-07-21,18:31:23,01:31:23,-07:00,+33.6367276,-116.1698538,1107,3DDiff (GPS nav),264683.3,92.1,206,-19,-44,1.09,203.6,13,26,11,1166,953,486,74.4,79,0.25,-25.83,0.012,0.922,-0.171,-0.286,169,900,,,29.70,123.000,121.500,116.200,GPS1,SUSP,RW35,1.4,152,360,0.676,+1.00,350,VISUAL,,,,,,,,,,,,,,,,,-10.8,39.4,4158,1200,14.2,346,040007FF N100 N100 *,480017FF N100 N100,1.4,0.4,58,87,,1200,ALT,18.7,4120,43,190,13,2.5,5.5,15,154,202,13.3,5,1310,1270,,
2026-07-21,18:31:24,01:31:24,-07:00,+33.6363244,-116.1700359,1107,3DDiff (GPS nav),264684.3,92.9,201,-16,-45,-0.33,200.2,13,30,11,1170,960,463,74.0,79,-1.83,-17.77,0.059,0.832,-0.178,-0.348,169,900,,,29.70,123.000,121.500,116.200,GPS1,SUSP,RW35,1.4,151,360,0.684,+1.00,350,VISUAL,,,,,,,,,,,,,,,,,-10.8,39.4,4164,1200,14.3,346,020007FF N100 N100 *,480017FF N100 N100,1.5,0.8,130,111,,1200,ALT,18.8,4110,43,190,13,2.9,5.5,15,168,202,13.3,5,1305,1265,,
2026-07-21,18:31:25,01:31:25,-07:00,+33.6359127,-116.1701984,1104,3DDiff (GPS nav),264685.3,93.4,197,-15,-46,-1.70,195.2,13,30,11,1165,961,334,75.6,80,-2.13,-11.81,0.050,1.117,-0.197,-0.437,169,900,,,29.70,123.000,121.500,116.200,GPS1,SUSP,RW35,1.4,150,360,0.691,+1.00,350,VISUAL,,,,,,,,,,,,,,,,,-10.8,39.4,4162,1200,14.3,346,020007FF N100 N100 *,480017FF N100 N100,1.6,0.7,69,125,,1200,ALT,18.8,4180,43,190,13,3.1,5.4,15,177,202,13.3,5,1300,1260,,
2026-07-21,18:31:26,01:31:26,-07:00,+33.6354984,-116.1703419,1102,3DDiff (GPS nav),264686.3,93.6,194,-13,-46,-0.39,191.7,13,26,11,1162,959,138,77.7,83,-1.53,-11.18,0.007,0.767,-0.215,-0.305,169,900,,,29.70,123.000,121.500,116.200,GPS1,SUSP,RW35,1.4,149,360,0.699,+1.00,350,VISUAL,,,,,,,,,,,,,,,,,-10.8,39.3,4152,1200,14.4,345,020007FF N100 N100 *,480017FF N100 N100,1.5,0.6,154,137,,1200,ALT,17.8,3770,43,190,13,3.0,5.4,15,178,201,13.3,5,1295,1260,,
2026-07-21,18:31:27,01:31:27,-07:00,+33.6350802,-116.1704645,1097,3DDiff (GPS nav),264687.3,93.1,194,-11,-46,-2.36,190.7,13,26,11,1162,958,22,78.3,83,-2.64,-9.44,0.044,0.971,-0.229,-0.356,169,900,,,29.70,123.000,121.500,116.200,GPS1,SUSP,RW35,1.4,149,360,0.707,+1.00,350,VISUAL,,,,,,,,,,,,,,,,,-10.8,39.3,4148,1200,14.6,344,040007FF N100 N100 *,480017FF N100 N100,1.5,0.7,48,67,,1200,ALT,16.3,3590,42,190,13,3.1,5.4,15,181,201,13.3,5,1290,1255,,
2026-07-21,18:31:28,01:31:28,-07:00,+33.6346570,-116.1705743,1088,3DDiff (GPS nav),264688.3,92.6,192,-10,-47,-2.55,188.9,13,26,11,1156,955,-68,78.9,84,-3.20,-8.11,-0.002,0.944,-0.244,-0.356,169,900,,,29.70,123.000,121.500,116.200,GPS1,SUSP,RW35,1.3,148,360,0.711,+1.00,350,VISUAL,,,,,,,,,,,,,,,,,-10.8,39.3,4142,1200,14.7,343,040007FF N100 N100 *,480017FF N99 N100,1.7,1.0,62,96,,1200,ALT,15.4,3570,41,190,13,3.0,5.4,15,186,201,13.3,5,1280,1250,,
2026-07-21,18:31:29,01:31:29,-07:00,+33.6342371,-116.1706659,1078,3DDiff (GPS nav),264689.3,92.4,190,-8,-47,-3.68,187.1,13,26,11,1149,950,-172,78.4,83,-2.91,-10.39,0.026,1.054,-0.250,-0.320,169,900,,,29.70,123.000,121.500,116.200,GPS1,SUSP,RW35,1.3,147,360,0.715,+1.00,350,VISUAL,,,,,,,,,,,,,,,,,-10.8,39.3,4135,1200,14.8,342,040007FF N100 N100 *,480017FF N98 N100,1.6,1.2,209,212,,1200,ALT,14.9,3520,41,190,13,2.8,5.5,15,188,201,13.3,5,1270,1250,,
2026-07-21,18:31:30,01:31:30,-07:00,+33.6338138,-116.1707423,1067,3DDiff (GPS nav),264690.3,92.3,188,-7,-47,-3.35,184.1,13,30,11,1139,942,-298,77.5,82,-2.65,-8.02,0.011,1.083,-0.252,-0.258,169,900,,,29.70,123.000,121.500,116.200,GPS1,SUSP,RW35,1.3,146,360,0.719,+1.00,350,VISUAL,,,,,,,,,,,,,,,,,-10.8,39.3,4125,1200,14.9,341,020007FF N100 N100 *,480017FF N98 N100,1.6,1.2,45,94,,1200,ALT,14.7,3440,40,190,13,2.6,5.6,15,188,201,13.3,5,1260,1245,,
2026-07-21,18:31:31,01:31:31,-07:00,+33.6333900,-116.1707996,1057,3DDiff (GPS nav),264691.3,92.1,186,-5,-47,-2.12,182.9,13,30,11,1130,933,-401,76.2,81,-1.88,-8.26,-0.015,0.946,-0.244,-0.162,169,900,,,29.70,123.000,121.500,116.200,GPS1,SUSP,RW35,1.3,146,360,0.723,+1.00,350,VISUAL,,,,,,,,,,,,,,,,,-10.8,39.2,4114,1200,15.0,339,040007FF N100 N100 *,480017FF N100 N100,1.4,1.1,88,89,,1200,ALT,14.3,3270,40,190,13,2.4,5.6,15,182,200,13.3,5,1250,1245,,
2026-07-21,18:31:32,01:31:32,-07:00,+33.6329694,-116.1708399,1048,3DDiff (GPS nav),264692.3,91.7,185,-3,-47,-2.34,182.0,13,26,11,1124,926,-449,74.9,80,-2.54,-6.24,0.039,0.917,-0.229,-0.179,169,900,,,29.70,123.000,121.500,116.200,GPS1,SUSP,RW35,1.3,145,360,0.727,+1.00,350,VISUAL,,,,,,,,,,,,,,,,,-10.8,39.2,4103,1200,15.1,338,040007FF N100 N100 *,480017FF N100 N100,1.2,0.8,93,70,,1200,ALT,14.0,3180,39,190,13,2.3,5.6,15,181,200,13.3,4,1240,1245,,
2026-07-21,18:31:33,01:31:33,-07:00,+33.6325435,-116.1708720,1039,3DDiff (GPS nav),264693.3,91.2,183,-3,-47,-2.76,180.3,13,26,11,1117,918,-453,73.6,78,-1.44,-3.10,-0.003,1.036,-0.218,-0.246,169,900,,,29.70,123.000,121.500,116.200,GPS1,SUSP,RW35,1.2,144,360,0.727,+1.00,350,VISUAL,,,,,,,,,,,,,,,,,-10.8,39.2,4094,1200,15.2,338,040007FF N100 N100 *,480017FF N100 N100,1.0,0.9,86,67,,1200,ALT,13.9,3150,42,190,13,2.5,5.6,15,184,200,13.3,4,1230,1245,,
2026-07-21,18:31:34,01:31:34,-07:00,+33.6321246,-116.1708948,1031,3DDiff (GPS nav),264694.3,90.7,182,-2,-47,-2.16,178.8,13,26,11,1112,912,-422,72.4,77,-2.21,-3.35,-0.028,0.952,-0.204,-0.131,169,900,,,29.70,123.000,121.500,116.200,GPS1,SUSP,RW35,1.2,143,360,0.727,+1.00,350,VISUAL,,,,,,,,,,,,,,,,,-10.8,39.2,4087,1200,15.3,337,040007FF N100 N100 *,480017FF N100 N100,1.0,0.7,84,57,,1200,ALT,13.9,3100,47,190,13,2.5,5.6,15,183,200,13.3,3,1220,1245,,
2026-07-21,18:31:35,01:31:35,-07:00,+33.6317089,-116.1709102,1023,3DDiff (GPS nav),264695.3,90.3,181,-1,-46,-2.39,177.2,13,26,11,1106,906,-396,71.2,76,-1.41,-5.49,0.006,1.099,-0.190,-0.146,169,900,,,29.70,123.000,121.500,116.200,GPS1,SUSP,RW35,1.2,143,360,0.730,+1.00,350,VISUAL,,,,,,,,,,,,,,,,,-10.8,39.2,4079,1100,15.4,336,040007FF N100 N100 *,480017FF N100 N100,1.1,0.6,65,71,,1200,ALT,13.4,2920,50,190,13,2.4,5.7,15,181,200,13.3,3,1210,1245,,
2026-07-21,18:31:36,01:31:36,-07:00,+33.6312904,-116.1709143,1016,3DDiff (GPS nav),264696.3,89.9,181,0,-46,-1.88,177.0,13,26,12,1100,901,-369,70.1,74,-1.40,-6.21,-0.007,1.009,-0.172,-0.050,169,900,,,29.70,123.000,121.500,116.200,GPS1,SUSP,RW35,1.2,142,360,0.730,+1.00,350,VISUAL,,,,,,,,,,,,,,,,,-10.8,39.2,4072,1100,15.5,336,040007FF N100 N100 *,480017FF N100 N100,1.0,0.4,65,50,,1200,ALT,12.9,2890,53,190,13,2.2,5.7,15,177,199,13.3,2,1205,1240,,
2026-07-21,18:31:37,01:31:37,-07:00,+33.6308742,-116.1709078,1011,3DDiff (GPS nav),264697.3,89.4,179,1,-46,-2.21,175.9,13,26,12,1094,895,-363,69.4,74,-1.10,-6.07,0.054,1.059,-0.156,-0.107,169,900,,,29.70,123.000,121.500,116.200,GPS1,SUSP,RW35,1.2,141,360,0.727,+1.00,350,VISUAL,,,,,,,,,,,,,,,,,-10.8,39.2,4063,1100,15.6,335,040007FF N100 N100 *,480017FF N100 N100,0.9,0.5,88,94,,1200,ALT,12.5,2790,54,190,13,2.2,5.7,15,170,199,13.3,2,1195,1235,,
2026-07-21,18:31:38,01:31:38,-07:00,+33.6304664,-116.1708925,1005,3DDiff (GPS nav),264698.3,88.7,178,2,-45,-2.41,173.8,13,26,12,1089,889,-358,68.4,73,-1.69,-4.35,0.042,1.046,-0.145,-0.118,169,900,,,29.70,123.000,121.500,116.200,GPS1,SUSP,RW35,1.1,140,360,0.727,+1.00,350,VISUAL,,,,,,,,,,,,,,,,,-10.8,39.2,4056,1100,15.7,335,040007FF N100 N100 *,480017FF N100 N100,1.0,0.6,66,159,,1200,ALT,11.6,2660,57,190,13,2.1,5.7,15,161,199,13.3,1,1185,1220,,
2026-07-21,18:31:39,01:31:39,-07:00,+33.6300587,-116.1708658,999,3DDiff (GPS nav),264699.3,88.2,176,3,-45,-1.82,171.9,13,26,12,1083,883,-344,68.1,72,-1.60,-7.00,0.004,0.920,-0.134,-0.021,169,900,,,29.70,123.000,121.500,116.200,GPS1,SUSP,RW35,1.1,140,360,0.727,+1.00,350,VISUAL,,,,,,,,,,,,,,,,,-10.8,39.2,4050,1100,15.9,335,020007FF N100 N100 *,480017FF N100 N100,1.0,0.6,74,68,,1200,ALT,11.0,2660,60,190,13,1.9,5.7,15,165,199,13.3,0,1175,1200,,
2026-07-21,18:31:40,01:31:40,-07:00,+33.6296531,-116.1708299,991,3DDiff (GPS nav),264700.3,87.8,175,4,-45,-2.32,170.3,13,26,12,1079,878,-327,67.3,71,-0.51,-3.58,0.057,1.106,-0.121,-0.040,169,900,,,29.70,123.000,121.500,116.200,GPS1,SUSP,RW35,1.1,139,360,0.727,+1.00,350,VISUAL,,,,,,,,,,,,,,,,,-10.8,39.2,4044,1100,16.0,334,040007FF N100 N100 *,480017FF N100 N100,1.1,0.9,69,155,,1200,ALT,10.7,2620,61,190,13,1.8,5.7,15,173,199,13.3,0,1165,1190,,
2026-07-21,18:31:41,01:31:41,-07:00,+33.6292505,-116.1707877,985,3DDiff (GPS nav),264701.3,87.2,173,4,-45,-2.26,166.4,13,26,12,1073,873,-319,66.5,71,-0.17,-0.30,-0.024,1.074,-0.107,+0.033,169,900,,,29.70,123.000,121.500,116.200,GPS1,SUSP,RW35,1.1,138,360,0.723,+1.00,350,VISUAL,,,,,,,,,,,,,,,,,-10.8,39.2,4037,1100,16.2,334,040007FF N100 N100 *,480017FF N100 N100,1.2,0.9,62,89,,1200,ALT,10.6,2580,62,189,13,1.8,5.7,15,180,199,13.3,0,1155,1180,,
2026-07-21,18:31:42,01:31:42,-07:00,+33.6288515,-116.1707402,978,3DDiff (GPS nav),264702.3,86.6,174,4,-44,-2.41,167.1,13,26,12,1067,867,-322,65.3,69,-0.20,-1.66,-0.037,0.993,-0.088,+0.107,169,900,,,29.70,123.000,121.500,116.200,GPS1,SUSP,RW35,1.1,137,360,0.719,+1.00,350,VISUAL,,,,,,,,,,,,,,,,,-10.8,39.2,4030,1100,16.3,334,040007FF N100 N100 *,480017FF N100 N100,1.2,0.6,87,228,,1200,ALT,10.6,2630,62,189,13,1.7,5.7,15,184,199,13.3,0,1150,1170,,
2026-07-21,18:31:43,01:31:43,-07:00,+33.6284559,-116.1706900,969,3DDiff (GPS nav),264703.3,85.9,175,5,-44,-2.17,169.0,13,26,12,1060,861,-341,64.9,69,-1.99,-0.50,0.004,1.010,-0.073,+0.070,169,900,,,29.70,123.000,121.500,116.200,GPS1,SUSP,RW35,1.0,137,360,0.719,+1.00,350,VISUAL,,,,,,,,,,,,,,,,,-10.8,39.2,4023,1100,16.5,334,040007FF N100 N100 *,420017FF N100 N100,1.3,0.5,84,150,,1200,ALT,11.5,2770,61,189,13,1.8,5.7,15,184,198,13.3,0,1140,1160,,
2026-07-21,18:31:44,01:31:44,-07:00,+33.6280597,-116.1706403,961,3DDiff (GPS nav),264704.3,85.9,175,5,-44,-2.28,168.6,13,26,12,1054,855,-357,64.3,68,-0.69,-1.02,0.031,1.066,-0.054,+0.134,169,900,,,29.70,123.000,121.500,116.200,GPS1,SUSP,RW35,1.0,136,360,0.715,+1.00,350,VISUAL,,,,,,,,,,,,,,,,,-10.8,39.2,4016,1100,16.6,335,040007FF N100 N100 *,480017FF N100 N100,1.2,0.5,66,99,,1200,ALT,12.4,2710,59,189,13,2.0,5.7,15,178,198,13.3,0,1130,1150,,
2026-07-21,18:31:45,01:31:45,-07:00,+33.6276640,-116.1705919,954,3DDiff (GPS nav),264705.3,85.7,174,5,-44,-1.90,167.9,13,26,12,1047,848,-378,63.6,67,0.02,-0.98,0.034,1.042,-0.037,+0.155,169,900,,,29.70,123.000,121.500,116.200,GPS1,SUSP,RW35,1.0,135,360,0.715,+1.00,350,VISUAL,,,,,,,,,,,,,,,,,-10.8,39.2,4007,1100,16.7,335,040007FF N100 N100 *,480017FF N99 N100,1.1,0.7,63,40,,1200,ALT,12.7,2670,59,189,13,2.1,5.7,15,175,198,13.3,0,1120,1145,,
2026-07-21,18:31:46,01:31:46,-07:00,+33.6272713,-116.1705402,948,3DDiff (GPS nav),264706.3,85.3,174,5,-44,-1.24,167.3,13,26,12,1043,842,-375,62.9,67,1.33,-2.27,-0.007,1.121,-0.019,+0.216,169,900,,,29.70,123.000,121.500,116.200,GPS1,SUSP,RW35,1.0,134,360,0.711,+1.00,350,VISUAL,,,,,,,,,,,,,,,,,-10.8,39.2,4000,1100,16.9,335,040007FF N100 N100 *,480017FF N99 N100,1.2,0.7,132,115,,1200,ALT,13.0,2730,59,189,13,2.0,5.6,15,167,198,13.3,0,1115,1135,,
2026-07-21,18:31:47,01:31:47,-07:00,+33.6268802,-116.1704854,947,3DDiff (GPS nav),264707.3,85.0,175,5,-43,-0.39,169.5,13,26,12,1040,838,-328,62.1,66,0.62,1.43,-0.040,1.070,+0.006,+0.316,169,900,,,29.70,123.000,121.500,116.200,GPS1,SUSP,RW35,1.0,133,360,0.707,+1.00,350,VISUAL,,,,,,,,,,,,,,,,,-10.8,39.2,3995,1100,17.0,335,020007FF N100 N100 *,420017FF N100 N100,1.1,0.5,111,113,,1200,ALT,13.5,2740,59,190,13,2.0,5.5,15,164,198,13.3,0,1110,1130,,
2026-07-21,18:31:48,01:31:48,-07:00,+33.6264896,-116.1704325,948,3DDiff (GPS nav),264708.3,84.1,176,5,-43,0.88,171.7,13,26,12,1035,834,-289,61.2,65,1.62,1.57,0.055,1.083,+0.024,+0.186,169,900,,,29.70,123.000,121.500,116.200,GPS1,SUSP,RW35,1.0,132,360,0.703,+1.00,350,VISUAL,,,,,,,,,,,,,,,,,-10.8,39.2,3990,1100,17.2,335,040007FF N100 N100 *,480017FF N100 N100,1.0,0.6,76,124,,1200,ALT,13.9,2760,59,190,13,2.2,5.5,15,165,198,13.3,0,1100,1125,,
2026-07-21,18:31:49,01:31:49,-07:00,+33.6261124,-116.1703883,953,3DDiff (GPS nav),264709.3,82.4,175,4,-42,1.49,171.4,13,26,12,1036,831,-242,59.6,63,1.55,2.47,0.038,0.949,+0.026,+0.026,169,900,,,29.70,123.000,121.500,116.200,GPS1,SUSP,RW35,0.9,131,360,0.703,+1.00,350,VISUAL,,,,,,,,,,,,,,,,,-10.8,39.2,3986,1100,17.4,335,020007FF N100 N100 *,480017FF N100 N100,0.8,0.5,88,149,,1200,ALT,14.0,2740,59,190,13,2.2,5.6,15,168,197,13.3,0,1095,1120,,
2026-07-21,18:31:50,01:31:50,-07:00,+33.6257404,-116.1703502,958,3DDiff (GPS nav),264710.3,80.6,175,3,-41,0.93,170.9,13,26,12,1040,832,-134,58.0,62,1.16,3.43,0.015,0.951,+0.011,-0.096,169,900,,,29.70,123.000,121.500,116.200,GPS1,SUSP,RW35,0.9,130,360,0.699,+1.00,350,VISUAL,,,,,,,,,,,,,,,,,-10.8,39.2,3989,1100,17.5,335,040007FF N100 N100 *,480017FF N100 N100,0.8,0.5,89,75,,1200,ALT,14.2,2700,59,190,13,2.2,5.7,15,172,197,13.3,0,1090,1120,,
2026-07-21,18:31:51,01:31:51,-07:00,+33.6253782,-116.1703163,961,3DDiff (GPS nav),264711.3,78.8,175,3,-40,0.62,170.5,13,26,12,1042,835,-9,57.6,61,1.75,2.45,0.006,0.967,-0.015,-0.116,169,900,,,29.70,123.000,121.500,116.200,GPS1,SUSP,RW35,0.9,130,360,0.699,+1.00,350,VISUAL,,,,,,,,,,,,,,,,,-10.8,39.2,3992,1100,17.7,335,040007FF N100 N100 *,480017FF N100 N100,0.9,0.5,67,72,,1200,ALT,14.3,2700,58,190,13,2.3,5.7,15,173,197,13.3,0,1085,1120,,
2026-07-21,18:31:52,01:31:52,-07:00,+33.6250247,-116.1702871,964,3DDiff (GPS nav),264712.3,77.0,176,3,-39,1.20,170.5,13,26,12,1044,837,70,57.1,61,1.93,0.86,-0.044,1.064,-0.038,+0.016,169,900,,,29.70,123.000,121.500,116.200,GPS1,SUSP,RW35,0.9,128,360,0.699,+1.00,350,VISUAL,,,,,,,,,,,,,,,,,-10.8,39.2,3994,1100,17.9,335,040007FF N100 N100 *,480017FF N100 N100,0.9,0.5,71,60,,1200,ALT,14.4,2690,58,190,13,2.3,5.6,15,169,197,13.3,0,1080,1120,,
2026-07-21,18:31:53,01:31:53,-07:00,+33.6246789,-116.1702573,969,3DDiff (GPS nav),264713.3,74.7,177,3,-38,1.74,171.6,13,26,12,1047,839,111,55.6,59,2.72,-0.17,-0.048,1.035,-0.056,-0.029,169,900,,,29.70,123.000,121.500,116.200,GPS1,SUSP,RW35,0.9,128,360,0.695,+1.00,350,VISUAL,,,,,,,,,,,,,,,,,-10.8,39.2,3998,1100,18.1,335,040007FF N100 N100 *,480017FF N99 N100,0.6,0.6,57,80,,1200,ALT,14.5,2670,58,190,13,2.2,5.6,15,172,197,13.3,0,1080,1120,,
2026-07-21,18:31:54,01:31:54,-07:00,+33.6243478,-116.1702263,974,3DDiff (GPS nav),264714.3,72.2,177,3,-36,0.59,172.3,13,26,12,1055,844,169,53.3,57,2.89,1.17,0.039,0.869,-0.072,-0.089,169,900,,,29.70,123.000,121.500,116.200,GPS1,SUSP,RW35,0.9,127,360,0.695,+1.00,350,VISUAL,,,,,,,,,,,,,,,,,-10.8,39.2,4005,1100,18.2,335,040007FF N100 N100 *,420017FF N99 N100,0.5,0.8,183,202,,1200,ALT,14.4,2420,58,190,13,2.2,5.7,15,173,197,13.3,0,1075,1125,,
2026-07-21,18:31:55,01:31:55,-07:00,+33.6240275,-116.1701977,973,3DDiff (GPS nav),264715.3,69.6,176,2,-35,-0.15,170.9,13,26,12,1063,851,266,51.6,55,0.92,3.82,-0.036,0.854,-0.084,+0.057,169,900,,,29.70,123.000,121.500,116.200,GPS1,SUSP,RW35,0.9,126,360,0.695,+1.00,350,VISUAL,,,,,,,,,,,,,,,,,-10.8,39.3,4015,1100,18.4,335,020007FF N100 N100 *,480017FF N98 N100,0.8,0.7,77,195,,1200,ALT,13.4,2030,59,190,13,1.9,5.7,15,175,197,13.3,-1,1070,1125,,
2026-07-21,18:31:56,01:31:56,-07:00,+33.6237164,-116.1701735,967,3DDiff (GPS nav),264716.3,67.7,176,2,-34,-2.24,170.3,13,26,12,1063,855,296,50.0,53,-2.34,2.66,-0.046,0.879,-0.069,+0.267,169,900,,,29.70,123.000,121.500,116.200,GPS1,SUSP,RW35,0.8,125,360,0.691,+1.00,350,VISUAL,,,,,,,,,,,,,,,,,-10.8,39.3,4023,1100,18.5,335,020007FF N100 N100 *,480017FF N98 N100,0.7,0.5,55,78,,1200,ALT,12.4,2000,59,191,13,1.3,5.8,15,176,197,13.3,-2,1065,1120,,
2026-07-21,18:31:57,01:31:57,-07:00,+33.6234070,-116.1701531,957,3DDiff (GPS nav),264717.3,66.9,177,2,-34,-3.05,172.0,13,26,12,1058,855,202,49.6,52,-2.86,0.59,-0.017,0.959,-0.043,+0.319,169,900,,,29.70,123.000,121.500,116.200,GPS1,SUSP,RW35,0.8,124,360,0.691,+1.00,350,VISUAL,,,,,,,,,,,,,,,,,-10.8,39.3,4023,1100,18.5,335,040007FF N100 N100 *,480017FF N97 N100,1.0,0.3,99,71,,1200,ALT,12.0,1970,59,191,13,1.1,5.8,15,177,197,13.3,-3,1060,1110,,
2026-07-21,18:31:58,01:31:58,-07:00,+33.6230938,-116.1701313,947,3DDiff (GPS nav),264718.3,67.1,177,2,-34,-3.31,172.4,13,26,12,1049,850,15,49.2,52,-3.12,-2.17,-0.004,0.936,+0.005,+0.422,169,900,,,29.70,123.000,121.500,116.200,GPS1,SUSP,RW35,0.8,122,360,0.691,+1.00,350,VISUAL,,,,,,,,,,,,,,,,,-10.8,39.3,4017,1100,18.5,335,040007FF N100 N100 *,480017FF N96 N100,0.8,0.3,44,47,,1200,ALT,11.8,2010,59,191,13,1.6,5.8,15,178,197,13.3,-4,1050,1105,,
2026-07-21,18:31:59,01:31:59,-07:00,+33.6227855,-116.1701067,935,3DDiff (GPS nav),264719.3,67.2,177,2,-35,-3.76,172.3,13,26,12,1038,842,-198,48.3,51,-2.23,-0.41,-0.024,0.972,+0.055,+0.407,169,900,,,29.70,123.000,121.500,116.200,GPS1,SUSP,RW35,0.8,121,360,0.688,+1.00,350,VISUAL,,,,,,,,,,,,,,,,,-10.8,39.3,4006,1100,18.6,335,040007FF N100 N100 *,480017FF N96 N100,0.8,0.7,43,56,,1200,ALT,11.6,2010,59,191,13,1.3,5.8,15,178,197,13.3,-4,1045,1095,,
2026-07-21,18:32:00,01:32:00,-07:00,+33.6224737,-116.1700795,922,3DDiff (GPS nav),264720.3,67.3,176,3,-35,-3.80,170.8,13,26,12,1027,832,-388,48.2,51,-2.13,0.45,-0.036,1.042,+0.103,+0.415,169,900,,,29.70,123.000,121.500,116.200,GPS1,SUSP,RW35,0.8,120,360,0.688,+1.00,350,VISUAL,,,,,,,,,,,,,,,,,-10.8,39.3,3993,1000,18.6,336,040007FF N100 N100 *,480017FF N96 N100,1.0,0.7,53,37,,1200,ALT,11.5,2030,59,191,13,1.3,5.8,15,179,197,13.3,-4,1040,1090,,
2026-07-21,18:32:01,01:32:01,-07:00,+33.6221622,-116.1700521,911,3DDiff (GPS nav),264721.3,67.5,175,3,-35,-3.59,169.9,13,26,12,1016,821,-519,48.2,51,-1.89,0.58,-0.018,1.039,+0.148,+0.437,169,900,,,29.70,123.000,121.500,116.200,GPS1,SUSP,RW35,0.8,119,360,0.688,+1.00,350,VISUAL,,,,,,,,,,,,,,,,,-10.8,39.3,3979,1000,18.5,336,040007FF N100 N100 *,480017FF N95 N100,0.9,0.7,46,27,,1200,ALT,11.4,2030,59,191,13,1.5,5.8,15,179,197,13.3,-4,1035,1085,,
2026-07-21,18:32:02,01:32:02,-07:00,+33.6218494,-116.1700251,900,3DDiff (GPS nav),264722.3,67.7,175,3,-35,-3.34,169.5,13,26,12,1006,811,-589,48.1,51,-1.60,2.32,-0.003,1.034,+0.189,+0.452,169,900,,,29.70,123.000,121.500,116.200,GPS1,SUSP,RW35,0.8,118,360,0.684,+1.00,350,VISUAL,,,,,,,,,,,,,,,,,-10.8,39.2,3965,1000,18.5,336,040007FF N100 N100 *,480017FF N99 N100,0.9,0.9,48,35,,1200,ALT,11.4,2020,59,191,13,1.4,5.8,15,179,197,13.3,-4,1030,1080,,
2026-07-21,18:32:03,01:32:03,-07:00,+33.6215360,-116.1699958,890,3DDiff (GPS nav),264723.3,67.9,175,3,-35,-3.08,169.0,13,26,12,996,800,-617,47.9,51,-1.84,3.26,-0.023,1.003,+0.223,+0.456,169,900,,,29.70,123.000,121.500,116.200,GPS1,SUSP,RW35,0.8,117,360,0.684,+1.00,350,VISUAL,,,,,,,,,,,,,,,,,-10.8,39.2,3951,1000,18.5,336,040007FF N100 N100 *,480017FF N100 N100,1.1,0.8,39,52,,1200,ALT,11.4,2040,60,191,13,1.1,5.8,15,179,197,13.3,-4,1025,1075,,
2026-07-21,18:32:04,01:32:04,-07:00,+33.6212220,-116.1699689,880,3DDiff (GPS nav),264724.3,67.9,177,2,-35,-3.16,170.7,13,26,12,986,791,-613,47.8,51,-2.32,6.00,-0.048,0.980,+0.249,+0.454,169,900,,,29.70,123.000,121.500,116.200,GPS1,SUSP,RW35,0.8,116,360,0.684,+1.00,350,VISUAL,,,,,,,,,,,,,,,,,-10.8,39.2,3938,1000,18.5,337,040007FF N100 N100 *,480017FF N100 N100,1.1,0.7,38,32,,1200,ALT,11.4,2020,60,191,13,0.9,5.8,15,179,197,13.3,-4,1025,1070,,
2026-07-21,18:32:05,01:32:05,-07:00,+33.6209050,-116.1699472,869,3DDiff (GPS nav),264725.3,68.1,178,2,-35,-2.97,173.7,13,26,12,977,781,-597,48.0,51,-2.15,2.69,-0.033,1.031,+0.267,+0.451,169,900,,,29.70,123.000,121.500,116.200,GPS1,SUSP,RW35,0.7,114,360,0.680,+1.00,350,VISUAL,,,,,,,,,,,,,,,,,-10.8,39.2,3925,1000,18.5,337,040007FF N100 N100 *,480017FF N100 N100,1.0,0.3,49,61,,1200,ALT,11.4,2030,60,191,13,1.0,5.8,15,178,197,13.3,-4,1020,1065,,
2026-07-21,18:32:06,01:32:06,-07:00,+33.6205905,-116.1699296,860,3DDiff (GPS nav),264726.3,68.2,179,2,-35,-2.76,176.5,13,26,12,967,772,-585,48.3,51,-1.78,1.75,-0.019,1.071,+0.277,+0.437,169,900,,,29.70,123.000,121.500,116.200,GPS1,SUSP,RW35,0.7,113,360,0.680,+1.00,350,VISUAL,,,,,,,,,,,,,,,,,-10.8,39.2,3912,1000,18.4,337,040007FF N100 N100 *,480017FF N100 N100,0.9,0.4,55,51,,1200,ALT,11.3,2070,60,191,13,0.8,5.8,15,178,197,13.3,-4,1020,1060,,
2026-07-21,18:32:07,01:32:07,-07:00,+33.6202739,-116.1699142,851,3DDiff (GPS nav),264727.3,68.2,179,1,-35,-2.70,177.9,13,26,12,958,762,-577,48.5,51,-2.55,1.04,-0.003,0.949,+0.278,+0.416,169,900,,,29.70,123.000,121.500,116.200,GPS1,SUSP,RW35,0.7,112,360,0.680,+1.00,350,VISUAL,,,,,,,,,,,,,,,,,-10.8,39.2,3899,1000,18.4,337,040007FF N100 N100 *,480017FF N100 N100,0.8,0.5,52,58,,1200,ALT,11.3,2060,60,191,13,0.7,5.8,15,178,197,13.3,-4,1015,1055,,
2026-07-21,18:32:08,01:32:08,-07:00,+33.6199584,-116.1699011,840,3DDiff (GPS nav),264728.3,68.0,179,1,-35,-2.98,178.6,13,26,12,949,753,-563,48.6,52,-3.29,1.98,0.001,0.988,+0.264,+0.380,169,900,,,29.70,123.000,121.500,116.200,GPS1,SUSP,RW35,0.7,110,360,0.680,+1.00,350,VISUAL,,,,,,,,,,,,,,,,,-10.8,39.2,3887,1000,18.4,337,040007FF N100 N100 *,480017FF N100 N100,0.9,0.4,52,50,,1200,ALT,11.3,2050,60,191,13,0.7,5.8,15,180,197,13.3,-4,1015,1050,,
2026-07-21,18:32:09,01:32:09,-07:00,+33.6196435,-116.1698947,830,3DDiff (GPS nav),264729.3,67.8,179,0,-35,-3.55,178.1,13,26,12,941,744,-549,49.4,52,-3.38,0.54,0.009,0.996,+0.247,+0.375,169,900,,,29.70,123.000,121.500,116.200,GPS1,SUSP,RW35,0.7,109,360,0.680,+1.00,350,VISUAL,,,,,,,,,,,,,,,,,-10.8,39.2,3875,900,18.4,337,040007FF N100 N100 *,480017FF N100 N100,0.7,0.5,48,39,,1200,ALT,11.3,2050,61,191,13,0.6,5.8,15,180,197,13.3,-4,1010,1045,,
2026-07-21,18:32:10,01:32:10,-07:00,+33.6193292,-116.1698913,818,3DDiff (GPS nav),264730.3,67.8,179,0,-35,-3.56,177.6,13,26,12,931,735,-546,50.1,53,-3.01,0.46,-0.003,1.028,+0.223,+0.363,169,900,,,29.70,123.000,121.500,116.200,GPS1,SUSP,RW35,0.7,107,360,0.680,+1.00,350,VISUAL,,,,,,,,,,,,,,,,,-10.8,39.1,3862,900,18.4,336,040007FF N100 N100 *,480017FF N100 N100,0.9,0.4,61,43,,1200,ALT,11.3,2040,61,191,13,0.6,5.8,15,180,197,13.3,-4,1010,1045,,
2026-07-21,18:32:11,01:32:11,-07:00,+33.6190120,-116.1698892,807,3DDiff (GPS nav),264731.3,68.0,179,0,-35,-3.64,176.3,13,26,12,920,725,-562,50.2,53,-4.07,0.05,-0.009,0.972,+0.208,+0.404,169,900,,,29.70,123.000,121.500,116.200,GPS1,SUSP,RW35,0.7,106,360,0.680,+1.00,350,VISUAL,,,,,,,,,,,,,,,,,-10.8,39.1,3849,900,18.4,336,040007FF N100 N100 *,480017FF N100 N100,0.9,0.5,43,34,,1200,ALT,11.3,2050,61,191,13,0.8,5.9,15,181,198,13.3,-4,1005,1040,,
2026-07-21,18:32:12,01:32:12,-07:00,+33.6186966,-116.1698868,795,3DDiff (GPS nav),264732.3,68.3,179,0,-35,-3.34,175.4,13,26,12,909,714,-595,50.3,53,-3.16,-0.80,-0.018,1.072,+0.197,+0.404,169,900,,,29.70,123.000,121.500,116.200,GPS1,SUSP,RW35,0.7,105,360,0.680,+1.00,350,VISUAL,,,,,,,,,,,,,,,,,-10.8,39.1,3835,900,18.5,335,040007FF N100 N100 *,480017FF N100 N100,0.8,0.5,51,56,,1200,ALT,11.3,2060,61,191,13,0.8,5.9,15,181,198,13.3,-4,1005,1035,,
2026-07-21,18:32:13,01:32:13,-07:00,+33.6183790,-116.1698822,786,3DDiff (GPS nav),264733.3,68.7,179,1,-35,-2.92,175.6,13,26,12,898,703,-622,50.6,54,-2.89,-2.59,0.009,1.092,+0.194,+0.405,169,900,,,29.70,123.000,121.500,116.200,GPS1,SUSP,RW35,0.7,103,360,0.676,+1.00,350,VISUAL,,,,,,,,,,,,,,,,,-10.8,39.1,3821,900,18.5,335,040007FF N100 N100 *,480017FF N100 N100,0.8,0.5,53,34,,1200,ALT,11.2,2080,61,191,13,1.3,5.9,15,181,198,13.3,-4,1000,1035,,
2026-07-21,18:32:14,01:32:14,-07:00,+33.6180591,-116.1698751,778,3DDiff (GPS nav),264734.3,68.8,179,1,-35,-2.48,175.5,13,26,12,889,693,-627,50.8,54,-2.29,-1.93,0.005,1.003,+0.191,+0.387,169,900,,,29.70,123.000,121.500,116.200,GPS1,SUSP,RW35,0.7,101,360,0.676,+1.00,350,VISUAL,,,,,,,,,,,,,,,,,-10.8,39.1,3807,900,18.4,335,040007FF N100 N100 *,420017FF N100 N100,0.7,0.6,45,53,,1200,ALT,11.1,2100,61,191,13,1.4,5.9,15,182,198,13.3,-4,1000,1030,,
2026-07-21,18:32:15,01:32:15,-07:00,+33.6177406,-116.1698630,769,3DDiff (GPS nav),264735.3,68.5,178,1,-35,-2.65,174.4,13,26,12,881,684,-599,50.7,54,-2.35,-0.14,-0.000,0.987,+0.185,+0.372,169,900,,,29.70,123.000,121.500,116.200,GPS1,SUSP,RW35,0.7,100,360,0.676,+1.00,350,VISUAL,,,,,,,,,,,,,,,,,-10.8,39.1,3796,900,18.4,335,040007FF N100 N100 *,480017FF N100 N100,0.5,0.7,47,30,,1200,ALT,11.1,2080,62,191,13,1.1,5.9,15,182,198,13.3,-4,1000,1030,,
2026-07-21,18:32:16,01:32:16,-07:00,+33.6174249,-116.1698493,761,3DDiff (GPS nav),264736.3,68.3,177,1,-35,-2.51,172.7,13,26,12,875,677,-544,50.5,53,-2.99,0.46,0.013,0.961,+0.180,+0.384,169,900,,,29.70,123.000,121.500,116.200,GPS1,SUSP,RW35,0.7,98,360,0.676,+1.00,350,VISUAL,,,,,,,,,,,,,,,,,-10.8,39.1,3786,900,18.4,335,040007FF N100 N100 *,480017FF N100 N100,0.7,0.6,49,58,,1200,ALT,11.1,2060,62,191,13,1.6,5.9,15,182,198,13.3,-4,1000,1025,,
2026-07-21,18:32:17,01:32:17,-07:00,+33.6171117,-116.1698345,752,3DDiff (GPS nav),264737.3,68.1,177,1,-35,-2.82,172.5,13,26,12,866,669,-500,50.6,54,-2.65,-0.93,-0.012,0.927,+0.174,+0.372,169,900,,,29.70,123.000,121.500,116.200,GPS1,SUSP,RW35,0.7,97,360,0.676,+1.00,350,VISUAL,,,,,,,,,,,,,,,,,-10.8,39.1,3777,900,18.3,335,040007FF N100 N100 *,480017FF N100 N100,0.6,0.5,43,33,,1200,ALT,11.1,2060,62,191,13,1.4,5.8,15,182,199,13.3,-4,995,1020,,
2026-07-21,18:32:18,01:32:18,-07:00,+33.6167958,-116.1698179,742,3DDiff (GPS nav),264738.3,67.9,178,2,-35,-2.98,172.3,13,26,12,858,661,-489,50.5,53,-2.28,1.90,-0.024,1.020,+0.168,+0.371,169,900,,,29.70,123.000,121.500,116.200,GPS1,SUSP,RW35,0.7,95,360,0.676,+1.00,350,VISUAL,,,,,,,,,,,,,,,,,-10.8,39.1,3767,900,18.3,335,040007FF N100 N100 *,480017FF N100 N100,0.7,0.8,44,73,,1200,ALT,11.2,2060,62,191,13,1.2,5.8,15,183,199,13.3,-4,995,1020,,
2026-07-21,18:32:19,01:32:19,-07:00,+33.6164833,-116.1698028,732,3DDiff (GPS nav),264739.3,67.7,177,1,-35,-3.15,170.7,13,26,12,849,652,-492,50.1,53,-2.73,3.67,-0.037,1.042,+0.167,+0.392,169,900,,,29.70,123.000,121.500,116.200,GPS1,SUSP,RW35,0.7,94,360,0.672,+1.00,350,VISUAL,,,,,,,,,,,,,,,,,-10.8,39.1,3756,800,18.2,335,040007FF N100 N100 *,480017FF N100 N100,0.7,0.8,43,57,,1200,ALT,11.2,2060,62,191,13,1.0,5.8,15,183,199,13.3,-4,995,1015,,
2026-07-21,18:32:20,01:32:20,-07:00,+33.6161672,-116.1697892,721,3DDiff (GPS nav),264740.3,67.7,177,1,-35,-3.05,170.5,13,26,12,841,644,-495,49.9,53,-3.32,1.88,-0.045,0.958,+0.171,+0.411,169,900,,,29.70,123.000,121.500,116.200,GPS1,SUSP,RW35,0.7,92,360,0.672,+1.00,350,VISUAL,,,,,,,,,,,,,,,,,-10.8,39.1,3746,800,18.2,336,040007FF N100 N100 *,480017FF N100 N100,0.6,0.6,34,41,,1200,ALT,11.2,2040,62,191,13,0.8,5.8,15,183,199,13.3,-4,990,1010,,
2026-07-21,18:32:21,01:32:21,-07:00,+33.6158536,-116.1697773,709,3DDiff (GPS nav),264741.3,67.7,178,1,-35,-4.20,171.4,13,26,12,832,635,-507,49.9,53,-3.17,-0.13,-0.023,0.894,+0.173,+0.375,169,900,,,29.70,123.000,121.500,116.200,GPS1,SUSP,RW35,0.7,90,360,0.672,+1.00,350,VISUAL,,,,,,,,,,,,,,,,,-10.8,39.1,3735,800,18.1,336,040007FF N100 N100 *,420017FF N100 N100,0.6,0.6,46,45,,1200,ALT,11.2,2050,62,191,13,0.8,5.8,15,183,199,13.3,-4,990,1010,,
2026-07-21,18:32:22,01:32:22,-07:00,+33.6155383,-116.1697648,693,3DDiff (GPS nav),264742.3,68.2,179,1,-35,-4.97,171.6,13,26,12,821,626,-525,50.5,54,-4.77,-0.05,-0.022,0.988,+0.177,+0.403,169,900,,,29.70,123.000,121.500,116.200,GPS1,SUSP,RW35,0.7,89,360,0.672,+1.00,350,VISUAL,,,,,,,,,,,,,,,,,-10.8,39.1,3724,800,18.0,337,040007FF N100 N100 *,480017FF N100 N100,0.7,0.8,54,44,,1200,ALT,11.2,2040,62,191,13,1.0,5.8,15,183,199,13.3,-4,990,1005,,
2026-07-21,18:32:23,01:32:23,-07:00,+33.6152138,-116.1697506,676,3DDiff (GPS nav),264743.3,69.4,178,1,-36,-5.24,171.0,13,26,12,805,614,-595,52.3,55,-6.89,-1.86,0.005,1.061,+0.185,+0.423,169,900,,,29.70,123.000,121.500,116.200,GPS1,,RW35,0.7,87,360,0.672,+1.00,356,VISUAL,,,,,,,,,,,,,,,,,-10.8,39.1,3708,800,17.9,337,040007FF N100 N100 *,480017FF N100 N100,0.6,0.7,59,83,,1200,ALT,11.2,2070,62,191,13,0.8,5.8,15,182,199,13.3,-4,985,1000,,
2026-07-21,18:32:24,01:32:24,-07:00,+33.6148828,-116.1697322,660,3DDiff (GPS nav),264744.3,71.3,178,2,-37,-5.06,171.7,13,26,12,786,598,-729,53.9,57,-7.16,-2.82,0.027,1.037,+0.190,+0.378,169,900,,,29.70,123.000,121.500,116.200,GPS1,,RW35,0.7,85,360,0.668,+1.00,359,VISUAL,,,,,,,,,,,,,,,,,-10.8,39.1,3688,800,17.8,338,040007FF N100 N100 *,480017FF N100 N100,0.5,0.8,45,56,,1200,ALT,11.2,2120,62,191,13,0.8,5.8,15,184,199,13.3,-4,985,1000,,
2026-07-21,18:32:25,01:32:25,-07:00,+33.6145438,-116.1697109,645,3DDiff (GPS nav),264745.3,73.1,178,2,-38,-4.79,172.1,13,26,12,770,581,-866,55.2,58,-6.46,-0.98,0.014,0.925,+0.182,+0.294,169,900,,,29.70,123.000,121.500,116.200,GPS1,,RW35,0.7,84,360,0.668,+1.00,365,VISUAL,,,,,,,,,,,,,,,,,-10.8,39.0,3666,800,17.7,338,040007FF N100 N100 *,480017FF N100 N100,0.6,0.8,56,52,,1200,ALT,11.0,2150,63,191,13,0.7,5.8,15,185,200,13.3,-4,985,1000,,
2026-07-21,18:32:26,01:32:26,-07:00,+33.6141992,-116.1696910,629,3DDiff (GPS nav),264746.3,74.3,177,2,-38,-5.10,171.1,13,26,12,756,565,-919,56.2,59,-6.88,-0.20,0.011,0.961,+0.162,+0.248,169,900,,,29.70,123.000,121.500,116.200,GPS1,,RW35,0.7,82,360,0.668,+1.00,368,VISUAL,,,,,,,,,,,,,,,,,-10.8,39.0,3645,800,17.5,338,040007FF N100 N100 *,480017FF N100 N100,0.8,0.5,130,115,,1200,ALT,10.9,2160,63,191,13,0.7,5.8,15,186,200,13.3,-4,980,1000,,
2026-07-21,18:32:27,01:32:27,-07:00,+33.6138501,-116.1696681,611,3DDiff (GPS nav),264747.3,75.2,177,2,-39,-5.02,171.4,13,26,12,741,551,-915,57.4,61,-5.12,-6.82,0.062,1.065,+0.141,+0.267,169,900,,,29.70,123.000,121.500,116.200,GPS1,,RW35,0.7,80,360,0.668,+1.00,374,VISUAL,,,,,,,,,,,,,,,,,-10.8,39.0,3626,800,17.4,338,020007FF N100 N100 *,480017FF N100 N100,0.6,0.5,65,59,,1200,ALT,10.7,2200,63,191,13,0.8,5.8,15,187,200,13.3,-3,980,1000,,
2026-07-21,18:32:28,01:32:28,-07:00,+33.6134979,-116.1696369,596,3DDiff (GPS nav),264748.3,76.0,176,3,-39,-4.46,169.8,13,26,12,725,535,-922,58.4,62,-4.23,-11.22,0.041,1.060,+0.119,+0.240,169,900,,,29.70,123.000 TX,121.500,116.200,GPS1,,RW35,0.7,78,360,0.664,+1.00,377,VISUAL,,,,,,,,,,,,,,,,,-10.8,39.0,3606,700,17.3,338,020007FF N100 N100 *,480017FF N100 N100,0.5,0.4,77,56,,1200,ALT,10.6,2240,63,191,13,0.8,5.8,15,187,200,13.3,-3,980,1000,,
2026-07-21,18:32:29,01:32:29,-07:00,+33.6131451,-116.1695908,583,3DDiff (GPS nav),264749.3,76.4,172,5,-39,-3.65,165.2,13,26,12,712,520,-917,59.4,63,-3.58,-11.08,0.021,0.962,+0.095,+0.186,169,900,,,29.70,123.000 TX,121.500 RX,116.200,GPS1,,RW35,0.7,77,360,0.664,+1.00,383,VISUAL,,,,,,,,,,,,,,,,,-10.8,39.0,3587,700,17.2,338,020007FF N100 N100 *,480017FF N100 N100,0.5,0.6,97,144,,1200,ALT,10.5,2250,63,191,13,0.9,5.8,15,187,200,13.3,-4,980,1000,,
2026-07-21,18:32:30,01:32:30,-07:00,+33.6127937,-116.1695255,571,3DDiff (GPS nav),264750.3,76.6,169,7,-39,-3.01,160.1,13,26,12,700,507,-871,59.8,63,-3.63,-16.72,0.062,1.062,+0.074,+0.198,169,900,,,29.70,123.000 TX,121.500 RX,116.200,GPS1,,RW35,0.7,75,360,0.660,+1.00,386,VISUAL,,,,,,,,,,,,,,,,,-10.8,39.0,3571,700,17.1,338,020007FF N100 N100 *,480017FF N99 N100,0.3,0.3,94,112,,1200,ALT,10.4,2280,63,191,13,0.9,5.8,15,187,200,13.2,-4,980,1000,,
2026-07-21,18:32:31,01:32:31,-07:00,+33.6124503,-116.1694327,560,3DDiff (GPS nav),264751.3,76.2,166,10,-38,-3.09,155.2,13,26,12,688,494,-827,60.7,64,-0.05,-18.61,0.045,1.151,+0.053,+0.106,169,900,,,29.70,123.000 TX,121.500 RX,116.200,GPS1,,RW35,0.7,73,360,0.656,+1.00,392,VISUAL,,,,,,,,,,,,,,,,,-10.8,39.0,3554,700,17.0,338,020007FF N100 N100 *,480017FF N99 N100,0.2,0.5,93,128,,1200,ALT,10.3,2310,63,191,13,1.0,5.8,15,187,200,13.2,-4,975,1000,,
2026-07-21,18:32:32,01:32:32,-07:00,+33.6121153,-116.1693053,551,3DDiff (GPS nav),264752.3,75.2,162,13,-36,-2.04,150.8,13,26,12,680,484,-752,60.3,64,2.09,-17.12,0.023,1.171,+0.038,+0.227,169,900,,,29.70,123.000 TX,121.500 RX,116.200,GPS1,,RW35,0.7,71,360,0.648,+1.00,395,VISUAL,,,,,,,,,,,,,,,,,-10.8,39.0,3543,700,16.8,338,020007FF N100 N100 *,420017FF N99 N100,0.4,0.6,85,134,,1200,ALT,10.2,2290,63,191,13,1.1,5.8,15,187,200,13.2,-5,975,1000,,
2026-07-21,18:32:33,01:32:33,-07:00,+33.6118023,-116.1691521,547,3DDiff (GPS nav),264753.3,73.8,157,15,-34,-1.00,146.0,13,26,12,675,476,-639,59.5,63,0.22,-15.38,-0.043,1.010,+0.039,+0.350,169,900,,,29.70,123.000,121.500,116.200,GPS1,,RW35,0.7,70,360,0.641,+1.00,398,VISUAL,,,,,,,,,,,,,,,,,-10.8,39.0,3536,700,16.7,339,020007FF N100 N100 *,420017FF N98 N100,0.4,0.4,92,172,,1200,ALT,10.2,2260,63,191,13,1.0,5.8,15,187,200,13.2,-4,975,1000,,
2026-07-21,18:32:34,01:32:34,-07:00,+33.6115006,-116.1689748,544,3DDiff (GPS nav),264754.3,72.3,153,17,-33,-0.84,141.4,13,26,12,672,471,-508,58.9,62,-0.31,-14.33,0.022,0.984,+0.045,+0.269,169,900,,,29.70,123.000,121.500,116.200,GPS1,,RW35,0.7,68,360,0.633,+1.00,403,VISUAL,,,,,,,,,,,,,,,,,-10.8,39.0,3531,700,16.5,339,020007FF N100 N100 *,480017FF N100 N100,0.3,0.4,93,88,,1200,ALT,10.2,2240,63,190,13,1.1,5.8,15,187,200,13.2,-4,975,1000,,
2026-07-21,18:32:35,01:32:35,-07:00,+33.6112176,-116.1687776,540,3DDiff (GPS nav),264755.3,71.2,149,19,-31,-1.38,136.4,13,26,12,669,467,-375,58.7,62,-1.43,-19.85,0.004,0.888,+0.051,+0.236,169,900,,,29.70,123.000,121.500,116.200,GPS1,,RW35,0.7,66,360,0.621,+1.00,406,VISUAL,,,,,,,,,,,,,,,,,-10.8,39.1,3529,700,16.3,338,020007FF N100 N100 *,480017FF N100 N100,0.0,0.2,69,70,,1200,ALT,10.3,2230,63,190,13,1.2,5.8,15,187,200,13.2,-3,975,1000,,
2026-07-21,18:32:36,01:32:36,-07:00,+33.6109638,-116.1685703,533,3DDiff (GPS nav),264756.3,70.0,144,21,-29,-2.68,130.9,13,26,12,665,464,-282,58.0,61,-0.93,-20.56,0.010,0.914,+0.047,+0.109,169,900,,,29.70,123.000,121.500,116.200,GPS1,,RW35,0.7,65,360,0.609,+1.00,409,VISUAL,,,,,,,,,,,,,,,,,-10.8,39.1,3528,700,16.1,338,020007FF N100 N100 *,420017FF N100 N100,0.0,0.4,67,91,,1200,ALT,10.4,2170,64,190,13,1.3,5.8,15,187,200,13.2,-3,970,995,,
2026-07-21,18:32:37,01:32:37,-07:00,+33.6107141,-116.1683336,521,3DDiff (GPS nav),264757.3,68.9,138,23,-27,-4.12,122.1,13,26,12,657,459,-267,56.9,60,-1.70,-22.78,0.044,0.885,+0.041,+0.160,169,900,,,29.70,123.000,121.500,116.200,GPS1,,RW35,0.7,63,360,0.598,+1.00,412,VISUAL,,,,,,,,,,,,,,,,,-10.8,39.1,3524,600,15.8,339,020007FF N100 N100 *,420017FF N100 N100,0.0,0.5,316,244,,1200,ALT,10.5,2150,64,190,13,1.3,5.8,15,187,200,13.2,-3,970,995,,
2026-07-21,18:32:38,01:32:38,-07:00,+33.6104872,-116.1680782,506,3DDiff (GPS nav),264758.3,67.6,133,25,-24,-5.19,114.6,13,26,12,646,451,-332,56.4,59,-3.03,-20.96,0.056,1.144,+0.036,+0.237,169,900,,,29.70,123.000,121.500,116.200,GPS1,,RW35,0.7,61,360,0.586,+1.00,415,VISUAL,,,,,,,,,,,,,,,,,-10.8,39.1,3518,600,15.5,339,020007FF N100 N100 *,480017FF N100 N100,0.2,0.3,75,168,,1200,ALT,10.7,2110,64,190,13,1.3,5.8,15,187,200,13.2,-3,970,995,,
2026-07-21,18:32:39,01:32:39,-07:00,+33.6102869,-116.1677973,490,3DDiff (GPS nav),264759.3,66.7,129,27,-21,-4.72,109.2,13,26,12,629,438,-487,55.3,58,-3.94,-21.03,0.033,1.072,+0.045,+0.356,169,900,,,29.70,123.000,121.500,116.200,GPS1,,RW35,0.7,60,360,0.570,+1.00,418,VISUAL,,,,,,,,,,,,,,,,,-10.8,39.2,3506,600,15.3,340,020007FF N100 N100 *,420017FF N100 N100,0.2,0.4,66,42,,1200,ALT,11.0,2130,64,190,13,1.2,5.8,15,187,200,13.2,-3,965,990,,
2026-07-21,18:32:40,01:32:40,-07:00,+33.6101146,-116.1674975,476,3DDiff (GPS nav),264760.3,65.8,123,28,-18,-4.29,103.3,13,26,12,614,424,-658,54.2,57,-5.49,-18.95,0.007,1.088,+0.059,+0.349,169,900,,,29.70,123.000,121.500,116.200,GPS1,,RW35,0.7,59,360,0.559,+1.00,421,VISUAL,,,,,,,,,,,,,,,,,-10.8,39.2,3491,600,15.0,341,020007FF N100 N100 *,420017FF N100 N100,0.3,0.5,98,77,,1200,ALT,11.0,2130,64,190,13,0.9,5.8,15,187,200,13.2,-3,965,990,,
2026-07-21,18:32:41,01:32:41,-07:00,+33.6099650,-116.1671745,462,3DDiff (GPS nav),264761.3,65.1,118,30,-15,-3.98,97.1,13,26,12,601,409,-770,53.9,57,-5.32,-14.30,0.016,1.175,+0.069,+0.268,169,900,,,29.70,123.000,121.500,116.200,GPS1,,RW35,0.6,57,360,0.543,+1.00,421,VISUAL,,,,,,,,,,,,,,,,,-10.8,39.2,3476,600,14.8,341,020007FF N100 N100 *,480017FF N100 N100,0.3,0.4,65,55,,1200,ALT,11.0,2150,64,189,13,0.7,5.9,15,187,200,13.2,-3,960,985,,
2026-07-21,18:32:42,01:32:42,-07:00,+33.6098417,-116.1668471,451,3DDiff (GPS nav),264762.3,64.6,113,30,-13,-3.07,91.2,13,26,12,589,396,-804,53.8,57,-4.07,-11.11,-0.083,1.232,+0.080,+0.337,169,900,,,29.70,123.000,121.500,116.200,GPS1,,RW35,0.6,56,360,0.523,+1.00,424,VISUAL,,,,,,,,,,,,,,,,,-10.8,39.2,3461,600,14.5,342,020007FF N100 N100 *,480017FF N100 N100,0.4,0.2,143,131,,1200,ALT,11.0,2160,64,189,13,0.7,5.9,15,187,199,13.2,-3,960,985,,
2026-07-21,18:32:43,01:32:43,-07:00,+33.6097450,-116.1665250,445,3DDiff (GPS nav),264763.3,63.7,109,31,-10,-1.88,88.0,13,26,12,580,385,-767,54.3,57,-1.78,-9.14,-0.025,1.049,+0.093,+0.362,169,900,,,29.70,123.000,121.500,116.200,GPS1,,RW35,0.6,54,360,0.508,+1.00,424,VISUAL,,,,,,,,,,,,,,,,,-10.8,39.2,3448,600,14.3,342,020007FF N100 N100 *,480017FF N99 N100,0.3,0.2,160,186,,1200,ALT,10.9,2190,64,189,13,0.8,5.9,15,187,199,13.2,-3,960,985,,
2026-07-21,18:32:44,01:32:44,-07:00,+33.6096646,-116.1661938,438,3DDiff (GPS nav),264764.3,62.2,107,31,-8,-1.25,87.6,13,26,12,575,377,-668,53.5,56,-0.66,-7.84,-0.002,1.054,+0.104,+0.351,169,900,,,29.70,123.000,121.500,116.200,GPS1,,RW35,0.6,53,360,0.492,+1.00,427,VISUAL,,,,,,,,,,,,,,,,,-10.8,39.3,3440,600,14.2,342,040007FF N100 N100 *,480017FF N99 N100,0.3,0.2,47,74,,1200,ALT,10.9,2140,64,189,13,1.1,5.9,15,187,199,13.2,-3,960,985,,
2026-07-21,18:32:45,01:32:45,-07:00,+33.6095994,-116.1658685,434,3DDiff (GPS nav),264765.3,60.8,105,30,-7,-1.35,87.7,13,26,12,572,371,-533,52.4,55,-2.29,-6.63,0.024,0.904,+0.114,+0.341,169,900,,,29.70,123.000,121.500,116.200,GPS1,,RW35,0.6,52,360,0.477,+1.00,427,VISUAL,,,,,,,,,,,,,,,,,-10.8,39.3,3437,600,14.0,342,040007FF N100 N100 *,420017FF N99 N100,0.1,0.2,69,129,,1200,ALT,10.9,2120,64,189,13,1.1,5.9,15,187,199,13.2,-3,960,980,,
2026-07-21,18:32:46,01:32:46,-07:00,+33.6095437,-116.1655377,428,3DDiff (GPS nav),264766.3,59.5,103,30,-6,-2.04,88.0,13,26,12,567,366,-410,52.0,55,-2.42,-6.34,0.022,0.920,+0.111,+0.192,169,900,,,29.70,123.000,121.500,116.200,GPS1,,RW35,0.6,51,360,0.461,+1.00,427,VISUAL,+1.00,3,,,,,,,,,,,,,,,-10.8,39.3,3435,500,13.8,341,040007FF N100 N100 *,480017FF N98 N100,0.1,0.0,64,36,,1200,ALT,11.0,2080,64,189,13,0.8,5.9,15,187,199,13.2,-3,960,980,,
2026-07-21,18:32:47,01:32:47,-07:00,+33.6094981,-116.1652188,420,3DDiff (GPS nav),264767.3,58.6,100,30,-5,-2.78,87.1,13,26,12,561,361,-347,51.2,54,-3.16,-5.64,-0.004,0.881,+0.103,+0.240,169,900,,,29.70,123.000,121.500,116.200,GPS1,,RW35,0.6,50,360,0.441,+1.00,430,VISUAL,+1.00,3,,,,,,,,,,,,,,,-10.8,39.4,3432,500,13.6,340,040007FF N100 N100 *,480017FF N99 N100,0.3,0.2,52,66,,1200,ALT,11.1,2070,64,189,13,0.7,5.9,15,186,199,13.2,-3,960,980,,
2026-07-21,18:32:48,01:32:48,-07:00,+33.6094590,-116.1649007,410,3DDiff (GPS nav),264768.3,58.1,99,30,-4,-2.94,86.8,13,26,12,554,355,-339,51.0,54,-4.22,-0.47,0.007,1.017,+0.094,+0.285,169,900,,,29.70,123.000,121.500,116.200,GPS1,,RW35,0.6,48,360,0.426,+1.00,430,VISUAL,+1.00,3,,,,,,,,,,,,,,,-10.8,39.4,3428,500,13.3,338,020007FF N100 N100 *,480017FF N100 N100,0.6,0.3,127,98,,1200,ALT,11.1,2050,64,189,13,0.7,5.9,15,186,199,13.2,-3,960,975,,
2026-07-21,18:32:49,01:32:49,-07:00,+33.6094222,-116.1645821,399,3DDiff (GPS nav),264769.3,58.0,98,30,-4,-3.43,86.7,13,26,12,545,348,-370,51.2,54,-3.99,-6.57,0.035,1.053,+0.097,+0.350,169,900,,,29.70,123.000,121.500,116.200,GPS1,,RW35,0.6,47,360,0.410,+1.00,430,VISUAL,+1.00,3,,,,,,,,,,,,,,,-10.8,39.4,3422,500,13.0,335,040007FF N100 N100 *,480017FF N100 N100,0.3,0.2,122,118,,1200,ALT,11.1,2060,64,188,13,0.7,5.9,15,186,199,13.2,-3,955,970,,
2026-07-21,18:32:50,01:32:50,-07:00,+33.6093909,-116.1642628,389,3DDiff (GPS nav),264770.3,58.2,98,30,-3,-3.58,86.8,13,26,12,536,339,-426,51.2,54,-4.14,-5.59,0.079,0.947,+0.100,+0.327,87,900,,,29.70,123.000,121.500,116.200,GPS1,,RW35,0.6,46,360,0.395,+1.00,430,VISUAL,+1.00,3,,,,,,,,,,,,,,,-10.8,39.4,3415,500,12.7,332,040007FF N100 N100 *,420017FF N100 N100,0.2,0.4,63,66,,1200,ALT,11.1,2060,64,188,13,0.7,5.8,15,186,199,13.2,-3,955,970,,
2026-07-21,18:32:51,01:32:51,-07:00,+33.6093633,-116.1639476,377,3DDiff (GPS nav),264771.3,58.3,96,30,-3,-3.39,84.9,13,26,12,525,330,-484,51.1,54,-4.34,0.33,-0.021,1.096,+0.100,+0.302,87,900,,,29.70,123.000,121.500,116.200,GPS1,,RW35,0.5,45,360,0.379,+1.00,430,VISUAL,+1.00,3,,,,,,,,,,,,,,,-10.8,39.5,3406,500,12.4,329,040007FF N100 N100 *,480017FF N100 N100,0.5,0.6,73,60,,1200,ALT,11.1,2070,64,188,13,0.8,5.8,15,186,199,13.2,-3,955,970,,
2026-07-21,18:32:52,01:32:52,-07:00,+33.6093338,-116.1636233,369,3DDiff (GPS nav),264772.3,58.7,95,30,-3,-2.23,83.4,13,26,12,514,319,-552,52.1,55,-4.12,0.22,0.003,1.118,+0.108,+0.379,87,900,,,29.70,123.000,121.500,116.200,GPS1,,RW35,0.5,43,360,0.363,+1.00,430,VISUAL,+1.00,3,,,,,,,,,,,,,,,-10.8,39.5,3395,500,12.0,326,040007FF N100 N100 *,420017FF N100 N100,0.5,0.3,52,69,,1200,ALT,11.0,2120,64,188,13,0.7,5.8,15,186,199,13.2,-3,955,970,,
2026-07-21,18:32:53,01:32:53,-07:00,+33.6093051,-116.1632989,363,3DDiff (GPS nav),264773.3,58.9,96,30,-3,-1.65,85.0,13,26,12,505,309,-587,52.5,55,-1.93,-2.00,0.004,1.112,+0.118,+0.353,87,900,,,29.70,123.000,121.500,116.200,GPS1,,RW35,0.5,42,360,0.348,+1.00,430,VISUAL,+1.00,3,,,,,,,,,,,,,,,-10.8,39.5,3384,500,11.6,323,040007FF N100 N100 *,480017FF N100 N100,0.3,0.2,52,58,,1200,ALT,10.9,2150,64,188,13,0.7,5.8,15,186,199,13.2,-3,955,970,,
2026-07-21,18:32:54,01:32:54,-07:00,+33.6092788,-116.1629772,360,3DDiff (GPS nav),264774.3,58.3,97,30,-3,-0.68,87.0,13,26,12,501,302,-551,52.7,55,-0.28,-2.90,0.039,0.981,+0.124,+0.352,87,900,,,29.70,123.000,121.500,116.200,GPS1,,RW35,0.5,40,360,0.332,+1.00,430,VISUAL,+1.00,3,,,,,,,,,,,,,,,-10.8,39.5,3378,500,11.2,320,040007FF N100 N100 *,480017FF N100 N100,0.1,0.0,59,76,,1200,ALT,10.9,2140,64,188,13,0.6,5.8,15,186,199,13.2,-3,955,970,,
2026-07-21,18:32:55,01:32:55,-07:00,+33.6092528,-116.1626531,358,3DDiff (GPS nav),264775.3,57.3,97,29,-3,-0.82,87.9,13,26,12,501,298,-432,51.6,54,0.61,0.61,0.031,0.960,+0.124,+0.286,87,900,,,29.70,123.000,121.500,116.200,GPS1,,RW35,0.5,39,360,0.316,+1.00,433,VISUAL,+1.00,3,,,,,,,,,,,,,,,-10.8,39.6,3377,500,10.8,317,020007FF N100 N100 *,480017FF N100 N100,0.2,0.0,60,50,,1200,ALT,10.9,2070,64,188,13,0.4,5.8,15,186,199,13.2,-3,955,970,,
2026-07-21,18:32:56,01:32:56,-07:00,+33.6092232,-116.1623540,352,3DDiff (GPS nav),264776.3,56.1,95,28,-4,-1.25,86.3,13,26,12,499,296,-297,50.3,53,-0.68,3.53,0.033,0.927,+0.121,+0.320,87,900,,,29.70,123.000,121.500,116.200,GPS1,,RW35,0.5,37,360,0.301,+1.00,433,VISUAL,+1.00,3,,,,,,,,,,,,,,,-10.8,39.6,3379,500,10.3,313,040007FF N100 N100 *,480017FF N99 N100,0.5,0.1,102,83,,1200,ALT,10.9,2030,64,188,13,0.4,5.8,15,186,199,13.2,-3,955,970,,
2026-07-21,18:32:57,01:32:57,-07:00,+33.6091897,-116.1620532,346,3DDiff (GPS nav),264777.3,55.1,95,28,-4,-2.05,84.5,13,26,12,496,294,-210,49.2,52,0.19,-2.75,-0.002,1.044,+0.122,+0.370,87,900,,,29.70,123.000,121.500,116.200,GPS1,,RW35,0.5,36,360,0.285,+1.00,433,VISUAL,+1.00,3,,,,,,,,,,,,,,,-10.8,39.6,3380,500,9.9,309,020007FF N100 N100 *,480017FF N99 N100,0.4,0.2,81,109,,1200,ALT,10.9,2020,64,188,13,0.7,5.8,15,186,198,13.2,-3,950,970,,
2026-07-21,18:32:58,01:32:58,-07:00,+33.6091604,-116.1617541,340,3DDiff (GPS nav),264778.3,54.5,96,28,-3,-1.65,83.8,13,26,12,491,290,-191,48.4,51,-0.45,-8.18,0.046,0.911,+0.135,+0.430,87,900,,,29.70,123.000,121.500,116.200,GPS1,,RW35,0.5,34,360,0.270,+1.00,433,VISUAL,+1.00,3,,,,,,,,,,,,,,,-10.8,39.7,3380,500,9.5,307,020007FF N100 N100 *,480017FF N98 N100,0.4,0.0,61,51,,1200,ALT,11.0,2020,64,188,13,0.7,5.8,15,186,198,13.2,-3,950,965,,
2026-07-21,18:32:59,01:32:59,-07:00,+33.6091373,-116.1614490,333,3DDiff (GPS nav),264779.3,53.9,94,28,-2,-2.24,81.2,13,26,12,485,285,-221,48.0,50,-1.93,-8.37,0.007,0.957,+0.149,+0.388,87,900,,,29.70,123.000,121.500,116.200,GPS1,,RW35,0.5,32,360,0.254,+1.00,433,VISUAL,+1.00,3,,,,,,,,,,,,,,,-10.8,39.7,3377,400,9.1,306,040007FF N100 N100 *,480017FF N98 N100,0.4,0.2,56,69,,1200,ALT,11.2,2010,64,188,13,0.6,5.7,15,186,198,13.2,-4,950,965,,
2026-07-21,18:33:00,01:33:00,-07:00,+33.6091243,-116.1611607,325,3DDiff (GPS nav),264780.3,53.6,91,27,-1,-2.99,77.1,13,26,12,478,279,-271,47.7,50,-3.51,-7.92,0.028,1.000,+0.161,+0.387,87,900,,,29.70,123.000,121.500,116.200,GPS1,,RW35,0.5,31,360,0.238,+1.00,433,VISUAL,+1.00,3,,,,,,,,,,,,,,,-10.8,39.7,3374,400,8.7,306,020007FF N100 N100 *,480017FF N100 N100,0.4,0.2,57,59,,1200,ALT,11.4,2000,64,187,13,0.7,5.7,15,185,198,13.2,-4,950,965,,
2026-07-21,18:33:01,01:33:01,-07:00,+33.6091212,-116.1608633,314,3DDiff (GPS nav),264781.3,53.6,89,28,0,-3.38,74.1,13,26,12,470,272,-337,47.9,50,-3.50,-7.19,0.023,0.950,+0.170,+0.395,87,900,,,29.70,123.000,121.500,116.200,GPS1,,RW35,0.5,29,360,0.227,+1.00,433,VISUAL,+1.00,3,,,,,,,,,,,,,,,-10.8,39.8,3369,400,8.3,306,040007FF N100 N100 *,480017FF N100 N100,0.2,0.5,46,50,,1200,ALT,11.4,2010,64,187,13,0.7,5.7,15,185,198,13.2,-4,950,965,,
2026-07-21,18:33:02,01:33:02,-07:00,+33.6091296,-116.1605647,304,3DDiff (GPS nav),264782.3,53.9,88,28,1,-3.39,72.7,13,26,12,459,263,-416,48.5,51,-2.99,-4.97,-0.017,0.967,+0.181,+0.415,87,900,,,29.70,123.000,121.500,116.200,GPS1,,RW35,0.5,28,360,0.211,+1.00,433,VISUAL,+1.00,3,,,,,,,,,,,,,,,-10.8,39.8,3360,400,7.9,307,040007FF N100 N100 *,480017FF N100 N100,0.2,0.6,56,100,,1200,ALT,11.5,2020,64,187,13,0.8,5.7,15,185,198,13.2,-4,950,965,,
2026-07-21,18:33:03,01:33:03,-07:00,+33.6091468,-116.1602638,293,3DDiff (GPS nav),264783.3,54.1,87,28,2,-3.33,73.1,13,26,12,449,253,-498,48.7,51,-1.75,-5.36,-0.009,1.026,+0.192,+0.414,87,900,,,29.70,123.000,121.500,116.200,GPS1,,RW35,0.4,26,360,0.195,+1.00,433,VISUAL,+1.00,3,,,,,,,,,,,,,,,-10.8,39.8,3351,400,7.5,308,040007FF N100 N100 *,480017FF N100 N100,0.2,0.2,70,113,,1200,ALT,11.5,2040,64,187,13,0.7,5.7,15,185,198,13.2,-4,945,960,,
2026-07-21,18:33:04,01:33:04,-07:00,+33.6091706,-116.1599576,283,3DDiff (GPS nav),264784.3,54.1,86,28,3,-3.21,73.5,13,26,12,438,243,-558,48.9,51,-2.71,-5.14,0.060,0.997,+0.200,+0.395,87,900,,,29.70,123.000,121.500,116.200,GPS1,,RW35,0.4,24,360,0.180,+1.00,433,VISUAL,+1.00,3,,,,,,,,,,,,,,,-10.8,39.8,3340,400,7.2,308,040007FF N100 N100 *,480017FF N100 N100,0.2,0.1,76,99,,1200,ALT,11.4,2060,64,187,13,0.7,5.7,15,185,198,13.2,-4,945,960,,
2026-07-21,18:33:05,01:33:05,-07:00,+33.6091982,-116.1596601,272,3DDiff (GPS nav),264785.3,53.9,83,28,3,-3.61,70.7,13,26,12,429,233,-586,49.2,52,-3.01,-7.24,0.037,0.989,+0.197,+0.362,87,900,,,29.70,123.000,121.500,116.200,GPS1,,RW35,0.4,22,360,0.164,+1.00,433,VISUAL,+1.00,3,,,,,,,,,,,,,,,-10.8,39.9,3331,400,6.9,308,040007FF N100 N100 *,480017FF N100 N100,0.2,0.1,68,126,,1200,ALT,11.4,2040,64,187,13,0.7,5.7,15,185,198,13.2,-4,945,960,,
2026-07-21,18:33:06,01:33:06,-07:00,+33.6092331,-116.1593642,260,3DDiff (GPS nav),264786.3,54.0,81,27,4,-3.73,68.6,13,26,12,418,223,-596,49.6,52,-3.08,-9.82,0.034,0.982,+0.188,+0.358,87,900,,,29.70,123.000 TX,121.500,116.200,GPS1,,RW35,0.4,21,360,0.148,+1.00,433,VISUAL,+1.00,3,,,,,,,,,,,,,,,-10.8,39.9,3321,400,6.6,307,040007FF N100 N100 *,480017FF N100 N100,0.1,0.1,59,39,,1200,ALT,11.4,2040,64,187,13,0.8,5.7,15,185,198,13.2,-4,945,960,,
2026-07-21,18:33:07,01:33:07,-07:00,+33.6092783,-116.1590779,248,3DDiff (GPS nav),264787.3,53.9,79,27,6,-3.80,65.2,13,26,12,406,212,-617,49.9,52,-2.58,-13.26,0.017,0.968,+0.176,+0.347,87,900,,,29.70,123.000 TX,121.500 RX,116.200,GPS1,,RW35,0.4,19,360,0.137,+1.00,433,VISUAL,+1.00,3,,,,,,,,,,,,,,,-10.8,39.9,3311,400,6.3,307,020007FF N100 N100 *,480017FF N100 N100,0.0,0.2,60,50,,1200,ALT,11.3,2060,64,187,13,0.8,5.7,15,185,198,13.2,-4,945,960,,
2026-07-21,18:33:08,01:33:08,-07:00,+33.6093389,-116.1587895,233,3DDiff (GPS nav),264788.3,53.7,74,26,8,-4.08,60.4,13,26,12,395,201,-646,50.1,53,-2.45,-15.86,0.020,0.955,+0.162,+0.345,87,900,,,29.70,123.000 TX,121.500 RX,116.200,GPS1,,RW35,0.4,17,360,0.121,+1.00,430,VISUAL,+1.00,3,,,,,,,,,,,,,,,-10.8,39.9,3299,400,6.0,308,020007FF N100 N100 *,480017FF N100 N100,0.0,0.3,75,41,,1200,ALT,11.3,2050,64,187,13,0.7,5.8,15,186,198,13.2,-5,945,960,,
2026-07-21,18:33:09,01:33:09,-07:00,+33.6094202,-116.1585060,218,3DDiff (GPS nav),264789.3,53.3,70,26,10,-4.59,54.9,13,26,12,383,189,-671,49.9,52,-0.84,-17.43,0.007,1.056,+0.148,+0.345,87,900,,,29.70,123.000 TX,121.500 RX,116.200,GPS1,,RW35,0.4,15,360,0.105,+1.00,430,VISUAL,+1.00,3,,,,,,,,,,,,,,,-10.8,40.0,3288,300,5.7,309,020007FF N100 N100 *,480017FF N100 N100,0.0,0.3,70,71,,1200,ALT,11.3,2020,64,187,13,0.7,5.8,15,187,199,13.2,-6,945,960,,
2026-07-21,18:33:10,01:33:10,-07:00,+33.6095239,-116.1582379,203,3DDiff (GPS nav),264790.3,53.0,65,24,12,-4.20,50.2,13,26,12,370,177,-694,49.7,52,-1.64,-17.87,0.042,1.055,+0.146,+0.413,87,900,,,29.70,123.000,121.500,116.200,GPS1,,RW35,0.4,14,360,0.094,+1.00,430,VISUAL,+1.00,3,,,,,,,,,,,,,,,-10.8,40.0,3276,300,5.5,310,020007FF N100 N100 *,480017FF N100 N100,0.1,0.3,74,71,,1200,ALT,11.3,2040,64,187,13,0.7,5.7,15,187,199,13.2,-6,945,955,,
2026-07-21,18:33:11,01:33:11,-07:00,+33.6096463,-116.1579937,191,3DDiff (GPS nav),264791.3,52.8,60,23,15,-3.42,45.8,13,26,12,357,164,-725,50.0,53,-1.61,-15.28,-0.002,1.082,+0.153,+0.415,87,900,,,29.70,123.000,121.500,116.200,GPS1,,RW35,0.4,12,360,0.082,+1.00,427,VISUAL,+1.00,3,,,,,,,,,,,,,,,-10.8,40.0,3263,300,5.2,310,040007FF N100 N100 *,420017FF N100 N100,0.2,0.2,97,156,,1200,ALT,11.3,2080,64,186,13,0.6,5.7,15,187,199,13.2,-5,945,955,,
2026-07-21,18:33:12,01:33:12,-07:00,+33.6097904,-116.1577578,181,3DDiff (GPS nav),264792.3,52.8,53,21,17,-3.31,39.6,13,26,12,347,153,-727,50.7,53,-2.10,-16.75,0.090,1.056,+0.163,+0.374,87,900,,,29.70,123.000,121.500,116.200,GPS1,,RW35,0.4,11,360,0.070,+1.00,424,VISUAL,+1.00,3,,,,,,,,,,,,,,,-10.8,40.0,3250,300,5.0,311,020007FF N100 N100 *,480017FF N100 N100,0.2,0.1,102,72,,1200,ALT,11.3,2080,64,186,13,0.7,5.8,15,187,199,13.2,-4,945,955,,
2026-07-21,18:33:13,01:33:13,-07:00,+33.6099535,-116.1575331,168,3DDiff (GPS nav),264793.3,52.4,48,19,18,-3.50,35.5,16,30,11,337,142,-702,50.8,53,-1.56,-20.08,0.057,1.010,+0.163,+0.340,87,900,,,29.70,123.000,121.500,116.200,GPS1,,RW35,0.4,9,360,0.059,+0.84,424,VISUAL,+0.97,3,,,,,,,,,,,,,,,-10.8,40.0,3240,300,4.8,313,020007FF N100 N100 *,480017FF N100 N100,0.2,0.2,74,119,,1200,ALT,11.3,2050,64,186,13,0.8,5.8,15,187,199,13.2,-4,945,955,,
2026-07-21,18:33:14,01:33:14,-07:00,+33.6101310,-116.1573362,156,3DDiff (GPS nav),264794.3,52.0,43,18,20,-4.18,31.7,16,30,11,327,131,-664,50.5,53,-3.08,-14.03,0.025,0.906,+0.157,+0.315,87,900,,,29.70,123.000,121.500,116.200,GPS1,,RW35,0.3,8,360,0.047,+0.69,421,VISUAL,+0.91,3,,,,,,,,,,,,,,,-10.8,40.1,3230,300,4.6,315,040007FF N100 N100 *,480017FF N100 N100,0.2,0.4,75,104,,1200,ALT,11.3,2040,64,186,13,0.9,5.8,15,188,199,13.2,-4,945,955,,
2026-07-21,18:33:15,01:33:15,-07:00,+33.6103123,-116.1571576,142,3DDiff (GPS nav),264795.3,51.9,37,16,21,-4.51,23.8,16,30,11,314,121,-649,50.3,53,-3.18,-7.44,0.055,1.173,+0.147,+0.331,87,900,,,29.70,123.000,121.500,116.200,GPS1,,RW35,0.3,7,360,0.039,+0.59,418,VISUAL,+0.84,3,,,,,,,,,,,,,,,-10.8,40.1,3220,300,4.3,317,020007FF N100 N100 *,480017FF N100 N100,0.4,0.4,79,114,,1200,ALT,11.3,2040,64,186,13,1.0,5.7,15,188,199,13.2,-4,945,955,,
2026-07-21,18:33:16,01:33:16,-07:00,+33.6105082,-116.1569876,129,3DDiff (GPS nav),264796.3,52.1,33,15,22,-3.47,18.9,16,30,11,300,108,-683,50.8,53,-2.39,-10.94,0.003,1.105,+0.147,+0.400,87,900,,,29.70,123.000,121.500,116.200,GPS1,,RW35,0.3,5,360,0.031,+0.46,415,VISUAL,+0.78,3,,,,,,,,,,,,,,,-10.8,40.1,3206,200,4.1,318,020007FF N100 N100 *,480017FF N100 N100,0.4,0.0,63,97,,1200,ALT,11.2,2070,64,186,13,1.0,5.8,15,188,199,13.2,-4,945,955,,
2026-07-21,18:33:17,01:33:17,-07:00,+33.6107132,-116.1568353,119,3DDiff (GPS nav),264797.3,52.1,32,13,23,-3.12,17.4,16,30,11,288,95,-720,51.0,53,-1.68,-15.85,0.026,0.927,+0.151,+0.376,87,900,,,29.70,123.000,121.500,116.200,GPS1,,RW35,0.3,4,360,0.023,+0.34,415,VISUAL,+0.74,2,,,,,,,,,,,,,,,-10.8,40.1,3192,200,3.9,318,020007FF N100 N100 *,480017FF N100 N100,0.1,0.2,49,68,,1200,ALT,11.2,2100,64,186,13,0.9,5.8,15,188,199,13.2,-4,945,955,,
2026-07-21,18:33:18,01:33:18,-07:00,+33.6109241,-116.1567062,107,3DDiff (GPS nav),264798.3,51.2,28,11,24,-3.32,15.0,16,30,11,279,84,-713,50.9,53,0.08,-16.90,0.053,1.080,+0.143,+0.234,87,900,,,29.70,123.000,121.500,116.200,GPS1,,RW35,0.3,3,360,0.016,+0.25,412,VISUAL,+0.68,2,,,,,,,,,,,,,,,-10.8,40.1,3180,200,3.8,319,040007FF N100 N100 *,420017FF N100 N100,0.4,0.5,138,118,,1200,ALT,10.9,2090,64,186,13,0.8,5.8,15,188,199,13.2,-4,945,955,,
2026-07-21,18:33:19,01:33:19,-07:00,+33.6111462,-116.1566054,101,3DDiff (GPS nav),264799.3,50.4,21,9,24,-2.87,8.9,13,26,12,271,75,-663,51.0,53,0.02,-16.60,0.012,1.056,+0.136,+0.342,87,900,,,29.70,123.000,121.500,116.200,GPS1,,RW35,0.3,2,360,0.012,+0.17,409,VISUAL,+0.67,2,,,,,,,,,,,,,,,-10.8,40.2,3171,200,3.6,320,020007FF N100 N100 *,480017FF N100 N100,0.5,0.2,69,104,,1200,ALT,10.9,2080,64,186,13,0.7,5.8,15,188,199,13.2,-4,945,955,,
2026-07-21,18:33:20,01:33:20,-07:00,+33.6113647,-116.1565327,91,3DDiff (GPS nav),264800.3,49.7,15,6,25,-2.47,3.5,13,26,12,261,65,-615,50.8,53,1.11,-17.12,0.070,1.006,+0.138,+0.393,87,900,,,29.70,123.000,121.500,116.200,GPS1,,RW35,0.3,1,360,0.008,+0.12,406,VISUAL,+0.63,2,,,,,,,,,,,,,,,-10.8,40.2,3161,200,3.5,322,020007FF N100 N100 *,480017FF N100 N100,0.4,0.5,71,109,,1200,ALT,11.1,2090,64,185,13,0.7,5.8,15,188,199,13.2,-4,945,955,,
2026-07-21,18:33:21,01:33:21,-07:00,+33.6115851,-116.1564899,82,3DDiff (GPS nav),264801.3,48.6,10,3,24,-2.64,359.4,13,26,12,254,56,-582,50.6,53,0.40,-13.43,0.040,1.071,+0.136,+0.327,87,900,,,29.70,123.000,121.500,116.200,GPS1,,RW35,0.3,1,360,0.008,+0.12,403,VISUAL,+0.59,2,,,,,,,,,,,,,,,-10.8,40.2,3152,200,3.4,325,020007FF N100 N100 *,480017FF N100 N100,0.5,0.4,88,61,,1200,ALT,11.2,2080,64,185,13,0.6,5.8,15,188,199,13.2,-4,945,955,,
2026-07-21,18:33:22,01:33:22,-07:00,+33.6118038,-116.1564665,74,3DDiff (GPS nav),264802.3,47.5,5,2,24,-2.61,355.8,13,26,12,246,49,-530,50.9,54,-1.09,-8.28,0.074,1.104,+0.131,+0.301,87,900,,,29.70,123.000,121.500,116.200,GPS1,,RW35,0.2,1,360,0.004,+0.06,401,VISUAL,+0.57,2,,,,,,,,,,,,,,,-10.8,40.2,3145,200,3.3,328,020007FF N100 N100 *,480017FF N100 N100,0.4,0.6,77,57,,1200,ALT,11.3,2080,64,185,13,0.7,5.8,15,188,199,13.2,-4,945,955,,
2026-07-21,18:33:23,01:33:23,-07:00,+33.6120247,-116.1564555,66,3DDiff (GPS nav),264803.3,46.7,2,1,24,-2.11,353.1,13,26,12,238,41,-497,51.8,54,-0.75,-5.61,0.017,1.072,+0.123,+0.325,87,900,,,29.70,123.000,121.500,116.200,GPS1,,RW35,0.2,1,360,0.004,+0.06,398,VISUAL,+0.54,2,,,,,,,,,,,,,,,-10.8,40.2,3137,200,3.2,332,020007FF N100 N100 *,480017FF N100 N100,0.3,0.5,57,58,,1200,ALT,11.3,2100,64,185,13,0.7,5.8,15,189,199,13.2,-4,945,960,,
2026-07-21,18:33:24,01:33:24,-07:00,+33.6122380,-116.1564526,60,3DDiff (GPS nav),264804.3,45.9,1,0,23,-1.56,352.4,13,26,12,232,33,-474,52.2,55,0.18,-2.37,0.040,0.976,+0.119,+0.329,87,900,,,29.70,123.000,121.500,116.200,GPS1,,RW35,0.2,1,360,0.004,+0.06,395,VISUAL,+0.53,2,,,,,,,,,,,,,,,-10.8,40.2,3129,200,3.2,335,040007FF N100 N100 *,480017FF N100 N100,0.3,0.2,125,150,,1200,ALT,11.3,2100,64,185,13,0.6,5.8,15,189,199,13.2,-4,945,960,,
2026-07-21,18:33:25,01:33:25,-07:00,+33.6124403,-116.1564499,54,3DDiff (GPS nav),264805.3,45.0,360,0,23,-1.89,350.8,13,26,12,227,27,-430,51.5,54,-0.16,0.52,0.052,1.017,+0.117,+0.345,87,900,,,29.70,123.000,121.500,116.200,GPS1,,RW35,0.2,1,360,0.004,+0.06,392,VISUAL,+0.52,2,,,,,,,,,,,,,,,-10.8,40.3,3124,200,3.2,337,020007FF N100 N100 *,480017FF N99 N100,0.3,0.2,72,76,,1200,ALT,11.3,2070,64,185,13,0.7,5.8,15,189,199,13.2,-4,945,960,,
2026-07-21,18:33:26,01:33:26,-07:00,+33.6126460,-116.1564442,49,3DDiff (GPS nav),264806.3,44.3,359,1,23,-1.74,348.3,13,26,12,223,22,-373,50.7,53,-1.41,-0.93,-0.007,0.961,+0.121,+0.400,87,900,,,29.70,123.000,121.500,116.200,GPS1,,RW35,0.2,1,360,0.004,+0.06,389,VISUAL,+0.51,2,,,,,,,,,,,,,,,-10.8,40.3,3122,200,3.3,340,040007FF N100 N100 *,480017FF N98 N100,0.6,0.1,78,118,,1200,ALT,11.3,2020,64,185,13,0.7,5.8,15,189,199,13.2,-4,945,960,,
2026-07-21,18:33:27,01:33:27,-07:00,+33.6128557,-116.1564377,41,3DDiff (GPS nav),264807.3,44.0,360,0,23,-2.47,346.7,13,26,12,217,17,-337,49.5,52,-1.66,-3.56,-0.002,0.992,+0.137,+0.406,348,900,,,29.70,123.000,121.500,116.200,GPS1,,RW35,0.2,1,360,0.004,+0.06,386,VISUAL,+0.49,2,,,,,,,,,,,,,,,-10.8,40.3,3119,200,3.4,341,040007FF N100 N100 *,480017FF N98 N100,0.5,0.2,53,79,,1200,ALT,11.4,2010,64,185,13,0.8,5.8,15,189,199,13.2,-4,945,960,,
2026-07-21,18:33:28,01:33:28,-07:00,+33.6130540,-116.1564380,34,3DDiff (GPS nav),264808.3,43.9,360,-0,23,-2.35,346.3,13,26,12,211,12,-330,48.9,51,-1.76,-4.70,-0.018,1.017,+0.153,+0.415,348,900,,,29.70,123.000,121.500,116.200,GPS1,,RW35,0.2,1,360,0.004,+0.06,386,VISUAL,+0.46,2,,,,,,,,,,,,,,,-10.8,40.3,3114,100,3.5,342,040007FF N100 N100 *,480017FF N97 N100,0.5,0.3,70,100,,1200,ALT,11.5,2000,64,185,13,0.8,5.8,15,189,199,13.2,-4,945,960,,
2026-07-21,18:33:29,01:33:29,-07:00,+33.6132598,-116.1564460,26,3DDiff (GPS nav),264809.3,44.3,358,-1,23,-2.12,345.6,13,26,12,204,5,-346,47.8,50,-2.08,-0.29,-0.007,1.022,+0.182,+0.493,348,900,,,29.70,123.000,121.500,116.200,GPS1,,RW35,0.2,1,360,0.004,+0.06,383,VISUAL,+0.43,1,,,,,,,,,,,,,,,-10.8,40.4,3109,100,3.7,342,040007FF N100 N100 *,480017FF N96 N100,0.7,0.6,88,104,,1200,ALT,11.6,1990,64,184,13,0.8,5.8,15,189,199,13.2,-4,940,960,,
2026-07-21,18:33:30,01:33:30,-07:00,+33.6134702,-116.1564580,19,3DDiff (GPS nav),264810.3,44.7,360,-1,23,-2.16,350.4,13,26,12,197,-1,-367,47.2,49,-1.52,4.30,0.081,1.088,+0.218,+0.480,348,900,,,29.70,123.000,121.500,116.200,GPS1,,RW35,0.1,1,360,0.004,+0.06,380,VISUAL,+0.41,1,,,,,,,,,,,,,,,-10.8,40.4,3103,100,3.8,342,020007FF N100 N100 *,480017FF N96 N100,0.7,0.5,69,68,,1200,ALT,11.6,2030,64,184,13,0.7,5.8,15,191,199,13.2,-4,940,960,,
2026-07-21,18:33:31,01:33:31,-07:00,+33.6136812,-116.1564571,11,3DDiff (GPS nav),264811.3,44.9,1,1,23,-3.15,351.2,13,26,12,192,-8,-373,47.2,49,-5.03,7.77,0.035,0.756,+0.238,+0.368,348,900,,,29.70,123.000,121.500,116.200,GPS1,WPT,RW35,0.1,1,360,0.004,+0.06,377,VISUAL,+0.39,1,,,,,,,,,,,,,,,-10.8,40.4,3096,100,4.0,343,020007FF N100 N100 *,480017FF N95 N100,0.6,0.2,92,244,,1200,ALT,11.6,2000,64,184,13,0.8,5.8,15,190,199,13.2,-4,940,960,,
2026-07-21,18:33:32,01:33:32,-07:00,+33.6138877,-116.1564406,-5,3DDiff (GPS nav),264812.3,44.9,360,2,23,-4.17,348.4,13,26,12,180,-16,-408,48.2,50,-5.41,2.77,0.005,1.019,+0.227,+0.229,348,900,,,29.70,123.000,121.500,116.200,GPS1,WPT,RW35,0.1,1,360,0.004,+0.06,374,VISUAL,+0.31,1,,,,,,,,,,,,,,,-10.8,40.4,3087,100,4.1,346,020007FF N100 N100 *,480017FF N94 N100,0.5,0.5,353,429,,1200,ALT,11.6,2000,65,184,13,1.0,5.8,15,190,200,13.2,-4,940,960,,
2026-07-21,18:33:33,01:33:33,-07:00,+33.6140985,-116.1564219,-19,3DDiff (GPS nav),264813.3,45.6,3,2,23,-4.58,348.6,13,26,12,166,-27,-510,49.2,51,-2.20,-3.59,0.021,1.212,+0.214,+0.355,348,900,,,29.70,123.000,121.500,116.200,GPS1,WPT,RW35,0.1,1,360,0.004,+0.06,371,VISUAL,+0.24,1,,,,,,,,,,,,,,,-10.8,40.4,3074,100,4.3,346,040007FF N100 N100 *,480017FF N94 N100,0.3,0.3,89,220,,1200,ALT,11.6,2060,65,184,13,1.0,5.8,15,189,200,13.2,-4,940,960,,
2026-07-21,18:33:34,01:33:34,-07:00,+33.6143106,-116.1564072,-31,3DDiff (GPS nav),264814.3,45.8,3,1,24,-3.18,348.2,13,26,12,153,-40,-621,50.5,53,-2.43,-3.41,-0.002,0.939,+0.201,+0.395,348,900,,,29.70,123.000,121.500,116.200,GPS1,WPT,RW35,0.1,360,360,0.004,+0.06,368,VISUAL,+0.19,1,,,,,,,,,,,,,,,-10.8,40.4,3059,100,4.4,345,040007FF N100 N100 *,480017FF N93 N100,0.3,0.4,75,88,,1200,ALT,11.4,2080,65,184,13,0.8,5.8,15,189,200,13.2,-4,940,960,,
2026-07-21,18:33:35,01:33:35,-07:00,+33.6145221,-116.1563976,-42,3DDiff (GPS nav),264815.3,45.6,2,1,23,-3.64,346.4,13,26,12,143,-51,-671,51.0,53,-1.25,-4.27,0.077,1.033,+0.186,+0.330,348,900,,,29.70,123.000,121.500,116.200,GPS1,WPT,RW35,0.1,360,360,-0.000,+0.00,365,VISUAL,+0.14,0,,,,,,,,,,,,,,,-10.8,40.4,3047,100,4.5,344,040007FF N100 N100 *,480017FF N92 N100,0.3,0.4,71,44,,1200,ALT,11.5,2200,64,184,13,0.8,5.8,15,189,200,13.2,-4,935,955,,
2026-07-21,18:33:36,01:33:36,-07:00,+33.6147283,-116.1563954,-52,3DDiff (GPS nav),264816.3,45.6,360,-0,24,-2.31,344.6,13,26,12,130,-63,-691,51.6,54,-0.56,-3.58,0.044,1.113,+0.173,+0.377,348,900,,,29.70,123.000,121.500,116.200,GPS1,WPT,RW35,0.1,360,360,-0.000,+0.00,362,VISUAL,+0.09,0,,,,,,,,,,,,,,,-10.8,40.4,3035,100,4.7,343,040007FF N100 N100 *,480017FF N92 N100,0.7,0.6,71,97,,1200,ALT,14.2,3260,59,184,13,1.0,5.8,15,189,200,13.2,-2,935,955,,
2026-07-21,18:33:37,01:33:37,-07:00,+33.6149403,-116.1564010,-59,3DDiff (GPS nav),264817.3,45.7,359,-1,23,-2.12,344.1,13,26,12,122,-74,-693,51.1,54,-0.23,-3.59,0.060,1.009,+0.169,+0.332,348,900,,,29.70,123.000,121.500,116.200,GPS1,WPT,RW35,0.1,360,360,-0.000,+0.00,359,VISUAL,+0.08,0,,,,,,,,,,,,,,,-10.8,40.5,3023,100,4.8,343,020007FF N100 N100 *,480017FF N91 N100,0.6,0.1,87,215,,1200,ALT,14.9,2600,55,183,13,1.3,5.7,15,190,200,13.2,-1,935,955,,
2026-07-21,18:33:38,01:33:38,-07:00,+33.6151539,-116.1564094,-64,3DDiff (GPS nav),264818.3,45.0,359,-1,23,-1.68,344.8,13,26,12,115,-83,-631,51.4,54,0.63,-0.72,0.032,1.022,+0.151,+0.238,348,900,,,29.70,123.000,121.500,116.200,GPS1,WPT,RW35,0.0,1,360,0.004,+0.07,359,VISUAL,+0.07,0,,,,,,,,,,,,,,,-10.8,40.5,3013,100,5.0,342,040007FF N100 N100 *,480017FF N94 N100,0.7,0.3,68,75,,1200,ALT,15.8,2890,54,183,13,1.9,5.6,15,191,200,13.2,0,940,960,,
2026-07-21,18:33:39,01:33:39,-07:00,+33.6153581,-116.1564173,-71,3DDiff (GPS nav),264819.3,43.9,358,-1,22,-2.16,344.8,13,26,12,111,-89,-535,50.9,53,0.25,-1.63,0.027,1.008,+0.133,+0.267,348,900,,,29.70,123.000,121.500,116.200,GPS1,WPT,RW35,0.0,3,360,0.004,+0.07,356,VISUAL,+0.05,0,,,,,,,,,,,,,,,-10.8,40.5,3007,0,5.2,342,040007FF N100 N100 *,420017FF N97 N100,0.5,0.2,86,87,,1200,ALT,15.8,2600,54,183,13,2.4,5.6,15,190,200,13.2,-2,940,965,,
2026-07-21,18:33:40,01:33:40,-07:00,+33.6155518,-116.1564255,-78,3DDiff (GPS nav),264820.3,43.1,359,-1,22,-2.02,346.1,13,26,12,105,-94,-440,50.5,53,0.72,-0.42,0.007,1.044,+0.117,+0.310,348,900,,,29.70,123.000,121.500,116.200,GPS1,WPT,RW35,0.0,6,360,0.004,+0.07,353,VISUAL,+0.03,0,,,,,,,,,,,,,,,-10.8,40.5,3003,0,5.4,342,040007FF N100 N100 *,480017FF N100 N100,0.6,0.3,32,104,,1200,ALT,16.6,3150,55,183,13,2.6,5.6,15,187,200,13.2,-2,945,970,,
2026-07-21,18:33:41,01:33:41,-07:00,+33.6157522,-116.1564326,-83,3DDiff (GPS nav),264821.3,43.2,358,-1,22,-1.43,346.1,13,26,12,97,-102,-413,50.5,53,0.69,0.32,0.019,0.931,+0.112,+0.379,348,900,,,29.70,123.000,121.500,116.200,GPS1,WPT,RW35,0.0,48,360,0.004,+0.07,350,VISUAL,+0.02,0,,,,,,,,,,,,,,,-10.8,40.5,2997,0,5.6,342,040007FF N100 N100 *,480017FF N100 N100,0.8,0.3,53,42,,1200,ALT,17.9,3400,53,183,13,2.2,5.6,15,186,200,13.2,-1,945,975,,
2026-07-21,18:33:42,01:33:42,-07:00,+33.6159521,-116.1564380,-89,3DDiff (GPS nav),264822.3,43.1,359,-0,22,-1.99,347.1,13,26,12,93,-107,-389,49.2,51,0.76,0.23,0.007,0.908,+0.112,+0.349,348,900,,,29.70,123.000,121.500,116.200,GPS1,SUSP,RW35,0.0,169,360,0.004,+0.07,350,VISUAL,+0.01,0,,,,,,,,,,,,,,,-10.8,40.5,2992,0,5.9,343,040007FF N100 N100 *,480017FF N100 N100,0.7,0.2,76,80,,1200,ALT,17.9,2970,52,183,13,1.9,5.6,15,182,200,13.2,-3,950,985,,
2026-07-21,18:33:43,01:33:43,-07:00,+33.6161580,-116.1564409,-96,3DDiff (GPS nav),264823.3,42.9,360,-0,22,-2.19,348.1,13,26,12,90,-112,-332,47.7,50,1.89,1.51,0.024,1.151,+0.115,+0.370,348,900,,,29.70,123.000,121.500,116.200,GPS1,SUSP,RW35,0.0,175,360,0.004,+0.07,350,VISUAL,-0.02,-0,,,,,,,,,,,,,,,-10.8,40.6,2990,0,6.1,344,040007FF N100 N100 *,480017FF N99 N100,0.7,0.2,42,90,,1200,ALT,18.4,3390,51,183,13,1.9,5.6,15,179,200,13.2,-27,955,990,,
2026-07-21,18:33:44,01:33:44,-07:00,+33.6163577,-116.1564385,-102,3DDiff (GPS nav),264824.3,43.5,360,0,22,-1.17,347.5,13,26,12,83,-117,-317,47.1,49,1.95,1.32,-0.012,1.072,+0.132,+0.436,348,900,,,29.70,123.000,121.500,116.200,GPS1,SUSP,RW35,0.0,177,360,0.004,+0.07,350,VISUAL,-0.03,-0,,,,,,,,,,,,,,,-10.8,40.6,2986,0,6.3,344,040007FF N100 N100 *,420017FF N99 N100,0.8,0.2,48,50,,1200,ALT,18.8,3400,50,182,13,1.7,5.6,15,176,200,13.2,-89,960,1000,,
2026-07-21,18:33:45,01:33:45,-07:00,+33.6165536,-116.1564339,-105,3DDiff (GPS nav),264825.3,43.5,359,0,22,-1.25,344.5,13,26,12,79,-122,-307,46.6,49,1.89,-4.59,0.001,0.968,+0.152,+0.409,348,900,,,29.70,123.000,121.500,116.200,GPS1,SUSP,RW35,0.0,178,360,0.004,+0.07,350,VISUAL,-0.03,-0,,,,,,,,,,,,,,,-10.8,40.6,2981,0,6.5,345,020007FF N100 N100 *,480017FF N98 N100,0.8,0.3,39,70,,1200,ALT,18.8,3350,50,182,13,1.7,5.6,15,168,200,13.2,-86,970,1005,,
2026-07-21,18:33:46,01:33:46,-07:00,+33.6167538,-116.1564361,-109,3DDiff (GPS nav),264826.3,43.2,1,-0,22,-1.50,347.1,13,26,12,75,-126,-289,46.2,48,1.72,0.44,0.016,0.989,+0.163,+0.364,348,900,,,29.70,123.000,121.500,116.200,GPS1,SUSP,RW35,0.1,178,360,0.004,+0.07,350,VISUAL,-0.03,-0,,,,,,,,,,,,,,,-10.8,40.6,2978,0,6.6,343,040007FF N100 N100 *,480017FF N98 N100,0.7,0.7,82,257,,1200,ALT,18.7,3310,50,182,13,1.8,5.6,15,167,200,13.2,-54,975,1010,,
2026-07-21,18:33:47,01:33:47,-07:00,+33.6169530,-116.1564398,-115,3DDiff (GPS nav),264827.3,43.0,360,-0,22,-1.86,347.2,13,26,12,70,-130,-271,46.0,48,4.23,-2.40,0.041,1.096,+0.167,+0.363,348,900,,,29.70,123.000,121.500,116.200,GPS1,SUSP,RW35,0.1,178,360,0.004,+0.07,350,VISUAL,-0.04,-0,,,,,,,,,,,,,,,-10.8,40.6,2975,0,6.8,343,020007FF N100 N100 *,480017FF N97 N100,0.7,0.6,130,223,,1200,ALT,19.1,3560,50,182,13,1.9,5.6,15,169,200,13.2,-25,985,1015,,
2026-07-21,18:33:48,01:33:48,-07:00,+33.6171599,-116.1564429,-120,3DDiff (GPS nav),264828.3,43.3,360,-0,22,-0.99,347.5,13,26,12,63,-136,-283,46.0,48,4.57,2.94,-0.029,1.096,+0.175,+0.418,348,900,,,29.70,123.000,121.500,116.200,GPS1,SUSP,RW35,0.1,179,360,0.004,+0.07,350,VISUAL,-0.05,-0,,,,,,,,,,,,,,,-10.8,40.7,2970,0,6.9,343,020007FF N100 N100 *,480017FF N96 N100,0.9,0.5,133,114,,1200,ALT,20.8,4080,49,181,13,1.7,5.6,15,167,200,13.3,-9,990,1020,,
2026-07-21,18:33:49,01:33:49,-07:00,+33.6173630,-116.1564426,-122,3DDiff (GPS nav),264829.3,43.7,359,0,22,-0.56,346.6,13,26,12,62,-141,-291,45.1,47,3.43,1.90,-0.024,0.944,+0.190,+0.443,348,900,,,29.70,123.000,121.500,116.200,GPS1,SUSP,RW35,0.1,179,360,0.004,+0.07,350,VISUAL,-0.04,-0,,,,,,,,,,,,,,,-10.8,40.7,2966,0,6.9,343,040007FF N100 N100 *,480017FF N96 N100,0.8,0.4,126,100,,1200,ALT,20.6,3350,49,181,13,1.7,5.6,15,165,200,13.3,-1,1005,1035,,
2026-07-21,18:33:50,01:33:50,-07:00,+33.6175591,-116.1564413,-123,3DDiff (GPS nav),264830.3,43.4,360,0,22,-1.02,346.0,13,26,12,64,-141,-213,45.1,47,3.82,-0.69,0.032,1.041,+0.204,+0.421,348,900,,,29.70,123.000,121.500,116.200,GPS1,SUSP,RW35,0.1,179,360,0.004,+0.07,350,VISUAL,-0.02,-0,,,,,,,,,,,,,,,-10.8,40.7,2967,0,7.0,343,020007FF N100 N100 *,480017FF N95 N100,1.0,0.6,83,152,,1200,ALT,19.4,2970,50,181,13,2.1,5.6,15,166,200,13.3,-1,1020,1045,,
2026-07-21,18:33:51,01:33:51,-07:00,+33.6177625,-116.1564424,-127,3DDiff (GPS nav),264831.3,42.6,360,-0,22,-0.96,345.5,13,26,12,61,-143,-143,44.0,46,6.08,-1.93,0.008,1.079,+0.219,+0.448,348,900,,,29.70,123.000,121.500,116.200,GPS1,SUSP,RW35,0.1,179,360,0.004,+0.07,350,VISUAL,-0.02,-0,,,,,,,,,,,,,,,-10.8,40.7,2967,0,7.0,342,040007FF N100 N100 *,480017FF N95 N100,0.7,0.8,137,136,,1200,ALT,18.4,2730,51,180,13,2.5,5.5,15,165,200,13.3,-4,1025,1050,,
2026-07-21,18:33:52,01:33:52,-07:00,+33.6179496,-116.1564457,-129,3DDiff (GPS nav),264832.3,41.7,360,-0,21,-0.80,346.1,13,26,12,60,-144,-104,43.0,45,6.61,2.28,-0.012,1.082,+0.245,+0.521,348,900,,,29.70,123.000,121.500,116.200,GPS1,SUSP,RW35,0.1,179,360,0.004,+0.07,350,VISUAL,-0.01,-0,,,,,,,,,,,,,,,-10.8,40.7,2968,0,7.0,340,020007FF N100 N100 *,480017FF N94 N100,0.7,0.6,98,116,,1200,ALT,17.9,2710,52,180,13,2.7,5.5,15,166,200,13.3,-3,1030,1055,,
2026-07-21,18:33:53,01:33:53,-07:00,+33.6181394,-116.1564464,-131,3DDiff (GPS nav),264833.3,41.0,359,-0,21,-0.25,344.9,13,26,12,58,-145,-92,41.4,43,7.09,1.25,-0.013,1.082,+0.283,+0.599,348,900,,,29.70,123.000,121.500,116.200,GPS1,SUSP,RW35,0.1,179,360,0.004,+0.07,350,VISUAL,+0.00,0,,,,,,,,,,,,,,,-10.8,40.8,2969,0,7.0,339,040007FF N100 N100 *,480017FF N94 N100,0.7,0.5,94,98,,1200,ALT,17.8,2770,52,180,13,2.7,5.5,15,173,201,13.3,0,1030,1055,,
2026-07-21,18:33:54,01:33:54,-07:00,+33.6183263,-116.1564447,-131,3DDiff (GPS nav),264834.3,39.9,360,0,20,-0.01,345.3,13,26,12,59,-146,-76,40.3,42,8.79,-0.96,0.018,0.982,+0.329,+0.616,348,900,,,29.70,123.000,121.500,116.200,GPS1,SUSP,RW35,0.2,179,360,0.004,+0.07,350,VISUAL,,,,,,,,,,,,,,,,,-10.8,40.8,2971,0,6.9,338,040007FF N100 N100 *,480017FF N93 N100,0.7,0.2,194,263,,1200,ALT,16.8,2390,54,180,13,2.4,5.5,15,176,201,13.3,0,1030,1060,,
2026-07-21,18:33:55,01:33:55,-07:00,+33.6185047,-116.1564426,-132,3DDiff (GPS nav),264835.3,38.3,2,0,19,-0.29,347.5,13,26,12,60,-146,-44,39.3,41,11.38,-4.04,-0.003,1.028,+0.372,+0.598,348,900,,,29.70,123.000,121.500,116.200,GPS1,SUSP,RW35,0.2,179,360,0.004,+0.07,350,VISUAL,,,,,,,,,,,,,,,,,-10.8,40.8,2973,0,6.8,336,020007FF N100 N100 *,480017FF N92 N100,0.5,0.6,91,245,,1200,ALT,15.6,2100,57,179,13,2.1,5.6,15,176,201,13.3,-1,1030,1060,,
2026-07-21,18:33:56,01:33:56,-07:00,+33.6186715,-116.1564450,-133,3DDiff (GPS nav),264836.3,36.5,1,-0,18,-0.31,349.2,13,26,12,60,-146,-18,38.0,40,12.35,-2.33,-0.002,0.921,+0.415,+0.804,348,900,,,29.70,123.000,121.500,116.200,GPS1,SUSP,RW35,0.2,179,360,0.004,+0.07,350,VISUAL,,,,,,,,,,,,,,,,,-10.8,40.8,2976,0,6.7,335,040007FF N100 N100 *,480017FF N92 N100,0.5,0.6,90,101,,1200,ALT,14.8,2020,60,179,13,1.8,5.6,16,175,202,13.3,-2,1030,1060,,
2026-07-21,18:33:57,01:33:57,-07:00,+33.6188262,-116.1564476,-133,3DDiff (GPS nav),264837.3,34.7,360,-0,17,0.05,348.9,13,26,12,61,-145,12,36.5,38,8.87,0.07,-0.028,1.087,+0.463,+1.109,348,900,,,29.70,123.000,121.500,116.200,GPS1,SUSP,RW35,0.2,179,360,0.004,+0.07,350,VISUAL,,,,,,,,,,,,,,,,,-10.8,40.9,2981,0,6.6,335,040007FF N100 N100 *,420017FF N91 N100,0.8,0.4,167,240,,1200,ALT,14.2,1980,62,179,13,1.5,5.6,16,175,202,13.3,-3,1025,1060,,
2026-07-21,18:33:58,01:33:58,-07:00,+33.6189826,-116.1564525,-133,3DDiff (GPS nav),264838.3,33.2,360,-0,17,0.00,350.4,13,26,12,60,-145,20,35.8,37,4.87,0.54,0.052,0.966,+0.501,+0.723,348,900,,,29.70,123.000,121.500,116.200,GPS1,SUSP,RW35,0.2,179,360,0.004,+0.07,350,VISUAL,,,,,,,,,,,,,,,,,-10.8,40.9,2984,0,6.5,337,040007FF N100 N100 *,480017FF N94 N100,0.8,0.4,82,82,,1200,ALT,13.9,1990,64,179,13,1.3,5.6,16,177,203,13.3,-3,1025,1055,,
2026-07-21,18:33:59,01:33:59,-07:00,+33.6191302,-116.1564524,-133,3DDiff (GPS nav),264839.3,32.0,360,0,16,-0.09,350.8,13,26,12,60,-145,13,34.8,36,4.46,0.26,-0.007,0.995,+0.497,+0.418,348,900,,,29.70,123.000,121.500,116.200,GPS1,SUSP,RW35,0.2,179,360,0.004,+0.07,350,VISUAL,,,,,,,,,,,,,,,,,-10.8,40.9,2987,0,6.4,339,040007FF N100 N100 *,480017FF N97 N100,0.6,0.4,60,64,,1200,ALT,13.8,1970,64,179,13,1.0,5.6,15,177,203,13.2,-4,1020,1055,,
2026-07-21,18:34:00,01:34:00,-07:00,+33.6192728,-116.1564505,-133,3DDiff (GPS nav),264840.3,31.0,1,0,16,0.05,351.5,13,26,12,60,-145,6,33.9,35,2.73,0.34,-0.022,1.013,+0.457,+0.351,348,900,,,29.70,123.000,121.500,116.200,GPS1,SUSP,RW35,0.2,179,360,0.004,+0.07,350,VISUAL,,,,,,,,,,,,,,,,,-10.8,41.0,2990,0,6.3,341,040007FF N100 N100 *,480017FF N100 N100,0.6,0.4,78,63,,1200,ALT,13.8,1970,64,179,13,0.9,5.6,15,177,204,13.2,-4,1015,1050,,
2026-07-21,18:34:01,01:34:01,-07:00,+33.6194123,-116.1564481,-133,3DDiff (GPS nav),264841.3,30.1,1,0,15,0.07,351.5,13,26,12,60,-145,3,33.2,35,2.36,0.35,-0.032,1.016,+0.386,+0.193,348,900,,,29.70,123.000,121.500,116.200,GPS1,SUSP,RW35,0.2,179,360,0.004,+0.07,350,VISUAL,,,,,,,,,,,,,,,,,-10.8,41.0,2992,0,6.1,344,040007FF N100 N100 *,480017FF N100 N100,0.6,0.4,73,60,,1200,ALT,13.8,1990,65,179,13,0.9,5.6,15,179,204,13.2,-4,1010,1045,,
2026-07-21,18:34:02,01:34:02,-07:00,+33.6195500,-116.1564465,-132,3DDiff (GPS nav),264842.3,29.3,360,0,15,0.06,350.8,13,26,12,61,-145,5,32.9,34,2.20,0.13,-0.021,1.070,+0.300,+0.164,348,900,,,29.70,123.000,121.500,116.200,GPS1,SUSP,RW35,0.2,179,360,0.004,+0.07,350,VISUAL,,,,,,,,,,,,,,,,,-10.8,41.0,2995,0,6.0,345,040007FF N100 N100 *,480017FF N100 N100,0.5,0.4,52,39,,1200,ALT,13.8,1960,65,179,13,0.9,5.7,15,182,204,13.2,-4,1005,1040,,
2026-07-21,18:34:03,01:34:03,-07:00,+33.6196855,-116.1564463,-132,3DDiff (GPS nav),264843.3,29.1,1,0,15,0.04,352.1,13,26,12,58,-145,-4,32.9,34,2.45,0.41,0.054,1.013,+0.225,+0.266,348,900,,,29.70,123.000,121.500,116.200,GPS1,SUSP,RW35,0.2,179,360,0.004,+0.07,350,VISUAL,,,,,,,,,,,,,,,,,-10.8,41.0,2997,0,5.9,347,040007FF N100 N100 *,480017FF N100 N100,0.4,0.3,70,94,,1200,ALT,15.9,3660,62,179,13,1.1,5.7,15,179,205,13.2,-3,1000,1040,,
2026-07-21,18:34:04,01:34:04,-07:00,+33.6198331,-116.1564412,-132,3DDiff (GPS nav),264844.3,31.5,2,1,17,0.02,352.8,13,26,12,45,-152,-130,32.8,34,2.53,0.07,0.018,0.903,+0.123,-0.604,348,900,,,29.70,123.000,121.500,116.200,GPS1,SUSP,RW35,0.2,180,360,0.004,+0.07,350,VISUAL,,,,,,,,,,,,,,,,,-10.8,41.1,2993,0,5.8,349,040007FF N100 N100 *,480017FF N100 N100,0.1,0.0,201,165,,1200,ALT,21.4,5270,57,179,13,1.5,5.5,15,177,205,13.2,1,1000,1035,,
2026-07-21,18:34:05,01:34:05,-07:00,+33.6199960,-116.1564323,-132,3DDiff (GPS nav),264845.3,35.4,2,1,19,0.01,351.5,13,26,12,37,-160,-289,32.5,34,5.18,0.70,-0.074,1.075,+0.009,-0.356,348,900,,,29.70,123.000,121.500,116.200,GPS1,SUSP,RW35,0.3,180,360,0.004,+0.07,350,VISUAL,,,,,,,,,,,,,,,,,-10.8,41.1,2986,0,5.7,351,040007FF N100 N100 *,420017FF N100 N100,0.1,0.2,98,115,,1200,ALT,25.0,5370,55,179,13,2.0,5.2,15,174,205,13.2,3,1010,1040,,
2026-07-21,18:34:06,01:34:06,-07:00,+33.6201810,-116.1564242,-131,3DDiff (GPS nav),264846.3,39.3,1,1,21,0.45,348.8,13,26,12,38,-165,-339,34.2,36,5.84,-3.70,0.022,1.063,-0.047,+0.284,348,900,,,29.70,123.000,121.500,116.200,GPS1,SUSP,RW35,0.3,180,360,0.004,+0.07,350,VISUAL,,,,,,,,,,,,,,,,,-10.8,41.1,2979,0,5.6,351,020007FF N100 N100 *,420017FF N100 N100,0.1,0.1,63,127,,1200,ALT,27.5,5370,53,179,13,2.8,4.9,15,177,205,13.3,5,1030,1055,,
2026-07-21,18:34:07,01:34:07,-07:00,+33.6203860,-116.1564180,-129,3DDiff (GPS nav),264847.3,42.8,360,1,23,0.37,346.4,13,26,12,40,-166,-254,36.3,38,2.93,-0.62,0.017,0.973,-0.068,+0.225,348,900,,,29.70,123.000,121.500,116.200,GPS1,SUSP,RW35,0.3,180,360,0.004,+0.07,350,VISUAL,,,,,,,,,,,,,,,,,-10.8,41.1,2977,0,5.4,350,040007FF N100 N100 *,420017FF N100 N100,0.4,0.3,63,156,,1200,ALT,28.2,4790,53,179,13,3.7,4.7,15,178,204,13.3,6,1050,1075,,
2026-07-21,18:34:08,01:34:08,-07:00,+33.6205930,-116.1564137,-129,3DDiff (GPS nav),264848.3,44.9,359,0,24,0.60,344.7,13,26,12,46,-163,-90,39.0,41,1.45,-2.69,0.040,0.980,-0.067,+0.224,348,900,,,29.70,123.000,121.500,116.200,GPS1,SUSP,RW35,0.3,180,360,0.004,+0.07,350,VISUAL,,,,,,,,,,,,,,,,,-10.8,41.1,2980,0,5.3,346,040007FF N100 N100 *,480017FF N100 N100,0.4,0.2,98,125,,1200,ALT,27.3,4360,52,179,13,4.2,4.7,15,174,203,13.3,6,1075,1090,,
2026-07-21,18:34:09,01:34:09,-07:00,+33.6208056,-116.1564135,-127,3DDiff (GPS nav),264849.3,45.8,360,-0,24,0.24,345.7,13,26,12,48,-160,40,42.4,44,1.95,-4.08,0.016,0.972,-0.057,+0.113,348,900,,,29.70,123.000,121.500,116.200,GPS1,SUSP,RW35,0.3,180,360,0.004,+0.07,350,VISUAL,,,,,,,,,,,,,,,,,-10.8,41.0,2981,0,5.2,341,020007FF N100 N100 *,480017FF N100 N100,0.3,0.1,137,207,,1200,ALT,25.1,3790,51,180,13,4.3,4.8,15,171,203,13.3,6,1100,1115,,
2026-07-21,18:34:10,01:34:10,-07:00,+33.6210175,-116.1564186,-127,3DDiff (GPS nav),264850.3,45.8,1,-1,23,-0.38,349.1,13,26,12,53,-157,135,44.6,47,1.64,-2.44,0.046,1.013,-0.047,+0.100,348,900,,,29.70,123.000,121.500,116.200,GPS1,SUSP,RW35,0.3,180,360,0.004,+0.07,350,VISUAL,,,,,,,,,,,,,,,,,-10.8,41.0,2986,0,5.1,333,040007FF N100 N100 *,480017FF N99 N100,0.0,0.1,116,98,,1200,ALT,21.2,2530,50,180,13,4.1,4.9,15,171,203,13.3,6,1120,1130,,
2026-07-21,18:34:11,01:34:11,-07:00,+33.6212249,-116.1564249,-127,3DDiff (GPS nav),264851.3,44.8,1,-1,23,-0.15,352.0,13,26,12,59,-151,218,46.4,49,2.53,-0.98,0.063,0.988,-0.032,+0.220,348,900,,,29.70,123.000,121.500,116.200,GPS1,SUSP,RW35,0.3,180,360,0.004,+0.07,350,VISUAL,,,,,,,,,,,,,,,,,-10.8,41.1,2994,0,5.0,330,020007FF N100 N100 *,480017FF N99 N100,0.1,0.3,269,264,,1200,ALT,17.6,2070,54,180,13,3.7,5.2,15,169,204,13.3,3,1130,1135,,
2026-07-21,18:34:12,01:34:12,-07:00,+33.6214201,-116.1564276,-128,3DDiff (GPS nav),264852.3,43.6,359,-0,22,0.22,349.8,13,26,12,61,-147,245,47.5,50,3.08,-3.04,0.045,0.974,-0.008,+0.347,348,900,,,29.70,123.000,121.500,116.200,GPS1,SUSP,RW35,0.3,180,360,0.004,+0.07,350,VISUAL,,,,,,,,,,,,,,,,,-10.8,41.1,3001,0,4.9,335,020007FF N100 N100 *,480017FF N98 N100,0.2,0.1,88,241,,1200,ALT,14.9,2030,59,180,13,2.8,5.4,15,164,204,13.3,0,1130,1140,,
2026-07-21,18:34:13,01:34:13,-07:00,+33.6216161,-116.1564289,-128,3DDiff (GPS nav),264853.3,42.4,358,-0,22,-0.31,347.3,13,26,12,59,-146,199,46.4,49,4.51,-4.14,0.068,1.067,+0.034,+0.422,348,900,,,29.70,123.000,121.500,116.200,GPS1,SUSP,RW35,0.3,180,360,0.004,+0.07,350,VISUAL,,,,,,,,,,,,,,,,,-10.8,41.1,3006,0,4.8,340,020007FF N100 N100 *,480017FF N97 N100,0.1,0.0,98,280,,1200,ALT,13.6,2020,62,180,13,2.2,5.5,15,161,204,13.3,-2,1130,1140,,
2026-07-21,18:34:14,01:34:14,-07:00,+33.6218100,-116.1564325,-127,3DDiff (GPS nav),264854.3,41.3,358,-0,21,0.07,346.7,13,26,12,60,-146,122,45.2,47,4.31,0.13,0.010,0.972,+0.085,+0.462,348,900,,,29.70,123.000,121.500,116.200,GPS1,SUSP,RW35,0.4,180,360,0.004,+0.07,350,VISUAL,,,,,,,,,,,,,,,,,-10.8,41.1,3008,0,4.7,342,040007FF N100 N100 *,480017FF N96 N100,0.3,0.6,163,233,,1200,ALT,12.9,2000,63,180,13,1.7,5.6,15,162,205,13.3,-3,1125,1140,,
2026-07-21,18:34:15,01:34:15,-07:00,+33.6220002,-116.1564375,-128,3DDiff (GPS nav),264855.3,40.1,360,-0,20,-0.11,348.7,13,26,12,61,-145,74,43.6,46,4.16,2.33,0.044,0.948,+0.145,+0.490,348,900,,,29.70,123.000,121.500,116.200,GPS1,SUSP,RW35,0.4,180,360,0.004,+0.07,350,VISUAL,,,,,,,,,,,,,,,,,-10.8,41.2,3012,0,4.7,343,020007FF N100 N100 *,480017FF N95 N100,0.2,0.3,61,118,,1200,ALT,12.6,1990,64,180,13,1.4,5.7,15,161,205,13.3,-3,1120,1135,,
2026-07-21,18:34:16,01:34:16,-07:00,+33.6221812,-116.1564375,-129,3DDiff (GPS nav),264856.3,39.1,360,-0,20,-0.30,348.1,13,26,12,62,-144,54,41.8,44,8.39,-5.55,0.045,1.036,+0.203,+0.526,348,900,,,29.70,123.000,121.500,116.200,GPS1,SUSP,RW35,0.4,180,360,0.004,+0.07,350,VISUAL,,,,,,,,,,,,,,,,,-10.8,41.2,3015,0,4.6,345,040007FF N100 N100 *,480017FF N98 N100,0.3,0.1,82,168,,1200,ALT,12.6,1970,64,180,13,1.2,5.7,15,161,206,13.3,-4,1110,1130,,
2026-07-21,18:34:17,01:34:17,-07:00,+33.6223579,-116.1564408,-129,3DDiff (GPS nav),264857.3,38.1,1,-0,19,0.13,350.1,13,26,12,62,-144,47,40.1,42,5.54,0.79,-0.026,0.976,+0.272,+0.668,348,900,,,29.70,123.000,121.500,116.200,GPS1,SUSP,RW35,0.4,180,360,0.004,+0.07,350,VISUAL,,,,,,,,,,,,,,,,,-10.8,41.2,3018,0,4.6,345,020007FF N100 N100 *,480017FF N100 N100,0.4,0.3,71,126,,1200,ALT,12.6,1970,64,180,13,1.0,5.7,15,163,206,13.2,-4,1105,1125,,
2026-07-21,18:34:18,01:34:18,-07:00,+33.6225294,-116.1564431,-129,3DDiff (GPS nav),264858.3,36.9,359,-0,19,0.00,349.0,13,26,12,60,-144,19,39.1,41,6.30,2.37,0.001,1.004,+0.334,+0.572,348,900,,,29.70,123.000,121.500,116.200,GPS1,SUSP,RW35,0.4,180,360,0.004,+0.07,350,VISUAL,,,,,,,,,,,,,,,,,-10.8,41.2,3018,0,4.6,347,040007FF N100 N100 *,480017FF N100 N100,0.3,0.0,68,114,,1200,ALT,12.6,1970,65,179,13,0.9,5.7,15,163,207,13.2,-4,1095,1115,,
2026-07-21,18:34:19,01:34:19,-07:00,+33.6226897,-116.1564424,-129,3DDiff (GPS nav),264859.3,35.8,359,0,18,-0.04,348.7,13,26,12,61,-144,4,38.8,41,7.02,-3.00,0.014,1.024,+0.382,+0.565,348,900,,,29.70,123.000,121.500,116.200,GPS1,SUSP,RW35,0.4,180,360,0.004,+0.07,350,VISUAL,,,,,,,,,,,,,,,,,-10.8,41.2,3019,0,4.6,349,040007FF N100 N100 *,480017FF N100 N100,0.1,0.2,74,97,,1200,ALT,12.5,1970,65,179,13,0.9,5.7,16,163,207,13.2,-4,1090,1110,,
2026-07-21,18:34:20,01:34:20,-07:00,+33.6228463,-116.1564428,-130,3DDiff (GPS nav),264860.3,34.7,1,-0,17,0.11,351.4,13,26,12,61,-144,-2,38.9,41,6.54,-1.36,0.013,0.914,+0.418,+0.559,348,900,,,29.70,123.000,121.500,116.200,GPS1,SUSP,RW35,0.4,180,360,0.004,+0.07,350,VISUAL,,,,,,,,,,,,,,,,,-10.8,41.2,3020,0,4.5,350,040007FF N100 N100 *,480017FF N100 N100,0.0,0.0,68,73,,1200,ALT,12.5,1970,65,179,13,0.8,5.7,16,165,207,13.2,-4,1080,1105,,
2026-07-21,18:34:21,01:34:21,-07:00,+33.6229995,-116.1564424,-130,3DDiff (GPS nav),264861.3,33.4,360,0,17,0.00,350.3,13,26,12,61,-144,-3,38.9,40,9.36,-1.08,0.032,0.903,+0.440,+0.573,348,900,,,29.70,123.000,121.500,116.200,GPS1,SUSP,RW35,0.4,180,360,0.004,+0.07,350,VISUAL,,,,,,,,,,,,,,,,,-10.8,41.2,3021,0,4.5,352,040007FF N100 N100 *,480017FF N99 N100,0.0,0.1,170,176,,1200,ALT,12.5,1930,65,179,13,0.8,5.6,16,167,208,13.2,-4,1075,1095,,
2026-07-21,18:34:22,01:34:22,-07:00,+33.6231479,-116.1564434,-129,3DDiff (GPS nav),264862.3,32.2,1,-0,16,-0.03,351.5,13,26,12,63,-143,14,37.9,40,4.28,-0.33,0.090,1.120,+0.462,+0.713,348,900,,,29.70,123.000,121.500,116.200,GPS1,SUSP,RW35,0.4,180,360,0.004,+0.07,350,VISUAL,,,,,,,,,,,,,,,,,-10.8,41.3,3024,0,4.5,353,040007FF N100 N100 *,480017FF N99 N100,0.4,0.1,116,192,,1200,ALT,12.6,1910,65,179,13,0.8,5.6,16,168,208,13.2,-4,1070,1090,,
2026-07-21,18:34:23,01:34:23,-07:00,+33.6232962,-116.1564420,-129,3DDiff (GPS nav),264863.3,31.5,1,0,16,0.06,352.3,13,26,12,59,-144,11,37.6,39,3.25,-0.57,0.072,0.997,+0.462,+0.453,348,900,,,29.70,123.000,121.500,116.200,GPS1,SUSP,RW35,0.4,180,360,0.004,+0.07,350,VISUAL,,,,,,,,,,,,,,,,,-10.8,41.3,3026,0,4.6,354,020007FF N100 N100 *,480017FF N98 N100,0.1,0.1,68,186,,1200,ALT,15.2,3690,62,179,13,1.0,5.6,16,169,208,13.2,-4,1060,1085,,
2026-07-21,18:34:24,01:34:24,-07:00,+33.6234536,-116.1564363,-129,3DDiff (GPS nav),264864.3,33.6,1,1,18,0.13,352.3,13,26,12,44,-151,-143,38.8,40,6.45,-1.68,0.057,1.060,+0.410,+0.152,348,900,,,29.70,123.000,121.500,116.200,GPS1,SUSP,RW35,0.5,180,360,0.004,+0.07,350,VISUAL,,,,,,,,,,,,,,,,,-10.8,41.3,3020,0,4.6,356,040007FF N100 N100 *,420017FF N98 N100,0.3,0.1,47,74,,1200,ALT,21.1,5260,58,179,13,1.4,5.4,15,177,209,13.2,1,1060,1080,,
2026-07-21,18:34:25,01:34:25,-07:00,+33.6236272,-116.1564277,-127,3DDiff (GPS nav),264865.3,36.7,360,1,20,0.76,349.3,13,26,12,41,-160,-305,38.9,40,5.24,-2.90,0.049,0.988,+0.343,+0.301,348,900,,,29.70,123.000,121.500,116.200,GPS1,SUSP,RW35,0.5,180,360,0.004,+0.07,350,VISUAL,,,,,,,,,,,,,,,,,-10.8,41.3,3011,0,4.7,357,040007FF N100 N100 *,480017FF N98 N100,0.1,0.0,35,65,,1200,ALT,24.8,4800,54,179,13,2.1,5.2,15,183,209,13.2,4,1065,1085,,
2026-07-21,18:34:26,01:34:26,-07:00,+33.6238056,-116.1564226,-125,3DDiff (GPS nav),264866.3,38.4,359,0,20,0.46,345.5,13,26,12,50,-159,-241,38.8,40,2.88,-8.57,0.018,0.942,+0.276,+0.316,348,900,,,29.70,123.000,121.500,116.200,GPS1,SUSP,RW35,0.5,180,360,0.004,+0.07,350,VISUAL,,,,,,,,,,,,,,,,,-10.8,41.3,3011,0,4.7,357,020007FF N100 N100 *,480017FF N97 N100,0.1,0.2,191,160,,1200,ALT,25.0,4060,52,179,13,2.7,5.1,15,175,209,13.3,5,1080,1095,,
2026-07-21,18:34:27,01:34:27,-07:00,+33.6239888,-116.1564280,-125,3DDiff (GPS nav),264867.3,39.2,360,-1,20,-0.33,348.3,13,26,12,56,-154,-39,39.3,41,2.18,-0.38,0.049,0.988,+0.218,+0.321,348,900,,,29.70,123.000,121.500,116.200,GPS1,SUSP,RW35,0.5,180,360,0.004,+0.07,350,VISUAL,,,,,,,,,,,,,,,,,-10.8,41.3,3018,0,4.8,354,020007FF N100 N100 *,480017FF N96 N100,0.1,0.4,104,190,,1200,ALT,22.9,3320,50,179,13,3.1,5.1,15,170,209,13.3,5,1100,1110,,
2026-07-21,18:34:28,01:34:28,-07:00,+33.6241712,-116.1564335,-126,3DDiff (GPS nav),264868.3,39.3,360,-0,20,-0.14,349.1,13,26,12,59,-150,111,40.3,42,3.29,1.22,-0.017,0.995,+0.177,+0.389,348,900,,,29.70,123.000,121.500,116.200,GPS1,SUSP,RW35,0.5,180,360,0.004,+0.07,350,VISUAL,,,,,,,,,,,,,,,,,-10.8,41.3,3022,0,4.8,353,020007FF N100 N100 *,480017FF N96 N100,0.1,0.0,89,166,,1200,ALT,20.0,2400,51,179,13,3.3,5.1,15,167,209,13.3,-3,1110,1120,,
2026-07-21,18:34:29,01:34:29,-07:00,+33.6243501,-116.1564354,-127,3DDiff (GPS nav),264869.3,38.7,359,-0,20,-0.51,348.9,13,26,12,62,-146,184,40.9,43,5.85,-2.22,0.010,1.063,+0.171,+0.481,348,900,,,29.70,123.000,121.500,116.200,GPS1,SUSP,RW35,0.5,180,360,0.004,+0.07,350,VISUAL,,,,,,,,,,,,,,,,,-10.8,41.3,3027,0,4.8,353,020007FF N100 N100 *,480017FF N95 N100,0.3,0.1,80,144,,1200,ALT,16.6,1950,57,180,13,2.9,5.3,15,163,209,13.3,-5,1115,1125,,
2026-07-21,18:34:30,01:34:30,-07:00,+33.6245251,-116.1564388,-128,3DDiff (GPS nav),264870.3,37.8,360,-0,19,-0.05,350.5,13,26,12,61,-145,170,40.8,43,6.14,0.24,-0.005,0.978,+0.194,+0.562,348,900,,,29.70,123.000,121.500,116.200,GPS1,SUSP,RW35,0.5,180,360,0.004,+0.07,350,VISUAL,,,,,,,,,,,,,,,,,-10.8,41.3,3031,0,4.8,354,040007FF N100 N100 *,480017FF N94 N100,0.1,0.2,71,122,,1200,ALT,14.5,1940,60,180,13,2.1,5.4,15,158,209,13.3,-5,1115,1125,,
2026-07-21,18:34:31,01:34:31,-07:00,+33.6246931,-116.1564409,-128,3DDiff (GPS nav),264871.3,36.6,360,-0,19,0.07,350.8,13,26,12,62,-144,121,39.8,42,4.47,-0.36,0.027,0.958,+0.241,+0.579,348,900,,,29.70,123.000,121.500,116.200,GPS1,SUSP,RW35,0.5,180,360,0.004,+0.07,350,VISUAL,,,,,,,,,,,,,,,,,-10.8,41.4,3035,0,4.8,355,040007FF N100 N100 *,480017FF N95 N100,0.1,0.0,79,116,,1200,ALT,13.5,1920,62,180,13,1.7,5.5,15,156,210,13.3,-5,1110,1125,,
2026-07-21,18:34:32,01:34:32,-07:00,+33.6248569,-116.1564395,-128,3DDiff (GPS nav),264872.3,36.2,360,0,19,0.04,350.5,13,26,12,55,-145,47,40.5,42,4.41,0.38,0.049,0.970,+0.278,+0.440,348,900,,,29.70,123.000,121.500,116.200,GPS1,SUSP,RW35,0.5,180,360,0.004,+0.07,350,VISUAL,,,,,,,,,,,,,,,,,-10.8,41.4,3036,0,4.8,357,040007FF N100 N100 *,420017FF N98 N100,0.5,0.1,65,145,,1200,ALT,16.6,4340,60,180,13,1.6,5.5,15,165,210,13.3,-3,1105,1120,,
2026-07-21,18:34:33,01:34:33,-07:00,+33.6250415,-116.1564337,-126,3DDiff (GPS nav),264873.3,38.7,360,0,21,1.08,349.8,13,26,12,42,-154,-168,40.7,42,7.14,-1.71,0.023,1.048,+0.282,+0.336,348,900,,,29.70,123.000,121.500,116.200,GPS1,SUSP,RW35,0.6,180,360,0.004,+0.07,350,VISUAL,,,,,,,,,,,,,,,,,-10.8,41.4,3028,0,4.8,358,020007FF N100 N100 *,480017FF N100 N100,0.4,0.1,71,152,,1200,ALT,22.1,5060,56,180,13,1.9,5.3,15,174,210,13.3,1,1105,1115,COOLANT TEMP,
2026-07-21,18:34:34,01:34:34,-07:00,+33.6252304,-116.1564276,-122,3DDiff (GPS nav),264874.3,40.5,360,1,21,1.12,347.8,13,26,12,50,-158,-237,40.7,42,3.22,-0.79,0.030,0.896,+0.269,+0.265,348,900,,,29.70,123.000,121.500,116.200,GPS1,SUSP,RW35,0.6,180,360,0.004,+0.07,350,VISUAL,,,,,,,,,,,,,,,,,-10.8,41.4,3024,0,4.8,358,040007FF N100 N100 *,420017FF N100 N100,0.2,0.0,114,94,,1200,ALT,23.9,4250,53,180,13,2.4,5.2,15,171,210,13.3,4,1110,1115,COOLANT TEMP,
2026-07-21,18:34:35,01:34:35,-07:00,+33.6254153,-116.1564229,-120,3DDiff (GPS nav),264875.3,40.9,359,0,21,0.08,344.6,13,26,12,59,-153,-78,41.1,43,1.87,-6.12,0.083,0.893,+0.228,+0.094,348,900,,,29.70,123.000,121.500,116.200,GPS1,SUSP,RW35,0.6,180,360,0.004,+0.07,350,VISUAL,,,,,,,,,,,,,,,,,-10.8,41.4,3030,0,4.8,357,020007FF N100 N100 *,480017FF N100 N100,0.2,0.3,166,183,,1200,ALT,22.6,3250,52,180,13,3.0,5.2,15,166,210,13.3,5,1120,1130,COOLANT TEMP,
2026-07-21,18:34:36,01:34:36,-07:00,+33.6256023,-116.1564261,-122,3DDiff (GPS nav),264876.3,40.4,360,-0,21,-0.81,347.2,13,26,12,65,-146,122,41.3,43,3.43,-2.40,0.014,1.025,+0.184,+0.279,348,900,,,29.70,123.000,121.500,116.200,GPS1,SUSP,RW35,0.6,180,360,0.004,+0.07,350,VISUAL,,,,,,,,,,,,,,,,,-10.8,41.4,3039,0,4.8,353,020007FF N100 N100 *,480017FF N100 N100,0.5,0.5,123,142,,1200,ALT,19.1,2180,54,180,13,3.2,5.2,15,172,211,13.3,1,1130,1135,COOLANT TEMP,
2026-07-21,18:34:37,01:34:37,-07:00,+33.6257861,-116.1564313,-124,3DDiff (GPS nav),264877.3,39.6,359,-0,20,-0.30,346.8,13,26,12,66,-142,223,41.9,44,4.25,0.51,0.025,1.022,+0.166,+0.464,348,900,,,29.70,123.000,121.500,116.200,GPS1,SUSP,RW35,0.6,180,360,0.004,+0.07,350,VISUAL,,,,,,,,,,,,,,,,,-10.8,41.4,3046,0,4.7,351,020007FF N100 N100 *,480017FF N100 N100,0.4,0.2,88,87,,1200,ALT,16.4,2040,58,180,13,2.8,5.4,15,174,211,13.3,-1,1135,1140,COOLANT TEMP,
2026-07-21,18:34:38,01:34:38,-07:00,+33.6259693,-116.1564354,-124,3DDiff (GPS nav),264878.3,38.9,360,-0,20,-0.29,348.6,13,26,12,65,-141,196,41.8,44,4.45,0.92,0.009,1.074,+0.180,+0.516,348,900,,,29.70,123.000,121.500,116.200,GPS1,SUSP,RW35,0.6,180,360,0.004,+0.07,350,VISUAL,,,,,,,,,,,,,,,,,-10.8,41.5,3050,0,4.7,351,040007FF N100 N100 *,480017FF N100 N100,0.4,0.0,92,63,,1200,ALT,14.6,2040,61,179,13,2.2,5.4,15,168,211,13.3,-2,1135,1140,COOLANT TEMP,
2026-07-21,18:34:39,01:34:39,-07:00,+33.6261456,-116.1564364,-125,3DDiff (GPS nav),264879.3,38.0,1,-0,19,-0.03,350.0,13,26,12,64,-141,121,41.8,44,4.57,-4.77,0.048,0.962,+0.206,+0.484,348,900,,,29.70,123.000,121.500,116.200,GPS1,SUSP,RW35,0.6,180,360,0.004,+0.07,350,VISUAL,,,,,,,,,,,,,,,,,-10.8,41.5,3051,0,4.7,351,020007FF N100 N100 *,480017FF N100 N100,0.4,0.2,82,103,,1200,ALT,13.6,2060,63,179,13,1.8,5.5,15,158,212,13.3,-3,1130,1140,COOLANT TEMP,
2026-07-21,18:34:40,01:34:40,-07:00,+33.6263157,-116.1564369,-126,3DDiff (GPS nav),264880.3,36.8,360,-0,19,-0.34,350.1,13,26,12,64,-141,48,41.8,44,7.63,-0.52,0.004,0.994,+0.230,+0.460,348,900,,,29.70,123.000,121.500,116.200,GPS1,SUSP,RW35,0.6,180,360,0.004,+0.07,350,VISUAL,,,,,,,,,,,,,,,,,-10.8,41.5,3052,0,4.6,352,040007FF N100 N100 *,480017FF N100 N100,0.4,0.1,177,162,,1200,ALT,13.1,2000,64,179,13,1.6,5.5,15,148,212,13.3,-3,1125,1135,COOLANT TEMP,
2026-07-21,18:34:41,01:34:41,-07:00,+33.6264808,-116.1564379,-126,3DDiff (GPS nav),264881.3,35.7,360,-0,18,0.03,350.3,13,26,12,63,-142,8,40.3,42,6.88,-0.19,0.023,0.950,+0.267,+0.562,348,900,,,29.70,123.000,121.500,116.200,GPS1,SUSP,RW35,0.6,180,360,0.004,+0.07,350,VISUAL,,,,,,,,,,,,,,,,,-10.8,41.5,3054,0,4.6,353,040007FF N100 N100 *,480017FF N100 N100,0.4,0.1,123,219,,1200,ALT,12.9,1970,64,179,13,1.3,5.5,16,138,212,13.3,-4,1115,1130,COOLANT TEMP,
2026-07-21,18:34:42,01:34:42,-07:00,+33.6266404,-116.1564375,-126,3DDiff (GPS nav),264882.3,34.5,360,0,17,-0.06,349.4,13,26,12,64,-142,-7,39.1,41,5.11,0.16,-0.003,1.013,+0.307,+0.540,348,900,,,29.70,123.000,121.500,116.200,GPS1,SUSP,RW35,0.6,180,360,0.004,+0.07,350,VISUAL,,,,,,,,,,,,,,,,,-10.8,41.5,3056,0,4.7,354,040007FF N100 N100 *,480017FF N100 N100,0.4,0.1,165,123,,1200,ALT,12.8,1960,64,179,13,1.2,5.5,16,149,213,13.2,-4,1110,1125,COOLANT TEMP,
2026-07-21,18:34:43,01:34:43,-07:00,+33.6267952,-116.1564385,-126,3DDiff (GPS nav),264883.3,33.6,1,0,17,0.11,351.5,13,26,12,62,-142,-13,38.6,40,2.97,-0.13,0.045,1.006,+0.329,+0.451,348,900,,,29.70,123.000,121.500,116.200,GPS1,SUSP,RW35,0.7,180,360,0.004,+0.07,350,VISUAL,,,,,,,,,,,,,,,,,-10.8,41.5,3057,0,4.7,355,040007FF N100 N100 *,480017FF N100 N100,0.4,0.2,54,75,,1200,ALT,14.5,3290,64,179,13,1.3,5.6,15,162,213,13.2,-4,1100,1120,COOLANT TEMP,
2026-07-21,18:34:44,01:34:44,-07:00,+33.6269584,-116.1564338,-127,3DDiff (GPS nav),264884.3,35.6,1,0,19,0.05,351.0,13,26,12,48,-149,-137,38.7,40,6.93,0.18,0.024,1.062,+0.311,+0.168,348,900,,,29.70,123.000,121.500,116.200,GPS1,SUSP,RW35,0.7,180,360,0.004,+0.07,350,VISUAL,,,,,,,,,,,,,,,,,-10.8,41.6,3052,0,4.7,356,040007FF N100 N100 *,480017FF N100 N100,0.6,0.2,50,103,,1200,ALT,20.5,5230,58,179,13,1.6,5.4,15,177,213,13.2,0,1095,1115,COOLANT TEMP,
2026-07-21,18:34:45,01:34:45,-07:00,+33.6271399,-116.1564251,-124,3DDiff (GPS nav),264885.3,38.8,360,1,21,1.02,348.8,13,26,12,46,-156,-269,37.6,39,5.16,-1.81,0.026,0.949,+0.278,+0.336,348,900,,,29.70,123.000,121.500,116.200,GPS1,SUSP,RW35,0.7,180,360,0.004,+0.07,350,VISUAL,,,,,,,,,,,,,,,,,-10.8,41.6,3044,0,4.8,356,040007FF N100 N100 *,480017FF N100 N100,0.2,0.3,56,177,,1200,ALT,24.4,4760,55,179,13,2.1,5.2,15,190,213,13.2,3,1095,1115,COOLANT TEMP,
2026-07-21,18:34:46,01:34:46,-07:00,+33.6273345,-116.1564169,-121,3DDiff (GPS nav),264886.3,40.6,360,1,21,0.72,346.4,13,26,12,54,-155,-192,37.9,40,2.75,-4.33,0.020,0.932,+0.246,+0.338,348,900,,,29.70,123.000,121.500,116.200,GPS1,SUSP,RW35,0.7,180,360,0.004,+0.07,350,VISUAL,,,,,,,,,,,,,,,,,-10.8,41.6,3044,0,4.8,353,020007FF N100 N100 *,480017FF N100 N100,0.3,0.1,143,115,,1200,ALT,25.1,4240,52,179,13,2.8,5.1,15,182,213,13.3,5,1110,1125,COOLANT TEMP,
2026-07-21,18:34:47,01:34:47,-07:00,+33.6275282,-116.1564159,-121,3DDiff (GPS nav),264887.3,41.7,360,-0,22,0.20,346.6,13,26,12,58,-151,-27,39.1,41,3.06,-5.55,0.036,0.971,+0.205,+0.266,348,900,,,29.70,123.000,121.500,116.200,GPS1,SUSP,RW35,0.7,180,360,0.004,+0.07,350,VISUAL,,,,,,,,,,,,,,,,,-10.8,41.5,3047,0,4.8,349,040007FF N100 N100 *,480017FF N99 N100,0.5,0.1,60,145,,1200,ALT,24.2,3650,51,179,13,3.1,5.1,15,170,213,13.3,6,1125,1135,COOLANT TEMP,
2026-07-21,18:34:48,01:34:48,-07:00,+33.6277203,-116.1564216,-120,3DDiff (GPS nav),264888.3,41.6,360,-1,21,-0.06,347.8,13,26,12,63,-147,103,40.4,42,2.70,-2.48,0.017,0.981,+0.171,+0.319,348,900,,,29.70,123.000,121.500,116.200,GPS1,SUSP,RW35,0.7,180,360,0.004,+0.07,350,VISUAL,,,,,,,,,,,,,,,,,-10.8,41.5,3050,0,4.8,344,020007FF N100 N100 *,480017FF N98 N100,0.6,0.1,81,114,,1200,ALT,20.8,2640,50,179,13,3.4,5.1,15,170,213,13.3,2,1140,1145,COOLANT TEMP,
2026-07-21,18:34:49,01:34:49,-07:00,+33.6279096,-116.1564280,-121,3DDiff (GPS nav),264889.3,40.8,359,-1,21,-0.13,349.1,13,26,12,65,-143,178,42.6,45,1.38,0.87,0.026,0.909,+0.148,+0.370,348,900,,,29.70,123.000,121.500,116.200,GPS1,SUSP,RW35,0.7,180,360,0.004,+0.07,350,VISUAL,,,,,,,,,,,,,,,,,-10.8,41.5,3054,0,4.7,340,040007FF N100 N100 *,480017FF N98 N100,0.4,0.3,229,174,,1200,ALT,18.1,2350,52,179,13,3.5,5.2,15,171,213,13.3,0,1145,1150,COOLANT TEMP,
2026-07-21,18:34:50,01:34:50,-07:00,+33.6280973,-116.1564328,-122,3DDiff (GPS nav),264890.3,39.9,359,-0,20,-0.44,349.7,13,26,12,65,-141,174,44.3,46,3.58,-1.90,0.036,1.038,+0.135,+0.365,348,900,,,29.70,123.000,121.500,116.200,GPS1,SUSP,RW35,0.7,180,360,0.004,+0.07,350,VISUAL,,,,,,,,,,,,,,,,,-10.8,41.5,3057,0,4.7,342,020007FF N100 N100 *,480017FF N97 N100,0.5,0.2,82,84,,1200,ALT,16.4,2200,55,179,13,3.2,5.4,15,174,214,13.3,-1,1145,1155,COOLANT TEMP,
2026-07-21,18:34:51,01:34:51,-07:00,+33.6282783,-116.1564355,-124,3DDiff (GPS nav),264891.3,39.1,359,-0,20,-0.74,350.1,13,26,12,65,-140,126,44.8,47,5.50,0.74,0.030,1.092,+0.139,+0.425,348,900,,,29.70,123.000,121.500,116.200,GPS1,SUSP,RW35,0.7,180,360,0.004,+0.07,350,VISUAL,,,,,,,,,,,,,,,,,-10.8,41.5,3058,0,4.6,344,040007FF N100 N100 *,480017FF N100 N100,0.5,0.1,126,136,,1200,ALT,14.9,2050,59,179,13,2.5,5.5,15,176,214,13.3,-2,1140,1155,COOLANT TEMP,
2026-07-21,18:34:52,01:34:52,-07:00,+33.6284554,-116.1564364,-124,3DDiff (GPS nav),264892.3,38.3,359,-0,19,0.27,349.0,13,26,12,65,-140,71,43.5,46,5.76,-1.32,0.031,0.979,+0.172,+0.614,348,900,,,29.70,123.000,121.500,116.200,GPS1,SUSP,RW35,0.8,180,360,0.004,+0.07,350,VISUAL,,,,,,,,,,,,,,,,,-10.8,41.6,3061,0,4.6,346,020007FF N100 N100 *,480017FF N100 N100,0.1,0.0,91,212,,1200,ALT,14.1,2040,62,179,13,1.9,5.6,15,178,214,13.3,-3,1135,1155,COOLANT TEMP,
2026-07-21,18:34:53,01:34:53,-07:00,+33.6286264,-116.1564363,-123,3DDiff (GPS nav),264893.3,37.0,360,0,19,0.14,350.1,13,26,12,65,-140,42,42.4,44,5.61,-0.16,0.066,1.033,+0.221,+0.542,348,900,,,29.70,123.000,121.500,116.200,GPS1,SUSP,RW35,0.8,180,360,0.004,+0.07,350,VISUAL,,,,,,,,,,,,,,,,,-10.8,41.6,3062,0,4.6,348,040007FF N100 N100 *,480017FF N100 N100,0.1,0.4,81,207,,1200,ALT,13.5,2060,63,179,13,1.4,5.7,15,180,215,13.3,-3,1125,1155,COOLANT TEMP,
2026-07-21,18:34:54,01:34:54,-07:00,+33.6287920,-116.1564354,-123,3DDiff (GPS nav),264894.3,35.8,360,0,18,0.21,349.4,13,26,12,65,-140,24,41.7,44,4.75,-1.54,0.041,0.973,+0.262,+0.490,348,900,,,29.70,123.000,121.500,116.200,GPS1,SUSP,RW35,0.8,180,360,0.004,+0.07,350,VISUAL,,,,,,,,,,,,,,,,,-10.8,41.6,3063,0,4.6,349,040007FF N100 N100 *,480017FF N100 N100,0.2,0.3,91,145,,1200,ALT,13.3,2070,64,179,13,1.3,5.7,15,179,215,13.3,-3,1115,1150,COOLANT TEMP,
2026-07-21,18:34:55,01:34:55,-07:00,+33.6289517,-116.1564349,-123,3DDiff (GPS nav),264895.3,34.8,359,-0,18,-0.27,348.1,13,26,12,65,-140,14,40.4,42,6.87,-5.83,0.015,0.982,+0.298,+0.508,348,900,,,29.70,123.000,121.500,116.200,GPS1,SUSP,RW35,0.8,180,360,0.004,+0.07,350,VISUAL,,,,,,,,,,,,,,,,,-10.8,41.6,3063,0,4.7,350,040007FF N100 N100 *,480017FF N100 N100,0.3,0.2,107,207,,1200,ALT,13.0,1980,64,179,13,1.2,5.7,15,178,215,13.3,-4,1110,1145,COOLANT TEMP,
2026-07-21,18:34:56,01:34:56,-07:00,+33.6291049,-116.1564376,-125,3DDiff (GPS nav),264896.3,33.7,359,-0,17,0.07,348.6,13,26,12,67,-140,12,39.0,41,6.99,0.96,-0.008,0.973,+0.334,+0.684,348,900,,,29.70,123.000,121.500,116.200,GPS1,SUSP,RW35,0.8,180,360,0.004,+0.07,350,VISUAL,,,,,,,,,,,,,,,,,-10.8,41.6,3065,0,4.8,351,020007FF N100 N100 *,480017FF N100 N100,0.1,0.1,308,270,,1200,ALT,12.8,1920,64,179,13,1.0,5.7,15,178,216,13.2,-4,1100,1140,COOLANT TEMP,
2026-07-21,18:34:57,01:34:57,-07:00,+33.6292538,-116.1564430,-125,3DDiff (GPS nav),264897.3,32.5,1,-0,16,0.20,352.4,13,26,12,67,-139,25,37.5,39,4.35,0.23,0.185,1.122,+0.375,+0.680,348,900,,,29.70,123.000,121.500,116.200,GPS1,SUSP,RW35,0.8,180,360,0.004,+0.07,350,VISUAL,,,,,,,,,,,,,,,,,-10.8,41.6,3067,0,4.8,352,020007FF N100 N100 *,420017FF N100 N100,0.1,0.0,345,202,,1200,ALT,12.7,1900,64,179,13,1.0,5.7,16,179,216,13.2,-4,1095,1130,COOLANT TEMP,
2026-07-21,18:34:58,01:34:58,-07:00,+33.6293987,-116.1564404,-125,3DDiff (GPS nav),264898.3,31.5,360,0,16,0.04,350.8,13,26,12,67,-139,21,36.1,38,2.59,-0.39,-0.055,1.008,+0.394,+0.469,348,900,,,29.70,123.000,121.500,116.200,GPS1,SUSP,RW35,0.8,180,360,0.004,+0.07,350,VISUAL,,,,,,,,,,,,,,,,,-10.8,41.6,3068,0,4.9,353,040007FF N100 N100 *,480017FF N100 N100,0.0,0.1,79,131,,1200,ALT,12.9,2050,64,179,13,1.3,5.7,15,180,217,13.2,-4,1085,1125,COOLANT TEMP,
2026-07-21,18:34:59,01:34:59,-07:00,+33.6295417,-116.1564399,-125,3DDiff (GPS nav),264899.3,31.7,360,0,17,0.03,351.3,13,26,12,58,-141,-24,36.8,38,2.85,0.50,0.042,1.027,+0.382,+0.350,348,900,,,29.70,123.000,121.500,116.200,GPS1,SUSP,RW35,0.8,180,360,0.004,+0.07,350,VISUAL,,,,,,,,,,,,,,,,,-10.8,41.6,3067,0,5.0,354,040007FF N100 N100 *,480017FF N100 N100,0.1,0.2,64,108,,1200,ALT,17.1,4560,61,179,13,1.4,5.7,15,182,217,13.2,-3,1080,1115,COOLANT TEMP,
2026-07-21,18:35:00,01:35:00,-07:00,+33.6297038,-116.1564378,-124,3DDiff (GPS nav),264900.3,34.6,360,0,19,0.27,351.1,13,26,12,46,-150,-211,38.1,40,6.72,-1.16,0.076,1.136,+0.327,+0.095,348,900,,,29.70,123.000,121.500,116.200,GPS1,SUSP,RW35,0.8,180,360,0.004,+0.07,350,VISUAL,,,,,,,,,,,,,,,,,-10.8,41.6,3056,0,5.1,356,040007FF N100 N100 *,480017FF N100 N100,0.3,0.1,57,81,,1200,ALT,22.7,5280,57,179,13,1.6,5.4,15,192,213,13.2,2,1080,1110,COOLANT TEMP,
2026-07-21,18:35:01,01:35:01,-07:00,+33.6298798,-116.1564298,-121,3DDiff (GPS nav),264901.3,37.2,359,1,19,1.13,347.4,13,26,12,51,-155,-290,38.2,40,4.03,0.20,0.042,0.910,+0.267,+0.279,348,900,,,29.70,123.000,121.500,116.200,GPS1,SUSP,RW35,0.8,180,360,0.004,+0.07,350,VISUAL,,,,,,,,,,,,,,,,,-10.8,41.6,3049,0,5.2,357,040007FF N100 N100 *,420017FF N100 N100,0.0,0.2,229,224,,1200,ALT,24.3,4160,54,179,13,2.2,5.2,15,191,211,13.2,4,1085,1115,COOLANT TEMP,
2026-07-21,18:35:02,01:35:02,-07:00,+33.6300573,-116.1564200,-119,3DDiff (GPS nav),264902.3,37.8,359,1,20,0.18,344.0,13,23,12,61,-150,-130,39.4,41,2.76,-6.85,0.011,0.923,+0.206,+0.216,348,900,,,29.70,123.000,121.500,116.200,GPS1,SUSP,RW35,0.9,180,360,0.004,+0.07,350,VISUAL,,,,,,,,,,,,,,,,,-10.8,41.6,3051,0,5.3,356,020007FF N100 N100 *,480017FF N100 N100,0.1,0.2,144,142,,1200,ALT,23.4,3680,51,179,13,2.9,5.2,15,184,206,13.3,5,1095,1120,COOLANT TEMP,
2026-07-21,18:35:03,01:35:03,-07:00,+33.6302346,-116.1564187,-119,3DDiff (GPS nav),264903.3,38.0,1,-1,20,-0.28,346.3,13,23,12,64,-145,56,40.5,42,3.39,-6.17,0.080,0.942,+0.160,+0.339,348,900,,,29.70,123.000,121.500,116.200,GPS1,SUSP,RW35,0.9,180,360,0.004,+0.07,350,VISUAL,,,,,,,,,,,,,,,,,-10.8,41.6,3056,0,5.3,353,040007FF N100 N100 *,480017FF N100 N100,0.3,0.5,196,159,,1200,ALT,21.5,3160,50,179,13,3.1,5.2,15,182,203,13.3,4,1110,1130,,
2026-07-21,18:35:04,01:35:04,-07:00,+33.6304113,-116.1564271,-120,3DDiff (GPS nav),264904.3,38.0,1,-1,20,-0.27,350.2,13,26,12,65,-142,151,41.8,44,3.79,1.53,0.078,1.025,+0.141,+0.429,348,900,,,29.70,123.000,121.500,116.200,GPS1,SUSP,RW35,0.9,180,360,0.004,+0.07,350,VISUAL,,,,,,,,,,,,,,,,,-10.8,41.6,3059,0,5.4,351,020007FF N100 N100 *,480017FF N100 N100,0.1,0.3,164,206,,1200,ALT,20.1,3020,50,179,13,3.0,5.3,15,181,204,13.3,2,1115,1130,,
2026-07-21,18:35:05,01:35:05,-07:00,+33.6305876,-116.1564297,-120,3DDiff (GPS nav),264905.3,38.0,359,-0,19,-0.18,349.5,13,26,12,64,-141,142,42.7,45,4.10,-1.04,0.026,0.979,+0.142,+0.427,348,900,,,29.70,123.000,121.500,116.200,GPS1,SUSP,RW35,0.9,180,360,0.004,+0.07,350,VISUAL,,,,,,,,,,,,,,,,,-10.8,41.6,3059,0,5.4,352,040007FF N100 N100 *,480017FF N100 N100,0.0,0.2,89,67,,1200,ALT,18.9,2800,50,179,13,3.1,5.3,15,180,207,13.3,0,1115,1130,,
2026-07-21,18:35:06,01:35:06,-07:00,+33.6307724,-116.1564290,-120,3DDiff (GPS nav),264906.3,37.8,359,0,19,0.01,348.0,13,26,12,62,-142,83,43.3,45,5.11,-1.34,0.039,1.048,+0.151,+0.408,348,900,,,29.70,123.000,121.500,116.200,GPS1,SUSP,RW35,0.9,180,360,0.004,+0.07,350,VISUAL,,,,,,,,,,,,,,,,,-10.8,41.6,3059,0,5.5,353,040007FF N100 N100 *,480017FF N100 N100,0.1,0.3,74,125,,1200,ALT,19.1,3350,50,179,13,3.0,5.3,15,184,209,13.3,-4,1115,1130,,
2026-07-21,18:35:07,01:35:07,-07:00,+33.6309464,-116.1564295,-119,3DDiff (GPS nav),264907.3,37.7,359,-0,19,0.23,347.1,13,26,12,63,-143,22,42.5,45,3.02,-1.71,0.076,0.938,+0.171,+0.448,348,900,,,29.70,123.000,121.500,116.200,GPS1,SUSP,RW35,0.9,180,360,0.004,+0.07,350,VISUAL,,,,,,,,,,,,,,,,,-10.8,41.6,3059,0,5.5,353,040007FF N100 N100 *,480017FF N100 N100,0.0,0.2,84,70,,1200,ALT,18.8,2960,50,179,13,2.9,5.4,15,184,210,13.3,-8,1115,1130,,
2026-07-21,18:35:08,01:35:08,-07:00,+33.6311158,-116.1564312,-120,3DDiff (GPS nav),264908.3,37.2,1,-0,19,0.24,349.0,13,23,12,64,-142,11,43.0,45,3.68,-4.16,0.024,0.935,+0.189,+0.421,348,900,,,29.70,123.000,121.500,116.200,GPS1,SUSP,RW35,0.9,180,360,0.004,+0.07,350,VISUAL,,,,,,,,,,,,,,,,,-10.8,41.6,3059,0,5.6,353,040007FF N100 N100 *,480017FF N100 N100,0.1,0.2,101,84,,1200,ALT,18.4,2790,52,179,13,2.8,5.4,15,183,210,13.3,-26,1115,1125,,
2026-07-21,18:35:09,01:35:09,-07:00,+33.6312884,-116.1564366,-121,3DDiff (GPS nav),264909.3,36.5,360,-0,19,-0.43,349.9,13,23,12,65,-141,20,43.3,45,5.45,-1.73,-0.022,1.040,+0.197,+0.355,348,900,,,29.70,123.000,121.500,116.200,GPS1,SUSP,RW35,0.9,180,360,0.004,+0.07,350,VISUAL,,,,,,,,,,,,,,,,,-10.8,41.5,3058,0,5.6,353,040007FF N100 N100 *,480017FF N100 N100,0.3,0.3,97,119,,1200,ALT,17.6,2480,54,179,13,2.7,5.5,15,190,210,13.3,-28,1110,1125,COOLANT TEMP,
2026-07-21,18:35:10,01:35:10,-07:00,+33.6314536,-116.1564397,-122,3DDiff (GPS nav),264910.3,35.7,359,-0,18,-0.17,349.8,13,26,12,66,-140,37,43.1,45,5.90,2.24,0.011,0.994,+0.209,+0.461,348,900,,,29.70,123.000,121.500,116.200,GPS1,SUSP,RW35,0.9,180,360,0.004,+0.07,350,VISUAL,,,,,,,,,,,,,,,,,-10.8,41.5,3060,0,5.7,354,020007FF N100 N100 *,480017FF N99 N100,0.3,0.6,148,125,,1200,ALT,17.3,2680,54,179,13,2.5,5.5,15,199,210,13.3,-20,1105,1125,COOLANT TEMP,
2026-07-21,18:35:11,01:35:11,-07:00,+33.6316131,-116.1564381,-122,3DDiff (GPS nav),264911.3,35.5,358,0,18,-0.10,347.4,13,26,12,64,-140,27,41.2,43,7.29,0.01,0.019,1.042,+0.234,+0.513,348,900,,,29.70,123.000,121.500,116.200,GPS1,SUSP,RW35,0.9,180,360,0.004,+0.07,350,VISUAL,,,,,,,,,,,,,,,,,-10.8,41.6,3062,0,5.8,354,020007FF N100 N100 *,480017FF N99 N100,0.1,0.2,63,150,,1200,ALT,18.4,3370,53,179,13,2.4,5.5,15,199,209,13.3,-37,1100,1125,COOLANT TEMP,
2026-07-21,18:35:12,01:35:12,-07:00,+33.6317781,-116.1564344,-122,3DDiff (GPS nav),264912.3,35.6,359,0,18,0.03,345.3,13,26,12,62,-142,-18,39.3,41,7.47,-4.47,0.038,1.021,+0.264,+0.508,348,900,,,29.70,123.000,121.500,116.200,GPS1,SUSP,RW35,1.0,180,360,0.004,+0.07,350,VISUAL,,,,,,,,,,,,,,,,,-10.8,41.6,3061,0,5.9,355,020007FF N100 N100 *,480017FF N98 N100,0.1,0.3,44,59,,1200,ALT,19.1,3370,51,179,13,2.2,5.5,15,199,209,13.3,-58,1100,1125,,
2026-07-21,18:35:13,01:35:13,-07:00,+33.6319451,-116.1564357,-122,3DDiff (GPS nav),264913.3,35.9,1,-0,19,0.21,347.9,13,26,12,61,-143,-50,37.6,39,5.64,-1.36,0.026,0.932,+0.295,+0.535,348,900,,,29.70,123.000,121.500,116.200,GPS1,SUSP,RW35,1.0,180,360,0.004,+0.07,350,VISUAL,,,,,,,,,,,,,,,,,-10.8,41.6,3060,0,6.0,354,040007FF N100 N100 *,480017FF N99 N100,0.2,0.2,59,177,,1200,ALT,19.7,3450,49,179,13,2.1,5.5,15,198,208,13.3,-63,1100,1120,,
2026-07-21,18:35:14,01:35:14,-07:00,+33.6321141,-116.1564401,-122,3DDiff (GPS nav),264914.3,35.8,1,-0,18,-0.17,350.3,13,23,12,65,-143,-32,35.8,37,9.70,1.00,0.055,1.072,+0.328,+0.577,348,900,,,29.70,123.000,121.500,116.200,GPS1,SUSP,RW35,1.0,180,360,0.004,+0.07,350,VISUAL,,,,,,,,,,,,,,,,,-10.8,41.6,3060,0,6.1,352,020007FF N100 N100 *,480017FF N100 N100,0.0,0.3,124,127,,1200,ALT,18.3,2350,49,179,13,2.1,5.6,15,198,208,13.3,-60,1100,1120,,
2026-07-21,18:35:15,01:35:15,-07:00,+33.6322763,-116.1564388,-121,3DDiff (GPS nav),264915.3,34.9,360,0,18,-0.40,350.4,13,23,12,70,-140,47,35.7,37,5.49,-3.86,0.036,0.860,+0.368,+0.697,348,900,,,29.70,123.000,121.500,116.200,GPS1,SUSP,RW35,1.0,180,360,0.004,+0.07,350,VISUAL,,,,,,,,,,,,,,,,,-10.8,41.6,3063,0,6.1,352,020007FF N100 N100 *,480017FF N100 N100,0.4,0.1,143,184,,1200,ALT,16.1,1900,55,179,13,1.8,5.6,15,201,208,13.3,-39,1100,1120,,
2026-07-21,18:35:16,01:35:16,-07:00,+33.6324324,-116.1564381,-121,3DDiff (GPS nav),264916.3,33.7,1,0,17,0.13,351.7,13,23,12,70,-137,112,36.2,38,3.51,0.35,0.029,0.960,+0.392,+0.531,348,900,,,29.70,123.000,121.500,116.200,GPS1,SUSP,RW35,1.0,180,360,0.004,+0.07,350,VISUAL,,,,,,,,,,,,,,,,,-10.8,41.6,3066,0,6.1,354,020007FF N100 N100 *,420017FF N100 N100,0.3,0.1,163,293,,1200,ALT,14.7,1890,59,179,13,1.6,5.6,15,206,209,13.3,-26,1095,1120,,
2026-07-21,18:35:17,01:35:17,-07:00,+33.6325829,-116.1564371,-121,3DDiff (GPS nav),264917.3,32.6,360,0,17,0.03,351.4,13,26,12,68,-136,96,37.1,39,4.22,0.00,0.015,1.006,+0.395,+0.448,348,900,,,29.70,123.000,121.500,116.200,GPS1,SUSP,RW35,1.0,180,360,0.004,+0.07,350,VISUAL,,,,,,,,,,,,,,,,,-10.8,41.6,3067,0,6.1,355,040007FF N100 N100 *,480017FF N100 N100,0.2,0.1,68,82,,1200,ALT,13.7,1920,61,179,13,1.5,5.6,15,209,211,13.3,-16,1090,1120,,
2026-07-21,18:35:18,01:35:18,-07:00,+33.6327294,-116.1564351,-121,3DDiff (GPS nav),264918.3,31.6,360,0,16,0.06,350.4,13,26,12,68,-137,51,37.7,39,4.61,-0.00,-0.055,1.058,+0.380,+0.438,348,900,,,29.70,123.000,121.500,116.200,GPS1,SUSP,RW35,1.0,180,360,0.004,+0.07,350,VISUAL,,,,,,,,,,,,,,,,,-10.8,41.6,3066,0,6.1,357,040007FF N100 N100 *,480017FF N100 N100,0.3,0.1,85,90,,1200,ALT,13.2,1900,63,179,13,1.3,5.6,15,210,212,13.3,-11,1085,1115,,
2026-07-21,18:35:19,01:35:19,-07:00,+33.6328723,-116.1564359,-121,3DDiff (GPS nav),264919.3,30.8,360,-0,16,0.01,350.9,13,26,12,69,-137,27,37.9,40,3.50,0.11,-0.023,0.959,+0.359,+0.446,348,900,,,29.70,123.000,121.500,116.200,GPS1,SUSP,RW35,1.0,180,360,0.004,+0.07,350,VISUAL,,,,,,,,,,,,,,,,,-10.8,41.6,3067,0,6.1,357,040007FF N100 N100 *,480017FF N100 N100,0.1,0.1,72,70,,1200,ALT,12.9,1910,63,179,13,1.1,5.7,15,212,213,13.3,-8,1080,1110,COOLANT TEMP,
2026-07-21,18:35:20,01:35:20,-07:00,+33.6330122,-116.1564359,-121,3DDiff (GPS nav),264920.3,30.1,360,-0,15,0.02,349.9,13,23,12,73,-135,46,38.4,40,4.07,0.02,-0.015,1.023,+0.321,+0.307,348,900,,,29.70,123.000,121.500,116.200,GPS1,SUSP,RW35,1.0,180,360,0.004,+0.07,350,VISUAL,,,,,,,,,,,,,,,,,-10.8,41.6,3069,0,6.1,358,040007FF N100 N100 *,480017FF N100 N100,0.2,0.0,87,104,,1200,ALT,12.8,1900,64,179,13,1.0,5.7,15,214,214,13.2,-7,1070,1105,COOLANT TEMP,
2026-07-21,18:35:21,01:35:21,-07:00,+33.6331457,-116.1564400,-121,3DDiff (GPS nav),264921.3,29.1,359,-0,15,0.09,349.1,13,23,12,74,-133,74,37.1,39,2.14,-0.20,-0.008,1.072,+0.269,+0.277,348,900,,,29.70,123.000,121.500,116.200,GPS1,SUSP,RW35,1.0,180,360,0.004,+0.07,350,VISUAL,,,,,,,,,,,,,,,,,-10.8,41.6,3072,0,6.1,358,040007FF N100 N100 *,480017FF N100 N100,0.1,0.1,85,93,,1200,ALT,12.8,1870,64,179,13,1.1,5.7,15,216,214,13.2,-6,1065,1100,COOLANT TEMP,
2026-07-21,18:35:22,01:35:22,-07:00,+33.6332716,-116.1564434,-121,3DDiff (GPS nav),264922.3,27.4,359,-0,14,0.02,349.5,13,23,12,74,-132,79,35.4,37,2.52,-0.32,0.028,1.015,+0.211,+0.164,348,900,,,29.70,123.000,121.500,116.200,GPS1,SUSP,RW35,1.0,180,360,0.004,+0.07,350,VISUAL,,,,,,,,,,,,,,,,,-10.8,41.6,3074,0,6.2,359,040007FF N100 N100 *,480017FF N100 N100,0.1,0.1,60,117,,1200,ALT,12.8,1860,64,179,13,1.1,5.7,16,217,215,13.2,-6,1060,1095,COOLANT TEMP,
2026-07-21,18:35:23,01:35:23,-07:00,+33.6333861,-116.1564452,-121,3DDiff (GPS nav),264923.3,25.8,360,-0,13,-0.01,351.1,13,26,12,74,-131,66,34.3,36,2.63,-0.11,0.032,1.047,+0.152,+0.114,348,900,,,29.70,123.000,121.500,116.200,GPS1,SUSP,RW35,1.1,180,360,0.004,+0.07,350,VISUAL,,,,,,,,,,,,,,,,,-10.8,41.6,3076,0,6.3,359,040007FF N100 N100 *,480017FF N100 N100,0.1,0.1,61,72,,1200,ALT,12.8,1840,64,179,13,1.1,5.7,16,216,216,13.2,-6,1055,1090,COOLANT TEMP,
2026-07-21,18:35:24,01:35:24,-07:00,+33.6334984,-116.1564440,-121,3DDiff (GPS nav),264924.3,24.4,360,0,12,-0.02,349.8,13,26,12,75,-131,53,33.3,35,3.46,-0.19,-0.039,0.931,+0.091,-0.042,348,900,,,29.70,123.000,121.500,116.200,GPS1,SUSP,RW35,1.1,180,360,0.004,+0.07,350,VISUAL,,,,,,,,,,,,,,,,,-10.8,41.6,3077,0,6.4,360,040007FF N100 N100 *,480017FF N100 N100,0.3,0.0,150,140,,1200,ALT,12.8,1820,63,179,13,1.1,5.7,16,216,216,13.2,-6,1050,1085,COOLANT TEMP,
2026-07-21,18:35:25,01:35:25,-07:00,+33.6336029,-116.1564469,-121,3DDiff (GPS nav),264925.3,22.8,358,-0,11,-0.02,347.4,13,26,12,75,-130,40,31.4,33,1.92,-0.12,0.018,1.001,+0.032,-0.084,348,900,,,29.70,123.000,121.500,116.200,GPS1,SUSP,RW35,1.1,180,360,0.004,+0.07,350,VISUAL,,,,,,,,,,,,,,,,,-10.8,41.6,3078,0,6.5,360,040007FF N100 N100 *,480017FF N100 N100,0.2,0.2,147,160,,1200,ALT,12.9,1810,63,179,13,1.1,5.8,16,215,217,13.2,-6,1045,1080,COOLANT TEMP,
2026-07-21,18:35:26,01:35:26,-07:00,+33.6336980,-116.1564535,-121,3DDiff (GPS nav),264926.3,20.2,357,-1,10,-0.02,347.1,13,23,12,77,-130,36,28.9,30,2.39,-0.04,0.018,1.027,-0.023,,348,900,,,29.70,123.000,121.500,116.200,GPS1,SUSP,RW35,1.1,180,360,0.004,+0.07,350,VISUAL,,,,,,,,,,,,,,,,,-10.8,41.6,3080,0,6.7,360,040007FF N100 N100 *,480017FF N100 N100,0.0,0.2,102,110,,1200,ALT,12.9,1790,62,179,13,1.1,5.8,16,214,217,13.2,-6,1040,1075,COOLANT TEMP,
2026-07-21,18:35:27,01:35:27,-07:00,+33.6337842,-116.1564571,-120,3DDiff (GPS nav),264927.3,18.6,358,-0,9,0.09,349.0,13,23,12,78,-129,44,27.4,29,2.05,-0.20,0.022,1.101,-0.063,,348,900,,,29.70,123.000,121.500,116.200,GPS1,SUSP,RW35,1.1,180,360,0.004,+0.07,350,VISUAL,,,,,,,,,,,,,,,,,-10.8,41.6,3083,0,6.8,360,040007FF N100 N100 *,480017FF N100 N100,0.2,0.0,66,97,,1200,ALT,13.0,1770,62,179,13,1.1,5.8,16,213,218,13.2,-8,1035,1070,COOLANT TEMP,
2026-07-21,18:35:28,01:35:28,-07:00,+33.6338577,-116.1564592,-120,3DDiff (GPS nav),264928.3,16.2,,-0,8,0.09,346.6,13,23,12,78,-128,44,24.5,26,2.05,-0.27,-0.058,1.050,-0.094,,348,900,,,29.70,123.000,121.500,116.200,GPS1,SUSP,RW35,1.1,180,360,0.004,+0.07,350,VISUAL,,,,,,,,,,,,,,,,,-10.8,41.7,3085,0,7.0,360,040007FF N100 N100 *,480017FF N100 N100,0.1,0.2,73,83,,1200,ALT,13.0,1760,62,179,13,1.1,5.8,15,214,218,13.2,-9,1030,1065,COOLANT TEMP,
2026-07-21,18:35:29,01:35:29,-07:00,+33.6339190,-116.1564657,-120,3DDiff (GPS nav),264929.3,13.6,,-1,6,0.02,340.1,13,26,12,77,-128,29,21.2,22,2.01,-0.06,-0.099,0.942,-0.125,,348,900,,,29.70,123.000,121.500,116.200,GPS1,SUSP,RW35,1.1,180,360,0.004,+0.07,350,VISUAL,,,,,,,,,,,,,,,,,-10.8,41.7,3087,0,,,040007FF N100 N100 *,480017FF N100 N100,0.1,0.1,65,66,,1200,ALT,13.1,1740,61,180,13,1.1,5.8,15,216,219,13.2,-9,1025,1055,COOLANT TEMP,
2026-07-21,18:35:30,01:35:30,-07:00,+33.6339686,-116.1564790,-120,3DDiff (GPS nav),264930.3,11.3,,-2,5,-0.03,330.1,13,26,12,78,-128,15,19.7,21,2.28,-0.09,-0.101,1.047,-0.154,,348,900,,,29.70,123.000,121.500,116.200,GPS1,SUSP,RW35,1.1,180,360,0.008,+0.13,350,VISUAL,,,,,,,,,,,,,,,,,-10.8,41.7,3089,,,,020007FF N100 N100 *,480017FF N100 N100,0.0,0.1,105,103,,1200,ALT,13.2,1730,61,180,13,1.1,5.8,15,218,219,13.2,-9,1020,1050,COOLANT TEMP,
2026-07-21,18:35:31,01:35:31,-07:00,+33.6340125,-116.1565018,-120,3DDiff (GPS nav),264931.3,10.4,,-2,5,0.00,319.0,13,26,12,79,-127,17,20.0,21,2.41,0.04,-0.100,0.944,-0.170,,348,900,,,29.70,123.000,121.500,116.200,GPS1,SUSP,RW35,1.1,180,360,0.008,+0.14,350,VISUAL,,,,,,,,,,,,,,,,,-10.8,41.7,3090,,,,020007FF N100 N100 *,480017FF N100 N100,0.0,0.0,88,65,,1200,ALT,13.2,1740,61,180,13,1.1,5.8,15,220,219,13.2,-9,1015,1045,COOLANT TEMP,
2026-07-21,18:35:32,01:35:32,-07:00,+33.6340482,-116.1565340,-121,3DDiff (GPS nav),264932.3,10.3,,-3,4,-0.03,307.0,13,23,12,79,-127,26,20.9,22,2.51,0.12,-0.156,1.044,-0.173,,348,900,,,29.70,123.000,121.500,116.200,GPS1,SUSP,RW35,1.1,180,360,0.008,+0.14,350,VISUAL,,,,,,,,,,,,,,,,,-10.8,41.7,3091,,,,020007FF N100 N100 *,480017FF N100 N100,0.1,0.1,64,62,,1200,ALT,13.2,1740,61,180,13,1.1,5.8,15,221,219,13.2,-8,1010,1040,COOLANT TEMP,
2026-07-21,18:35:33,01:35:33,-07:00,+33.6340801,-116.1565773,-121,3DDiff (GPS nav),264933.3,10.4,,-4,3,0.04,295.3,13,23,12,79,-126,27,21.6,22,2.22,0.14,-0.137,0.982,-0.165,,348,900,,,29.70,123.000,121.500,116.200,GPS1,SUSP,RW35,1.1,180,360,0.012,+0.20,350,VISUAL,,,,,,,,,,,,,,,,,-10.8,41.7,3091,,,,020007FF N100 N100 *,480017FF N100 N100,0.3,0.2,58,77,,1200,ALT,13.3,1730,61,180,13,1.1,5.7,15,221,219,13.2,-25,1005,1035,COOLANT TEMP,
2026-07-21,18:35:34,01:35:34,-07:00,+33.6341051,-116.1566271,-121,3DDiff (GPS nav),264934.3,10.5,,-5,3,-0.02,284.0,13,23,12,80,-126,25,22.3,23,2.11,-0.01,-0.105,0.993,-0.141,,348,900,,,29.70,123.000 TX,121.500,116.200,GPS1,SUSP,RW35,1.1,179,360,0.012,+0.20,350,VISUAL,,,,,,,,,,,,,,,,,-10.8,41.7,3092,,,,020007FF N100 N100 *,480017FF N100 N100,0.4,0.2,50,65,,1200,ALT,14.0,2230,60,180,13,1.1,5.7,15,222,218,13.2,-47,1000,1030,COOLANT TEMP,
2026-07-21,18:35:35,01:35:35,-07:00,+33.6341241,-116.1566861,-122,3DDiff (GPS nav),264935.3,11.0,,-5,2,0.01,277.1,13,26,12,81,-125,34,23.1,24,2.48,0.02,-0.046,1.036,-0.107,,348,900,,,29.70,123.000 TX,121.500 RX,116.200,GPS1,SUSP,RW35,1.1,179,360,0.016,+0.27,350,VISUAL,,,,,,,,,,,,,,,,,-10.8,41.7,3093,,,,020007FF N100 N100 *,480017FF N100 N100,0.4,0.2,99,110,,1200,ALT,14.9,2140,60,181,13,1.4,5.6,15,222,215,13.2,-39,995,1030,COOLANT TEMP,
2026-07-21,18:35:36,01:35:36,-07:00,+33.6341368,-116.1567462,-122,3DDiff (GPS nav),264936.3,11.4,,-6,1,-0.10,270.6,13,26,12,83,-124,51,23.4,24,2.51,0.17,-0.047,0.952,-0.062,,348,900,,,29.70,123.000 TX,121.500 RX,116.200,GPS1,SUSP,RW35,1.1,179,360,0.020,+0.34,350,VISUAL,,,,,,,,,,,,,,,,,-10.8,41.7,3095,,,,020007FF N100 N100 *,480017FF N100 N100,0.6,0.1,117,129,,1200,ALT,15.2,2080,61,181,13,1.6,5.6,15,222,213,13.2,-33,995,1025,COOLANT TEMP,
2026-07-21,18:35:37,01:35:37,-07:00,+33.6341461,-116.1568130,-122,3DDiff (GPS nav),264937.3,11.9,,-6,1,-0.03,264.6,13,26,12,84,-122,71,22.4,23,2.22,0.63,-0.049,1.052,-0.023,,348,900,,,29.70,123.000 TX,121.500 RX,116.200,GPS1,SUSP,RW35,1.1,179,360,0.023,+0.41,350,VISUAL,,,,,,,,,,,,,,,,,-10.8,41.7,3098,,,,020007FF N100 N100 *,480017FF N100 N100,0.6,0.2,81,88,,1200,ALT,15.3,1980,62,181,13,1.6,5.6,15,222,213,13.2,-23,990,1025,COOLANT TEMP,
2026-07-21,18:35:38,01:35:38,-07:00,+33.6341520,-116.1568795,-121,3DDiff (GPS nav),264938.3,12.2,,-6,0,-0.03,260.4,13,23,12,84,-121,69,21.6,23,2.28,0.36,0.010,0.963,+0.011,,348,900,,,29.70,123.000 TX,121.500 RX,116.200,GPS1,SUSP,RW35,1.1,179,360,0.027,+0.45,350,VISUAL,,,,,,,,,,,,,,,,,-10.8,41.7,3099,,,,020007FF N100 N100 *,480017FF N100 N100,0.7,0.1,70,113,,1200,ALT,15.0,1870,63,181,13,1.3,5.7,15,222,214,13.2,-18,985,1025,COOLANT TEMP,
2026-07-21,18:35:39,01:35:39,-07:00,+33.6341523,-116.1569466,-121,3DDiff (GPS nav),264939.3,12.4,,-6,-0,-0.04,259.1,13,23,12,84,-121,47,20.5,21,2.18,0.63,-0.072,0.964,+0.044,,348,900,,,29.70,123.000 TX,121.500 RX,116.200,GPS1,SUSP,RW35,1.1,179,360,0.031,+0.52,350,VISUAL,,,,,,,,,,,,,,,,,-10.8,41.7,3100,,,,040007FF N100 N100 *,480017FF N100 N100,0.9,0.2,86,108,,1200,ALT,14.6,1740,62,181,13,1.2,5.7,15,222,215,13.2,-24,985,1025,COOLANT TEMP,
2026-07-21,18:35:40,01:35:40,-07:00,+33.6341511,-116.1570164,-121,3DDiff (GPS nav),264940.3,12.6,,-7,-0,-0.05,257.4,13,23,12,84,-121,27,19.5,20,2.65,0.82,-0.035,1.005,+0.072,,348,900,,,29.70,123.000 TX,121.500,116.200,GPS1,SUSP,RW35,1.1,178,360,0.031,+0.54,350,VISUAL,,,,,,,,,,,,,,,,,-10.8,41.7,3100,,,,040007FF N100 N100 *,480017FF N100 N100,1.0,0.2,80,65,,1200,ALT,14.1,1740,61,181,13,1.0,5.7,15,222,215,13.2,-42,980,1025,COOLANT TEMP,
2026-07-21,18:35:41,01:35:41,-07:00,+33.6341479,-116.1570865,-121,3DDiff (GPS nav),264941.3,12.7,,-6,-0,0.02,256.5,13,26,12,83,-122,2,19.0,20,2.52,0.56,-0.026,1.010,+0.094,,348,900,,,29.70,123.000,121.500,116.200,GPS1,SUSP,RW35,1.1,178,360,0.035,+0.61,350,VISUAL,,,,,,,,,,,,,,,,,-10.8,41.7,3100,,,,040007FF N100 N100 *,480017FF N100 N100,1.1,0.0,58,53,,1200,ALT,13.8,1740,61,181,13,1.0,5.7,15,222,215,13.2,-37,975,1025,COOLANT TEMP,
2026-07-21,18:35:42,01:35:42,-07:00,+33.6341448,-116.1571529,-121,3DDiff (GPS nav),264942.3,12.1,,-6,-0,-0.01,256.2,13,26,12,83,-122,-14,18.8,20,2.66,0.14,0.001,1.038,+0.114,,348,900,,,29.70,123.000,121.500,116.200,GPS1,SUSP,RW35,1.1,178,360,0.039,+0.68,350,VISUAL,,,,,,,,,,,,,,,,,-10.8,41.7,3099,,,,040007FF N100 N100 *,480017FF N100 N100,1.2,0.1,65,43,,1200,ALT,13.7,1750,61,181,13,0.9,5.7,15,222,215,13.2,-26,970,1020,COOLANT TEMP,
2026-07-21,18:35:43,01:35:43,-07:00,+33.6341407,-116.1572130,-121,3DDiff (GPS nav),264943.3,11.0,,-5,-0,0.00,256.4,13,26,12,84,-122,-1,18.6,20,2.54,-0.20,0.008,1.026,+0.135,,348,900,,,29.70,123.000,121.500,116.200,GPS1,SUSP,RW35,1.1,178,360,0.043,+0.75,350,VISUAL,,,,,,,,,,,,,,,,,-10.8,41.7,3101,,,,040007FF N100 N100 *,480017FF N100 N100,1.2,0.1,77,51,,1200,ALT,13.6,1740,61,182,13,0.9,5.7,15,222,215,13.2,-18,970,1015,COOLANT TEMP,
2026-07-21,18:35:44,01:35:44,-07:00,+33.6341349,-116.1572704,-122,3DDiff (GPS nav),264944.3,10.4,,-5,-0,0.01,256.6,13,23,12,84,-121,8,19.4,20,2.76,-0.18,-0.024,0.974,+0.146,,348,900,,,29.70,123.000,121.500,116.200,GPS1,SUSP,RW35,1.1,178,360,0.047,+0.81,350,VISUAL,,,,,,,,,,,,,,,,,-10.8,41.7,3101,,,,040007FF N100 N100 *,480017FF N100 N100,1.1,0.1,104,85,,1200,ALT,13.5,1750,61,182,13,0.9,5.7,15,222,216,13.2,-13,965,1010,COOLANT TEMP,
2026-07-21,18:35:45,01:35:45,-07:00,+33.6341319,-116.1573307,-122,3DDiff (GPS nav),264945.3,10.4,,-5,-0,0.03,257.2,13,23,12,85,-121,12,20.6,22,2.90,-0.24,0.025,0.997,+0.150,,348,900,,,29.70,123.000,121.500,116.200,GPS1,SUSP,RW35,1.1,178,360,0.047,+0.81,350,VISUAL,,,,,,,,,,,,,,,,,-10.8,41.7,3102,,,,040007FF N100 N100 *,480017FF N100 N100,1.0,0.0,76,62,,1200,ALT,13.4,1750,61,182,13,0.9,5.7,15,222,216,13.2,-11,960,1010,COOLANT TEMP,
2026-07-21,18:35:46,01:35:46,-07:00,+33.6341305,-116.1573872,-122,3DDiff (GPS nav),264946.3,10.4,,-5,0,0.05,260.1,13,23,12,85,-121,22,21.3,22,2.73,-0.21,0.031,0.962,+0.152,,348,900,,,29.70,123.000,121.500,116.200,GPS1,SUSP,RW35,1.1,177,360,0.051,+0.88,350,VISUAL,,,,,,,,,,,,,,,,,-10.8,41.7,3103,,,,040007FF N100 N100 *,480017FF N100 N100,1.0,0.1,74,53,,1200,ALT,13.4,1750,60,182,13,0.9,5.7,15,222,216,13.2,-24,960,1005,COOLANT TEMP,
2026-07-21,18:35:47,01:35:47,-07:00,+33.6341319,-116.1574459,-122,3DDiff (GPS nav),264947.3,10.6,,-5,0,0.03,262.1,13,26,12,84,-121,8,21.3,22,2.84,-0.12,0.015,0.952,+0.157,,348,900,,,29.70,123.000,121.500,116.200,GPS1,SUSP,RW35,1.1,177,360,0.055,+0.95,350,VISUAL,,,,,,,,,,,,,,,,,-10.8,41.7,3103,,,,040007FF N100 N100 *,480017FF N100 N100,1.0,0.1,72,54,,1200,ALT,13.4,1760,60,182,13,1.0,5.7,15,221,216,13.2,-122,960,1000,COOLANT TEMP,
2026-07-21,18:35:48,01:35:48,-07:00,+33.6341344,-116.1575047,-122,3DDiff (GPS nav),264948.3,10.6,,-5,0,0.09,263.1,13,26,12,84,-121,-4,21.7,23,2.66,-0.08,-0.031,0.983,+0.159,,348,900,,,29.70,123.000,121.500,116.200,GPS1,SUSP,RW35,1.1,177,360,0.059,+1.00,350,VISUAL,,,,,,,,,,,,,,,,,-10.8,41.7,3102,,,,040007FF N100 N100 *,480017FF N100 N100,1.0,0.1,69,92,,1200,ALT,13.3,1770,60,182,13,1.0,5.7,15,221,217,13.2,-96,955,1000,COOLANT TEMP,
2026-07-21,18:35:49,01:35:49,-07:00,+33.6341381,-116.1575636,-122,3DDiff (GPS nav),264949.3,10.7,,-5,0,0.06,262.8,13,26,12,84,-121,-8,21.9,23,2.48,0.15,-0.041,1.001,+0.153,,348,900,,,29.70,123.000,121.500,116.200,GPS1,SUSP,RW35,1.1,177,360,0.059,+1.00,350,VISUAL,,,,,,,,,,,,,,,,,-10.8,41.7,3102,,,,040007FF N100 N100 *,480017FF N100 N100,0.9,0.1,86,96,,1200,ALT,13.3,1750,60,183,13,1.0,5.7,15,221,217,13.2,-56,955,995,COOLANT TEMP,
2026-07-21,18:35:50,01:35:50,-07:00,+33.6341444,-116.1576232,-121,3DDiff (GPS nav),264950.3,10.7,,-6,0,0.07,261.1,13,23,12,84,-121,-6,21.7,23,2.78,0.37,-0.035,1.134,+0.148,,348,900,,,29.70,123.000,121.500,116.200,GPS1,SUSP,RW35,1.1,177,360,0.062,+1.00,350,VISUAL,,,,,,,,,,,,,,,,,-10.8,41.7,3102,,,,040007FF N100 N100 *,480017FF N100 N100,0.9,0.1,86,115,,1200,ALT,13.3,1760,60,183,13,1.0,5.7,15,221,217,13.2,-55,955,990,COOLANT TEMP,
2026-07-21,18:35:51,01:35:51,-07:00,+33.6341458,-116.1576813,-121,3DDiff (GPS nav),264951.3,10.8,,-6,-0,0.01,259.5,13,23,12,86,-121,12,21.4,22,3.52,-0.14,0.057,0.967,+0.142,,348,900,,,29.70,123.000,121.500,116.200,GPS1,SUSP,RW35,1.1,177,360,0.066,+1.00,350,VISUAL,,,,,,,,,,,,,,,,,-10.8,41.7,3104,,,,040007FF N100 N100 *,480017FF N100 N100,0.8,0.2,90,115,,1200,ALT,13.3,1760,60,183,13,1.0,5.5,15,220,217,13.2,-39,950,985,COOLANT TEMP,
2026-07-21,18:35:52,01:35:52,-07:00,+33.6341463,-116.1577417,-121,3DDiff (GPS nav),264952.3,10.9,,-6,0,-0.02,259.7,13,23,12,87,-119,36,20.4,21,2.19,-0.33,0.044,0.915,+0.129,,348,900,,,29.70,123.000,121.500,116.200,GPS1,SUSP,RW35,1.1,176,360,0.070,+1.00,350,VISUAL,,,,,,,,,,,,,,,,,-10.8,41.7,3105,,,,040007FF N100 N100 *,480017FF N100 N100,1.1,0.2,194,258,,1200,ALT,13.3,1760,60,183,13,1.0,5.4,15,220,217,13.2,-46,950,985,COOLANT TEMP,
2026-07-21,18:35:53,01:35:53,-07:00,+33.6341470,-116.1578026,-121,3DDiff (GPS nav),264953.3,11.0,,-6,0,0.12,260.0,13,26,12,87,-119,41,19.9,21,2.39,0.10,0.011,1.088,+0.117,,348,900,,,29.70,123.000,121.500,116.200,GPS1,SUSP,RW35,1.1,176,360,0.070,+1.00,350,VISUAL,,,,,,,,,,,,,,,,,-10.8,41.7,3106,,,,040007FF N100 N100 *,480017FF N100 N100,0.9,0.2,167,260,,1200,ALT,13.3,1770,60,184,13,1.0,5.4,15,220,217,13.2,-64,950,980,COOLANT TEMP,
2026-07-21,18:35:54,01:35:54,-07:00,+33.6341484,-116.1578640,-121,3DDiff (GPS nav),264954.3,11.1,,-6,0,-0.06,259.9,13,26,12,88,-118,41,20.1,21,2.94,0.57,-0.050,0.912,+0.105,,348,900,,,29.70,123.000,121.500,116.200,GPS1,SUSP,RW35,1.1,176,360,0.074,+1.00,350,VISUAL,,,,,,,,,,,,,,,,,-10.8,41.7,3107,,,,020007FF N100 N100 *,480017FF N100 N100,0.9,0.1,174,189,,1200,ALT,13.3,1770,60,184,13,1.0,5.3,15,219,217,13.2,-66,945,980,COOLANT TEMP,
2026-07-21,18:35:55,01:35:55,-07:00,+33.6341491,-116.1579267,-120,3DDiff (GPS nav),264955.3,11.3,,-6,0,0.00,258.3,13,26,12,89,-117,49,20.3,21,2.47,1.05,-0.060,0.994,+0.085,,348,900,,,29.70,123.000,121.500,116.200,GPS1,SUSP,RW35,1.1,176,360,0.078,+1.00,350,VISUAL,,,,,,,,,,,,,,,,,-10.8,41.7,3108,,,,040007FF N100 N100 *,480017FF N100 N100,0.9,0.2,100,94,,1200,ALT,13.3,1760,60,184,13,0.9,5.3,15,219,216,13.2,-55,945,980,COOLANT TEMP,
2026-07-21,18:35:56,01:35:56,-07:00,+33.6341448,-116.1579904,-122,3DDiff (GPS nav),264956.3,11.4,,-6,-0,-0.03,257.0,13,23,12,87,-117,40,20.5,21,2.57,1.06,-0.011,0.993,+0.074,,348,900,,,29.70,123.000,121.500,116.200,GPS1,SUSP,RW35,1.1,176,360,0.082,+1.00,350,VISUAL,,,,,,,,,,,,,,,,,-10.8,41.7,3109,,,,040007FF N100 N100 *,480017FF N100 N100,0.8,0.3,68,65,,1200,ALT,13.3,1760,60,184,13,0.9,5.3,15,218,216,13.2,-121,945,975,COOLANT TEMP,
2026-07-21,18:35:57,01:35:57,-07:00,+33.6341414,-116.1580582,-122,3DDiff (GPS nav),264957.3,11.6,,-6,-0,0.04,255.3,13,23,12,85,-119,-11,19.5,20,2.35,1.27,-0.092,1.005,+0.065,,348,900,,,29.70,123.000,121.500,116.200,GPS1,SUSP,RW35,1.1,176,360,0.086,+1.00,350,VISUAL,,,,,,,,,,,,,,,,,-10.8,41.7,3107,,,,040007FF N100 N100 *,480017FF N100 N100,1.0,0.3,76,65,,1200,ALT,13.6,2010,60,184,13,0.8,5.3,15,218,215,13.2,-205,945,975,COOLANT TEMP,
2026-07-21,18:35:58,01:35:58,-07:00,+33.6341376,-116.1581241,-122,3DDiff (GPS nav),264958.3,12.2,,-6,-0,0.03,256.5,13,23,12,84,-120,-45,19.0,20,2.95,0.59,-0.019,1.109,+0.059,,348,900,,,29.70,123.000,121.500,116.200,GPS1,SUSP,RW35,1.1,176,360,0.090,+1.00,350,VISUAL,,,,,,,,,,,,,,,,,-10.8,41.8,3106,,,,040007FF N100 N100 *,480017FF N100 N100,0.9,0.1,84,91,,1200,ALT,14.8,2480,57,185,13,1.0,5.3,15,205,215,13.2,-171,940,970,COOLANT TEMP,
2026-07-21,18:35:59,01:35:59,-07:00,+33.6341350,-116.1581961,-122,3DDiff (GPS nav),264959.3,12.9,,-7,-0,0.06,258.4,13,26,12,83,-121,-62,18.5,19,2.80,0.23,0.062,1.024,+0.058,,348,900,,,29.70,123.000,121.500,116.200,GPS1,SUSP,RW35,1.1,175,360,0.090,+1.00,350,VISUAL,,,,,,,,,,,,,,,,,-10.8,41.8,3105,,,,040007FF N100 N100 *,480017FF N100 N100,1.0,0.0,90,118,,1200,ALT,15.9,2490,50,185,13,1.7,5.1,15,192,213,13.2,-120,940,970,COOLANT TEMP,
2026-07-21,18:36:00,01:36:00,-07:00,+33.6341345,-116.1582735,-122,3DDiff (GPS nav),264960.3,13.5,,-7,0,0.04,260.2,13,26,12,82,-122,-64,18.1,19,3.03,0.33,-0.032,0.972,+0.066,,348,900,,,29.70,123.000,121.500,116.200,GPS1,SUSP,RW35,1.1,175,360,0.098,+1.00,350,VISUAL,,,,,,,,,,,,,,,,,-10.8,41.8,3104,,,,040007FF N100 N100 *,480017FF N100 N100,0.8,0.0,79,83,,1200,ALT,16.4,2260,47,185,13,2.1,5.0,15,186,211,13.2,-101,940,975,COOLANT TEMP,
2026-07-21,18:36:01,01:36:01,-07:00,+33.6341362,-116.1583512,-122,3DDiff (GPS nav),264961.3,13.9,,-7,0,0.00,259.9,13,26,12,81,-123,-68,18.6,19,2.72,0.50,-0.077,1.006,+0.075,,348,900,,,29.70,123.000,121.500,116.200,GPS1,SUSP,RW35,1.1,175,360,0.098,+1.00,350,VISUAL,,,,,,,,,,,,,,,,,-10.8,41.8,3103,,,,040007FF N100 N100 *,480017FF N100 N100,0.9,0.0,79,109,,1200,ALT,16.4,2160,52,185,13,1.9,5.0,15,187,209,13.2,-72,940,975,COOLANT TEMP,
2026-07-21,18:36:02,01:36:02,-07:00,+33.6341404,-116.1584304,-121,3DDiff (GPS nav),264962.3,14.2,,-7,0,-0.05,260.0,13,23,12,81,-124,-55,19.2,20,2.34,0.62,-0.048,0.999,+0.082,,348,900,,,29.70,123.000,121.500,116.200,GPS1,SUSP,RW35,1.1,175,360,0.102,+1.00,350,VISUAL,,,,,,,,,,,,,,,,,-10.8,41.8,3102,,,,040007FF N100 N100 *,480017FF N100 N100,1.0,0.1,69,68,,1200,ALT,16.4,2160,58,186,13,1.6,5.1,15,193,207,13.2,-52,940,980,,
2026-07-21,18:36:03,01:36:03,-07:00,+33.6341422,-116.1585100,-121,3DDiff (GPS nav),264963.3,14.6,,-8,0,-0.05,259.3,13,23,12,81,-124,-41,19.9,21,3.08,0.74,-0.012,0.978,+0.085,,348,900,,,29.70,123.000,121.500,116.200,GPS1,SUSP,RW35,1.1,175,360,0.109,+1.00,350,VISUAL,,,,,,,,,,,,,,,,,-10.8,41.8,3102,,,,040007FF N100 N100 *,480017FF N100 N100,0.8,0.1,84,80,,1200,ALT,16.4,2180,61,186,13,1.5,5.1,15,193,206,13.2,-45,940,985,,
2026-07-21,18:36:04,01:36:04,-07:00,+33.6341427,-116.1585930,-121,3DDiff (GPS nav),264964.3,15.0,,-8,0,-0.08,259.8,13,23,12,81,-124,-17,20.2,21,5.37,0.51,0.019,0.918,+0.083,,348,900,,,29.70,123.000,121.500,116.200,GPS1,SUSP,RW35,1.1,174,360,0.113,+1.00,350,VISUAL,,,,,,,,,,,,,,,,,-10.8,41.8,3103,,,,040007FF N100 N100 *,480017FF N100 N100,0.5,0.1,228,258,,1200,ALT,16.4,2170,63,186,13,1.5,5.1,15,186,206,13.2,-40,940,990,,
2026-07-21,18:36:05,01:36:05,-07:00,+33.6341443,-116.1586776,-120,3DDiff (GPS nav),264965.3,15.2,,-8,0,0.08,260.7,13,23,12,80,-125,-22,21.8,23,3.26,0.83,0.022,1.042,+0.084,,348,900,,,29.70,123.000,121.500,116.200,GPS1,SUSP,RW35,1.1,174,360,0.117,+1.00,350,VISUAL,,,,,,,,,,,,,,,,,-10.8,41.8,3101,,,,040007FF N100 N100 *,480017FF N100 N100,0.7,0.1,324,265,,1200,ALT,16.4,2180,64,187,13,1.6,5.1,15,180,206,13.2,-46,940,995,,
2026-07-21,18:36:06,01:36:06,-07:00,+33.6341474,-116.1587631,-120,3DDiff (GPS nav),264966.3,15.4,,-8,0,0.00,261.4,13,26,12,79,-126,-34,22.8,24,3.04,1.50,-0.041,0.984,+0.092,,348,900,,,29.70,123.000,121.500,116.200,GPS1,SUSP,RW35,1.1,174,360,0.121,+1.00,350,VISUAL,,,,,,,,,,,,,,,,,-10.8,41.8,3099,,,,020007FF N100 N100 *,480017FF N100 N100,0.7,0.2,148,142,,1200,ALT,16.4,2190,64,187,13,1.6,5.1,15,189,207,13.2,-47,940,1000,,
2026-07-21,18:36:07,01:36:07,-07:00,+33.6341488,-116.1588494,-120,3DDiff (GPS nav),264967.3,15.6,,-8,0,0.09,259.1,13,26,12,78,-126,-43,21.3,22,2.52,1.63,-0.082,0.994,+0.085,,348,900,,,29.70,123.000,121.500,116.200,GPS1,SUSP,RW35,1.1,174,360,0.125,+1.00,350,VISUAL,,,,,,,,,,,,,,,,,-10.8,41.8,3099,,,,040007FF N100 N100 *,480017FF N100 N100,0.8,0.2,51,57,,1200,ALT,16.3,2100,64,187,13,1.6,5.1,15,195,207,13.2,-50,940,1005,,
2026-07-21,18:36:08,01:36:08,-07:00,+33.6341453,-116.1589380,-122,3DDiff (GPS nav),264968.3,15.9,,-8,-0,0.02,257.6,13,23,12,79,-126,-26,19.6,20,2.60,1.62,-0.033,1.000,+0.071,,348,900,,,29.70,123.000,121.500,116.200,GPS1,SUSP,RW35,1.1,173,360,0.129,+1.00,350,VISUAL,,,,,,,,,,,,,,,,,-10.8,41.8,3100,,,,040007FF N100 N100 *,480017FF N100 N100,1.0,0.2,65,65,,1200,ALT,15.9,2100,64,187,13,1.5,5.2,15,200,207,13.2,-66,940,1010,,
2026-07-21,18:36:09,01:36:09,-07:00,+33.6341425,-116.1590287,-122,3DDiff (GPS nav),264969.3,16.1,,-8,-0,-0.03,258.5,13,23,12,80,-126,-6,18.3,19,2.39,1.19,-0.030,0.974,+0.040,,348,900,,,29.70,123.000,121.500,116.200,GPS1,SUSP,RW35,1.1,173,360,0.133,+1.00,350,VISUAL,,,,,,,,,,,,,,,,,-10.8,41.8,3101,,,,040007FF N100 N100 *,480017FF N100 N100,1.1,0.1,78,47,,1200,ALT,15.7,2100,65,187,13,1.3,5.2,15,202,207,13.2,-97,940,1015,,
2026-07-21,18:36:10,01:36:10,-07:00,+33.6341411,-116.1591196,-122,3DDiff (GPS nav),264970.3,16.3,,-8,-0,0.04,258.8,13,23,12,81,-125,16,19.0,20,2.35,0.86,0.001,1.007,+0.029,,348,900,,,29.70,123.000,121.500,116.200,GPS1,SUSP,RW35,1.1,173,360,0.137,+1.00,350,VISUAL,,,,,,,,,,,,,,,,,-10.8,41.8,3102,,,,040007FF N100 N100 *,480017FF N100 N100,1.1,0.0,61,60,,1200,ALT,15.6,2090,65,187,13,1.3,5.2,15,203,206,13.2,-104,940,1015,,
2026-07-21,18:36:11,01:36:11,-07:00,+33.6341398,-116.1592086,-122,3DDiff (GPS nav),264971.3,16.5,,-9,-0,0.00,257.8,13,23,12,79,-125,11,21.0,22,2.40,0.67,-0.001,1.006,+0.042,,348,900,,,29.70,123.000,121.500,116.200,GPS1,SUSP,RW35,1.1,173,360,0.141,+1.00,350,VISUAL,,,,,,,,,,,,,,,,,-10.8,41.8,3100,,,,040007FF N100 N100 *,480017FF N100 N100,1.2,0.1,52,56,,1200,ALT,15.6,2070,65,187,13,1.3,5.2,15,203,206,13.2,-93,940,1020,,
2026-07-21,18:36:12,01:36:12,-07:00,+33.6341375,-116.1593005,-122,3DDiff (GPS nav),264972.3,16.6,,-9,-0,0.02,258.0,13,26,12,79,-126,-8,22.4,23,2.52,0.41,0.005,1.005,+0.059,,348,900,,,29.70,123.000,121.500,116.200,GPS1,SUSP,RW35,1.1,172,360,0.148,+1.00,350,VISUAL,,,,,,,,,,,,,,,,,-10.8,41.8,3099,,,,040007FF N100 N100 *,480017FF N100 N100,1.0,0.0,68,61,,1200,ALT,15.6,2080,65,187,13,1.2,5.3,15,203,206,13.2,-81,940,1020,,
2026-07-21,18:36:13,01:36:13,-07:00,+33.6341364,-116.1593939,-121,3DDiff (GPS nav),264973.3,16.7,,-9,-0,-0.02,258.6,13,26,12,80,-126,-8,22.9,24,2.67,0.02,0.035,1.001,+0.070,,348,900,,,29.70,123.000,121.500,116.200,GPS1,SUSP,RW35,1.1,172,360,0.152,+1.00,350,VISUAL,,,,,,,,,,,,,,,,,-10.8,41.8,3100,,,,040007FF N100 N100 *,480017FF N100 N100,1.0,0.1,73,47,,1200,ALT,15.4,1970,65,187,13,1.2,5.3,15,203,206,13.2,-69,940,1020,,
2026-07-21,18:36:14,01:36:14,-07:00,+33.6341395,-116.1594898,-120,3DDiff (GPS nav),264974.3,16.8,,-9,0,0.00,259.6,13,23,12,81,-125,17,23.2,24,2.60,0.10,0.005,0.994,+0.082,,348,900,,,29.70,123.000,121.500,116.200,GPS1,SUSP,RW35,1.1,172,360,0.156,+1.00,350,VISUAL,,,,,,,,,,,,,,,,,-10.8,41.8,3101,,,,040007FF N100 N100 *,480017FF N100 N100,0.9,0.1,56,59,,1200,ALT,14.9,1960,65,187,13,1.2,5.2,15,202,205,13.2,-43,940,1020,,
2026-07-21,18:36:15,01:36:15,-07:00,+33.6341406,-116.1595813,-120,3DDiff (GPS nav),264975.3,16.8,,-9,0,0.05,258.9,13,23,12,80,-125,19,23.1,24,2.71,0.38,0.014,1.018,+0.093,,348,900,,,29.70,123.000,121.500,116.200,GPS1,SUSP,RW35,1.1,172,360,0.160,+1.00,350,VISUAL,,,,,,,,,,,,,,,,,-10.8,41.8,3101,,,,040007FF N100 N100 *,480017FF N100 N100,0.8,0.1,61,50,,1200,ALT,14.6,1950,64,187,13,1.2,5.2,15,202,204,13.2,-25,940,1025,,
2026-07-21,18:36:16,01:36:16,-07:00,+33.6341411,-116.1596730,-120,3DDiff (GPS nav),264976.3,16.9,,-9,0,0.01,259.8,13,23,12,79,-125,1,22.8,24,2.83,0.40,-0.002,0.981,+0.093,,348,900,,,29.70,123.000,121.500,116.200,GPS1,SUSP,RW35,1.1,172,360,0.164,+1.00,350,VISUAL,,,,,,,,,,,,,,,,,-10.8,41.8,3100,,,,040007FF N100 N100 *,480017FF N100 N100,0.8,0.0,44,56,,1200,ALT,14.4,1950,64,187,13,1.2,5.2,15,202,204,13.2,-15,935,1025,,
2026-07-21,18:36:17,01:36:17,-07:00,+33.6341419,-116.1597672,-120,3DDiff (GPS nav),264977.3,17.0,,-9,-0,0.04,258.2,13,23,12,79,-126,-13,21.9,23,2.84,0.55,-0.012,1.015,+0.093,,348,900,,,29.70,123.000,121.500,116.200,GPS1,SUSP,RW35,1.1,171,360,0.172,+1.00,350,VISUAL,,,,,,,,,,,,,,,,,-10.8,41.8,3100,,,,040007FF N100 N100 *,480017FF N100 N100,0.7,0.0,74,60,,1200,ALT,14.4,1940,64,187,13,1.2,5.2,15,202,204,13.2,-9,935,1020,,
2026-07-21,18:36:18,01:36:18,-07:00,+33.6341408,-116.1598616,-119,3DDiff (GPS nav),264978.3,17.0,,-9,-0,0.00,257.2,13,26,12,78,-126,-22,22.3,23,2.78,0.42,-0.025,1.037,+0.091,,348,900,,,29.70,123.000,121.500,116.200,GPS1,SUSP,RW35,1.1,171,360,0.176,+1.00,350,VISUAL,,,,,,,,,,,,,,,,,-10.8,41.8,3099,,,,040007FF N100 N100 *,480017FF N100 N100,0.8,0.1,60,56,,1200,ALT,14.3,1930,64,187,13,1.2,5.2,15,202,203,13.2,-7,935,1020,,
2026-07-21,18:36:19,01:36:19,-07:00,+33.6341390,-116.1599550,-120,3DDiff (GPS nav),264979.3,17.0,,-9,-0,0.01,258.7,13,26,12,79,-126,-21,23.5,25,2.84,0.25,0.026,1.038,+0.092,,348,900,,,29.70,123.000,121.500,116.200,GPS1,SUSP,RW35,1.1,171,360,0.180,+1.00,350,VISUAL,,,,,,,,,,,,,,,,,-10.8,41.8,3098,,,,040007FF N100 N100 *,480017FF N100 N100,0.7,0.1,52,83,,1200,ALT,14.3,1920,64,187,13,1.2,5.2,15,202,203,13.2,-5,930,1020,,
2026-07-21,18:36:20,01:36:20,-07:00,+33.6341346,-116.1600490,-122,3DDiff (GPS nav),264980.3,16.9,,-9,-0,0.06,259.1,13,23,12,79,-126,-12,23.9,25,2.92,0.05,0.028,1.003,+0.086,,348,900,,,29.70,123.000,121.500,116.200,GPS1,SUSP,RW35,1.1,171,360,0.184,+1.00,350,VISUAL,,,,,,,,,,,,,,,,,-10.8,41.8,3099,,,,040007FF N100 N100 *,480017FF N100 N100,0.6,0.0,51,47,,1200,ALT,14.3,1950,64,187,13,1.3,5.2,15,202,204,13.2,-5,930,1020,,
2026-07-21,18:36:21,01:36:21,-07:00,+33.6341339,-116.1601447,-122,3DDiff (GPS nav),264981.3,17.0,,-9,0,0.01,259.0,13,23,12,80,-126,4,23.8,25,3.06,0.01,-0.036,0.978,+0.075,,348,900,,,29.70,123.000,121.500,116.200,GPS1,SUSP,RW35,1.1,170,360,0.191,+1.00,350,VISUAL,,,,,,,,,,,,,,,,,-10.8,41.8,3100,,,,040007FF N100 N100 *,480017FF N100 N100,0.5,0.1,54,61,,1200,ALT,14.3,1950,64,187,13,1.3,5.2,15,201,205,13.2,-5,930,1015,,
2026-07-21,18:36:22,01:36:22,-07:00,+33.6341333,-116.1602389,-122,3DDiff (GPS nav),264982.3,17.0,,-9,-0,-0.02,259.6,13,23,12,81,-125,18,24.6,26,2.91,0.01,0.024,1.014,+0.070,,348,900,,,29.70,123.000,121.500,116.200,GPS1,SUSP,RW35,1.1,170,360,0.195,+1.00,350,VISUAL,,,,,,,,,,,,,,,,,-10.8,41.8,3100,,,,040007FF N100 N100 *,480017FF N100 N100,0.6,0.0,65,77,,1200,ALT,14.3,1970,64,187,13,1.3,5.2,15,201,206,13.2,-5,930,1015,,
2026-07-21,18:36:23,01:36:23,-07:00,+33.6341336,-116.1603336,-122,3DDiff (GPS nav),264983.3,17.1,,-9,0,-0.04,258.4,13,26,12,81,-125,31,24.0,25,2.79,-0.12,-0.029,1.031,+0.068,,348,900,,,29.70,123.000,121.500,116.200,GPS1,SUSP,RW35,1.1,170,360,0.199,+1.00,350,VISUAL,,,,,,,,,,,,,,,,,-10.8,41.8,3101,,,,040007FF N100 N100 *,480017FF N100 N100,0.6,0.1,71,67,,1200,ALT,14.3,1980,64,187,13,1.3,5.2,15,189,206,13.2,-55,925,1010,,
2026-07-21,18:36:24,01:36:24,-07:00,+33.6341323,-116.1604290,-122,3DDiff (GPS nav),264984.3,17.2,,-9,-0,0.02,258.8,13,26,12,83,-123,46,23.7,25,2.53,0.12,-0.003,0.986,+0.075,,348,900,,,29.70,123.000,121.500,116.200,GPS1,SUSP,RW35,1.1,170,360,0.203,+1.00,350,VISUAL,,,,,,,,,,,,,,,,,-10.8,41.8,3102,,,,040007FF N100 N100 *,480017FF N100 N100,0.7,0.0,66,60,,1200,ALT,14.3,1980,64,187,13,1.2,5.2,15,185,207,13.2,-47,925,1010,,
2026-07-21,18:36:25,01:36:25,-07:00,+33.6341317,-116.1605264,-121,3DDiff (GPS nav),264985.3,17.4,,-9,0,0.00,260.0,13,26,12,83,-123,48,22.9,24,2.71,-0.23,-0.001,0.953,+0.085,,348,900,,,29.70,123.000,121.500,116.200,GPS1,SUSP,RW35,1.1,169,360,0.207,+1.00,350,VISUAL,,,,,,,,,,,,,,,,,-10.8,41.8,3103,,,,040007FF N100 N100 *,480017FF N100 N100,0.6,0.1,85,60,,1200,ALT,14.3,1910,64,187,13,1.2,5.2,15,185,207,13.2,-43,925,1010,,
2026-07-21,18:36:26,01:36:26,-07:00,+33.6341359,-116.1606230,-120,3DDiff (GPS nav),264986.3,17.4,,-9,0,0.06,259.5,13,23,12,82,-123,35,22.2,23,2.85,-0.05,-0.001,1.059,+0.107,,348,900,,,29.70,123.000,121.500,116.200,GPS1,SUSP,RW35,1.1,169,360,0.215,+1.00,350,VISUAL,,,,,,,,,,,,,,,,,-10.8,41.8,3104,,,,040007FF N100 N100 *,480017FF N100 N100,0.6,0.1,68,54,,1200,ALT,14.0,1800,63,187,13,1.3,5.2,15,188,207,13.2,-68,925,1010,,
2026-07-21,18:36:27,01:36:27,-07:00,+33.6341370,-116.1607180,-119,3DDiff (GPS nav),264987.3,17.5,,-9,0,0.02,259.1,13,23,12,82,-123,12,22.1,23,2.87,-0.22,0.014,0.980,+0.124,,348,900,,,29.70,123.000,121.500,116.200,GPS1,SUSP,RW35,1.1,169,360,0.219,+1.00,350,VISUAL,,,,,,,,,,,,,,,,,-10.8,41.8,3103,,,,040007FF N100 N100 *,480017FF N100 N100,0.5,0.1,46,66,,1200,ALT,13.7,1800,62,187,13,1.3,5.2,15,191,207,13.2,-74,925,1010,,
2026-07-21,18:36:28,01:36:28,-07:00,+33.6341372,-116.1608176,-119,3DDiff (GPS nav),264988.3,17.5,,-9,0,0.04,260.2,13,23,12,84,-123,9,23.0,24,2.91,0.04,0.022,0.957,+0.139,,348,900,,,29.70,123.000,121.500,116.200,GPS1,SUSP,RW35,1.1,169,360,0.223,+1.00,350,VISUAL,,,,,,,,,,,,,,,,,-10.8,41.8,3103,,,,040007FF N100 N100 *,480017FF N100 N100,0.5,0.0,58,69,,1200,ALT,13.5,1810,62,187,13,1.2,5.2,15,193,207,13.2,-64,925,1005,,
2026-07-21,18:36:29,01:36:29,-07:00,+33.6341391,-116.1609146,-119,3DDiff (GPS nav),264989.3,17.5,,-9,0,-0.01,260.0,13,26,12,84,-122,23,23.3,24,3.26,-0.03,0.005,0.972,+0.147,,348,900,,,29.70,123.000,121.500,116.200,GPS1,SUSP,RW35,1.1,168,360,0.227,+1.00,350,VISUAL,,,,,,,,,,,,,,,,,-10.8,41.8,3104,,,,040007FF N100 N100 *,480017FF N100 N100,0.4,0.1,51,57,,1200,ALT,13.4,1820,61,187,13,1.1,5.2,15,192,207,13.2,-121,920,1000,,
2026-07-21,18:36:30,01:36:30,-07:00,+33.6341400,-116.1610089,-119,3DDiff (GPS nav),264990.3,17.5,,-9,0,0.10,258.5,13,26,12,82,-122,13,24.2,25,2.91,0.34,-0.035,0.987,+0.160,,348,900,,,29.70,123.000,121.500,116.200,GPS1,SUSP,RW35,1.1,168,360,0.234,+1.00,350,VISUAL,,,,,,,,,,,,,,,,,-10.8,41.8,3103,,,,040007FF N100 N100 *,480017FF N100 N100,0.5,0.1,47,67,,1200,ALT,13.4,1800,61,187,13,1.1,5.2,15,190,207,13.2,-104,920,1000,,
2026-07-21,18:36:31,01:36:31,-07:00,+33.6341391,-116.1611049,-119,3DDiff (GPS nav),264991.3,17.5,,-9,-0,0.03,259.9,13,26,12,83,-123,-3,23.9,25,2.43,0.04,0.009,1.036,+0.171,,348,900,,,29.70,123.000,121.500,116.200,GPS1,SUSP,RW35,1.1,168,360,0.238,+1.00,350,VISUAL,,,,,,,,,,,,,,,,,-10.8,41.8,3103,,,,040007FF N100 N100 *,480017FF N100 N100,0.6,0.0,70,65,,1200,ALT,13.4,1820,61,187,13,1.1,5.2,15,190,207,13.2,-71,920,995,,
2026-07-21,18:36:32,01:36:32,-07:00,+33.6341375,-116.1612021,-121,3DDiff (GPS nav),264992.3,17.0,,-9,0,0.06,260.4,13,23,12,82,-123,-9,22.0,23,2.56,0.41,-0.049,1.000,+0.175,,348,900,,,29.70,123.000,121.500,116.200,GPS1,SUSP,RW35,1.1,168,360,0.242,+1.00,350,VISUAL,,,,,,,,,,,,,,,,,-10.8,41.8,3104,,,,040007FF N100 N100 *,480017FF N100 N100,0.6,0.2,62,89,,1200,ALT,13.4,1800,61,187,13,1.1,5.2,15,191,207,13.2,-40,920,990,,
2026-07-21,18:36:33,01:36:33,-07:00,+33.6341381,-116.1612945,-121,3DDiff (GPS nav),264993.3,16.5,,-8,0,0.06,259.9,13,23,12,82,-123,-6,21.7,23,2.45,0.68,0.006,0.991,+0.172,,348,900,,,29.70,123.000,121.500,116.200,GPS1,SUSP,RW35,1.1,167,360,0.246,+1.00,350,VISUAL,,,,,,,,,,,,,,,,,-10.8,41.8,3105,,,,040007FF N100 N100 *,480017FF N100 N100,0.6,0.0,53,79,,1200,ALT,13.4,1800,61,187,13,1.2,5.2,15,193,206,13.2,-26,920,990,,
2026-07-21,18:36:34,01:36:34,-07:00,+33.6341390,-116.1613845,-121,3DDiff (GPS nav),264994.3,16.3,,-8,0,-0.04,259.5,13,23,12,82,-123,-11,21.0,22,2.57,1.14,-0.051,0.964,+0.152,,348,900,,,29.70,123.000,121.500,116.200,GPS1,SUSP,RW35,1.1,167,360,0.250,+1.00,350,VISUAL,,,,,,,,,,,,,,,,,-10.8,41.8,3104,,,,040007FF N100 N100 *,480017FF N100 N100,0.8,0.1,80,88,,1200,ALT,13.4,1800,61,187,13,1.3,5.2,15,194,206,13.2,-25,920,985,,
2026-07-21,18:36:35,01:36:35,-07:00,+33.6341389,-116.1614722,-121,3DDiff (GPS nav),264995.3,15.8,,-8,0,0.02,258.9,13,26,12,84,-122,8,19.3,20,2.42,0.90,-0.035,1.011,+0.128,,348,900,,,29.70,123.000,121.500,116.200,GPS1,SUSP,RW35,1.1,167,360,0.258,+1.00,350,VISUAL,,,,,,,,,,,,,,,,,-10.8,41.8,3106,,,,040007FF N100 N100 *,480017FF N100 N100,0.6,0.1,51,57,,1200,ALT,13.4,1800,61,187,13,1.3,5.2,15,195,205,13.2,-26,920,985,,
2026-07-21,18:36:36,01:36:36,-07:00,+33.6341377,-116.1615541,-121,3DDiff (GPS nav),264996.3,15.0,,-7,-0,0.01,256.6,13,26,12,84,-121,32,18.1,19,2.35,0.98,-0.002,1.020,+0.123,,348,900,,,29.70,123.000,121.500,116.200,GPS1,SUSP,RW35,1.1,167,360,0.262,+1.00,350,VISUAL,,,,,,,,,,,,,,,,,-10.8,41.8,3108,,,,040007FF N100 N100 *,480017FF N100 N100,0.7,0.0,68,54,,1200,ALT,13.3,1780,61,187,13,1.3,5.2,15,197,205,13.2,-50,920,980,,
2026-07-21,18:36:37,01:36:37,-07:00,+33.6341355,-116.1616295,-121,3DDiff (GPS nav),264997.3,13.6,,-7,-0,-0.09,258.1,13,26,12,81,-122,7,16.0,17,2.74,0.49,-0.001,0.977,+0.124,,348,900,,,29.70,123.000,121.500,116.200,GPS1,SUSP,RW35,1.1,167,360,0.262,+1.00,350,VISUAL,,,,,,,,,,,,,,,,,-10.8,41.8,3107,,,,040007FF N100 N100 *,480017FF N100 N100,0.6,0.1,116,111,,1200,ALT,13.2,1770,61,187,13,1.3,5.2,15,198,205,13.2,-98,920,980,,
2026-07-21,18:36:38,01:36:38,-07:00,+33.6341376,-116.1616942,-120,3DDiff (GPS nav),264998.3,12.0,,-6,-0,0.01,259.6,13,23,12,84,-122,-9,15.0,16,2.38,0.53,0.017,1.029,+0.116,,348,900,,,29.70,123.000,121.500,116.200,GPS1,SUSP,RW35,1.1,166,360,0.266,+1.00,350,VISUAL,,,,,,,,,,,,,,,,,-10.8,41.8,3108,,,,040007FF N100 N100 *,480017FF N100 N100,0.6,0.1,75,89,,1200,ALT,13.2,1770,60,187,13,1.2,5.2,15,198,205,13.2,-135,920,975,,
2026-07-21,18:36:39,01:36:39,-07:00,+33.6341401,-116.1617491,-119,3DDiff (GPS nav),264999.3,10.5,,-5,0,-0.01,264.6,13,23,12,85,-121,21,15.4,16,2.41,0.37,0.012,0.982,+0.110,,348,900,,,29.70,123.000,118.325,116.200,GPS1,SUSP,RW35,1.1,166,360,0.270,+1.00,350,VISUAL,,,,,,,,,,,,,,,,,-10.8,41.8,3110,,,,040007FF N100 N100 *,480017FF N100 N100,0.5,0.3,99,59,,1200,ALT,13.2,1750,60,187,13,1.2,5.2,15,197,205,13.2,-138,920,975,,
2026-07-21,18:36:40,01:36:40,-07:00,+33.6341458,-116.1617977,-119,3DDiff (GPS nav),265000.3,9.1,,-4,1,0.00,276.4,13,23,12,87,-120,43,18.5,19,2.16,0.93,0.095,0.971,+0.117,,348,900,,,29.70,123.000,118.325 RX,116.200,GPS1,SUSP,RW35,1.1,166,360,0.273,+1.00,350,VISUAL,,,,,,,,,,,,,,,,,-10.8,41.8,3110,,,,020007FF N100 N100 *,480017FF N100 N100,0.2,0.3,101,172,,1200,ALT,13.2,1750,60,187,13,1.2,5.1,15,197,205,13.2,-183,920,970,,
2026-07-21,18:36:41,01:36:41,-07:00,+33.6341599,-116.1618396,-119,3DDiff (GPS nav),265001.3,8.3,,-4,2,-0.04,292.4,13,26,12,85,-120,42,20.8,22,2.31,0.80,0.090,0.996,+0.116,,348,900,,,29.70,123.000,118.325 RX,116.200,GPS1,SUSP,RW35,1.1,166,360,0.273,+1.00,350,VISUAL,,,,,,,,,,,,,,,,,-10.8,41.8,3111,,,,020007FF N100 N100 *,480017FF N100 N100,0.0,0.3,102,117,,1200,ALT,13.2,1750,59,187,13,1.2,5.1,15,197,205,13.2,-235,920,970,,
2026-07-21,18:36:42,01:36:42,-07:00,+33.6341826,-116.1618747,-119,3DDiff (GPS nav),265002.3,8.0,,-3,3,-0.10,307.9,13,26,12,82,-121,-7,21.9,23,1.94,0.70,0.127,1.014,+0.114,,348,900,,,29.70,123.000,118.325 RX,116.200,GPS1,SUSP,RW35,1.1,166,360,0.277,+1.00,350,VISUAL,,,,,,,,,,,,,,,,,-10.8,41.8,3109,,,,020007FF N100 N100 *,480017FF N99 N100,0.1,0.2,64,81,,1200,ALT,13.2,1770,59,187,13,1.1,5.1,15,196,205,13.2,-299,920,965,,
2026-07-21,18:36:43,01:36:43,-07:00,+33.6342116,-116.1618997,-119,3DDiff (GPS nav),265003.3,7.8,,-2,3,-0.04,324.2,13,26,12,80,-124,-64,21.0,22,1.28,1.08,-0.011,0.921,+0.101,,348,900,,,29.70,123.000,118.325 RX,116.200,GPS1,SUSP,RW35,1.1,166,360,0.277,+1.00,350,VISUAL,,,,,,,,,,,,,,,,,-10.8,41.8,3107,,,,020007FF N100 N100 *,480017FF N98 N100,0.3,0.0,88,92,,1200,ALT,13.2,1770,59,187,13,1.1,5.1,15,195,205,13.2,-312,920,965,,
2026-07-21,18:36:44,01:36:44,-07:00,+33.6342415,-116.1619159,-121,3DDiff (GPS nav),265004.3,7.8,,-1,4,-0.01,333.6,13,23,12,79,-125,-89,21.2,22,2.28,0.42,0.098,0.979,+0.080,,348,900,,,29.70,123.000,118.325 RX,116.200,GPS1,SUSP,RW35,1.1,166,360,0.277,+1.00,350,VISUAL,,,,,,,,,,,,,,,,,-10.8,41.8,3105,,,,020007FF N100 N100 *,480017FF N98 N100,0.3,0.2,134,119,,1200,ALT,13.2,1760,59,187,13,1.2,5.1,15,194,204,13.2,-290,920,960,,
2026-07-21,18:36:45,01:36:45,-07:00,+33.6342761,-116.1619269,-121,3DDiff (GPS nav),265005.3,7.8,,-1,4,-0.08,340.1,13,23,12,78,-126,-88,21.3,22,2.65,0.45,0.039,1.039,+0.043,,348,900,,,29.70,123.000,118.325 RX,116.200,GPS1,SUSP,RW35,1.1,166,360,0.277,+1.00,350,VISUAL,,,,,,,,,,,,,,,,,-10.8,41.8,3104,,,,020007FF N100 N100 *,480017FF N97 N100,0.4,0.2,88,101,,1200,ALT,13.1,1760,59,187,13,1.1,5.1,15,192,204,13.2,-219,920,960,,
2026-07-21,18:36:46,01:36:46,-07:00,+33.6343125,-116.1619332,-121,3DDiff (GPS nav),265006.3,7.9,,-0,4,0.14,342.4,13,23,12,78,-127,-67,20.0,21,2.10,0.41,0.021,1.186,-0.008,,348,900,,,29.70,123.000,118.325 RX,116.200,GPS1,SUSP,RW35,1.1,166,360,0.277,+1.00,350,VISUAL,,,,,,,,,,,,,,,,,-10.8,41.8,3103,,,,020007FF N100 N100 *,480017FF N96 N100,0.3,0.1,109,128,,1200,ALT,13.1,1770,59,187,13,1.1,5.1,15,192,204,13.2,-168,920,955,,
2026-07-21,18:36:47,01:36:47,-07:00,+33.6343495,-116.1619380,-121,3DDiff (GPS nav),265007.3,8.0,,-0,4,-0.07,345.2,13,23,12,79,-127,-34,18.1,19,2.31,0.99,-0.041,0.957,-0.090,,348,900,,,29.70,123.000,118.325 RX,116.200,GPS1,SUSP,RW35,1.1,166,360,0.281,+1.00,350,VISUAL,,,,,,,,,,,,,,,,,-10.8,41.8,3104,,,,040007FF N100 N100 *,480017FF N96 N99,0.3,0.3,104,153,,1200,ALT,13.1,1760,59,187,13,1.1,5.1,15,192,204,13.2,-139,920,955,,
2026-07-21,18:36:48,01:36:48,-07:00,+33.6343870,-116.1619398,-121,3DDiff (GPS nav),265008.3,8.1,,-0,4,-0.07,348.6,13,26,12,80,-126,-5,16.8,18,3.26,0.67,-0.021,0.992,-0.168,,348,900,,,29.70,123.000,118.325 RX,116.200,GPS1,SUSP,RW35,1.1,166,360,0.281,+1.00,350,VISUAL,,,,,,,,,,,,,,,,,-10.8,41.8,3105,,,,020007FF N100 N100 *,480017FF N97 N98,0.4,0.3,143,135,,1200,ALT,13.1,1760,59,187,13,1.0,5.1,15,191,204,13.2,-142,920,950,,
2026-07-21,18:36:49,01:36:49,-07:00,+33.6344258,-116.1619404,-121,3DDiff (GPS nav),265009.3,8.3,,0,4,0.06,350.1,13,26,12,80,-126,10,15.4,16,2.44,0.86,0.022,1.015,-0.248,,348,900,,,29.70,123.000,121.500 RX,116.200,GPS1,SUSP,RW35,1.2,166,360,0.281,+1.00,350,VISUAL,,,,,,,,,,,,,,,,,-10.8,41.8,3105,,,,040007FF N100 N100 *,480017FF N100 N98,0.4,0.3,95,104,,1200,ALT,13.1,1770,59,187,13,1.0,5.1,15,191,204,13.2,-140,920,950,,
2026-07-21,18:36:50,01:36:50,-07:00,+33.6344686,-116.1619396,-120,3DDiff (GPS nav),265010.3,8.5,,0,4,-0.05,349.2,13,23,12,82,-125,21,14.7,15,2.91,0.72,-0.041,0.946,-0.303,,348,900,,,29.70,123.000,121.500,116.200,GPS1,SUSP,RW35,1.2,166,360,0.281,+1.00,350,VISUAL,,,,,,,,,,,,,,,,,-10.8,41.8,3106,,,,040007FF N100 N100 *,480017FF N100 N97,0.3,0.5,78,102,,1200,ALT,13.0,1770,59,188,13,1.0,5.1,15,191,204,13.2,-196,920,950,,
2026-07-21,18:36:51,01:36:51,-07:00,+33.6345088,-116.1619375,-120,3DDiff (GPS nav),265011.3,8.7,,-0,5,0.06,348.7,13,23,12,82,-124,45,15.3,16,2.89,0.74,-0.025,0.966,-0.310,,348,900,,,29.70,123.000,121.500,116.200,GPS1,SUSP,RW35,1.2,166,360,0.281,+1.00,350,VISUAL,,,,,,,,,,,,,,,,,-10.8,41.8,3107,,,,040007FF N100 N100 *,480017FF N100 N100,0.3,0.5,80,161,,1200,ALT,13.0,1760,59,188,13,1.0,5.1,15,191,204,13.2,-214,920,945,,
2026-07-21,18:36:52,01:36:52,-07:00,+33.6345499,-116.1619379,-120,3DDiff (GPS nav),265012.3,8.8,,-0,5,0.09,347.9,13,23,12,79,-125,21,15.2,16,1.99,0.81,-0.029,0.998,-0.290,,348,900,,,29.70,123.000,121.500,116.200,GPS1,SUSP,RW35,1.2,166,360,0.281,+1.00,350,VISUAL,,,,,,,,,,,,,,,,,-10.8,41.8,3106,,,,040007FF N100 N100 *,480017FF N100 N100,0.0,0.5,177,173,,1200,ALT,13.0,1770,59,188,13,1.0,5.1,15,191,204,13.2,-174,920,945,,
2026-07-21,18:36:53,01:36:53,-07:00,+33.6345914,-116.1619383,-119,3DDiff (GPS nav),265013.3,8.9,,-0,5,0.13,350.2,13,23,12,79,-126,-20,16.5,17,1.86,0.83,0.010,1.151,-0.255,,348,900,,,29.70,123.000,121.500,116.200,GPS1,SUSP,RW35,1.2,166,360,0.281,+1.00,350,VISUAL,,,,,,,,,,,,,,,,,-10.8,41.8,3103,,,,040007FF N100 N100 *,480017FF N100 N100,0.0,0.4,164,248,,1200,ALT,13.0,1790,59,188,13,1.0,5.1,15,191,204,13.2,-135,920,945,,
2026-07-21,18:36:54,01:36:54,-07:00,+33.6346331,-116.1619371,-119,3DDiff (GPS nav),265014.3,8.9,,0,5,-0.06,350.8,13,26,12,79,-126,-32,16.9,18,2.03,1.00,-0.001,1.094,-0.217,,348,900,,,29.70,123.000,121.500,116.200,GPS1,SUSP,RW35,1.2,166,360,0.281,+1.00,350,VISUAL,,,,,,,,,,,,,,,,,-10.8,41.8,3102,,,,020007FF N100 N100 *,480017FF N100 N100,0.1,0.3,108,223,,1200,ALT,13.0,1780,60,188,13,1.0,5.1,15,191,205,13.2,-98,920,945,,
2026-07-21,18:36:55,01:36:55,-07:00,+33.6346752,-116.1619354,-120,3DDiff (GPS nav),265015.3,9.0,,0,5,0.06,350.3,13,26,12,78,-127,-32,16.8,18,2.03,0.92,-0.035,1.022,-0.187,,348,900,,,29.70,123.000,121.500,116.200,GPS1,SUSP,RW35,1.2,166,360,0.277,+1.00,350,VISUAL,,,,,,,,,,,,,,,,,-10.8,41.8,3101,,,,020007FF N100 N100 *,480017FF N100 N100,0.0,0.2,169,238,,1200,ALT,13.0,1760,60,188,13,1.0,5.1,15,191,205,13.2,-107,920,940,,
2026-07-21,18:36:56,01:36:56,-07:00,+33.6347148,-116.1619343,-120,3DDiff (GPS nav),265016.3,9.1,,0,5,0.09,348.4,13,23,12,79,-127,-20,16.3,17,3.06,1.15,-0.068,1.096,-0.172,,348,900,,,29.70,123.000,121.500,116.200,GPS1,SUSP,RW35,1.2,166,360,0.277,+1.00,350,VISUAL,,,,,,,,,,,,,,,,,-10.8,41.8,3102,,,,020007FF N100 N100 *,480017FF N100 N100,0.0,0.4,277,277,,1200,ALT,13.1,1760,60,188,13,1.1,5.1,15,192,205,13.2,-93,920,940,,
2026-07-21,18:36:57,01:36:57,-07:00,+33.6347568,-116.1619368,-121,3DDiff (GPS nav),265017.3,9.1,,-0,5,-0.07,348.0,13,23,12,78,-127,-15,15.9,17,3.17,1.03,-0.016,0.952,-0.179,,348,900,,,29.70,123.000,121.500,116.200,GPS1,SUSP,RW35,1.2,166,360,0.281,+1.00,350,VISUAL,,,,,,,,,,,,,,,,,-10.8,41.8,3102,,,,040007FF N100 N100 *,480017FF N100 N100,0.0,0.4,254,221,,1200,ALT,13.1,1770,60,188,13,1.1,5.1,15,192,205,13.2,-93,920,940,,
2026-07-21,18:36:58,01:36:58,-07:00,+33.6347982,-116.1619379,-121,3DDiff (GPS nav),265018.3,9.2,,-0,5,-0.06,347.9,13,23,12,78,-127,-12,15.6,16,3.90,0.99,-0.013,0.995,-0.233,,348,900,,,29.70,123.000,121.500,116.200,GPS1,SUSP,RW35,1.2,166,360,0.281,+1.00,350,VISUAL,,,,,,,,,,,,,,,,,-10.8,41.8,3102,,,,040007FF N100 N100 *,480017FF N100 N100,0.0,0.4,87,169,,1200,ALT,13.3,1920,61,188,13,1.1,5.1,15,192,205,13.2,-106,920,935,,
2026-07-21,18:36:59,01:36:59,-07:00,+33.6348414,-116.1619393,-121,3DDiff (GPS nav),265019.3,9.4,,-0,5,-0.11,348.0,13,23,12,78,-127,-6,15.5,16,3.69,1.13,0.005,0.934,-0.289,,348,900,,,29.70,123.000,121.500,116.200,GPS1,SUSP,RW35,1.2,166,360,0.281,+1.00,350,VISUAL,,,,,,,,,,,,,,,,,-10.8,41.8,3101,,,,040007FF N100 N100 *,480017FF N100 N100,0.0,0.3,144,187,,1200,ALT,13.5,1940,62,188,13,1.1,5.1,15,192,206,13.2,-90,920,935,,
2026-07-21,18:37:00,01:37:00,-07:00,+33.6348857,-116.1619403,-121,3DDiff (GPS nav),265020.3,9.6,,-0,5,0.01,348.0,13,26,12,79,-127,0,14.8,15,3.01,0.74,-0.026,1.042,-0.339,,348,900,,,29.70,123.000,121.500,116.200,GPS1,SUSP,RW35,1.2,166,360,0.281,+1.00,350,VISUAL,,,,,,,,,,,,,,,,,-10.8,41.8,3101,,,,040007FF N100 N100 *,480017FF N100 N100,0.0,0.3,144,170,,1200,ALT,13.7,1950,63,188,13,1.2,5.2,16,192,206,13.2,-72,920,935,,
2026-07-21,18:37:01,01:37:01,-07:00,+33.6349335,-116.1619428,-120,3DDiff (GPS nav),265021.3,9.8,,-0,5,0.03,346.2,13,26,12,79,-127,9,15.0,16,2.92,0.81,-0.030,1.105,-0.361,,348,900,,,29.70,123.000,121.500,116.200,GPS1,SUSP,RW35,1.2,166,360,0.281,+1.00,350,VISUAL,,,,,,,,,,,,,,,,,-10.8,41.8,3102,,,,040007FF N100 N100 *,480017FF N100 N100,0.1,0.4,81,127,,1200,ALT,13.8,1950,63,188,13,1.0,5.2,16,192,206,13.2,-56,920,935,,
2026-07-21,18:37:02,01:37:02,-07:00,+33.6349834,-116.1619470,-119,3DDiff (GPS nav),265022.3,10.0,,-0,5,-0.08,344.1,13,23,12,79,-126,14,15.2,16,2.86,1.23,-0.068,0.883,-0.351,,348,900,,,29.70,123.000,121.500,116.200,GPS1,SUSP,RW35,1.2,166,360,0.281,+1.00,350,VISUAL,,,,,,,,,,,,,,,,,-10.8,41.8,3102,,,,040007FF N100 N100 *,480017FF N100 N100,0.1,0.4,173,173,,1200,ALT,13.8,1950,63,188,13,1.1,5.2,15,192,206,13.2,-94,920,940,,
2026-07-21,18:37:03,01:37:03,-07:00,+33.6350315,-116.1619502,-118,3DDiff (GPS nav),265023.3,10.2,,-1,5,0.30,343.0,13,23,12,79,-126,13,16.1,17,3.33,1.38,-0.001,0.951,-0.327,,348,900,,,29.70,123.000,121.500,116.200,GPS1,SUSP,RW35,1.2,166,360,0.281,+1.00,350,VISUAL,,,,,,,,,,,,,,,,,-10.8,41.8,3101,,,,020007FF N100 N100 *,480017FF N100 N100,0.1,0.5,151,234,,1200,ALT,13.9,1930,64,187,13,1.2,5.2,15,191,206,13.2,-73,920,940,,
2026-07-21,18:37:04,01:37:04,-07:00,+33.6350794,-116.1619563,-117,3DDiff (GPS nav),265024.3,10.3,,-0,5,0.09,344.6,13,23,12,79,-126,3,16.9,18,2.64,1.28,-0.044,1.116,-0.301,,348,900,,,29.70,123.000,121.500,116.200,GPS1,SUSP,RW35,1.2,166,360,0.281,+1.00,350,VISUAL,,,,,,,,,,,,,,,,,-10.8,41.8,3100,,,,040007FF N100 N100 *,480017FF N100 N100,0.2,0.5,113,225,,1200,ALT,13.9,1880,64,187,13,1.3,5.2,15,191,206,13.2,-46,920,940,,
2026-07-21,18:37:05,01:37:05,-07:00,+33.6351277,-116.1619609,-117,3DDiff (GPS nav),265025.3,10.4,,-0,5,-0.18,345.4,13,26,12,78,-127,-6,16.8,17,2.52,0.70,0.029,1.025,-0.309,,348,900,,,29.70,123.000,121.500,116.200,GPS1,SUSP,RW35,1.2,166,360,0.281,+1.00,350,VISUAL,,,,,,,,,,,,,,,,,-10.8,41.8,3100,,,,020007FF N100 N100 *,480017FF N100 N100,0.0,0.5,98,182,,1200,ALT,13.6,1780,63,187,13,1.3,5.2,15,192,206,13.2,-35,915,945,,
2026-07-21,18:37:06,01:37:06,-07:00,+33.6351761,-116.1619646,-117,3DDiff (GPS nav),265026.3,10.4,,-0,5,0.13,344.9,13,26,12,79,-126,-3,16.7,17,2.00,0.65,0.015,0.984,-0.329,,348,900,,,29.70,123.000,121.500,116.200,GPS1,SUSP,RW35,1.2,166,360,0.281,+1.00,350,VISUAL,,,,,,,,,,,,,,,,,-10.8,41.8,3100,,,,020007FF N100 N100 *,480017FF N100 N100,0.0,0.4,141,201,,1200,ALT,13.4,1780,62,187,13,1.3,5.1,15,192,206,13.2,-24,915,945,,
2026-07-21,18:37:07,01:37:07,-07:00,+33.6352238,-116.1619681,-117,3DDiff (GPS nav),265027.3,10.5,,-0,5,0.34,344.5,13,26,12,79,-126,5,16.8,18,3.44,0.64,0.011,1.048,-0.319,,348,900,,,29.70,123.000,121.500,116.200,GPS1,SUSP,RW35,1.2,167,360,0.281,+1.00,350,VISUAL,,,,,,,,,,,,,,,,,-10.8,41.8,3100,,,,020007FF N100 N100 *,480017FF N100 N100,0.0,0.3,223,199,,1200,ALT,13.3,1780,61,187,13,1.3,5.1,15,192,206,13.2,-16,915,945,,
2026-07-21,18:37:08,01:37:08,-07:00,+33.6352696,-116.1619747,-120,3DDiff (GPS nav),265028.3,10.5,,-0,5,0.00,345.0,13,26,11,79,-126,5,16.9,18,4.51,0.75,-0.060,0.945,-0.305,,348,900,,,29.70,123.000,121.500,116.200,GPS1,SUSP,RW35,1.2,167,360,0.281,+1.00,350,VISUAL,,,,,,,,,,,,,,,,,-10.8,41.8,3100,,,,040007FF N100 N100 *,480017FF N100 N100,0.1,0.3,193,226,,1200,ALT,13.2,1770,61,187,13,1.3,5.1,15,192,206,13.2,-12,915,945,,
2026-07-21,18:37:09,01:37:09,-07:00,+33.6353180,-116.1619812,-120,3DDiff (GPS nav),265029.3,10.6,,-0,5,0.03,345.1,13,26,11,79,-126,3,17.4,18,2.91,0.88,0.035,0.757,-0.276,,348,900,,,29.70,123.000,121.500,116.200,GPS1,SUSP,RW35,1.2,167,360,0.281,+1.00,350,VISUAL,,,,,,,,,,,,,,,,,-10.8,41.8,3099,,,,040007FF N100 N100 *,480017FF N100 N100,0.1,0.3,190,182,,1200,ALT,13.2,1780,61,187,13,1.2,5.1,15,192,206,13.2,-53,915,945,,
2026-07-21,18:37:10,01:37:10,-07:00,+33.6353643,-116.1619848,-120,3DDiff (GPS nav),265030.3,10.4,,-0,5,-0.06,347.6,13,26,11,80,-126,6,16.9,18,2.22,0.74,0.023,1.026,-0.271,,348,900,,,29.70,123.000,121.500,116.200,GPS1,SUSP,RW35,1.2,167,360,0.281,+1.00,350,VISUAL,,,,,,,,,,,,,,,,,-10.8,41.8,3100,,,,040007FF N100 N100 *,480017FF N100 N100,0.0,0.2,130,141,,1200,ALT,13.2,1770,61,187,13,1.3,5.1,15,192,206,13.2,-66,915,945,,
2026-07-21,18:37:11,01:37:11,-07:00,+33.6354096,-116.1619859,-120,3DDiff (GPS nav),265031.3,9.9,,-0,5,-0.02,349.5,13,26,11,80,-126,12,17.4,18,3.01,0.56,0.033,1.011,-0.264,,348,900,,,29.70,123.000,121.500,116.200,GPS1,SUSP,RW35,1.2,167,360,0.281,+1.00,350,VISUAL,,,,,,,,,,,,,,,,,-10.8,41.8,3100,,,,040007FF N100 N100 *,480017FF N100 N100,0.0,0.3,125,158,,1200,ALT,13.2,1760,61,187,13,1.2,5.1,15,192,206,13.2,-69,915,940,,
2026-07-21,18:37:12,01:37:12,-07:00,+33.6354534,-116.1619855,-120,3DDiff (GPS nav),265032.3,9.9,,0,5,0.05,350.1,13,26,11,81,-125,23,17.4,18,3.06,0.59,0.031,0.998,-0.260,,348,900,,,29.70,123.000,121.500,116.200,GPS1,SUSP,RW35,1.2,167,360,0.281,+1.00,350,VISUAL,,,,,,,,,,,,,,,,,-10.8,41.8,3100,,,,040007FF N100 N100 *,480017FF N100 N100,0.1,0.4,114,177,,1200,ALT,13.2,1760,61,187,13,1.2,5.1,15,192,206,13.2,-91,915,940,,
2026-07-21,18:37:13,01:37:13,-07:00,+33.6354992,-116.1619844,-120,3DDiff (GPS nav),265033.3,10.0,,0,5,0.07,349.8,13,26,11,81,-125,26,16.9,18,2.49,0.98,-0.013,0.928,-0.272,,348,900,,,29.70,123.000,121.500,116.200,GPS1,SUSP,RW35,1.2,167,360,0.281,+1.00,350,VISUAL,,,,,,,,,,,,,,,,,-10.8,41.8,3101,,,,040007FF N100 N100 *,480017FF N100 N100,0.0,0.3,183,181,,1200,ALT,13.1,1770,61,187,13,1.2,5.1,15,193,206,13.2,-88,915,940,,
2026-07-21,18:37:14,01:37:14,-07:00,+33.6355502,-116.1619840,-119,3DDiff (GPS nav),265034.3,9.8,,0,5,-0.08,349.1,13,26,11,81,-124,23,16.7,17,1.47,1.20,-0.018,0.952,-0.279,,348,900,,,29.70,123.000,121.500,116.200,GPS1,SUSP,RW35,1.2,167,360,0.281,+1.00,350,VISUAL,,,,,,,,,,,,,,,,,-10.8,41.8,3101,,,,040007FF N100 N100 *,480017FF N100 N100,0.2,0.4,94,151,,1200,ALT,13.1,1760,61,187,13,1.2,5.1,15,193,206,13.2,-108,915,940,,
2026-07-21,18:37:15,01:37:15,-07:00,+33.6355910,-116.1619810,-120,3DDiff (GPS nav),265035.3,9.1,,0,4,-0.17,349.5,13,33,10,83,-124,28,15.7,16,2.57,0.62,0.081,0.621,-0.298,,348,900,,,29.70,123.000,121.500,116.200,GPS1,SUSP,RW35,1.2,167,360,0.281,+1.00,350,VISUAL,,,,,,,,,,,,,,,,,-10.8,41.8,3101,,,,020007FF N100 N100 *,480017FF N100 N100,0.4,0.3,288,397,,1200,ALT,13.1,1740,60,187,13,1.2,5.1,15,194,206,13.2,-117,915,940,,
2026-07-21,18:37:16,01:37:16,-07:00,+33.6356268,-116.1619805,-120,3DDiff (GPS nav),265036.3,7.9,,0,4,-0.15,348.3,13,33,10,83,-123,41,14.2,15,3.69,2.10,-0.126,0.928,-0.343,,348,900,,,29.70,123.000,121.500,116.200,GPS1,SUSP,RW35,1.2,167,360,0.281,+1.00,350,VISUAL,,,,,,,,,,,,,,,,,-10.8,41.8,3103,,,,020007FF N100 N100 *,480017FF N100 N100,0.4,0.4,165,296,,1200,ALT,13.1,1710,60,187,13,1.6,4.9,15,194,206,13.2,-92,915,940,,
2026-07-21,18:37:17,01:37:17,-07:00,+33.6356589,-116.1619802,-122,3DDiff (GPS nav),265037.3,6.7,,-0,3,-0.75,348.7,13,33,10,82,-122,35,13.3,14,3.39,0.80,0.022,0.874,-0.363,,348,900,,,29.70,123.000,121.500,116.200,GPS1,SUSP,RW35,1.2,167,360,0.281,+1.00,350,VISUAL,,,,,,,,,,,,,,,,,-10.8,41.8,3103,,,,020007FF N100 N100 *,480017FF N100 N100,0.4,0.6,239,272,,1200,ALT,13.1,1740,60,187,13,1.7,4.9,15,196,206,13.2,-133,915,940,,
2026-07-21,18:37:18,01:37:18,-07:00,+33.6356889,-116.1619806,-121,3DDiff (GPS nav),265038.3,6.6,,-0,4,0.12,347.3,13,33,10,81,-123,6,14.3,15,3.34,0.99,-0.002,0.867,-0.360,,348,900,,,29.70,123.000,121.500,116.200,GPS1,SUSP,RW35,1.2,167,360,0.281,+1.00,350,VISUAL,,,,,,,,,,,,,,,,,-10.8,41.8,3102,,,,040007FF N100 N100 *,480017FF N100 N100,0.4,0.6,170,277,,1200,ALT,13.5,2070,60,187,13,1.5,4.9,15,197,206,13.2,-189,915,935,,
2026-07-21,18:37:19,01:37:19,-07:00,+33.6357241,-116.1619828,-121,3DDiff (GPS nav),265039.3,7.0,,-0,4,0.15,345.6,13,33,10,80,-124,-23,15.5,16,3.54,0.91,0.023,0.879,-0.332,,348,900,,,29.70,123.000,121.500,116.200,GPS1,SUSP,RW35,1.2,167,360,0.281,+1.00,350,VISUAL,,,,,,,,,,,,,,,,,-10.8,41.7,3101,,,,040007FF N100 N100 *,480017FF N100 N100,0.7,0.6,198,284,,1200,ALT,14.5,2250,61,187,13,1.4,5.0,15,199,206,13.2,-134,915,935,,
2026-07-21,18:37:20,01:37:20,-07:00,+33.6357534,-116.1619854,-122,3DDiff (GPS nav),265040.3,7.1,,-0,4,-0.01,345.0,13,33,10,81,-125,-33,15.9,17,2.78,0.99,0.035,0.976,-0.301,,348,900,,,29.70,123.000,121.500,116.200,GPS1,SUSP,RW35,1.2,167,360,0.281,+1.00,350,VISUAL,,,,,,,,,,,,,,,,,-10.8,41.7,3100,,,,020007FF N100 N100 *,480017FF N100 N100,0.6,0.5,191,289,,1200,ALT,14.6,1880,62,187,13,1.4,5.0,15,199,206,13.2,-105,915,940,,
2026-07-21,18:37:21,01:37:21,-07:00,+33.6357863,-116.1619900,-121,3DDiff (GPS nav),265041.3,7.2,,-0,4,0.08,349.4,13,33,10,81,-124,-21,16.0,17,3.55,1.27,0.033,1.002,-0.281,,348,900,,,29.70,123.000,121.500,116.200,GPS1,SUSP,RW35,1.2,167,360,0.281,+1.00,350,VISUAL,,,,,,,,,,,,,,,,,-10.8,41.7,3100,,,,040007FF N100 N100 *,480017FF N100 N100,0.6,0.6,135,158,,1200,ALT,14.2,1860,62,187,13,1.4,5.0,15,200,207,13.2,-116,915,940,,
2026-07-21,18:37:22,01:37:22,-07:00,+33.6358191,-116.1619899,-121,3DDiff (GPS nav),265042.3,7.2,,0,4,-0.13,353.6,13,33,10,81,-124,-7,15.1,16,3.82,0.83,0.048,0.969,-0.284,,348,900,,,29.70,123.000,121.500,116.200,GPS1,SUSP,RW35,1.2,167,360,0.281,+1.00,350,VISUAL,,,,,,,,,,,,,,,,,-10.8,41.8,3101,,,,020007FF N100 N100 *,480017FF N100 N100,0.6,0.5,105,186,,1200,ALT,13.8,1830,62,187,13,1.2,5.1,15,201,207,13.2,-158,915,945,,
2026-07-21,18:37:23,01:37:23,-07:00,+33.6358523,-116.1619869,-121,3DDiff (GPS nav),265043.3,7.0,,0,4,0.07,353.4,13,33,10,80,-125,-11,14.6,15,3.01,1.10,0.009,0.976,-0.283,,348,900,,,29.70,123.000,121.500,116.200,GPS1,SUSP,RW35,1.2,167,360,0.281,+1.00,350,VISUAL,,,,,,,,,,,,,,,,,-10.8,41.8,3101,,,,040007FF N100 N100 *,480017FF N100 N100,0.6,0.5,82,122,,1200,ALT,13.5,1800,62,187,13,1.0,5.1,15,200,207,13.2,-213,910,945,,
2026-07-21,18:37:24,01:37:24,-07:00,+33.6358836,-116.1619844,-121,3DDiff (GPS nav),265044.3,6.8,,0,3,-0.07,352.3,13,33,10,81,-125,-8,13.9,15,2.14,1.47,-0.014,0.980,-0.305,,348,900,,,29.70,123.000,121.500,116.200,GPS1,SUSP,RW35,1.2,167,360,0.281,+1.00,350,VISUAL,,,,,,,,,,,,,,,,,-10.8,41.8,3101,,,,040007FF N100 N100 *,480017FF N100 N100,0.6,0.4,79,127,,1200,ALT,13.4,1790,62,187,13,1.1,5.0,15,199,207,13.2,-240,910,950,,
2026-07-21,18:37:25,01:37:25,-07:00,+33.6359127,-116.1619823,-120,3DDiff (GPS nav),265045.3,6.7,,0,4,0.84,352.7,13,33,10,81,-124,-0,13.7,14,3.03,1.82,-0.032,1.025,-0.312,,348,900,,,29.70,123.000,121.500,116.200,GPS1,SUSP,RW35,1.2,167,360,0.281,+1.00,350,VISUAL,,,,,,,,,,,,,,,,,-10.8,41.8,3101,,,,040007FF N100 N100 *,480017FF N100 N100,0.4,0.3,140,163,,1200,ALT,13.3,1800,62,187,13,1.2,5.0,15,198,207,13.2,-258,910,950,,
2026-07-21,18:37:26,01:37:26,-07:00,+33.6359471,-116.1619811,-118,3DDiff (GPS nav),265046.3,6.7,,0,3,-0.18,352.5,16,43,9,81,-124,6,13.9,15,3.38,1.18,-0.023,0.905,-0.318,,348,900,,,29.70,123.000,121.500,116.200,GPS1,SUSP,RW35,1.2,167,360,0.281,+1.00,350,VISUAL,,,,,,,,,,,,,,,,,-10.8,41.8,3102,,,,040007FF N100 N100 *,480017FF N100 N100,0.2,0.3,131,174,,1200,ALT,13.3,1800,61,186,13,1.1,5.0,15,197,207,13.2,-214,910,950,,
2026-07-21,18:37:27,01:37:27,-07:00,+33.6359783,-116.1619726,-106,3DDiff (GPS nav),265047.3,6.6,,0,3,0.22,352.2,16,39,10,81,-124,12,14.6,15,2.27,0.82,-0.025,1.061,-0.314,,348,900,,,29.70,123.000,121.500,116.200,GPS1,SUSP,RW35,1.2,167,360,0.281,+1.00,350,VISUAL,,,,,,,,,,,,,,,,,-10.8,41.8,3103,,,,020007FF N100 N100 *,480017FF N100 N100,0.4,0.3,112,133,,1200,ALT,13.3,1800,61,186,13,1.1,5.0,15,197,207,13.2,-194,910,950,,
2026-07-21,18:37:28,01:37:28,-07:00,+33.6360088,-116.1619712,-108,3DDiff (GPS nav),265048.3,6.6,,0,3,0.05,352.2,16,39,10,81,-124,9,15.3,16,2.91,1.10,0.007,1.015,-0.295,,348,900,,,29.70,123.000,121.500,116.200,GPS1,SUSP,RW35,1.2,167,360,0.281,+1.00,350,VISUAL,,,,,,,,,,,,,,,,,-10.8,41.8,3103,,,,040007FF N100 N100 *,480017FF N100 N100,0.4,0.4,55,73,,1200,ALT,13.3,1800,61,186,13,1.1,5.0,15,196,207,13.2,-157,910,950,,
2026-07-21,18:37:29,01:37:29,-07:00,+33.6360387,-116.1619691,-108,3DDiff (GPS nav),265049.3,6.4,,0,3,0.22,356.7,16,39,10,81,-124,1,15.0,16,2.50,0.33,0.032,0.999,-0.249,,348,900,,,29.70,123.000,121.500,116.200,GPS1,SUSP,RW35,1.2,167,360,0.281,+1.00,350,VISUAL,,,,,,,,,,,,,,,,,-10.8,41.8,3103,,,,040007FF N100 N100 *,480017FF N100 N100,0.4,0.2,49,47,,1200,ALT,13.3,1800,61,186,13,1.1,5.0,15,195,208,13.2,-138,910,950,,
2026-07-21,18:37:30,01:37:30,-07:00,+33.6360682,-116.1619633,-107,3DDiff (GPS nav),265050.3,6.4,,1,3,-0.29,1.9,16,39,10,81,-124,-6,14.4,15,2.16,0.55,0.047,1.036,-0.224,,348,900,,,29.70,123.000,121.500,116.200,GPS1,SUSP,RW35,1.2,167,360,0.281,+1.00,350,VISUAL,,,,,,,,,,,,,,,,,-10.8,41.8,3104,,,,040007FF N100 N100 *,480017FF N100 N100,0.4,0.1,63,62,,1200,ALT,13.2,1810,61,186,13,1.1,5.0,15,195,208,13.2,-147,910,950,,
2026-07-21,18:37:31,01:37:31,-07:00,+33.6360978,-116.1619543,-107,3DDiff (GPS nav),265051.3,6.5,,1,3,0.00,6.7,16,39,10,81,-124,-0,14.2,15,2.80,0.39,0.053,1.012,-0.190,,348,900,,,29.70,123.000,121.500,116.200,GPS1,SUSP,RW35,1.2,167,360,0.281,+1.00,350,VISUAL,,,,,,,,,,,,,,,,,-10.8,41.8,3104,,,,020007FF N100 N100 *,480017FF N100 N100,0.2,0.1,83,93,,1200,ALT,13.1,1810,61,186,13,1.1,5.0,15,195,209,13.2,-196,910,950,,
2026-07-21,18:37:32,01:37:32,-07:00,+33.6361244,-116.1619424,-112,3DDiff (GPS nav),265052.3,6.8,,1,3,-0.29,10.9,16,39,10,81,-124,1,13.1,13,0.88,0.29,0.108,0.989,-0.123,,348,900,,,29.70,123.000,121.500,116.200,GPS1,SUSP,RW35,1.2,167,360,0.281,+1.00,350,VISUAL,,,,,,,,,,,,,,,,,-10.8,41.8,3104,,,,040007FF N100 N100 *,480017FF N100 N100,0.1,0.2,104,163,,1200,ALT,13.1,1820,61,186,13,1.2,5.0,15,195,209,13.2,-167,910,950,,
2026-07-21,18:37:33,01:37:33,-07:00,+33.6361546,-116.1619285,-111,3DDiff (GPS nav),265053.3,7.2,,2,3,0.08,20.2,16,36,10,81,-124,-3,11.3,11,1.15,0.26,0.052,0.960,-0.234,,348,900,,,29.70,123.000,121.500,116.200,GPS1,SUSP,RW35,1.3,167,360,0.277,+1.00,350,VISUAL,,,,,,,,,,,,,,,,,-10.8,41.8,3104,,,,020007FF N100 N100 *,480017FF N100 N100,0.2,0.2,64,157,,1200,ALT,13.0,1810,61,186,13,1.3,5.0,15,195,209,13.2,-157,910,950,,
2026-07-21,18:37:34,01:37:34,-07:00,+33.6361844,-116.1619045,-111,3DDiff (GPS nav),265054.3,7.8,,3,3,-0.01,33.5,16,36,10,82,-124,8,13.3,14,1.72,-0.14,0.119,0.978,-0.336,,348,900,,,29.70,123.000,121.500,116.200,GPS1,SUSP,RW35,1.3,167,360,0.277,+1.00,350,VISUAL,,,,,,,,,,,,,,,,,-10.8,41.8,3104,,,,020007FF N100 N100 *,480017FF N100 N100,0.0,0.2,48,81,,1200,ALT,13.0,1820,61,186,13,1.3,5.0,15,195,210,13.2,-130,910,950,,
2026-07-21,18:37:35,01:37:35,-07:00,+33.6362095,-116.1618705,-112,3DDiff (GPS nav),265055.3,8.1,,3,3,0.00,49.9,16,39,10,83,-123,26,14.9,15,1.95,-0.33,0.147,1.003,-0.339,,348,900,,,29.70,123.000,121.500,116.200,GPS1,SUSP,RW35,1.3,167,360,0.277,+1.00,350,VISUAL,,,,,,,,,,,,,,,,,-10.8,41.8,3105,,,,020007FF N100 N100 *,480017FF N100 N100,0.1,0.2,141,108,,1200,ALT,12.9,1820,61,186,13,1.2,5.0,15,195,210,13.2,-123,910,950,,
2026-07-21,18:37:36,01:37:36,-07:00,+33.6362265,-116.1618278,-112,3DDiff (GPS nav),265056.3,8.5,,4,2,0.19,65.5,16,39,10,82,-123,30,15.0,16,1.91,-0.27,0.093,0.976,-0.315,,348,900,,,29.70,123.000,121.500,116.200,GPS1,SUSP,RW35,1.3,167,360,0.273,+1.00,350,VISUAL,,,,,,,,,,,,,,,,,-10.8,41.8,3105,,,,020007FF N100 N100 *,480017FF N100 N100,0.1,0.3,90,101,,1200,ALT,12.8,1830,61,186,13,1.3,5.0,15,195,210,13.2,-111,910,950,COOLANT TEMP,
2026-07-21,18:37:37,01:37:37,-07:00,+33.6362354,-116.1617797,-113,3DDiff (GPS nav),265057.3,8.9,,5,1,0.12,75.9,16,39,10,80,-124,-5,14.2,15,2.23,-0.20,0.048,1.026,-0.287,,348,900,,,29.70,123.000,121.500,116.200,GPS1,SUSP,RW35,1.3,168,360,0.270,+1.00,350,VISUAL,,,,,,,,,,,,,,,,,-10.8,41.8,3105,,,,020007FF N100 N100 *,480017FF N100 N100,0.0,0.4,43,94,,1200,ALT,12.8,1840,62,186,13,1.3,5.0,15,195,210,13.2,-94,910,950,COOLANT TEMP,
2026-07-21,18:37:38,01:37:38,-07:00,+33.6362408,-116.1617302,-111,3DDiff (GPS nav),265058.3,9.2,,5,0,0.02,80.2,16,39,10,80,-125,-27,13.1,14,1.97,-0.54,0.014,1.028,-0.293,,348,900,,,29.70,123.000,121.500,116.200,GPS1,SUSP,RW35,1.3,168,360,0.270,+1.00,350,VISUAL,,,,,,,,,,,,,,,,,-10.8,41.8,3106,,,,020007FF N100 N100 *,480017FF N99 N100,0.0,0.4,162,144,,1200,ALT,12.7,1830,62,186,13,1.3,5.0,15,195,210,13.2,-96,910,950,COOLANT TEMP,
2026-07-21,18:37:39,01:37:39,-07:00,+33.6362407,-116.1616749,-113,3DDiff (GPS nav),265059.3,9.4,,5,-0,0.15,80.8,16,36,10,80,-125,-31,12.5,13,2.46,-0.54,0.014,0.985,-0.293,,348,900,,,29.70,123.000,121.500,116.200,GPS1,SUSP,RW35,1.3,168,360,0.266,+1.00,350,VISUAL,,,,,,,,,,,,,,,,,-10.8,41.8,3106,,,,040007FF N100 N100 *,480017FF N100 N100,0.1,0.5,73,123,,1200,ALT,12.7,1840,62,186,13,1.2,5.0,15,194,211,13.2,-139,910,950,COOLANT TEMP,
2026-07-21,18:37:40,01:37:40,-07:00,+33.6362402,-116.1616224,-114,3DDiff (GPS nav),265060.3,9.7,,5,-0,-0.10,80.7,16,36,10,79,-126,-35,11.7,12,2.58,-0.57,0.006,0.995,-0.270,,348,900,,,29.70,123.000,121.500,116.200,GPS1,SUSP,RW35,1.3,168,360,0.262,+1.00,350,VISUAL,,,,,,,,,,,,,,,,,-10.8,41.8,3106,,,,040007FF N100 N100 *,480017FF N100 N100,0.1,0.6,64,73,,1200,ALT,12.7,1830,62,186,13,1.1,5.0,15,194,211,13.2,-135,910,950,COOLANT TEMP,
2026-07-21,18:37:41,01:37:41,-07:00,+33.6362393,-116.1615661,-113,3DDiff (GPS nav),265061.3,10.0,,5,-0,-0.04,80.9,16,39,10,79,-126,-34,10.8,11,2.34,-0.57,-0.002,0.941,-0.298,,348,900,,,29.70,123.000,121.500,116.200,GPS1,SUSP,RW35,1.3,168,360,0.262,+1.00,350,VISUAL,,,,,,,,,,,,,,,,,-10.8,41.8,3106,,,,040007FF N100 N100 *,480017FF N100 N100,0.1,0.5,82,86,,1200,ALT,12.7,1840,62,186,13,1.1,5.0,15,194,211,13.2,-129,910,950,COOLANT TEMP,
2026-07-21,18:37:42,01:37:42,-07:00,+33.6362382,-116.1615085,-113,3DDiff (GPS nav),265062.3,10.4,,5,-0,0.01,80.5,16,39,10,81,-125,-9,10.8,11,2.23,-0.34,0.026,1.043,-0.335,,348,900,,,29.70,123.000,121.500,116.200,GPS1,SUSP,RW35,1.3,168,360,0.258,+1.00,350,VISUAL,,,,,,,,,,,,,,,,,-10.8,41.8,3108,,,,040007FF N100 N100 *,480017FF N100 N100,0.3,0.6,54,73,,1200,ALT,12.7,1830,62,186,13,1.1,5.0,15,194,211,13.2,-121,905,950,COOLANT TEMP,
2026-07-21,18:37:43,01:37:43,-07:00,+33.6362363,-116.1614475,-114,3DDiff (GPS nav),265063.3,10.7,,6,-0,0.04,80.5,16,39,10,82,-124,26,11.0,11,1.94,-0.42,0.039,1.026,-0.319,,348,900,,,29.70,123.000,121.500,116.200,GPS1,SUSP,RW35,1.3,168,360,0.254,+1.00,350,VISUAL,,,,,,,,,,,,,,,,,-10.8,41.8,3110,,,,040007FF N100 N100 *,480017FF N100 N100,0.3,0.7,80,82,,1200,ALT,12.7,1820,62,186,13,1.1,5.0,15,194,211,13.2,-124,905,950,COOLANT TEMP,
2026-07-21,18:37:44,01:37:44,-07:00,+33.6362309,-116.1613834,-116,3DDiff (GPS nav),265064.3,11.0,,6,-0,-0.20,81.4,16,39,10,81,-124,30,10.5,11,2.29,-0.19,-0.012,0.993,-0.296,,348,900,,,29.70,123.000,121.500,116.200,GPS1,SUSP,RW35,1.3,168,360,0.250,+1.00,350,VISUAL,,,,,,,,,,,,,,,,,-10.8,41.9,3111,,,,040007FF N100 N100 *,480017FF N99 N100,0.2,0.5,72,80,,1200,ALT,12.7,1820,62,186,13,1.1,5.0,15,194,211,13.2,-149,905,950,COOLANT TEMP,
2026-07-21,18:37:45,01:37:45,-07:00,+33.6362284,-116.1613246,-115,3DDiff (GPS nav),265065.3,11.4,,6,-0,-0.11,82.6,16,36,10,81,-124,17,10.0,10,2.14,-0.61,0.049,1.035,-0.284,,348,900,,,29.70,123.000,121.500,116.200,GPS1,SUSP,RW35,1.2,169,360,0.250,+1.00,350,VISUAL,,,,,,,,,,,,,,,,,-10.8,41.9,3112,,,,040007FF N100 N100 *,480017FF N98 N100,0.3,0.4,82,88,,1200,ALT,12.7,1820,62,186,13,1.1,5.0,15,194,211,13.2,-165,905,950,COOLANT TEMP,
2026-07-21,18:37:46,01:37:46,-07:00,+33.6362247,-116.1612603,-116,3DDiff (GPS nav),265066.3,11.6,,6,-0,0.14,82.7,16,36,10,82,-124,9,9.8,10,2.93,-0.81,0.015,0.980,-0.302,,348,900,,,29.70,123.000,121.500,116.200,GPS1,SUSP,RW35,1.2,169,360,0.246,+1.00,350,VISUAL,,,,,,,,,,,,,,,,,-10.8,41.9,3113,,,,040007FF N100 N100 *,480017FF N98 N100,0.3,0.4,101,93,,1200,ALT,12.7,1830,62,186,13,1.1,5.0,15,194,211,13.2,-145,905,950,COOLANT TEMP,
2026-07-21,18:37:47,01:37:47,-07:00,+33.6362209,-116.1611975,-116,3DDiff (GPS nav),265067.3,11.3,,6,-0,-0.07,81.5,16,39,10,84,-123,27,10.1,11,2.37,-0.44,-0.004,0.965,-0.296,,348,900,,,29.70,123.000,121.500,116.200,GPS1,SUSP,RW35,1.2,169,360,0.242,+1.00,350,VISUAL,,,,,,,,,,,,,,,,,-10.8,41.9,3115,,,,040007FF N100 N100 *,480017FF N97 N100,0.4,0.4,89,134,,1200,ALT,12.7,1780,62,186,13,1.1,5.0,15,194,211,13.2,-139,905,950,COOLANT TEMP,
2026-07-21,18:37:48,01:37:48,-07:00,+33.6362188,-116.1611385,-116,3DDiff (GPS nav),265068.3,10.8,,5,-0,0.02,80.6,16,39,10,86,-121,55,11.2,12,2.49,-0.23,-0.033,0.972,-0.247,,348,900,,,29.70,123.000,121.500,116.200,GPS1,SUSP,RW35,1.2,169,360,0.238,+1.00,350,VISUAL,,,,,,,,,,,,,,,,,-10.8,41.9,3118,,,,040007FF N100 N100 *,480017FF N96 N100,0.2,0.5,75,82,,1200,ALT,12.7,1760,61,186,13,1.2,5.0,15,194,211,13.2,-220,905,950,COOLANT TEMP,
2026-07-21,18:37:49,01:37:49,-07:00,+33.6362174,-116.1610815,-116,3DDiff (GPS nav),265069.3,10.3,,5,-0,0.05,79.7,16,39,10,86,-120,70,12.2,13,2.46,-0.83,-0.003,0.985,-0.162,,348,900,,,29.70,123.000,121.500,116.200,GPS1,SUSP,RW35,1.2,169,360,0.234,+1.00,350,VISUAL,,,,,,,,,,,,,,,,,-10.8,41.9,3120,,,,040007FF N100 N100 *,480017FF N96 N100,0.1,0.5,93,59,,1200,ALT,12.6,1770,61,186,13,1.2,5.0,15,195,211,13.2,-192,905,950,COOLANT TEMP,
2026-07-21,18:37:50,01:37:50,-07:00,+33.6362199,-116.1610298,-115,3DDiff (GPS nav),265070.3,9.7,,5,-0,0.02,78.6,16,39,10,86,-120,53,12.2,13,1.28,-0.68,0.012,1.093,-0.092,,348,900,,,29.70,123.000,121.500,116.200,GPS1,SUSP,RW35,1.2,169,360,0.234,+1.00,350,VISUAL,,,,,,,,,,,,,,,,,-10.8,41.9,3121,,,,040007FF N100 N100 *,480017FF N95 N100,0.3,0.5,125,109,,1200,ALT,12.6,1740,61,186,13,1.2,5.0,15,195,211,13.2,-153,905,950,COOLANT TEMP,
2026-07-21,18:37:51,01:37:51,-07:00,+33.6362211,-116.1609784,-117,3DDiff (GPS nav),265071.3,8.9,,4,0,0.00,77.8,16,36,10,85,-120,35,11.4,12,1.94,-0.34,-0.015,1.010,-0.068,,348,900,,,29.70,123.000,121.500,116.200,GPS1,SUSP,RW35,1.2,169,360,0.230,+1.00,350,VISUAL,,,,,,,,,,,,,,,,,-10.8,41.9,3122,,,,040007FF N100 N100 *,480017FF N94 N100,0.1,0.6,79,69,,1200,ALT,12.7,1730,60,186,13,1.2,5.0,15,195,211,13.2,-175,905,950,COOLANT TEMP,
2026-07-21,18:37:52,01:37:52,-07:00,+33.6362222,-116.1609332,-117,3DDiff (GPS nav),265072.3,8.2,,4,0,-0.02,78.4,16,36,10,82,-121,-9,10.0,10,2.62,-0.08,0.016,0.974,-0.121,,348,900,,,29.70,123.000,121.500,116.200,GPS1,SUSP,RW35,1.2,169,360,0.230,+1.00,350,VISUAL,,,,,,,,,,,,,,,,,-10.8,41.9,3121,,,,040007FF N100 N100 *,480017FF N95 N100,0.0,0.6,90,90,,1200,ALT,12.7,1740,60,186,13,1.1,5.0,15,195,211,13.2,-285,905,945,COOLANT TEMP,
2026-07-21,18:37:53,01:37:53,-07:00,+33.6362231,-116.1608909,-117,3DDiff (GPS nav),265073.3,7.5,,4,0,-0.05,77.3,16,39,10,82,-122,-44,8.1,8,2.04,-0.62,0.009,0.999,-0.313,,348,900,,,29.70,123.000,121.500,116.200,GPS1,SUSP,RW35,1.2,170,360,0.227,+1.00,350,VISUAL,,,,,,,,,,,,,,,,,-10.8,41.9,3121,,,,040007FF N100 N100 *,480017FF N98 N100,0.1,0.5,77,100,,1200,ALT,12.7,1750,60,186,13,1.1,5.0,15,195,211,13.2,-294,905,945,COOLANT TEMP,
2026-07-21,18:37:54,01:37:54,-07:00,+33.6362246,-116.1608552,-121,3DDiff (GPS nav),265074.3,6.7,,3,0,0.24,71.9,16,46,9,82,-123,-52,6.1,6,2.30,-0.57,-0.046,1.014,-0.781,,348,900,,,29.70,123.000,121.500,116.200,GPS1,SUSP,RW35,1.2,170,360,0.227,+1.00,350,VISUAL,,,,,,,,,,,,,,,,,-10.8,41.9,3121,,,,040007FF N100 N100 *,480017FF N100 N100,0.1,0.6,75,122,,1200,ALT,12.6,1740,60,187,13,1.2,5.0,15,195,211,13.2,-311,905,945,COOLANT TEMP,
2026-07-21,18:37:55,01:37:55,-07:00,+33.6362301,-116.1608249,-119,3DDiff (GPS nav),265075.3,5.8,,3,1,0.15,56.0,16,39,10,82,-123,-38,5.0,5,2.99,-0.66,-0.077,0.986,-4.479,,348,900,,,29.70,123.000,121.500,116.200,GPS1,SUSP,RW35,1.2,170,360,0.223,+1.00,350,VISUAL,,,,,,,,,,,,,,,,,-10.8,41.9,3122,,,,020007FF N100 N100 *,480017FF N100 N100,0.0,0.5,106,133,,1200,ALT,12.6,1730,60,187,13,1.2,5.0,15,195,211,13.2,-313,905,945,COOLANT TEMP,
2026-07-21,18:37:56,01:37:56,-07:00,+33.6362380,-116.1607991,-123,3DDiff (GPS nav),265076.3,5.1,,2,1,-0.16,30.6,16,39,10,82,-123,-26,3.7,4,2.89,0.01,-0.105,0.905,-13.035,,348,900,,,29.70,123.000,121.500,116.200,GPS1,SUSP,RW35,1.2,170,360,0.223,+1.00,350,VISUAL,,,,,,,,,,,,,,,,,-10.8,42.0,3123,,,,020007FF N100 N100 *,480017FF N100 N100,0.0,0.3,118,135,,1200,ALT,12.6,1760,59,187,13,1.2,5.0,15,195,211,13.2,-274,905,940,COOLANT TEMP,
2026-07-21,18:37:57,01:37:57,-07:00,+33.6362561,-116.1607851,-121,3DDiff (GPS nav),265077.3,5.0,,1,2,0.24,1.9,16,36,10,84,-122,6,5.3,5,2.35,1.14,-0.223,1.042,-16.019,,348,900,,,29.70,123.000,121.500,116.200,GPS1,SUSP,RW35,1.2,170,360,0.223,+1.00,350,VISUAL,,,,,,,,,,,,,,,,,-10.8,42.0,3124,,,,020007FF N100 N100 *,480017FF N100 N100,0.1,0.2,171,149,,1200,ALT,12.6,1760,59,187,13,1.2,5.0,15,195,211,13.2,-308,905,940,COOLANT TEMP,
2026-07-21,18:37:58,01:37:58,-07:00,+33.6362777,-116.1607810,-121,3DDiff (GPS nav),265078.3,4.8,,-0,2,-0.08,334.3,16,39,10,84,-122,25,6.7,7,3.79,0.56,-0.115,1.017,-15.815,,348,900,,,29.70,123.000,121.500,116.200,GPS1,SUSP,RW35,1.2,170,360,0.223,+1.00,350,VISUAL,,,,,,,,,,,,,,,,,-10.8,42.0,3125,,,,020007FF N100 N100 *,480017FF N100 N100,0.2,0.1,108,151,,1200,ALT,12.7,1730,59,187,13,1.1,4.9,15,195,211,13.2,-286,905,940,COOLANT TEMP,
2026-07-21,18:37:59,01:37:59,-07:00,+33.6362978,-116.1607888,-121,3DDiff (GPS nav),265079.3,4.6,,-1,2,0.01,313.7,16,39,10,85,-121,37,3.9,6,3.94,0.17,-0.025,1.000,-13.744,,348,900,,,29.70,123.000,121.500,116.200,GPS1,SUSP,RW35,1.2,170,360,0.223,+1.00,350,VISUAL,,,,,,,,,,,,,,,,,-10.8,42.0,3127,,,,020007FF N100 N100 *,480017FF N100 N100,0.3,0.0,150,85,,1200,ALT,12.7,1720,59,187,13,1.1,4.9,15,195,211,13.2,-257,905,940,COOLANT TEMP,
2026-07-21,18:38:00,01:38:00,-07:00,+33.6363140,-116.1608048,-122,3DDiff (GPS nav),265080.3,4.6,,-2,2,-0.10,294.1,16,39,10,83,-121,26,6.5,8,2.50,0.16,-0.062,1.008,-10.877,,348,900,,,29.70,123.000,121.500,116.200,GPS1,SUSP,RW35,1.2,170,360,0.223,+1.00,350,VISUAL,,,,,,,,,,,,,,,,,-10.8,42.0,3128,,,,020007FF N100 N100 *,480017FF N100 N100,0.5,0.0,136,118,,1200,ALT,12.7,1740,59,188,13,1.2,4.9,15,195,211,13.2,-279,905,940,COOLANT TEMP,
2026-07-21,18:38:01,01:38:01,-07:00,+33.6363258,-116.1608279,-121,3DDiff (GPS nav),265081.3,4.9,,-2,1,-0.08,279.0,16,39,10,84,-121,8,11.3,13,2.59,-0.05,-0.079,0.981,-7.936,,348,900,,,29.70,123.000,121.500,116.200,GPS1,SUSP,RW35,1.3,170,360,0.223,+1.00,350,VISUAL,,,,,,,,,,,,,,,,,-10.8,42.0,3128,,,,020007FF N100 N100 *,480017FF N100 N100,0.6,0.1,106,63,,1200,ALT,12.7,1770,59,188,13,1.1,4.9,15,195,211,13.2,-212,905,940,COOLANT TEMP,
2026-07-21,18:38:02,01:38:02,-07:00,+33.6363346,-116.1608537,-120,3DDiff (GPS nav),265082.3,5.0,,-2,1,0.18,271.8,13,30,11,86,-120,19,15.3,17,2.82,-0.69,-0.002,1.007,-5.354,,348,900,,,29.70,123.000,121.500,116.200,GPS1,SUSP,RW35,1.3,170,360,0.227,+1.00,350,VISUAL,,,,,,,,,,,,,,,,,-10.8,42.0,3129,,,,020007FF N100 N100 *,480017FF N100 N100,0.7,0.1,95,172,,1200,ALT,12.6,1750,59,188,13,1.1,4.9,15,195,211,13.2,-311,905,940,COOLANT TEMP,
2026-07-21,18:38:03,01:38:03,-07:00,+33.6363403,-116.1608747,-118,3DDiff (GPS nav),265083.3,4.5,,-2,1,0.10,276.4,13,30,11,82,-121,-0,16.7,18,2.71,-0.66,0.061,0.996,-3.278,,348,900,,,29.70,123.000,121.500,116.200,GPS1,SUSP,RW35,1.3,170,360,0.227,+1.00,350,VISUAL,,,,,,,,,,,,,,,,,-10.8,42.0,3128,,,,040007FF N100 N100 *,480017FF N100 N100,0.7,0.0,50,78,,1200,ALT,12.6,1780,59,188,13,1.1,4.9,15,195,211,13.2,-434,905,935,COOLANT TEMP,
2026-07-21,18:38:04,01:38:04,-07:00,+33.6363473,-116.1608981,-121,3DDiff (GPS nav),265084.3,4.1,,-2,1,0.13,282.7,13,33,10,82,-123,-30,16.4,17,2.78,-0.38,-0.011,1.020,-1.705,,348,900,,,29.70,123.000,121.500,116.200,GPS1,SUSP,RW35,1.3,170,360,0.227,+1.00,350,VISUAL,,,,,,,,,,,,,,,,,-10.8,42.0,3127,,,,020007FF N100 N100 *,480017FF N100 N100,0.6,0.2,104,92,,1200,ALT,12.6,1790,60,188,13,1.3,5.0,15,195,211,13.2,-557,905,935,COOLANT TEMP,
2026-07-21,18:38:05,01:38:05,-07:00,+33.6363533,-116.1609142,-120,3DDiff (GPS nav),265085.3,3.3,,-1,1,-0.17,273.2,13,33,10,83,-122,-25,15.3,16,2.84,-0.02,-0.009,1.009,-0.607,,348,900,,,29.70,123.000,121.500,116.200,GPS1,SUSP,RW35,1.3,170,360,0.227,+1.00,350,VISUAL,,,,,,,,,,,,,,,,,-10.8,42.0,3128,,,,040007FF N100 N100 *,480017FF N100 N100,0.7,0.1,85,169,,1200,ALT,12.6,1780,60,188,13,1.3,5.0,15,195,211,13.2,-440,905,935,COOLANT TEMP,
2026-07-21,18:38:06,01:38:06,-07:00,+33.6363564,-116.1609259,-120,3DDiff (GPS nav),265086.3,2.4,,-1,0,0.00,263.1,13,33,10,82,-123,-21,13.3,14,2.73,-0.04,0.008,1.051,+0.065,,348,900,,,29.70,123.000,121.500,116.200,GPS1,SUSP,RW35,1.3,170,360,0.230,+1.00,350,VISUAL,,,,,,,,,,,,,,,,,-10.8,42.0,3128,,,,020007FF N100 N100 *,480017FF N100 N100,0.7,0.1,114,145,,1200,ALT,12.7,1770,60,188,13,1.3,5.1,15,195,211,13.2,-370,905,935,COOLANT TEMP,
2026-07-21,18:38:07,01:38:07,-07:00,+33.6363570,-116.1609354,-119,3DDiff (GPS nav),265087.3,1.8,,-1,0,0.01,260.6,16,33,10,83,-123,-14,11.5,12,2.72,-0.25,-0.012,0.998,+0.366,,348,900,,,29.70,123.000,121.500,116.200,GPS1,SUSP,RW35,1.3,170,360,0.230,+1.00,350,VISUAL,,,,,,,,,,,,,,,,,-10.8,42.0,3128,,,,040007FF N100 N100 *,480017FF N99 N100,0.7,0.1,62,56,,1200,ALT,12.7,1780,60,188,13,1.2,5.2,15,195,211,13.2,-213,905,935,COOLANT TEMP,
2026-07-21,18:38:08,01:38:08,-07:00,+33.6363550,-116.1609382,-121,3DDiff (GPS nav),265088.3,0.6,,0,0,0.02,259.6,13,33,10,82,-123,-10,9.8,10,3.85,-0.17,-0.008,0.962,+0.454,,348,900,,,29.70,123.000,121.500,116.200,GPS1,SUSP,RW35,1.3,170,360,0.230,+1.00,350,VISUAL,,,,,,,,,,,,,,,,,-10.8,42.0,3128,,,,040007FF N100 N100 *,480017FF N98 N100,0.7,0.0,66,99,,1200,ALT,12.7,1780,60,188,13,1.3,5.2,15,195,211,13.2,-107,905,935,COOLANT TEMP,
2026-07-21,18:38:09,01:38:09,-07:00,+33.6363541,-116.1609410,-119,3DDiff (GPS nav),265089.3,0.2,,0,0,-0.01,259.4,13,33,10,82,-123,-8,9.9,10,3.30,-0.24,0.028,0.985,+0.410,,348,900,,,29.70,123.000,121.500,116.200,GPS1,SUSP,RW35,1.3,170,360,0.230,+1.00,350,VISUAL,,,,,,,,,,,,,,,,,-10.8,42.0,3128,,,,040007FF N100 N100 *,480017FF N99 N100,0.6,0.0,61,93,,1200,ALT,12.7,1780,60,188,13,1.3,5.3,15,196,211,13.2,-57,905,935,COOLANT TEMP,
2026-07-21,18:38:10,01:38:10,-07:00,+33.6363541,-116.1609416,-119,3DDiff (GPS nav),265090.3,0.1,,0,0,-0.02,259.7,13,33,10,82,-123,-7,10.9,11,3.13,-0.22,-0.002,1.000,+0.283,,348,900,,,29.70,123.000,121.500,116.200,GPS1,SUSP,RW35,1.3,170,360,0.230,+1.00,350,VISUAL,,,,,,,,,,,,,,,,,-10.8,42.0,3128,,,,040007FF N100 N100 *,480017FF N100 N100,0.6,0.0,58,48,,1200,ALT,12.7,1790,60,188,13,1.3,5.3,15,196,212,13.2,-28,905,935,COOLANT TEMP,
2026-07-21,18:38:11,01:38:11,-07:00,+33.6363541,-116.1609425,-118,3DDiff (GPS nav),265091.3,0.1,,-0,-0,-0.02,259.6,13,33,10,83,-123,5,11.9,12,2.95,-0.15,0.012,1.015,+0.154,,348,900,,,29.70,123.000,121.500,116.200,GPS1,SUSP,RW35,1.3,170,360,0.230,+1.00,350,VISUAL,,,,,,,,,,,,,,,,,-10.8,42.0,3128,,,,040007FF N100 N100 *,480017FF N100 N100,0.6,0.1,61,30,,1200,ALT,12.7,1780,60,188,13,1.3,5.3,15,196,212,13.2,-15,905,935,COOLANT TEMP,
2026-07-21,18:38:12,01:38:12,-07:00,+33.6363539,-116.1609433,-117,3DDiff (GPS nav),265092.3,0.0,,-0,0,-0.02,259.6,13,33,10,83,-122,17,12.2,13,2.93,-0.07,0.005,0.996,+0.061,,348,900,,,29.70,123.000,121.500,116.200,GPS1,SUSP,RW35,1.3,170,360,0.230,+1.00,350,VISUAL,,,,,,,,,,,,,,,,,-10.8,42.0,3128,,,,040007FF N100 N100 *,480017FF N100 N100,0.7,0.1,46,22,,1200,ALT,12.7,1780,60,188,13,1.3,5.4,15,197,212,13.2,-9,905,935,COOLANT TEMP,
2026-07-21,18:38:13,01:38:13,-07:00,+33.6363539,-116.1609436,-117,3DDiff (GPS nav),265093.3,0.0,,0,0,-0.02,259.5,13,33,10,83,-122,12,11.6,12,2.94,-0.01,0.000,1.016,-0.010,,348,900,,,29.70,123.000,121.500,116.200,GPS1,SUSP,RW35,1.3,170,360,0.230,+1.00,350,VISUAL,,,,,,,,,,,,,,,,,-10.8,42.0,3128,,,,040007FF N100 N100 *,480017FF N100 N100,0.7,0.2,83,20,,1200,ALT,12.7,1790,60,188,13,1.2,5.4,15,197,212,13.2,-7,905,935,COOLANT TEMP,
2026-07-21,18:38:14,01:38:14,-07:00,+33.6363558,-116.1609425,-115,3DDiff (GPS nav),265094.3,0.0,,0,0,0.01,259.4,13,33,10,83,-122,8,11.2,12,2.87,0.01,-0.005,1.001,-0.150,,348,900,,,29.70,123.000,121.500,116.200,GPS1,SUSP,RW35,1.3,170,360,0.230,+1.00,350,VISUAL,,,,,,,,,,,,,,,,,-10.8,42.0,3128,,,,040007FF N100 N100 *,480017FF N100 N100,0.7,0.2,58,17,,1200,ALT,12.6,1790,60,188,13,1.2,5.4,15,197,213,13.2,-5,905,935,COOLANT TEMP,
2026-07-21,18:38:15,01:38:15,-07:00,+33.6363566,-116.1609400,-115,3DDiff (GPS nav),265095.3,0.0,,0,0,-0.05,259.4,13,33,10,83,-122,3,10.7,11,2.82,0.02,0.007,1.005,-0.313,,348,900,,,29.70,123.000,121.500,116.200,GPS1,SUSP,RW35,1.3,170,360,0.230,+1.00,350,VISUAL,,,,,,,,,,,,,,,,,-10.8,42.0,3127,,,,040007FF N100 N100 *,480017FF N100 N100,0.7,0.2,32,18,,1200,ALT,12.6,1780,60,188,13,1.3,5.4,15,197,213,13.2,-5,910,935,COOLANT TEMP,
2026-07-21,18:38:16,01:38:16,-07:00,+33.6363569,-116.1609400,-114,3DDiff (GPS nav),265096.3,0.0,,-0,-0,0.01,259.3,13,33,10,83,-122,1,10.5,11,2.69,-0.03,0.010,1.006,-0.443,,348,900,,,29.70,123.000,121.500,116.200,GPS1,SUSP,RW35,1.3,170,360,0.230,+1.00,350,VISUAL,,,,,,,,,,,,,,,,,-10.8,42.0,3127,,,,040007FF N100 N100 *,480017FF N100 N100,0.8,0.2,41,16,,1200,ALT,12.6,1800,61,188,13,1.3,5.4,15,197,213,13.2,-5,910,935,COOLANT TEMP,
2026-07-21,18:38:17,01:38:17,-07:00,+33.6363572,-116.1609397,-114,3DDiff (GPS nav),265097.3,0.0,,0,-0,0.03,259.4,13,30,11,84,-122,10,11.2,12,2.70,-0.05,0.024,1.010,-0.489,,348,900,,,29.70,123.000,121.500,116.200,GPS1,SUSP,RW35,1.3,170,360,0.230,+1.00,350,VISUAL,,,,,,,,,,,,,,,,,-10.8,42.0,3127,,,,040007FF N100 N100 *,480017FF N100 N100,0.9,0.2,39,18,,1200,ALT,12.6,1790,61,188,13,1.3,5.4,15,198,213,13.2,-5,910,935,COOLANT TEMP,
2026-07-21,18:38:18,01:38:18,-07:00,+33.6363572,-116.1609397,-114,3DDiff (GPS nav),265098.3,0.0,,-0,0,0.02,259.4,13,30,11,82,-122,-2,11.9,12,2.79,-0.03,0.008,0.998,-0.473,,348,900,,,29.70,123.000,121.500,116.200,GPS1,SUSP,RW35,1.3,170,360,0.230,+1.00,350,VISUAL,,,,,,,,,,,,,,,,,-10.8,42.0,3125,,,,040007FF N100 N100 *,480017FF N100 N100,0.8,0.2,39,19,,1200,ALT,12.6,1780,61,188,13,1.3,5.4,15,198,214,13.2,-5,910,935,COOLANT TEMP,
2026-07-21,18:38:19,01:38:19,-07:00,+33.6363580,-116.1609405,-112,3DDiff (GPS nav),265099.3,0.0,,0,-0,0.06,259.4,13,30,11,82,-123,-25,11.3,12,2.81,-0.04,0.010,0.993,-0.461,,348,900,,,29.70,123.000,121.500,116.200,GPS1,SUSP,RW35,1.3,170,360,0.230,+1.00,350,VISUAL,,,,,,,,,,,,,,,,,-10.8,42.0,3124,,,,040007FF N100 N100 *,480017FF N100 N100,0.8,0.2,47,16,,1200,ALT,12.6,1790,61,188,13,1.3,5.4,15,199,214,13.2,-5,910,935,COOLANT TEMP,
2026-07-21,18:38:20,01:38:20,-07:00,+33.6363556,-116.1609427,-113,3DDiff (GPS nav),265100.3,0.0,,0,0,0.01,259.5,13,30,11,83,-123,-19,11.3,12,2.84,-0.02,0.007,1.009,-0.435,,348,900,,,29.70,123.000,121.500,116.200,GPS1,SUSP,RW35,1.3,170,360,0.230,+1.00,350,VISUAL,,,,,,,,,,,,,,,,,-10.8,42.0,3124,,,,040007FF N100 N100 *,480017FF N100 N100,0.7,0.2,58,18,,1200,ALT,12.5,1780,61,187,13,1.2,5.4,15,199,214,13.2,-4,910,930,COOLANT TEMP,
