#airframe_info,log_version="1.00",log_content_version="1.02",product="GDU 460",aircraft_ident="PIAT",unit_software_part_number="006-B1727-37",software_version="9.41",system_id="60002CE0956A8",unit="PFD1",airframe_hours="614.8",engine_hours="361.0"
Date (yyyy-mm-dd),Time (hh:mm:ss),UTC Time (hh:mm:ss),UTC Offset (hh:mm),Latitude (deg),Longitude (deg),GPS Altitude (ft),GPS Fix Status,GPS Time of Week (sec),GPS Ground Speed (kt),GPS Ground Track (deg),GPS Velocity E (m/sec),GPS Velocity N (m/sec),GPS Velocity U (m/sec),Magnetic Heading (deg),GPS HFOM (ft),GPS VFOM (ft),GPS Sats,Pressure Altitude (ft),Baro Altitude (ft),Vertical Speed (ft/min),Indicated Airspeed (kt),True Airspeed (kt),Pitch (deg),Roll (deg),Lateral Acceleration (G),Normal Acceleration (G),AOA Cp,AOA,Selected Heading (deg),Selected Altitude (ft),Selected Vertical Speed (ft/min),Selected Airspeed (kt),Baro Setting (inch Hg),COM Frequency 1 (MHz),COM Frequency 2 (MHz),NAV Frequency 2 (MHz),Active Nav Source,Nav Annunciation,Nav Identifier,Nav Distance (nm),Nav Bearing (deg),Nav Course (deg),Nav Cross Track Distance (nm),Horizontal CDI Deflection,Horizontal CDI Full Scale (ft),Horizontal CDI Scale,Vertical CDI Deflection,Vertical CDI Full Scale (ft),VNAV CDI Deflection,VNAV Altitude (ft),Autopilot State,FD Lateral Mode,FD Vertical Mode,FD Roll Command (deg),FD Pitch Command (deg),FD Altitude (ft),AP Roll Command (deg),AP Pitch Command (deg),AP VS Command (ft/min),AP Altitude Command (ft),AP Roll Torque (%),AP Pitch Torque (%),Magnetic Variation (deg),Outside Air Temp (deg C),Density Altitude (ft),Height Above Ground (ft),Wind Speed (kt),Wind Direction (deg),AHRS/Mag 1 Status,SFD AHRS Status,Pitch Delta (deg),Roll Delta (deg),AHRS 1 Dev (%),SFD AHRS Dev (%),Network Status,Transponder Code,Transponder Mode,Manifold Press (inch Hg),RPM,Oil Press (PSI),Oil Temp (deg F),Fuel Qty (gal),Fuel Flow (gal/hour),Fuel Press (PSI),Elevator Trim,Coolant Temp 1 (deg F),Coolant Temp 2 (deg F),Volts,Amps,EGT1 (deg F),EGT2 (deg F),CAS Alert,Terrain Alert
Lcl Date,Lcl Time,UTC Time,UTCOfst,Latitude,Longitude,AltGPS,GPSfix,,GndSpd,TRK,GPSVelE,GPSVelN,GPSVelU,HDG,HFOM,VFOM,,AltP,AltInd,VSpd,IAS,TAS,Pitch,Roll,LatAc,NormAc,,AOA,SelHDG,SelALT,SelVSpd,SelIAS,Baro,COM1,COM2,NAV2,NavSrc,,NavIdent,NavDist,NavBrg,NavCRS,NavXTK,HCDI,,,VCDI,,VNAV CDI,VNAVAlt,,,,,,,,,,,,,MagVar,OAT,AltD,AGL,WndSpd,WndDr,,,,,,,,,,E1 MAP,E1 RPM,E1 OilP,E1 OilT,FQty1,E1 FFlow,E1 FPres,PTrim,,,Volts1,Amps1,E1 EGT1,E1 EGT2,,
2026-05-16,14:32:28,22:32:28,-08:00,+33.6362779,-116.1609702,84,3D-,599566.0,0.0,,0,0,-0.00,,49,519,8,167,-47,8,10.3,11,,,-0.036,1.019,-0.721,,330,,,,29.69,123.000,121.500,113.750,GPS1,,,,,,,,,ENR,,,,,Powerup,,,,,,,,,,,,-10.8,33.0,2259,,,,081101F8 A32 A32 *,080197FF N17 D43,,,74,61,,,,29.6,0,2,87,4,0.0,0.0,-8,89,87,13.1,-6,80,80,OIL PRESS,
2026-05-16,14:32:28,22:32:28,-08:00,+33.6362779,-116.1609702,84,3D-,599566.0,0.0,,0,0,-0.00,,49,519,8,167,-47,8,10.3,11,,,-0.036,1.019,-0.721,,330,,,,29.69,123.000,121.500,113.750,GPS1,,,,,,,,,ENR,,,,,Powerup,,,,,,,,,,,,-10.8,33.0,2259,,,,081101F8 A32 A32 *,080197FF N17 D43,,,74,61,,,,29.6,0,2,87,4,0.0,0.0,-8,89,87,13.1,-6,80,80,OIL PRESS,
2026-05-16,14:32:29,22:32:29,-08:00,+33.6362798,-116.1609728,83,3D-,599566.6,0.0,,0,0,-0.00,,46,442,8,167,-47,2,11.7,12,,,0.038,0.987,-0.771,,330,,,,29.69,123.000,121.500,113.750,GPS1,,,,,,,,,ENR,,,,,Powerup,,,,,,,,,,,,-10.8,33.0,2259,,,,081101F8 A34 A34 *,080197FF N19 D47,,,58,69,,1200,ALT,29.6,0,2,87,4,0.0,0.0,-8,89,87,13.1,-6,80,80,OIL PRESS,
2026-05-16,14:32:30,22:32:30,-08:00,+33.6362813,-116.1609719,82,3D-,599567.7,0.0,,0,0,-0.00,,41,351,8,167,-48,-2,6.6,7,,,-0.025,1.016,-1.088,,330,,,,29.69,123.000,121.500,113.750,GPS1,,,,,,,,,ENR,,,,,Powerup,,,,,,,,,,,,-10.8,33.0,2259,,,,081101F8 A37 A37 *,080197FF N24 D59,,,91,82,,1200,ALT,29.6,0,2,87,4,0.0,0.0,-8,89,87,13.1,-6,80,80,OIL PRESS,
2026-05-16,14:32:31,22:32:31,-08:00,+33.6362813,-116.1609697,82,3D-,599568.6,0.0,,0,0,-0.00,,37,294,8,167,-48,-8,11.4,12,,,0.053,1.001,-1.424,,330,,,,29.69,123.000,121.500,113.750,GPS1,,,,,,,,,ENR,,,,,PFT,,,,,,,,,,,,-10.8,33.0,2259,,,,081101F8 A40 A40 *,080197FF N27 D69,,,91,92,,1200,ALT,29.6,0,2,87,4,0.0,0.0,-8,89,87,13.1,-6,80,80,OIL PRESS,
2026-05-16,14:32:32,22:32:32,-08:00,+33.6361987,-116.1610783,,2D-,599569.5,0.0,,0,0,,,36,12941,8,167,-48,-2,8.4,8,,,-0.035,0.996,-1.491,,330,,,,29.69,123.000,121.500,113.750,GPS1,,,,,,,,,ENR,,,,,PFT,,,,,,,,,,,,-10.8,33.0,2259,,,,081101F8 A43 A43 *,080197FF N31 D79,,,89,81,,1200,ALT,29.6,0,2,87,4,0.0,0.0,-8,89,87,13.1,-6,80,80,OIL PRESS,
2026-05-16,14:32:33,22:32:33,-08:00,+33.6361710,-116.1610867,-21,3D-,599570.5,0.0,,0,0,0.00,,40,2647,8,167,-48,-0,7.5,8,,,0.000,1.002,-1.650,,330,,,,29.69,123.000,121.500,113.750,GPS1,,,,,,,,,ENR,,,,,PFT,,,,,,,,,,,,-10.8,33.0,2260,,,,081101F8 A46 A46 *,080197FF N35 D88,,,59,62,,1200,ALT,29.6,0,2,87,4,0.0,0.0,-8,89,87,13.1,-6,80,80,OIL PRESS,
2026-05-16,14:32:34,22:32:34,-08:00,+33.6361799,-116.1610912,-25,3D-,599571.5,0.0,,0,0,0.00,,41,1316,7,167,-48,0,7.7,8,,,-0.026,0.999,-1.873,,330,,,,29.69,123.000,121.500,113.750,GPS1,,,,,,,,,ENR,,,,,PFT,,,,,,,,,,,,-10.8,33.0,2260,,,,081101F8 A49 A49 *,080197FF N39 D98,,,40,34,,1200,ALT,29.6,0,2,87,4,0.0,0.0,-8,89,87,13.1,-6,80,80,OIL PRESS,
2026-05-16,14:32:35,22:32:35,-08:00,+33.6361878,-116.1610969,-28,3D,599572.6,0.0,,0,0,-0.01,,42,895,7,168,-47,12,9.9,10,,,0.014,1.011,-1.940,,330,,,,29.69,123.000,121.500,113.750,GPS1,,,,,,,,,ENR,,,,,PFT,,,,,,,,,,,,-10.8,33.0,2261,,,,081101F8 A52 A52 *,480197FF N43 D99,,,72,69,,1200,ALT,29.6,0,2,87,4,0.0,0.0,-8,89,87,13.1,-6,80,80,OIL PRESS,
2026-05-16,14:32:36,22:32:36,-08:00,+33.6361902,-116.1611048,-32,3D,599573.5,0.0,,0,0,0.00,,42,674,7,167,-47,12,6.7,7,,,-0.016,0.996,-2.260,,330,,,,29.69,123.000,121.500,113.750,GPS1,,,,,,,,,ENR,,,,,PFT,,,,,,,,,,,,-10.8,33.0,2261,,,,040001F8 A55 A55 *,480117FF N47 D99,,,50,47,,1200,ALT,29.6,0,2,87,4,0.0,0.0,-8,89,87,13.1,-6,80,80,OIL PRESS,
2026-05-16,14:32:37,22:32:37,-08:00,+33.6361888,-116.1611087,-33,3D,599574.5,0.0,,0,0,-0.00,,38,547,7,166,-47,-1,8.3,9,,,-0.011,1.014,-2.478,,330,,,,29.69,123.000,121.500,113.750,GPS1,,,,,,,,,ENR,,,,,PFT,,,,,,,,,,,,-10.8,33.0,2260,,,,040001F8 A58 A58 *,480117FF N51 D99,,,26,24,,1200,ALT,29.6,0,2,87,4,0.0,0.0,-8,89,87,13.1,-6,80,80,OIL PRESS,
2026-05-16,14:32:38,22:32:38,-08:00,+33.6361872,-116.1611084,-33,3D,599575.5,0.0,,0,0,0.01,,35,461,7,166,-48,-21,7.1,7,,,0.001,1.008,-7.820,,330,,,,29.69,123.000,121.500,113.750,GPS1,,,,,,,,,ENR,,,,,PFT,,,,,,,,,,,,-10.8,33.0,2259,,,,040001F8 A61 A61 *,480117FF N55 D99,,,13,18,,1200,ALT,29.6,0,2,87,4,0.0,0.0,-8,89,87,13.1,-6,80,80,OIL PRESS,
2026-05-16,14:32:39,22:32:39,-08:00,+33.6361862,-116.1611073,-32,3D,599576.6,0.0,,0,0,0.00,,32,398,7,167,-48,-21,7.5,7,,,-0.001,1.002,-12.520,,330,,,,29.69,123.000,121.500,113.750,GPS1,,,,,,,,,ENR,,,,,PFT,,,,,,,,,,,,-10.8,33.0,2258,,,,040001F8 A64 A64 *,480117FF N59 D99,,,64,67,,1200,ALT,29.6,0,2,87,4,0.0,0.0,-8,89,87,13.1,-6,80,80,OIL PRESS,
2026-05-16,14:32:40,22:32:40,-08:00,+33.6361914,-116.1611053,-30,3D,599577.6,0.0,,0,0,-0.00,,30,346,7,166,-48,-10,0.7,1,,,-0.008,0.993,-13.047,,330,,,,29.69,123.000,121.500,113.750,GPS1,,,,,,,,,ENR,,,,,PFT,,,,,,,,,,,,-10.8,33.0,2259,,,,040001F8 A67 A67 *,480117FF N63 N3,,,24,29,,1200,ALT,29.6,0,2,87,4,0.0,0.0,-8,89,87,13.1,-6,80,80,OIL PRESS,
2026-05-16,14:32:41,22:32:41,-08:00,+33.6361912,-116.1611063,-31,3D,599578.6,0.0,,0,0,0.01,,29,309,7,166,-48,-10,6.6,7,,,-0.013,1.003,-12.336,,330,,,,29.69,123.000,121.500,113.750,GPS1,,,,,,,,,ENR,,,,,PFT,,,,,,,,,,,,-10.8,33.0,2258,,,,040001F8 A70 A70 *,480117FF N67 N6,,,45,43,,1200,ALT,29.6,0,2,87,4,0.0,0.0,-8,89,87,13.1,-6,80,80,OIL PRESS,
2026-05-16,14:32:42,22:32:42,-08:00,+33.6361918,-116.1611078,-33,3D,599579.6,0.0,,0,0,0.00,,27,278,7,167,-48,1,6.4,6,,,0.002,0.991,-10.605,,330,,,,29.69,123.000,121.500,113.750,GPS1,,,,,,,,,ENR,,,,,PFT,,,,,,,,,,,,-10.8,33.0,2258,,,,040001F8 A73 A73 *,480117FF N71 N9,,,23,33,,1200,ALT,29.6,0,2,87,4,0.0,0.0,-8,89,87,13.1,-6,80,80,OIL PRESS,
2026-05-16,14:32:43,22:32:43,-08:00,+33.6361935,-116.1611089,-35,3D,599580.5,0.0,,0,0,0.00,,26,254,7,167,-48,15,8.9,9,,,0.002,1.011,-8.465,,330,,,,29.69,123.000,121.500,113.750,GPS1,,,,,,,,,ENR,,,,,PFT,,,,,,,,,,,,-10.8,33.0,2258,,,,040001F8 A76 A76 *,480117FF N75 N12,,,31,32,,1200,ALT,29.6,0,2,87,4,0.0,0.0,-8,89,87,13.1,-6,80,80,OIL PRESS,
2026-05-16,14:32:44,22:32:44,-08:00,+33.6361955,-116.1611091,-36,3D,599581.5,0.0,,0,0,0.01,,25,234,7,168,-47,20,8.2,8,,,0.011,0.985,-6.370,,330,,,,29.69,123.000,121.500,113.750,GPS1,,,,,,,,,ENR,,,,,PFT,,,,,,,,,,,,-10.8,33.0,2258,,,,040001F8 A79 A79 *,480117FF N79 N15,,,24,22,,1200,ALT,29.6,0,2,87,4,0.0,0.0,-8,89,87,13.1,-6,80,80,OIL PRESS,
2026-05-16,14:32:45,22:32:45,-08:00,+33.6361968,-116.1611084,-37,3D,599582.5,0.0,,0,0,0.00,,25,217,7,169,-46,34,5.8,5,,,0.012,1.003,-4.940,,330,,,,29.69,123.000,121.500,113.750,GPS1,,,,,,,,,ENR,,,,,PFT,,,,,,,,,,,,-10.8,33.0,2259,,,,040001F8 A82 A82 *,480117FF N83 N19,,,49,54,,1200,ALT,29.6,0,2,87,4,0.0,0.0,-8,89,87,13.1,-6,80,80,OIL PRESS,
2026-05-16,14:32:46,22:32:46,-08:00,+33.6361982,-116.1611079,-37,3D,599583.5,0.0,,0,0,0.01,,24,203,7,169,-46,37,5.8,5,,,-0.002,0.997,-5.957,,330,,,,29.69,123.000,121.500,113.750,GPS1,,,,,,,,,ENR,,,,,PFT,,,,,,,,,,,,-10.8,33.0,2259,,,,040001F8 A85 A85 *,480117FF N87 N22,,,34,48,,1200,ALT,29.6,0,2,87,4,0.0,0.0,-8,89,87,13.1,-6,80,80,OIL PRESS / TRAFFIC FAIL,
2026-05-16,14:32:47,22:32:47,-08:00,+33.6362001,-116.1611081,-38,3D,599584.6,0.0,,0,0,0.01,,23,190,7,167,-46,12,6.7,7,,,0.005,1.015,-7.984,,330,,,,29.69,123.000,121.500,113.750,GPS1,,,,,,,,,ENR,,,,,PFT,,,,,,,,,,,,-10.8,33.0,2258,,,,040001F8 A88 A88 *,480117FF N91 N25,,,44,37,,1200,ALT,29.6,0,2,87,4,0.0,0.0,-8,89,87,13.1,-6,80,80,OIL PRESS / TRAFFIC FAIL,
2026-05-16,14:32:48,22:32:48,-08:00,+33.6362024,-116.1611087,-40,3D,599585.5,0.0,,0,0,0.00,,23,179,7,168,-47,-11,9.0,9,,,-0.004,1.009,-8.476,,330,,,,29.69,123.000,121.500,113.750,GPS1,,,,,,,,,ENR,,,,,PFT,,,,,,,,,,,,-10.8,33.0,2257,,,,040001F8 A91 A91 *,480117FF N95 N28,,,27,28,,1200,ALT,29.6,0,2,87,4,0.0,0.0,-8,89,87,13.1,-6,80,80,OIL PRESS / TRAFFIC FAIL,
2026-05-16,14:32:49,22:32:49,-08:00,+33.6362046,-116.1611096,-41,3D,599586.5,0.0,,0,0,-0.00,,22,169,7,167,-47,-16,7.4,7,,,0.015,0.992,-7.930,,330,,,,29.69,123.000,121.500,113.750,GPS1,,,,,,,,,ENR,,,,,PFT,,,,,,,,,,,,-10.8,33.0,2256,,,,040001F8 A94 A94 *,480117FF N99 N31,,,25,26,,1200,ALT,29.6,0,2,87,4,0.0,0.0,-8,89,87,13.1,-6,80,80,OIL PRESS / TRAFFIC FAIL,
2026-05-16,14:32:50,22:32:50,-08:00,+33.6362062,-116.1611101,-42,3D,599587.5,0.0,,0,0,-0.00,,22,160,7,167,-47,-19,5.0,5,,,0.011,1.007,-6.840,,330,,,,29.69,123.000,121.500,113.750,GPS1,,,,,,,,,ENR,,,,,PFT,,,,,,,,,,,,-10.8,33.0,2255,,,,040001F8 A97 A97 *,480117FF N100 N35,,,18,18,,1200,ALT,29.6,0,2,87,4,0.0,0.0,-8,89,87,13.1,-6,80,80,OIL PRESS / TRAFFIC FAIL,
2026-05-16,14:32:51,22:32:51,-08:00,+33.6362076,-116.1611099,-43,3D,599588.6,0.0,,0,0,0.00,254.9,21,152,7,167,-48,-17,6.8,7,2.21,0.62,-0.042,1.003,-5.563,,330,,,,29.69,123.000,121.500,113.750,GPS1,,,,,,,,,ENR,,,,,PFT,,,,,,,,,,,,-10.8,33.0,2255,,,,040007FF A99 A99 *,480117FF N100 N39,0.4,0.4,69,60,,1200,ALT,29.6,0,2,87,4,0.0,0.0,-8,89,87,13.1,-6,80,80,OIL PRESS / TRAFFIC FAIL,
2026-05-16,14:32:52,22:32:52,-08:00,+33.6362090,-116.1611092,-43,3D,599589.6,0.0,,0,0,-0.00,254.8,21,145,7,166,-48,-13,8.5,8,2.34,0.35,-0.003,1.004,-4.412,,330,,,,29.69,123.000,121.500,113.750,GPS1,,,,,,,,,ENR,,,,,PFT,,,,,,,,,,,,-10.8,33.0,2254,,,,040007FF D12 D12 *,480117FF N100 N42,0.3,0.3,68,67,,1200,ALT,29.6,0,2,87,4,0.0,0.0,-8,89,87,13.1,-6,80,80,OIL PRESS / TRAFFIC FAIL,
2026-05-16,14:32:53,22:32:53,-08:00,+33.6362107,-116.1611093,-43,3D,599590.6,0.0,,0,0,-0.00,254.6,21,139,7,166,-48,-19,7.0,7,2.41,0.23,-0.011,0.998,-3.501,,330,,,,29.69,123.000,121.500,113.750,GPS1,,,,,,,,,ENR,,,,,PFT,,,,,,,,,,,,-10.8,33.0,2253,,,,040007FF D24 D24 *,480117FF N100 N45,0.2,0.3,51,47,,1200,ALT,29.6,0,2,87,4,0.0,0.0,-8,89,87,13.1,-6,80,80,OIL PRESS / TRAFFIC FAIL,
2026-05-16,14:32:54,22:32:54,-08:00,+33.6362131,-116.1611097,-44,3D,599591.6,0.0,,0,0,0.00,254.6,20,133,8,166,-48,-17,6.3,6,2.37,0.31,-0.011,1.000,-4.302,,330,,,,29.69,123.000,121.500,113.750,GPS1,,,,,,,,,ENR,,,,,PFT,,,,,,,,,,,,-10.8,32.9,2253,,,,040007FF D36 D36 *,480117FF N100 N48,0.3,0.3,33,33,,1200,ALT,29.6,0,2,87,4,0.0,0.0,-8,89,87,13.1,-6,80,80,OIL PRESS / TRAFFIC FAIL,
2026-05-16,14:32:55,22:32:55,-08:00,+33.6362155,-116.1611106,-45,3D,599592.5,0.0,,0,0,-0.00,254.7,20,128,8,166,-48,-9,5.7,6,2.35,0.28,-0.009,1.003,-6.646,,330,,,,29.69,123.000,121.500,113.750,GPS1,,,,,,,,,ENR,,,,,PFT,,,,,,,,,,,,-10.8,32.9,2252,,,,040007FF D48 D48 *,480117FF N100 N52,0.3,0.3,20,33,,1200,ALT,29.6,0,2,87,4,0.0,0.0,-8,89,87,13.1,-6,80,80,OIL PRESS / TRAFFIC FAIL,
2026-05-16,14:32:56,22:32:56,-08:00,+33.6362178,-116.1611112,-46,3D,599593.5,0.0,,0,0,-0.00,254.2,20,123,8,168,-48,9,6.7,7,2.39,0.04,0.020,0.994,-7.246,,330,,,,29.69,123.000,121.500,113.750,GPS1,,,,,,,,,ENR,,,,,PFT,,,,,,,,,,,,-10.8,32.9,2253,,,,040007FF D60 D60 *,480117FF N100 N55,0.2,0.2,66,58,,1200,ALT,29.6,0,2,87,4,0.0,0.0,-8,89,87,13.1,-6,80,80,OIL PRESS / TRAFFIC FAIL,
2026-05-16,14:32:57,22:32:57,-08:00,+33.6362197,-116.1611116,-47,3D,599594.5,0.0,,0,0,-0.01,254.6,20,118,8,168,-47,29,6.7,7,2.29,0.22,-0.024,1.006,-6.499,,330,,,,29.69,123.000,121.500,113.750,GPS1,,,,,,,,,ENR,,,,,PFT,,,,,,,,,,,,-10.8,32.9,2254,,,,040007FF D72 D72 *,480117FF N100 N59,0.3,0.4,52,55,,1200,ALT,29.6,0,2,87,4,0.0,0.0,-8,89,87,13.1,-6,80,80,OIL PRESS / TRAFFIC FAIL,
2026-05-16,14:32:58,22:32:58,-08:00,+33.6362211,-116.1611119,-48,3D,599595.5,0.0,,0,0,-0.00,254.7,20,115,8,166,-47,14,4.6,5,2.39,0.26,-0.001,1.003,-4.824,,330,,,,29.69,123.000,121.500,113.750,GPS1,,,,,,,,,ENR,,,,,PFT,,,,,,,,,,,,-10.8,32.9,2253,,,,040007FF D84 D84 *,480117FF N100 N62,0.2,0.3,31,33,,1200,ALT,29.6,0,2,87,4,0.0,0.0,-8,89,87,13.1,-7,80,80,OIL PRESS / TRAFFIC FAIL,
2026-05-16,14:32:59,22:32:59,-08:00,+33.6362228,-116.1611123,-48,3D,599596.5,0.0,,0,0,-0.00,254.7,20,111,8,164,-49,-27,4.7,5,2.39,0.29,-0.005,0.997,-0.859,,330,,,,29.69,123.000,121.500,113.750,GPS1,,,,,,,,,ENR,,,,,PFT,,,,,,,,,,,,-10.8,32.9,2250,,,,040007FF D96 D96 *,480117FF N100 N65,0.2,0.3,35,32,,1200,ALT,29.6,0,2,87,4,0.0,0.0,-8,89,87,13.1,-7,80,80,OIL PRESS / TRAFFIC FAIL,
2026-05-16,14:33:00,22:33:00,-08:00,+33.6362245,-116.1611129,-49,3D,599597.5,0.0,,0,0,-0.00,254.6,20,107,8,167,-49,-30,6.8,7,2.22,0.07,0.029,0.992,+1.662,,330,,,,29.69,123.000,121.500,113.750,GPS1,,,,,,,,,ENR,,,,,PFT,,,,,,,,,,,,-10.8,32.9,2249,,,,040007FF D98 D98 *,480117FF N100 N69,0.3,0.3,38,29,,1200,ALT,29.6,0,2,87,4,0.0,0.0,-8,89,87,13.1,-7,80,80,OIL PRESS / TRAFFIC FAIL,
2026-05-16,14:33:01,22:33:01,-08:00,+33.6362266,-116.1611142,-51,3D,599598.5,0.0,,0,0,-0.01,254.6,20,103,9,167,-48,0,9.1,10,2.23,0.01,0.012,1.001,+2.824,,330,,,,29.69,123.000,121.500,113.750,GPS1,,,,,,,,,ENR,,,,,PFT,,,,,,,,,,,,-10.8,32.9,2249,,,,040007FF D98 D98 *,480117FF N100 N72,0.3,0.4,33,34,,1200,ALT,29.6,0,2,87,4,0.0,0.0,-8,89,87,13.1,-7,80,80,OIL PRESS / TRAFFIC FAIL,
2026-05-16,14:33:02,22:33:02,-08:00,+33.6362286,-116.1611156,-52,3D,599599.5,0.0,,0,0,-0.01,254.8,20,100,9,167,-48,13,9.4,10,2.41,0.16,-0.008,0.988,+2.995,,330,,,,29.69,123.000,121.500,113.750,GPS1,,,,,,,,,ENR,,,,,PFT,,,,,,,,,,,,-10.8,32.9,2250,,,,040007FF D98 D98 *,480117FF N100 N75,0.2,0.3,21,28,,1200,ALT,29.6,0,2,87,4,0.0,0.0,-8,89,87,13.1,-7,80,80,OIL PRESS / TRAFFIC FAIL,
2026-05-16,14:33:03,22:33:03,-08:00,+33.6362305,-116.1611167,-53,3D,599600.6,0.0,,0,0,-0.00,254.5,20,96,9,166,-48,6,10.0,10,2.20,0.10,0.003,1.006,+2.526,,330,,,,29.69,123.000,121.500,113.750,GPS1,,,,,,,,,ENR,,,,,PFT,,,,,,,,,,,,-10.8,32.9,2249,,,,040007FF D98 D98 *,480117FF N100 N79,0.3,0.3,18,23,,1200,ALT,29.6,0,2,87,4,0.0,0.0,-8,89,87,13.1,-7,80,80,OIL PRESS / TRAFFIC FAIL,
2026-05-16,14:33:04,22:33:04,-08:00,+33.6362323,-116.1611175,-55,3D,599601.6,0.0,,0,0,0.00,254.6,20,93,9,166,-48,-1,8.9,9,2.25,0.29,-0.012,1.004,+2.099,,330,,,,29.69,123.000,121.500,113.750,GPS1,,,,,,,,,ENR,,,,,PFT,,,,,,,,,,,,-10.8,32.9,2248,,,,040007FF D98 D98 *,480117FF N100 N82,0.2,0.4,30,36,,1200,ALT,29.6,0,2,87,4,0.0,0.0,-8,89,87,13.1,-7,80,80,OIL PRESS / TRAFFIC FAIL,
2026-05-16,14:33:05,22:33:05,-08:00,+33.6362342,-116.1611181,-57,3D,599602.6,0.0,,0,0,-0.00,254.7,20,90,9,165,-49,-19,6.4,7,2.33,0.27,-0.011,1.002,+1.714,,330,,,,29.69,123.000,121.500,113.750,GPS1,,,,,,,,,ENR,,,,,PFT,,,,,,,,,,,,-10.8,32.9,2247,,,,040007FF D98 D98 *,480017FF N100 N86,0.3,0.4,15,15,,1200,ALT,29.6,0,2,87,4,0.0,0.0,-8,89,87,13.1,-7,80,80,OIL PRESS / TRAFFIC FAIL,
2026-05-16,14:33:06,22:33:06,-08:00,+33.6362359,-116.1611190,-58,3D,599603.6,0.0,,0,0,0.01,254.5,20,87,9,166,-49,-19,7.3,8,2.25,0.09,-0.008,1.011,+1.119,,330,,,,29.69,123.000,121.500,113.750,GPS1,,,,,,,,,ENR,,,,,PFT,,,,,,,,,,,,-10.8,32.9,2247,,,,040007FF D98 D98 *,480017FF N100 N89,0.3,0.4,33,24,,1200,ALT,29.6,0,2,87,4,0.0,0.0,-8,89,87,13.1,-7,80,80,OIL PRESS / TRAFFIC FAIL,
2026-05-16,14:33:07,22:33:07,-08:00,+33.6362375,-116.1611195,-60,3D,599604.6,0.0,,0,0,0.00,254.7,20,85,9,167,-48,3,7.9,8,2.33,0.33,-0.005,0.995,+0.562,,330,,,,29.69,123.000,121.500,113.750,GPS1,,,,,,,,,ENR,,,,,,,,,,,,,,,,,-10.8,32.9,2247,,,,040007FF N3 N3 *,480017FF N100 N92,0.3,0.4,14,15,,1200,ALT,29.6,0,2,87,4,0.0,0.0,-8,89,87,13.1,-7,80,80,OIL PRESS / TRAFFIC FAIL,
2026-05-16,14:33:08,22:33:08,-08:00,+33.6362386,-116.1611196,-61,3D,599605.5,0.0,,0,0,-0.00,254.5,20,82,9,168,-47,25,9.0,9,2.24,0.19,0.007,0.998,+0.038,,330,,,,29.69,123.000,121.500,113.750,GPS1,,,,,,,,,ENR,,,,,,,,,,,,,,,,,-10.8,32.9,2248,,,,040007FF N7 N7 *,480017FF N100 N95,0.3,0.3,31,36,,1200,ALT,29.6,0,2,87,4,0.0,0.0,-8,89,87,13.1,-7,80,80,OIL PRESS / TRAFFIC FAIL,
2026-05-16,14:33:09,22:33:09,-08:00,+33.6362398,-116.1611196,-62,3D,599606.5,0.0,,0,0,0.00,254.6,20,80,9,167,-47,24,9.9,10,2.32,0.22,-0.011,1.000,-0.343,,330,,,,29.69,123.000,121.500,113.750,GPS1,,,,,,,,,ENR,,,,,,,,,,,,,,,,,-10.8,32.9,2248,,,,040007FF N11 N11 *,480017FF N100 N99,0.2,0.4,27,30,,1200,ALT,29.6,0,2,87,4,0.0,0.0,-8,89,87,13.1,-7,80,80,OIL PRESS / TRAFFIC FAIL,
2026-05-16,14:33:10,22:33:10,-08:00,+33.6362411,-116.1611196,-63,3D,599607.5,0.0,,0,0,-0.00,254.6,20,78,9,166,-48,12,10.5,11,2.29,0.24,0.001,1.001,-0.615,,330,,,,29.69,123.000,121.500,113.750,GPS1,,,,,,,,,ENR,,,,,,,,,,,,,,,,,-10.8,32.9,2247,,,,040007FF N15 N15 *,480017FF N100 N100,0.2,0.3,17,20,,1200,ALT,29.6,0,2,87,4,0.0,0.0,-8,89,87,13.1,-7,80,80,OIL PRESS / TRAFFIC FAIL,
2026-05-16,14:33:11,22:33:11,-08:00,+33.6362423,-116.1611200,-64,3D,599608.5,0.0,,0,0,-0.00,254.7,20,76,9,166,-48,-6,11.1,11,2.34,0.29,-0.023,0.997,-0.760,,330,,,,29.69,123.000,121.500,113.750,GPS1,,,,,,,,,ENR,,,,,,,,,,,,,,,,,-10.8,32.9,2246,,,,040007FF N19 N19 *,480017FF N100 N100,0.2,0.4,13,17,,1200,ALT,29.6,0,2,87,4,0.0,0.0,-8,89,87,13.1,-7,80,80,OIL PRESS / TRAFFIC FAIL,
2026-05-16,14:33:12,22:33:12,-08:00,+33.6362436,-116.1611207,-65,3D,599609.5,0.0,,0,0,-0.00,254.6,20,74,9,165,-49,-23,11.2,12,2.27,0.12,-0.003,1.002,-0.797,,330,,,,29.69,123.000,121.500,113.750,GPS1,,,,,,,,,ENR,,,,,,,,,,,,,,,,,-10.8,32.9,2245,,,,040007FF N23 N23 *,480017FF N100 N100,0.2,0.3,11,22,,1200,ALT,29.6,0,2,87,4,0.0,0.0,-8,89,87,13.1,-7,80,80,OIL PRESS / TRAFFIC FAIL,
2026-05-16,14:33:13,22:33:13,-08:00,+33.6362446,-116.1611213,-66,3D,599610.5,0.0,,0,0,0.00,254.7,20,72,9,165,-49,-25,10.9,11,2.31,0.22,-0.009,1.003,-0.796,,330,,,,29.69,123.000,121.500,113.750,GPS1,,,,,,,,,ENR,,,,,,,,,,,,,,,,,-10.8,32.9,2244,,,,040007FF N27 N27 *,480017FF N100 N100,0.2,0.3,17,14,,1200,ALT,29.6,0,2,87,4,0.0,0.0,-8,89,87,13.1,-7,80,80,OIL PRESS / TRAFFIC FAIL,
2026-05-16,14:33:14,22:33:14,-08:00,+33.6362453,-116.1611214,-67,3D,599611.5,0.0,,0,0,-0.00,254.5,20,70,9,166,-49,-14,10.4,11,2.29,0.12,-0.001,1.006,-0.773,,330,,,,29.69,123.000,121.500,113.750,GPS1,,,,,,,,,ENR,,,,,,,,,,,,,,,,,-10.8,32.9,2243,,,,040007FF N31 N31 *,480017FF N100 N100,0.3,0.4,14,12,,1200,ALT,29.6,0,2,87,4,0.0,0.0,-8,89,87,13.1,-7,80,80,OIL PRESS / TRAFFIC FAIL,
2026-05-16,14:33:15,22:33:15,-08:00,+33.6362463,-116.1611216,-67,3D,599612.5,0.0,,0,0,-0.00,254.6,20,68,9,166,-49,-3,9.6,10,2.33,0.16,-0.004,1.001,-0.768,,330,,,,29.69,123.000,121.500,113.750,GPS1,,,,,,,,,ENR,,,,,,,,,,,,,,,,,-10.8,32.9,2243,,,,040007FF N32 N32 *,480017FF N100 N100,0.3,0.4,11,10,,1200,ALT,29.6,0,2,87,4,0.0,0.0,-8,89,87,13.1,-7,80,80,OIL PRESS / TRAFFIC FAIL,
2026-05-16,14:33:16,22:33:16,-08:00,+33.6362479,-116.1611220,-68,3D,599613.6,0.0,,0,0,-0.00,254.6,20,67,9,166,-49,-1,7.9,8,2.30,0.28,0.002,1.009,-0.884,,330,,,,29.69,123.000,121.500,113.750,GPS1,,,,,,,,,ENR,,,,,,,,,,,,,,,,,-10.8,32.9,2243,,,,040007FF N32 N32 *,480017FF N100 N100,0.3,0.3,45,26,,1200,ALT,29.6,0,2,87,4,0.0,0.0,-8,89,87,13.1,-7,85,80,OIL PRESS / TRAFFIC FAIL,
2026-05-16,14:33:17,22:33:17,-08:00,+33.6362493,-116.1611228,-69,3D,599614.6,0.0,,0,0,-0.00,254.8,20,65,9,166,-49,1,7.4,8,2.29,0.40,-0.036,1.041,-1.050,,330,,,,29.69,123.000,121.500,113.750,GPS1,,,,,,,,,ENR,,,,,,,,,,,,,,,,,-10.8,32.9,2242,,,,040007FF N32 N32 *,480017FF N100 N100,0.2,0.3,213,211,,1200,ALT,29.1,0,5,85,4,0.0,0.6,-8,83,84,13.0,-7,85,80,OIL PRESS / TRAFFIC FAIL,
2026-05-16,14:33:18,22:33:18,-08:00,+33.6362510,-116.1611228,-69,3D,599615.6,0.0,,0,0,-0.00,254.7,20,64,9,166,-49,-0,8.0,8,2.28,0.26,0.000,1.009,-1.112,,330,,,,29.69,123.000,121.500,113.750,GPS1,,,,,,,,,ENR,,,,,,,,,,,,,,,,,-10.8,32.8,2241,,,,040007FF N32 N32 *,480017FF N100 N100,0.3,0.5,35,188,,1200,ALT,28.9,0,14,85,4,0.4,1.4,-8,83,85,13.0,-7,85,85,OIL PRESS / TRAFFIC FAIL,
2026-05-16,14:33:19,22:33:19,-08:00,+33.6362524,-116.1611228,-70,3D,599616.6,0.0,,0,0,-0.00,254.8,20,62,9,166,-49,1,8.3,8,2.38,0.27,-0.053,1.035,-1.086,,330,,,,29.69,123.000,121.500,113.750,GPS1,,,,,,,,,ENR,,,,,,,,,,,,,,,,,-10.8,32.8,2240,,,,040007FF N32 N32 *,480017FF N100 N100,0.2,0.5,91,67,,1200,ALT,29.1,50,18,85,4,0.7,1.3,-8,84,85,13.0,-7,85,85,TRAFFIC FAIL,
2026-05-16,14:33:20,22:33:20,-08:00,+33.6362538,-116.1611229,-70,3D,599617.6,0.0,,0,0,0.00,254.7,20,61,9,165,-49,0,7.1,7,2.34,0.18,-0.034,0.973,-1.060,,330,,,,29.69,123.000,121.500,113.750,GPS1,,,,,,,,,ENR,,,,,,,,,,,,,,,,,-10.8,32.8,2240,,,,040007FF N32 N32 *,480017FF N100 N100,0.2,0.4,141,256,,1200,ALT,28.9,760,32,84,4,2.0,2.0,-8,84,84,12.9,-8,85,90,TRAFFIC FAIL,
2026-05-16,14:33:21,22:33:21,-08:00,+33.6362550,-116.1611234,-71,3D,599618.6,0.0,,0,0,0.00,254.9,20,59,9,164,-50,-13,6.6,7,2.38,0.24,0.028,1.026,-1.198,,330,,,,29.69,123.000,121.500,113.750,GPS1,,,,,,,,,ENR,,,,,,,,,,,,,,,,,-10.8,32.8,2239,,,,040007FF N32 N32 *,480017FF N100 N100,0.1,0.5,208,92,,1200,ALT,28.3,1010,48,85,4,3.4,2.5,-8,85,85,12.9,-8,90,100,TRAFFIC FAIL,
2026-05-16,14:33:22,22:33:22,-08:00,+33.6362559,-116.1611240,-71,3D,599619.6,0.0,,0,0,-0.00,254.9,20,58,9,165,-50,-20,6.1,6,2.42,0.22,0.041,1.081,-1.183,,330,,,,29.69,123.000,121.500,113.750,GPS1,,,,,,,,,ENR,,,,,,,,,,,,,,,,,-10.8,32.8,2238,,,,040007FF N35 N35 *,480017FF N100 N100,0.1,0.5,177,105,,1200,ALT,27.3,1340,57,86,4,3.5,2.9,-8,85,86,13.0,-7,110,120,TRAFFIC FAIL,
2026-05-16,14:33:23,22:33:23,-08:00,+33.6362567,-116.1611243,-72,3D,599620.5,0.0,,0,0,-0.00,254.9,20,57,9,165,-50,-13,6.4,6,2.18,0.24,-0.029,1.022,-1.012,,330,,,,29.69,123.000,121.500,113.750,GPS1,,,,,,,,,ENR,,,,,,,,,,,,,,,,,-10.8,32.8,2238,,,,040007FF N39 N39 *,480017FF N100 N100,0.2,0.4,161,80,,1200,ALT,26.0,2000,61,87,4,3.2,3.1,-8,85,87,13.1,-4,135,155,TRAFFIC FAIL,
2026-05-16,14:33:24,22:33:24,-08:00,+33.6362577,-116.1611242,-72,3D,599621.5,0.0,,0,0,-0.00,254.9,20,56,9,165,-49,-0,7.1,7,2.26,0.26,-0.021,1.025,-0.990,,330,,,,29.69,123.000,121.500,113.750,GPS1,,,,,,,,,ENR,,,,,,,,,,,,,,,,,-10.8,32.8,2238,,,,040007FF N43 N43 *,480017FF N100 N100,0.0,0.5,116,74,,1200,ALT,24.4,2390,60,87,4,3.0,3.4,-8,86,87,13.1,0,170,195,TRAFFIC FAIL,
2026-05-16,14:33:25,22:33:25,-08:00,+33.6362584,-116.1611244,-72,3D,599622.5,0.0,,0,0,-0.00,254.9,20,55,9,165,-49,4,7.6,8,2.18,0.22,0.036,1.012,-1.048,,330,,,,29.69,123.000,121.500,113.750,GPS1,,,,,,,,,ENR,,,,,,,,,,,,,,,,,-10.8,32.8,2238,,,,040007FF N47 N47 *,480017FF N100 N100,0.1,0.4,77,46,,1200,ALT,22.7,2520,59,87,4,2.7,3.6,-8,88,87,13.1,3,205,235,TRAFFIC FAIL,
2026-05-16,14:33:26,22:33:26,-08:00,+33.6362589,-116.1611249,-73,3D,599623.5,0.0,,0,0,-0.00,254.8,20,54,9,163,-50,-9,6.1,6,2.15,0.16,0.018,0.999,-2.354,,330,,,,29.69,123.000,121.500,113.750,GPS1,,,,,,,,,ENR,,,,,,,,,,,,,,,,,-10.8,32.8,2237,,,,040007FF N51 N51 *,480017FF N100 N100,0.2,0.4,66,36,,1200,ALT,20.3,2350,57,88,4,2.4,3.7,-8,89,88,13.2,4,255,280,TRAFFIC FAIL,
2026-05-16,14:33:27,22:33:27,-08:00,+33.6362596,-116.1611256,-74,3D,599624.6,0.0,,0,0,-0.00,254.9,20,53,9,163,-51,-30,3.5,4,2.16,0.21,0.015,1.011,-8.477,,330,,,,29.69,123.000,121.500,113.750,GPS1,,,,,,,,,ENR,,,,,,,,,,,,,,,,,-10.8,32.8,2237,,,,040007FF N55 N55 *,480017FF N100 N100,0.2,0.4,65,37,,1200,ALT,18.6,2340,56,88,4,2.2,3.9,-8,89,88,13.2,5,300,325,TRAFFIC FAIL,
2026-05-16,14:33:28,22:33:28,-08:00,+33.6362599,-116.1611260,-74,3D,599625.6,0.0,,0,0,0.00,254.9,20,52,9,163,-51,-30,4.3,4,2.14,0.35,-0.035,0.995,-10.808,,330,,,,29.69,123.000,121.500,113.750,GPS1,,,,,,,,,ENR,,,,,,,,,,,,,,,,,-10.8,32.8,2236,,,,040007FF N59 N59 *,480017FF N100 N100,0.2,0.5,67,38,,1200,ALT,17.7,2330,55,88,4,2.1,4.0,-8,90,88,13.2,5,340,365,TRAFFIC FAIL,
2026-05-16,14:33:29,22:33:29,-08:00,+33.6362603,-116.1611262,-74,3D,599626.6,0.0,,0,0,-0.00,254.8,20,51,9,162,-52,-26,4.5,4,2.21,0.21,0.008,0.994,-15.424,,330,,,,29.69,123.000,121.500,113.750,GPS1,,,,,,,,,ENR,,,,,,,,,,,,,,,,,-10.8,32.8,2236,,,,040007FF N63 N63 *,480017FF N100 N100,0.2,0.5,67,36,,1200,ALT,17.2,2330,55,88,4,2.1,4.0,-8,91,89,13.2,5,375,400,TRAFFIC FAIL,
2026-05-16,14:33:30,22:33:30,-08:00,+33.6362607,-116.1611265,-75,3D,599627.6,0.0,,0,0,-0.00,254.9,20,50,9,163,-52,-20,4.9,5,2.10,0.40,-0.014,0.984,-41.353,,330,,,,29.69,123.000,121.500,113.750,GPS1,,,,,,,,,ENR,,,,,,,,,,,,,,,,,-10.8,32.8,2235,,,,040007FF N67 N67 *,480017FF N100 N100,0.2,0.5,93,48,,1200,ALT,16.9,2350,55,88,4,2.0,4.1,-8,91,89,13.2,5,405,425,TRAFFIC FAIL,
2026-05-16,14:33:31,22:33:31,-08:00,+33.6362611,-116.1611272,-75,3D,599628.6,0.0,,0,0,0.00,254.8,20,49,9,165,-51,5,4.8,5,2.17,0.15,0.012,1.012,-52.243,,330,,,,29.69,123.000,121.500,113.750,GPS1,,,,,,,,,ENR,,,,,,,,,,,,,,,,,-10.8,32.8,2237,,,,040007FF N71 N71 *,480017FF N100 N100,0.2,0.4,116,45,,1200,ALT,16.8,2360,55,88,4,2.1,4.1,-8,91,90,13.2,5,435,465,TRAFFIC FAIL,
2026-05-16,14:33:32,22:33:32,-08:00,+33.6362614,-116.1611281,-75,3D,599629.6,0.0,,0,0,0.00,254.8,20,49,9,168,-49,47,6.0,6,2.07,0.21,-0.027,0.986,-51.711,,330,,,,29.69,123.000,121.500,113.750,GPS1,,,,,,,,,ENR,,,,,,,,,,,,,,,,,-10.8,32.8,2239,,,,040007FF N75 N75 *,480017FF N100 N100,0.2,0.4,68,51,,1200,ALT,16.7,2360,55,88,4,2.1,4.1,-8,92,90,13.2,5,460,495,TRAFFIC FAIL,
2026-05-16,14:33:33,22:33:33,-08:00,+33.6363227,-116.1611516,-148,3D (GPS nav),599612.6,3.2,,-4,-0,0.15,255.0,213,381,4,168,-48,71,5.5,6,2.16,0.19,-0.010,1.002,-45.519,,330,,,,29.69,123.000,121.500,113.750,GPS1,,,,,,,,,ENR,,,,,,,,,,,,,,,,,-10.8,32.8,2241,,,,040007FF N79 N79 *,480017FF N100 N100,0.3,0.3,75,51,,1200,ALT,16.6,2370,54,88,4,2.2,4.1,-8,92,91,13.2,5,490,520,TRAFFIC FAIL,
2026-05-16,14:33:34,22:33:34,-08:00,+33.6363354,-116.1611811,-165,3D (GPS nav),599613.6,2.2,,-0,-0,-0.02,255.0,89,177,5,164,-48,41,2.8,4,2.27,0.22,-0.011,0.998,-36.404,,330,,,,29.69,123.000,121.500,113.750,GPS1,,,,,,,,,ENR,,,,,,,,,,,,,,,,,-10.8,32.8,2240,,,,040007FF N82 N82 *,480017FF N100 N100,0.1,0.4,62,37,,1200,ALT,16.6,2380,54,88,4,2.0,4.2,-8,93,91,13.2,5,515,550,TRAFFIC FAIL,
2026-05-16,14:33:35,22:33:35,-08:00,+33.6363375,-116.1611848,-171,3D (GPS nav),599614.6,0.4,,-0,0,-0.02,255.2,89,177,5,164,-50,-11,0.7,1,2.50,0.31,0.026,1.012,-26.649,,330,,,,29.69,123.000,121.500,113.750,GPS1,,,,,,,,,ENR,,,,,,,,,,,,,,,,,-10.8,32.8,2238,,,,040007FF N86 N86 *,480017FF N100 N100,0.1,0.5,69,42,,1200,ALT,16.6,2380,54,88,4,1.8,4.3,-8,94,92,13.2,6,535,570,,
2026-05-16,14:33:36,22:33:36,-08:00,+33.6363383,-116.1611874,-174,3D (GPS nav),599615.5,0.1,,0,0,0.06,255.2,89,177,5,164,-50,-29,0.6,1,2.36,0.21,-0.046,0.982,-18.211,,330,,,,29.69,123.000,121.500,113.750,GPS1,,,,,,,,,ENR,,,,,,,,,,,,,,,,,-10.8,32.8,2238,,,,040007FF N90 N90 *,480017FF N100 N100,0.0,0.4,73,39,,1200,ALT,16.6,2370,54,89,4,1.7,4.3,-8,94,92,13.2,6,555,595,,
2026-05-16,14:33:37,22:33:37,-08:00,+33.6363366,-116.1611892,-174,3D (GPS nav),599616.5,0.1,,-0,0,-0.05,255.0,89,177,5,165,-50,-26,0.4,1,2.29,0.20,-0.034,0.972,-11.900,,330,,,,29.69,123.000,121.500,113.750,GPS1,,,,,,,,,ENR,,,,,,,,,,,,,,,,,-10.8,32.8,2238,,,,040007FF N94 N94 *,480017FF N100 N100,0.1,0.4,101,56,,1200,ALT,16.5,2380,54,89,4,1.8,4.3,-8,95,93,13.2,6,575,620,,
2026-05-16,14:33:38,22:33:38,-08:00,+33.6363372,-116.1611875,-175,3D (GPS nav),599617.5,0.1,,-0,0,-0.09,255.2,89,177,5,167,-49,11,1.6,2,2.29,0.23,0.064,1.032,-7.066,,330,,,,29.69,123.000,121.500,113.750,GPS1,,,,,,,,,ENR,,,,,,,,,,,,,,,,,-10.8,32.8,2240,,,,040007FF N98 N98 *,480017FF N100 N100,0.1,0.4,106,65,,1200,ALT,16.5,2400,54,89,4,2.0,4.3,-8,96,94,13.3,6,595,635,,
2026-05-16,14:33:39,22:33:39,-08:00,+33.6363347,-116.1611850,-173,3D (GPS nav),599618.6,0.0,,-0,0,-0.02,254.9,89,177,5,167,-48,37,3.0,3,2.19,0.26,0.093,1.023,-3.731,,330,,,,29.69,123.000,121.500,113.750,GPS1,,,,,,,,,ENR,,,,,,,,,,,,,,,,,-10.8,32.8,2240,,,,040007FF N100 N100 *,480017FF N100 N100,0.1,0.4,116,71,,1200,ALT,16.5,2460,54,89,4,2.1,4.3,-8,96,94,13.3,6,610,655,,
2026-05-16,14:33:40,22:33:40,-08:00,+33.6363344,-116.1611833,-171,3D (GPS nav),599619.5,0.0,,0,0,-0.03,255.0,89,177,5,166,-48,31,4.3,4,2.09,0.39,-0.029,1.005,-1.128,,330,,,,29.69,123.000,121.500,113.750,GPS1,,,,,,,,,ENR,,,,,,,,,,,,,,,,,-10.8,32.8,2239,,,,040007FF N100 N100 *,480017FF N100 N100,0.2,0.4,66,41,,1200,ALT,16.6,2480,54,89,4,2.2,4.3,-8,97,95,13.3,6,630,670,,
2026-05-16,14:33:41,22:33:41,-08:00,+33.6363333,-116.1611810,-170,3D (GPS nav),599620.5,0.1,,0,-0,0.04,255.1,85,177,5,164,-49,-6,2.9,3,2.24,0.31,-0.038,0.996,+1.127,,330,,,,29.69,123.000,121.500,113.750,GPS1,,,,,,,,,ENR,,,,,,,,,,,,,,,,,-10.8,32.8,2238,,,,040007FF N100 N100 *,480017FF N100 N100,0.1,0.4,71,42,,1200,ALT,16.6,2480,54,89,4,2.4,4.3,-8,98,96,13.3,6,645,685,,
2026-05-16,14:33:42,22:33:42,-08:00,+33.6363333,-116.1611799,-170,3D (GPS nav),599621.5,0.1,,0,-0,0.02,255.0,85,177,5,162,-51,-48,3.5,4,2.20,0.32,-0.008,0.993,+1.308,,330,,,,29.69,123.000,121.500,113.750,GPS1,,,,,,,,,ENR,,,,,,,,,,,,,,,,,-10.8,32.8,2236,,,,040007FF N100 N100 *,480017FF N100 N100,0.1,0.4,71,46,,1200,ALT,16.6,2470,54,89,4,2.5,4.3,-8,98,96,13.3,6,660,700,,
2026-05-16,14:33:43,22:33:43,-08:00,+33.6363322,-116.1611783,-169,3D (GPS nav),599622.6,0.1,,0,0,0.02,254.9,85,177,5,162,-52,-66,3.5,4,2.00,0.32,-0.000,1.025,-7.775,,330,,,,29.69,123.000,121.500,113.750,GPS1,,,,,,,,,ENR,,,,,,,,,,,,,,,,,-10.8,32.8,2234,,,,040007FF N100 N100 *,480017FF N100 N100,0.3,0.4,46,39,,1200,ALT,16.6,2450,54,89,4,2.3,4.4,-8,99,97,13.3,6,675,715,,
2026-05-16,14:33:44,22:33:44,-08:00,+33.6363302,-116.1611772,-167,3D (GPS nav),599623.6,0.1,,0,-0,0.04,254.8,85,177,5,162,-52,-52,3.0,4,2.05,0.29,-0.016,0.984,-12.093,,330,,,,29.69,123.000,121.500,113.750,GPS1,,,,,,,,,ENR,,,,,,,,,,,,,,,,,-10.8,32.8,2233,,,,040007FF N100 N100 *,480017FF N100 N100,0.4,0.5,61,63,,1200,ALT,16.6,2460,54,89,4,2.2,4.4,-8,100,98,13.3,6,685,730,,
2026-05-16,14:33:45,22:33:45,-08:00,+33.6363293,-116.1611763,-167,3D (GPS nav),599624.5,0.1,,0,-0,0.05,254.8,85,177,5,163,-52,-24,1.8,3,2.07,0.33,-0.004,0.999,-13.321,,330,,,,29.69,123.000,121.500,113.750,GPS1,,,,,,,,,ENR,,,,,,,,,,,,,,,,,-10.8,32.8,2234,,,,040007FF N100 N100 *,480017FF N100 N100,0.3,0.5,75,51,,1200,ALT,16.6,2470,54,89,4,2.0,4.5,-8,100,98,13.3,6,700,745,,
2026-05-16,14:33:46,22:33:46,-08:00,+33.6363277,-116.1611749,-166,3D (GPS nav),599625.5,0.1,,0,-0,0.12,254.6,85,177,5,163,-52,-2,2.0,3,1.98,0.20,0.024,1.010,-12.327,,330,,,,29.69,123.000,121.500,113.750,GPS1,,,,,,,,,ENR,,,,,,,,,,,,,,,,,-10.8,32.8,2234,,,,040007FF N100 N100 *,480017FF N100 N100,0.3,0.5,54,41,,1200,ALT,16.6,2460,54,89,4,1.8,4.5,-8,101,99,13.3,6,710,755,,
2026-05-16,14:33:47,22:33:47,-08:00,+33.6363263,-116.1611747,-165,3D (GPS nav),599626.6,0.1,,-0,-0,-0.08,254.9,85,177,5,164,-51,15,0.9,2,2.13,0.36,-0.022,1.004,-10.513,,330,,,,29.69,123.000,121.500,113.750,GPS1,,,,,,,,,ENR,,,,,,,,,,,,,,,,,-10.8,32.8,2234,,,,040007FF N100 N100 *,480017FF N100 N100,0.3,0.5,39,34,,1200,ALT,16.6,2450,54,89,4,2.1,4.5,-8,102,100,13.3,6,720,770,,
2026-05-16,14:33:48,22:33:48,-08:00,+33.6363246,-116.1611739,-163,3D (GPS nav),599627.6,0.0,,-0,-0,0.01,254.8,85,177,5,165,-51,20,2.1,2,2.13,0.14,-0.033,0.993,-9.320,,330,,,,29.69,123.000,121.500,113.750,GPS1,,,,,,,,,ENR,,,,,,,,,,,,,,,,,-10.8,32.8,2234,,,,040007FF N100 N100 *,480017FF N100 N100,0.3,0.5,57,46,,1200,ALT,16.7,2440,54,89,4,2.3,4.4,-8,103,100,13.3,6,730,780,,
2026-05-16,14:33:49,22:33:49,-08:00,+33.6363232,-116.1611732,-162,3D (GPS nav),599628.6,0.1,,0,-0,0.06,254.8,85,177,5,165,-50,31,3.1,3,2.10,0.25,-0.003,1.001,-7.684,,330,,,,29.69,123.000,121.500,113.750,GPS1,,,,,,,,,ENR,,,,,,,,,,,,,,,,,-10.8,32.8,2234,,,,040007FF N100 N100 *,480017FF N100 N100,0.4,0.5,54,48,,1200,ALT,16.7,2470,54,89,4,2.4,4.4,-8,103,101,13.3,6,740,790,,
2026-05-16,14:33:50,22:33:50,-08:00,+33.6363221,-116.1611725,-161,3D (GPS nav),599629.5,0.1,,0,-0,0.11,254.7,85,177,5,164,-50,19,2.2,3,2.03,0.31,0.016,1.008,-4.593,,330,,,,29.69,123.000,121.500,113.750,GPS1,,,,,,,,,ENR,,,,,,,,,,,,,,,,,-10.8,32.8,2234,,,,040007FF N100 N100 *,480017FF N100 N100,0.4,0.6,52,33,,1200,ALT,16.7,2480,54,89,4,2.5,4.4,-8,104,102,13.3,6,750,795,,
2026-05-16,14:33:51,22:33:51,-08:00,+33.6363208,-116.1611719,-159,3D (GPS nav),599630.5,0.1,,0,-0,0.15,254.7,85,177,5,166,-50,17,3.5,4,2.14,0.25,-0.046,0.983,-3.061,,330,,,,29.69,123.000,121.500,113.750,GPS1,,,,,,,,,ENR,,,,,,,,,,,,,,,,,-10.8,32.8,2234,,,,040007FF N100 N100 *,480017FF N100 N100,0.3,0.5,79,44,,1200,ALT,16.6,2500,54,89,4,2.6,4.4,-8,104,102,13.3,6,760,805,,
2026-05-16,14:33:52,22:33:52,-08:00,+33.6363188,-116.1611708,-158,3D (GPS nav),599631.6,0.0,,0,-0,0.12,254.7,85,177,5,169,-48,45,5.9,6,2.05,0.35,0.001,1.026,-2.296,,330,,,,29.69,123.000,121.500,113.750,GPS1,,,,,,,,,ENR,,,,,,,,,,,,,,,,,-10.8,32.8,2235,,,,040007FF N100 N100 *,480017FF N100 N100,0.4,0.5,105,67,,1200,ALT,16.5,2510,53,89,4,2.6,4.4,-8,105,103,13.3,6,770,815,,
2026-05-16,14:33:53,22:33:53,-08:00,+33.6363178,-116.1611703,-158,3D (GPS nav),599632.6,0.1,,-0,0,-0.11,254.6,85,177,5,170,-46,81,7.3,7,1.94,0.28,0.022,1.013,-1.625,,330,,,,29.69,123.000,121.500,113.750,GPS1,,,,,,,,,ENR,,,,,,,,,,,,,,,,,-10.8,32.8,2237,,,,040007FF N100 N100 *,480017FF N100 N100,0.4,0.4,67,59,,1200,ALT,16.5,2510,53,89,4,2.5,4.5,-8,106,103,13.3,6,775,820,,
2026-05-16,14:33:54,22:33:54,-08:00,+33.6363167,-116.1611700,-157,3D (GPS nav),599633.5,0.1,,0,0,0.06,254.7,85,177,5,169,-45,73,8.0,8,1.99,0.32,-0.009,0.978,-1.147,,330,,,,29.69,123.000,121.500,113.750,GPS1,,,,,,,,,ENR,,,,,,,,,,,,,,,,,-10.8,32.8,2237,,,,040007FF N100 N100 *,480017FF N100 N100,0.4,0.5,78,51,,1200,ALT,16.5,2510,53,89,4,2.4,4.5,-8,106,104,13.3,6,785,830,,
2026-05-16,14:33:55,22:33:55,-08:00,+33.6363156,-116.1611695,-157,3D (GPS nav),599634.5,0.1,,-0,0,-0.14,254.6,85,177,5,166,-47,19,5.1,5,1.95,0.23,-0.011,0.996,-1.414,,330,,,,29.69,123.000,121.500,113.750,GPS1,,,,,,,,,ENR,,,,,,,,,,,,,,,,,-10.8,32.8,2236,,,,040007FF N100 N100 *,480017FF N100 N100,0.4,0.5,68,38,,1200,ALT,16.6,2590,53,89,4,2.4,4.5,-8,107,105,13.3,7,790,835,,
2026-05-16,14:33:56,22:33:56,-08:00,+33.6363150,-116.1611695,-157,3D (GPS nav),599635.6,0.0,,-0,0,-0.10,254.6,85,177,5,165,-48,-33,5.6,5,1.94,0.24,-0.023,1.011,-3.917,,330,,,,29.69,123.000,121.500,113.750,GPS1,,,,,,,,,ENR,,,,,,,,,,,,,,,,,-10.8,32.8,2233,,,,040007FF N100 N100 *,480017FF N100 N100,0.5,0.4,58,32,,1200,ALT,16.8,2580,53,90,4,2.8,4.5,-8,107,105,13.3,7,795,840,,
2026-05-16,14:33:57,22:33:57,-08:00,+33.6363141,-116.1611694,-157,3D (GPS nav),599636.6,0.0,,0,-0,0.10,254.8,85,177,5,164,-50,-61,5.6,5,2.10,0.16,0.016,1.013,-5.493,,330,,,,29.69,123.000,121.500,113.750,GPS1,,,,,,,,,ENR,,,,,,,,,,,,,,,,,-10.8,32.8,2231,,,,040007FF N100 N100 *,480017FF N100 N100,0.4,0.4,55,34,,1200,ALT,16.9,2560,53,90,4,2.9,4.4,-8,108,106,13.3,7,805,850,,
2026-05-16,14:33:58,22:33:58,-08:00,+33.6363135,-116.1611700,-157,3D (GPS nav),599637.5,0.1,,0,-0,0.09,254.6,85,177,5,163,-51,-67,5.0,5,2.08,0.21,-0.036,0.985,-5.431,,330,,,,29.69,123.000,121.500,113.750,GPS1,,,,,,,,,ENR,,,,,,,,,,,,,,,,,-10.8,32.8,2229,,,,040007FF N100 N100 *,480017FF N100 N100,0.3,0.4,64,38,,1200,ALT,16.9,2560,53,90,4,2.8,4.4,-8,109,106,13.3,7,810,855,,
2026-05-16,14:33:59,22:33:59,-08:00,+33.6363127,-116.1611700,-157,3D (GPS nav),599638.5,0.1,,0,0,0.02,254.7,85,177,5,162,-52,-63,3.3,3,2.04,0.18,-0.001,1.019,-4.755,,330,,,,29.69,123.000,121.500,113.750,GPS1,,,,,,,,,ENR,,,,,,,,,,,,,,,,,-10.8,32.8,2228,,,,040007FF N100 N100 *,480017FF N100 N100,0.4,0.3,63,34,,1200,ALT,16.9,2560,53,90,4,2.8,4.4,-8,109,107,13.3,7,815,860,,
2026-05-16,14:34:00,22:34:00,-08:00,+33.6363119,-116.1611700,-157,3D (GPS nav),599639.5,0.0,,-0,0,-0.04,254.6,85,177,5,163,-52,-49,1.9,2,2.01,0.19,-0.012,1.013,-3.520,,330,,,,29.69,123.000,121.500,113.750,GPS1,,,,,,,,,ENR,,,,,,,,,,,,,,,,,-10.8,32.8,2228,,,,040007FF N100 N100 *,480017FF N100 N100,0.4,0.3,80,46,,1200,ALT,16.9,2540,53,90,4,2.7,4.4,-8,109,108,13.3,7,825,865,,
2026-05-16,14:34:01,22:34:01,-08:00,+33.6363108,-116.1611700,-156,3D (GPS nav),599640.5,0.1,,0,-0,-0.01,254.8,85,177,5,165,-51,-6,4.6,5,2.04,0.20,-0.008,1.011,-2.773,,330,,,,29.69,123.000,121.500,113.750,GPS1,,,,,,,,,ENR,,,,,,,,,,,,,,,,,-10.8,32.8,2229,,,,040007FF N100 N100 *,480017FF N100 N100,0.4,0.3,80,44,,1200,ALT,16.9,2530,53,90,4,2.6,4.4,-8,110,108,13.3,7,830,865,,
2026-05-16,14:34:02,22:34:02,-08:00,+33.6363102,-116.1611705,-156,3D (GPS nav),599641.6,0.1,,0,-0,0.02,254.7,85,177,5,163,-51,10,5.1,5,2.08,0.26,0.019,1.006,-1.813,,330,,,,29.69,123.000,121.500,113.750,GPS1,,,,,,,,,ENR,,,,,,,,,,,,,,,,,-10.8,32.8,2229,,,,040007FF N100 N100 *,480017FF N100 N100,0.3,0.4,66,43,,1200,ALT,17.0,2530,53,90,4,2.4,4.4,-8,110,109,13.3,7,835,870,,
2026-05-16,14:34:03,22:34:03,-08:00,+33.6363095,-116.1611710,-156,3D (GPS nav),599642.5,0.1,,0,0,-0.06,254.8,85,177,5,161,-52,-13,3.2,4,2.16,0.31,0.011,1.012,-0.587,,330,,,,29.69,123.000,121.500,113.750,GPS1,,,,,,,,,ENR,,,,,,,,,,,,,,,,,-10.8,32.8,2227,,,,040007FF N100 N100 *,480017FF N100 N100,0.3,0.4,67,33,,1200,ALT,17.0,2540,53,90,4,2.4,4.4,-8,111,109,13.3,7,840,875,,
2026-05-16,14:34:04,22:34:04,-08:00,+33.6363091,-116.1611716,-156,3D (GPS nav),599643.5,0.1,,-0,0,-0.03,254.7,85,177,5,161,-53,-37,1.6,2,2.06,0.22,0.002,0.980,+1.433,,330,,,,29.69,123.000,121.500,113.750,GPS1,,,,,,,,,ENR,,,,,,,,,,,,,,,,,-10.8,32.8,2226,,,,040007FF N100 N100 *,480017FF N100 N100,0.3,0.3,77,37,,1200,ALT,17.0,2540,53,90,4,2.2,4.5,-8,111,110,13.3,7,845,875,,
2026-05-16,14:34:05,22:34:05,-08:00,+33.6363089,-116.1611719,-156,3D (GPS nav),599644.6,0.0,,0,0,-0.01,254.7,85,177,5,162,-53,-25,1.2,2,1.99,0.32,0.001,0.987,+1.976,,330,,,,29.69,123.000,121.500,113.750,GPS1,,,,,,,,,ENR,,,,,,,,,,,,,,,,,-10.8,32.8,2227,,,,040007FF N100 N100 *,480017FF N100 N100,0.4,0.4,59,35,,1200,ALT,17.0,2560,53,90,4,2.3,4.5,-8,112,110,13.3,7,850,880,,
2026-05-16,14:34:06,22:34:06,-08:00,+33.6363083,-116.1611720,-156,3D (GPS nav),599645.6,0.0,,-0,-0,-0.06,254.8,85,177,5,162,-52,-10,0.0,1,2.06,0.25,-0.026,1.022,+2.365,,330,,,,29.69,123.000,121.500,113.750,GPS1,,,,,,,,,ENR,,,,,,,,,,,,,,,,,-10.8,32.8,2228,,,,040007FF N100 N100 *,480017FF N100 N100,0.4,0.4,59,37,,1200,ALT,17.0,2520,53,90,4,2.4,4.5,-8,112,111,13.3,7,855,885,,
2026-05-16,14:34:07,22:34:07,-08:00,+33.6363080,-116.1611725,-156,3D (GPS nav),599646.5,0.0,,-0,0,-0.01,254.7,85,177,5,164,-52,4,1.3,2,2.04,0.16,0.010,0.971,+2.213,,330,,,,29.69,123.000,121.500,113.750,GPS1,,,,,,,,,ENR,,,,,,,,,,,,,,,,,-10.8,32.8,2229,,,,040007FF N100 N100 *,480017FF N100 N100,0.4,0.4,69,37,,1200,ALT,17.2,2610,53,90,4,2.2,4.5,-8,113,111,13.3,7,855,885,,
2026-05-16,14:34:08,22:34:08,-08:00,+33.6363083,-116.1611736,-156,3D (GPS nav),599647.5,0.1,,-0,0,-0.01,254.6,85,177,5,165,-51,36,2.0,3,2.01,0.27,-0.036,1.036,+1.557,,330,,,,29.69,123.000,121.500,113.750,GPS1,,,,,,,,,ENR,,,,,,,,,,,,,,,,,-10.8,32.8,2231,,,,040007FF N100 N100 *,480017FF N100 N100,0.4,0.4,81,44,,1200,ALT,17.2,2550,53,90,4,2.1,4.5,-8,113,112,13.3,7,860,890,,
2026-05-16,14:34:09,22:34:09,-08:00,+33.6363084,-116.1611742,-156,3D (GPS nav),599648.6,0.1,,0,0,-0.08,254.8,85,177,5,165,-50,46,3.1,4,2.11,0.19,0.013,1.022,+3.405,,330,,,,29.69,123.000,121.500,113.750,GPS1,,,,,,,,,ENR,,,,,,,,,,,,,,,,,-10.8,32.8,2233,,,,040007FF N100 N100 *,480017FF N100 N100,0.3,0.3,86,53,,1200,ALT,17.1,2500,53,90,4,2.1,4.5,-8,114,112,13.3,7,865,895,,
2026-05-16,14:34:10,22:34:10,-08:00,+33.6363083,-116.1611752,-156,3D (GPS nav),599649.6,0.1,,0,-0,0.00,254.7,85,177,5,164,-50,30,4.7,5,2.08,0.09,0.019,0.997,+3.199,,330,,,,29.69,123.000,121.500,113.750,GPS1,,,,,,,,,ENR,,,,,,,,,,,,,,,,,-10.8,32.8,2233,,,,040007FF N100 N100 *,480017FF N100 N100,0.4,0.4,62,37,,1200,ALT,17.0,2500,53,90,4,2.0,4.6,-8,115,113,13.3,7,865,895,,
2026-05-16,14:34:11,22:34:11,-08:00,+33.6363083,-116.1611761,-156,3D (GPS nav),599650.6,0.0,,-0,0,0.00,254.8,85,177,5,164,-51,6,5.4,6,1.99,0.22,-0.002,0.997,+2.443,,330,,,,29.69,123.000,121.500,113.750,GPS1,,,,,,,,,ENR,,,,,,,,,,,,,,,,,-10.8,32.8,2233,,,,040007FF N100 N100 *,480017FF N100 N100,0.4,0.4,71,42,,1200,ALT,17.0,2490,53,90,4,2.0,4.6,-8,115,114,13.3,7,870,900,,
2026-05-16,14:34:12,22:34:12,-08:00,+33.6363086,-116.1611773,-156,3D (GPS nav),599651.5,0.0,,-0,0,0.00,254.9,85,177,5,164,-51,-5,5.1,5,2.15,0.35,0.008,0.994,+3.267,,330,,,,29.69,123.000,121.500,113.750,GPS1,,,,,,,,,ENR,,,,,,,,,,,,,,,,,-10.8,32.8,2234,,,,040007FF N100 N100 *,480017FF N100 N100,0.3,0.4,68,41,,1200,ALT,16.9,2530,53,90,4,2.1,4.7,-8,116,114,13.3,7,870,900,,
2026-05-16,14:34:13,22:34:13,-08:00,+33.6363091,-116.1611780,-157,3D (GPS nav),599652.5,0.1,,0,0,-0.05,254.8,85,177,5,164,-50,2,5.6,5,2.10,0.39,-0.023,0.998,+2.912,,330,,,,29.69,123.000,121.500,113.750,GPS1,,,,,,,,,ENR,,,,,,,,,,,,,,,,,-10.8,32.8,2235,,,,040007FF N100 N100 *,480017FF N100 N100,0.3,0.4,56,42,,1200,ALT,16.9,2530,53,90,4,2.2,4.8,-8,116,115,13.3,7,875,900,,
2026-05-16,14:34:14,22:34:14,-08:00,+33.6363094,-116.1611788,-157,3D (GPS nav),599653.6,0.0,,0,0,0.04,254.7,85,177,5,162,-51,-14,4.6,5,1.89,0.45,0.001,0.986,+1.779,,330,,,,29.69,123.000,121.500,113.750,GPS1,,,,,,,,,ENR,,,,,,,,,,,,,,,,,-10.8,32.8,2234,,,,040007FF N100 N100 *,480017FF N100 N100,0.4,0.4,62,41,,1200,ALT,16.8,2500,53,90,4,2.2,4.8,-8,116,115,13.3,7,875,905,,
2026-05-16,14:34:15,22:34:15,-08:00,+33.6363100,-116.1611793,-157,3D (GPS nav),599654.6,0.1,,0,-0,0.06,254.7,85,177,5,162,-52,-33,2.4,2,2.07,0.27,0.005,1.001,+0.981,,330,,,,29.69,123.000,121.500,113.750,GPS1,,,,,,,,,ENR,,,,,,,,,,,,,,,,,-10.8,32.8,2234,,,,040007FF N100 N100 *,480017FF N100 N100,0.4,0.4,60,38,,1200,ALT,16.9,2480,53,90,4,2.2,4.9,-8,117,116,13.3,7,880,905,,
2026-05-16,14:34:16,22:34:16,-08:00,+33.6363022,-116.1611778,-147,3D (GPS nav),599655.5,0.1,,-0,-0,0.00,254.7,164,289,8,163,-52,-29,1.0,1,2.10,0.08,-0.092,0.985,+0.337,,330,,,,29.69,123.000,121.500,113.750,GPS1,,,,,,,,,ENR,,,,,,,,,,,,,,,,,-10.8,32.8,2234,,,,040007FF N100 N100 *,480017FF N100 N100,0.3,0.3,72,42,,1200,ALT,16.9,2500,53,91,4,2.1,4.9,-8,117,116,13.3,7,880,905,,
2026-05-16,14:34:17,22:34:17,-08:00,+33.6363017,-116.1611766,-147,3D (GPS nav),599656.5,0.1,,0,0,0.05,254.7,161,282,8,164,-51,-1,-0.0,0,2.05,0.33,-0.005,1.029,+1.918,,330,,,,29.69,123.000,121.500,113.750,GPS1,,,,,,,,,ENR,,,,,,,,,,,,,,,,,-10.8,32.8,2236,,,,040007FF N100 N100 *,480017FF N100 N100,0.4,0.4,54,39,,1200,ALT,16.9,2530,53,91,4,2.2,4.9,-8,118,117,13.3,7,885,910,,
2026-05-16,14:34:18,22:34:18,-08:00,+33.6363017,-116.1611778,-146,3D (GPS nav),599657.6,0.1,,-0,0,0.01,254.7,161,279,8,164,-51,18,0.0,0,1.95,0.20,-0.005,1.005,+4.210,,330,,,,29.69,123.000,121.500,113.750,GPS1,,,,,,,,,ENR,,,,,,,,,,,,,,,,,-10.8,32.8,2237,,,,040007FF N100 N100 *,480017FF N100 N100,0.4,0.3,66,41,,1200,ALT,16.9,2560,53,91,4,2.3,4.9,-8,118,117,13.3,7,885,910,,
2026-05-16,14:34:19,22:34:19,-08:00,+33.6363022,-116.1611791,-146,3D (GPS nav),599658.5,0.1,,0,0,-0.04,254.7,161,279,8,163,-51,15,0.0,0,2.00,0.26,-0.013,1.001,+5.535,,330,,,,29.69,123.000,121.500,113.750,GPS1,,,,,,,,,ENR,,,,,,,,,,,,,,,,,-10.8,32.8,2237,,,,040007FF N100 N100 *,480017FF N100 N100,0.4,0.3,60,35,,1200,ALT,16.9,2560,53,91,4,2.2,4.9,-8,119,118,13.3,7,890,910,,
2026-05-16,14:34:20,22:34:20,-08:00,+33.6363013,-116.1611786,-145,3D (GPS nav),599659.5,0.0,,0,0,-0.02,254.8,161,279,8,164,-51,10,0.8,1,1.96,0.23,-0.030,1.022,+5.460,,330,,,,29.69,123.000,121.500,113.750,GPS1,,,,,,,,,ENR,,,,,,,,,,,,,,,,,-10.8,32.8,2237,,,,040007FF N100 N100 *,480017FF N100 N100,0.4,0.3,53,40,,1200,ALT,16.9,2510,53,91,4,2.2,4.9,-8,119,118,13.3,7,890,910,,
2026-05-16,14:34:21,22:34:21,-08:00,+33.6363117,-116.1611850,-154,3D (GPS nav),599660.5,0.1,,0,-0,0.16,254.7,200,308,5,164,-51,10,2.5,3,2.02,0.18,-0.013,1.017,+4.494,,330,,,,29.69,123.000,121.500,113.750,GPS1,,,,,,,,,ENR,,,,,,,,,,,,,,,,,-10.8,32.8,2238,,,,040007FF N100 N100 *,480017FF N100 N100,0.4,0.3,69,36,,1200,ALT,16.8,2460,53,91,4,2.2,5.0,-8,120,119,13.3,7,895,915,,
2026-05-16,14:34:22,22:34:22,-08:00,+33.6363121,-116.1611846,-155,3D (GPS nav),599661.5,0.1,,0,0,0.00,255.0,200,308,5,164,-51,3,1.7,3,2.16,0.32,-0.028,0.998,-5.860,,330,,,,29.69,123.000,121.500,113.750,GPS1,,,,,,,,,ENR,,,,,,,,,,,,,,,,,-10.8,32.8,2238,,,,040007FF N100 N100 *,480017FF N100 N100,0.3,0.3,48,34,,1200,ALT,16.7,2470,53,91,4,2.1,5.0,-8,120,119,13.3,7,895,915,,
2026-05-16,14:34:23,22:34:23,-08:00,+33.6363142,-116.1611875,-156,3D (GPS nav),599662.6,0.1,,-0,0,-0.03,254.8,200,308,5,163,-51,-4,0.9,2,2.11,0.19,-0.005,0.990,-47.560,,330,,,,29.69,123.000,121.500,113.750,GPS1,,,,,,,,,ENR,,,,,,,,,,,,,,,,,-10.8,32.8,2238,,,,040007FF N100 N100 *,480017FF N100 N100,0.3,0.4,56,36,,1200,ALT,16.7,2480,53,91,4,2.1,5.0,-8,121,120,13.3,7,895,915,,
2026-05-16,14:34:24,22:34:24,-08:00,+33.6363157,-116.1611896,-158,3D (GPS nav),599663.6,0.1,,0,-0,0.02,254.9,200,308,5,164,-51,-9,0.2,2,2.19,0.31,-0.027,1.005,-62.996,,330,,,,29.69,123.000,121.500,113.750,GPS1,,,,,,,,,ENR,,,,,,,,,,,,,,,,,-10.8,32.9,2238,,,,040007FF N100 N100 *,480017FF N100 N100,0.3,0.3,56,30,,1200,ALT,16.6,2470,53,91,4,2.1,5.1,-8,121,120,13.3,7,900,920,,
2026-05-16,14:34:25,22:34:25,-08:00,+33.6363160,-116.1611900,-158,3D (GPS nav),599664.5,0.1,,-0,-0,0.12,254.9,200,308,5,164,-51,-1,0.0,1,2.14,0.37,-0.011,0.986,-63.843,,330,,,,29.69,123.000,121.500,113.750,GPS1,,,,,,,,,ENR,,,,,,,,,,,,,,,,,-10.8,32.9,2239,,,,040007FF N100 N100 *,480017FF N100 N100,0.3,0.4,63,31,,1200,ALT,16.6,2480,53,91,4,2.1,5.1,-8,122,121,13.3,7,900,920,,
2026-05-16,14:34:26,22:34:26,-08:00,+33.6363167,-116.1611905,-159,3D (GPS nav),599665.5,0.1,,0,0,-0.13,254.9,200,308,5,163,-51,-3,0.3,1,2.20,0.15,0.038,1.007,-56.521,,330,,,,29.69,123.000,121.500,113.750,GPS1,,,,,,,,,ENR,,,,,,,,,,,,,,,,,-10.8,32.9,2239,,,,040007FF N100 N100 *,480017FF N100 N100,0.3,0.3,75,43,,1200,ALT,16.6,2500,53,91,4,2.2,5.1,-8,122,121,13.3,7,900,920,,
2026-05-16,14:34:27,22:34:27,-08:00,+33.6363169,-116.1611906,-159,3D (GPS nav),599666.6,0.1,,-0,0,-0.06,254.9,200,308,5,165,-51,2,3.0,4,2.16,0.26,-0.067,0.982,-45.816,,330,,,,29.69,123.000,121.500,113.750,GPS1,,,,,,,,,ENR,,,,,,,,,,,,,,,,,-10.8,32.9,2239,,,,040007FF N100 N100 *,480017FF N100 N100,0.3,0.3,87,48,,1200,ALT,16.5,2500,52,91,4,2.1,5.1,-8,122,122,13.3,7,900,925,,
2026-05-16,14:34:28,22:34:28,-08:00,+33.6363174,-116.1611911,-159,3D (GPS nav),599667.6,0.1,,-0,0,-0.03,254.9,200,308,5,167,-49,35,6.1,6,2.07,0.17,0.006,1.008,-34.376,,330,,,,29.69,123.000,121.500,113.750,GPS1,,,,,,,,,ENR,,,,,,,,,,,,,,,,,-10.8,32.9,2241,,,,040007FF N100 N100 *,480017FF N100 N100,0.3,0.3,88,57,,1200,ALT,16.5,2500,52,91,4,2.0,5.1,-8,123,122,13.3,7,900,925,,
2026-05-16,14:34:29,22:34:29,-08:00,+33.6363163,-116.1611885,-158,3D (GPS nav),599668.5,0.1,,0,-0,0.14,254.8,200,308,5,167,-48,61,8.0,8,2.03,0.31,-0.018,1.042,-24.084,,330,,,,29.69,123.000,121.500,113.750,GPS1,,,,,,,,,ENR,,,,,,,,,,,,,,,,,-10.8,32.9,2243,,,,040007FF N100 N100 *,480017FF N100 N100,0.4,0.3,65,45,,1200,ALT,16.5,2500,52,91,4,2.2,5.1,-8,123,123,13.3,7,900,925,,
2026-05-16,14:34:30,22:34:30,-08:00,+33.6363142,-116.1611850,-156,3D (GPS nav),599669.5,0.1,,-0,0,-0.08,254.9,200,308,5,165,-49,33,5.6,6,2.13,0.16,-0.021,0.993,-14.957,,330,,,,29.69,123.000,121.500,113.750,GPS1,,,,,,,,,ENR,,,,,,,,,,,,,,,,,-10.8,32.9,2243,,,,040007FF N100 N100 *,480017FF N100 N100,0.3,0.2,63,45,,1200,ALT,16.5,2490,52,91,4,2.4,5.0,-8,124,123,13.3,7,905,930,,
2026-05-16,14:34:31,22:34:31,-08:00,+33.6363144,-116.1611840,-156,3D (GPS nav),599670.5,0.1,,0,0,0.07,254.8,200,308,5,165,-49,5,5.0,5,2.14,0.14,0.010,0.992,-11.087,,330,,,,29.69,123.000,121.500,113.750,GPS1,,,,,,,,,ENR,,,,,,,,,,,,,,,,,-10.8,32.9,2243,,,,040007FF N100 N100 *,480017FF N100 N100,0.3,0.2,79,43,,1200,ALT,16.5,2480,52,91,4,2.4,5.0,-8,124,124,13.3,7,905,930,,
2026-05-16,14:34:32,22:34:32,-08:00,+33.6363143,-116.1611835,-156,3D (GPS nav),599671.5,0.1,,0,-0,0.03,255.0,200,308,5,166,-49,-3,5.0,5,2.20,0.17,-0.032,0.984,-10.036,,330,,,,29.69,123.000,121.500,113.750,GPS1,,,,,,,,,ENR,,,,,,,,,,,,,,,,,-10.8,32.9,2244,,,,040007FF N100 N100 *,480017FF N100 N100,0.2,0.2,84,54,,1200,ALT,16.5,2500,52,91,4,2.3,5.0,-8,125,124,13.3,7,905,930,,
2026-05-16,14:34:33,22:34:33,-08:00,+33.6363147,-116.1611830,-156,3D (GPS nav),599672.5,0.1,,0,-0,0.08,254.9,200,308,5,167,-48,10,5.4,5,2.12,0.04,0.005,1.006,-8.901,,330,,,,29.69,123.000,121.500,113.750,GPS1,,,,,,,,,ENR,,,,,,,,,,,,,,,,,-10.8,32.9,2246,,,,040007FF N100 N100 *,480017FF N100 N100,0.3,0.2,61,43,,1200,ALT,16.5,2510,52,91,4,2.4,5.0,-8,125,125,13.3,7,905,930,,
2026-05-16,14:34:34,22:34:34,-08:00,+33.6363146,-116.1611822,-156,3D (GPS nav),599673.5,0.1,,0,-0,0.14,254.8,200,308,5,164,-49,-9,2.8,4,2.16,0.15,0.034,0.998,-7.113,,330,,,,29.69,123.000,121.500,113.750,GPS1,,,,,,,,,ENR,,,,,,,,,,,,,,,,,-10.8,32.9,2245,,,,040007FF N100 N100 *,480017FF N100 N100,0.3,0.2,58,36,,1200,ALT,16.5,2510,52,91,4,2.4,5.0,-8,126,125,13.3,7,905,930,,
2026-05-16,14:34:35,22:34:35,-08:00,+33.6363163,-116.1611841,-157,3D (GPS nav),599674.6,0.1,,-0,0,-0.02,254.8,200,308,5,164,-50,-33,0.6,1,2.18,0.10,0.028,1.046,-4.561,,330,,,,29.69,123.000,121.500,113.750,GPS1,,,,,,,,,ENR,,,,,,,,,,,,,,,,,-10.8,32.9,2244,,,,040007FF N100 N100 *,480017FF N100 N100,0.3,0.2,68,45,,1200,ALT,16.5,2510,52,91,4,2.4,5.0,-8,126,125,13.3,7,910,930,,
2026-05-16,14:34:36,22:34:36,-08:00,+33.6363191,-116.1611875,-159,3D (GPS nav),599675.6,0.0,,-0,0,-0.07,254.9,200,308,5,165,-50,-29,1.9,2,2.16,0.22,0.008,0.990,-2.250,,330,,,,29.69,123.000,121.500,113.750,GPS1,,,,,,,,,ENR,,,,,,,,,,,,,,,,,-10.8,32.9,2244,,,,040007FF N100 N100 *,480017FF N100 N100,0.3,0.2,72,39,,1200,ALT,16.5,2510,52,91,4,2.4,5.0,-8,126,126,13.3,7,910,935,,
2026-05-16,14:34:37,22:34:37,-08:00,+33.6363194,-116.1611872,-159,3D (GPS nav),599676.5,0.1,,-0,0,-0.09,254.7,200,308,5,165,-50,-10,3.5,4,2.11,0.24,-0.044,1.024,-1.343,,330,,,,29.69,123.000,121.500,113.750,GPS1,,,,,,,,,ENR,,,,,,,,,,,,,,,,,-10.8,32.9,2245,,,,040007FF N100 N100 *,480017FF N100 N100,0.4,0.2,72,40,,1200,ALT,16.5,2500,52,91,4,2.4,5.0,-8,127,126,13.3,7,910,935,,
2026-05-16,14:34:38,22:34:38,-08:00,+33.6363022,-116.1611736,-144,3D (GPS nav),599677.5,0.1,,0,0,0.04,254.8,177,269,7,165,-50,3,5.5,5,2.06,0.26,0.008,1.008,-1.965,,330,,,,29.69,123.000,121.500,113.750,GPS1,,,,,,,,,ENR,,,,,,,,,,,,,,,,,-10.8,32.9,2246,,,,040007FF N100 N100 *,480017FF N100 N100,0.4,0.2,77,46,,1200,ALT,16.5,2490,52,91,4,2.3,5.0,-8,127,127,13.3,7,910,935,,
2026-05-16,14:34:39,22:34:39,-08:00,+33.6363022,-116.1611733,-144,3D (GPS nav),599678.5,0.0,,-0,-0,0.06,254.8,177,269,7,165,-50,6,6.4,6,2.14,0.08,0.002,0.996,-2.711,,330,,,,29.69,123.000,121.500,113.750,GPS1,,,,,,,,,ENR,,,,,,,,,,,,,,,,,-10.8,32.9,2246,,,,040007FF N100 N100 *,480017FF N100 N100,0.3,0.2,69,45,,1200,ALT,16.5,2500,52,91,4,2.2,5.0,-8,128,127,13.3,7,910,935,,
2026-05-16,14:34:40,22:34:40,-08:00,+33.6363025,-116.1611730,-144,3D (GPS nav),599679.6,0.0,,0,0,0.00,254.8,177,269,7,166,-49,9,7.6,7,2.14,0.09,-0.016,0.993,-3.126,,330,,,,29.69,123.000,121.500,113.750,GPS1,,,,,,,,,ENR,,,,,,,,,,,,,,,,,-10.8,32.9,2247,,,,040007FF N100 N100 *,480017FF N100 N100,0.3,0.2,66,43,,1200,ALT,16.6,2480,52,91,4,2.2,5.0,-8,128,128,13.3,7,910,935,,
2026-05-16,14:34:41,22:34:41,-08:00,+33.6363013,-116.1611708,-143,3D (GPS nav),599680.5,0.1,,0,0,0.02,254.7,177,269,7,166,-49,15,6.8,7,2.17,0.06,-0.030,0.986,-3.024,,330,,,,29.69,123.000,121.500,113.750,GPS1,WPT MSG,GARMN,10.0,135,150,-0.027,-0.47,350,LPV,-0.50,-2,,,,,,,,,,,,,,,0.0,32.9,2248,,,,040007FF N100 N100 *,480017FF N100 N100,0.3,0.2,59,46,,1200,ALT,16.6,2500,52,92,4,2.3,5.0,-8,128,128,13.3,7,910,935,,
2026-05-16,14:34:42,22:34:42,-08:00,+33.6362999,-116.1611677,-141,3D (GPS nav),599681.5,0.1,,0,-0,0.06,255.0,177,269,7,165,-49,13,3.7,4,2.16,0.23,0.032,1.000,-6.804,,330,,,,29.69,123.000,121.500,113.750,GPS1,,,,,,,,,ENR,,,,,,,,,,,,,,,,,-10.9,32.9,2249,,,,040007FF N100 N100 *,480017FF N100 N100,0.3,0.2,59,39,,1200,ALT,16.6,2510,52,92,4,2.3,5.0,-8,129,129,13.3,7,915,935,,
2026-05-16,14:34:43,22:34:43,-08:00,+33.6362997,-116.1611666,-140,3D (GPS nav),599682.5,0.1,,0,-0,0.01,254.8,177,269,7,165,-49,2,1.6,2,2.05,0.27,-0.001,1.019,-13.097,,330,,,,29.69,123.000,121.500,113.750,GPS1,,,,,,,,,ENR,,,,,,,,,,,,,,,,,-10.9,32.9,2249,,,,040007FF N100 N100 *,480017FF N100 N100,0.4,0.3,91,48,,1200,ALT,16.6,2520,52,92,4,2.3,5.0,-8,129,129,13.3,7,915,935,,
2026-05-16,14:34:44,22:34:44,-08:00,+33.6362994,-116.1611662,-140,3D (GPS nav),599683.6,0.1,,-0,0,-0.14,254.7,177,269,7,168,-48,22,2.1,3,1.96,0.39,-0.007,1.014,-15.314,,330,,,,29.69,123.000,121.500,113.750,GPS1,,,,,,,,,ENR,,,,,,,,,,,,,,,,,-10.9,32.9,2251,,,,040007FF N100 N100 *,480017FF N100 N100,0.5,0.3,74,56,,1200,ALT,16.6,2500,52,92,4,2.1,5.0,-8,130,130,13.3,7,915,940,,
2026-05-16,14:34:45,22:34:45,-08:00,+33.6362994,-116.1611649,-139,3D (GPS nav),599684.6,0.0,,0,0,0.03,254.7,177,269,7,167,-48,32,3.6,4,1.93,0.08,-0.006,0.988,-15.249,,330,,,,29.69,123.000,121.500,113.750,GPS1,,,,,,,,,ENR,,,,,,,,,,,,,,,,,-10.9,32.9,2252,,,,040007FF N100 N100 *,480017FF N100 N100,0.5,0.3,95,54,,1200,ALT,16.6,2500,52,92,4,2.0,5.0,-8,130,130,13.3,7,915,940,,
2026-05-16,14:34:46,22:34:46,-08:00,+33.6362993,-116.1611644,-138,3D (GPS nav),599685.5,0.1,,0,-0,0.02,254.6,177,269,7,168,-47,33,2.7,3,2.01,0.31,-0.006,1.012,-14.146,,330,,,,29.69,123.000,121.500,113.750,GPS1,,,,,,,,,ENR,,,,,,,,,,,,,,,,,-10.9,32.9,2253,,,,040007FF N100 N100 *,480017FF N100 N100,0.5,0.3,82,58,,1200,ALT,16.6,2510,52,92,4,1.9,5.0,-8,131,130,13.3,7,915,940,,
2026-05-16,14:34:47,22:34:47,-08:00,+33.6363006,-116.1611661,-139,3D (GPS nav),599686.5,0.1,,0,0,-0.09,255.0,177,269,7,169,-47,31,4.1,4,2.14,0.45,-0.016,0.982,-11.901,,330,,,,29.69,123.000,121.500,113.750,GPS1,,,,,,,,,ENR,,,,,,,,,,,,,,,,,-10.9,32.9,2254,,,,040007FF N100 N100 *,480017FF N100 N100,0.4,0.3,77,49,,1200,ALT,16.6,2530,52,92,4,2.1,5.0,-8,131,131,13.4,7,915,940,,
2026-05-16,14:34:48,22:34:48,-08:00,+33.6363013,-116.1611674,-140,3D (GPS nav),599687.6,0.0,,-0,-0,0.04,254.9,177,269,7,167,-47,21,3.0,4,2.07,0.38,0.012,1.002,-6.419,,330,,,,29.69,123.000,121.500,113.750,GPS1,,,,,,,,,ENR,,,,,,,,,,,,,,,,,-10.9,32.9,2254,,,,040007FF N100 N100 *,480017FF N100 N100,0.3,0.3,55,40,,1200,ALT,16.6,2520,52,92,4,2.1,5.0,-8,132,131,13.4,7,915,940,,
2026-05-16,14:34:49,22:34:49,-08:00,+33.6363019,-116.1611679,-140,3D (GPS nav),599688.6,0.0,,0,-0,0.07,254.8,177,269,7,165,-48,-16,1.8,3,1.97,0.25,-0.037,1.009,-2.789,,330,,,,29.69,123.000,121.500,113.750,GPS1,,,,,,,,,ENR,,,,,,,,,,,,,,,,,-10.9,32.9,2253,,,,040007FF N100 N100 *,480017FF N100 N100,0.5,0.3,53,35,,1200,ALT,16.6,2480,52,92,4,2.1,5.0,-8,132,132,13.4,7,915,940,,
2026-05-16,14:34:50,22:34:50,-08:00,+33.6363022,-116.1611680,-140,3D (GPS nav),599689.5,0.1,,-0,0,-0.05,254.8,177,269,7,165,-49,-38,1.0,2,2.02,0.40,-0.008,1.012,+0.102,,330,,,,29.69,123.000,121.500,113.750,GPS1,,,,,,,,,ENR,,,,,,,,,,,,,,,,,-10.9,32.9,2252,,,,040007FF N100 N100 *,480017FF N100 N100,0.4,0.4,75,40,,1200,ALT,16.6,2510,52,92,4,2.1,5.0,-8,132,132,13.4,7,915,940,,
2026-05-16,14:34:51,22:34:51,-08:00,+33.6363025,-116.1611679,-140,3D (GPS nav),599690.5,0.1,,0,0,0.03,254.8,177,269,7,166,-49,-30,2.9,3,2.04,0.14,-0.082,0.965,+1.815,,330,,,,29.69,123.000,121.500,113.750,GPS1,,,,,,,,,ENR,,,,,,,,,,,,,,,,,-10.9,32.9,2252,,,,040007FF N100 N100 *,480017FF N100 N100,0.4,0.3,104,63,,1200,ALT,16.4,2440,52,92,4,2.3,5.1,-8,133,133,13.4,7,915,945,,
2026-05-16,14:34:52,22:34:52,-08:00,+33.6363025,-116.1611680,-140,3D (GPS nav),599691.6,0.0,,0,0,-0.03,254.8,177,269,7,167,-48,-4,4.6,5,2.10,0.21,-0.025,0.991,+2.712,,330,,,,29.69,123.000,121.500,113.750,GPS1,,,,,,,,,ENR,,,,,,,,,,,,,,,,,-10.9,32.9,2252,,,,040007FF N100 N100 *,480017FF N100 N100,0.3,0.2,102,58,,1200,ALT,16.2,2450,52,92,4,2.0,5.2,-8,133,133,13.4,6,915,945,,
2026-05-16,14:34:53,22:34:53,-08:00,+33.6363013,-116.1611653,-139,3D (GPS nav),599692.5,0.1,,-0,0,0.02,254.9,177,269,7,168,-47,19,3.6,4,2.02,0.32,-0.012,0.989,+2.860,,330,,,,29.69,123.000,121.500,113.750,GPS1,,,,,,,,,ENR,,,,,,,,,,,,,,,,,-10.9,32.9,2253,,,,040007FF N100 N100 *,480017FF N100 N100,0.4,0.2,84,65,,1200,ALT,16.1,2470,52,92,4,1.8,5.2,-8,133,133,13.4,6,915,945,,
2026-05-16,14:34:54,22:34:54,-08:00,+33.6363011,-116.1611649,-139,3D (GPS nav),599693.5,0.0,,0,0,-0.02,254.6,177,269,7,167,-47,29,3.4,3,1.99,0.14,0.036,1.005,+2.605,,330,,,,29.69,123.000,121.500,113.750,GPS1,,,,,,,,,ENR,,,,,,,,,,,,,,,,,-10.9,32.9,2253,,,,040007FF N100 N100 *,480017FF N100 N100,0.4,0.3,72,38,,1200,ALT,16.2,2510,52,92,4,1.8,5.2,-8,134,134,13.4,6,915,945,,
2026-05-16,14:34:55,22:34:55,-08:00,+33.6363008,-116.1611642,-138,3D (GPS nav),599694.5,0.1,,-0,0,-0.03,254.9,177,269,7,166,-47,10,1.6,2,2.13,0.22,-0.002,0.997,+2.799,,330,,,,29.69,123.000,121.500,113.750,GPS1,,,,,,,,,ENR,,,,,,,,,,,,,,,,,-10.9,32.9,2253,,,,040007FF N100 N100 *,480017FF N100 N100,0.3,0.2,55,36,,1200,ALT,16.3,2530,52,92,4,2.0,5.1,-8,134,134,13.4,6,915,950,,
2026-05-16,14:34:56,22:34:56,-08:00,+33.6362883,-116.1611675,-126,3D (GPS nav),599695.6,0.1,,-0,0,-0.01,254.8,82,108,9,165,-48,-18,0.3,0,2.11,0.21,-0.019,0.991,+2.881,,330,,,,29.69,123.000,121.500,113.750,GPS1,,,,,,,,,ENR,,,,,,,,,,,,,,,,,-10.9,32.9,2252,,,,040007FF N100 N100 *,480017FF N100 N100,0.3,0.3,66,37,,1200,ALT,16.3,2550,52,92,4,2.3,5.1,-8,135,135,13.4,6,915,950,,
2026-05-16,14:34:57,22:34:57,-08:00,+33.6362613,-116.1611944,-115,3DDiff (GPS nav),599696.6,0.0,,0,0,-0.01,254.8,62,105,6,167,-48,-20,1.2,1,2.07,0.28,-0.037,0.972,+3.167,,330,,,,29.69,123.000,121.500,113.750,GPS1,,,,,,,,,ENR,,,,,,,,,,,,,,,,,-10.9,32.9,2251,,,,040007FF N100 N100 *,480017FF N100 N100,0.4,0.4,86,47,,1200,ALT,16.3,2520,52,92,4,2.6,5.0,-8,135,135,13.4,6,915,950,,
2026-05-16,14:34:58,22:34:58,-08:00,+33.6362608,-116.1611944,-116,3DDiff (GPS nav),599697.6,0.0,,-0,-0,-0.04,254.7,62,105,6,170,-47,22,5.0,5,1.98,0.30,-0.021,0.998,+2.000,,330,,,,29.69,123.000,121.500,113.750,GPS1,,,,,,,,,ENR,,,,,,,,,,,,,,,,,-10.9,32.9,2253,,,,040007FF N100 N100 *,480017FF N100 N100,0.4,0.3,121,65,,1200,ALT,16.3,2440,52,92,4,2.7,5.0,-8,135,135,13.4,6,915,950,,
2026-05-16,14:34:59,22:34:59,-08:00,+33.6362630,-116.1611955,-113,3DDiff (GPS nav),599698.5,0.1,,0,0,0.03,254.7,62,102,6,171,-45,64,7.8,8,2.01,0.37,-0.002,0.993,+1.009,,330,,,,29.69,123.000,121.500,113.750,GPS1,,,,,,,,,ENR,,,,,,,,,,,,,,,,,-10.9,32.9,2255,,,,040007FF N100 N100 *,480017FF N100 N100,0.4,0.3,92,56,,1200,ALT,16.1,2370,52,92,4,2.4,5.0,-8,136,136,13.4,6,915,950,,
2026-05-16,14:35:00,22:35:00,-08:00,+33.6362636,-116.1611953,-116,3DDiff (GPS nav),599699.5,0.0,,0,0,0.06,254.6,62,102,6,168,-45,47,7.5,8,2.09,-0.03,-0.005,1.016,-0.090,,330,,,,29.69,123.000,121.500,113.750,GPS1,,,,,,,,,ENR,,,,,,,,,,,,,,,,,-10.9,32.9,2254,,,,040007FF N100 N100 *,480017FF N100 N100,0.4,0.2,149,76,,1200,ALT,16.1,2410,52,92,4,1.8,5.1,-8,136,136,13.4,6,915,950,,
2026-05-16,14:35:01,22:35:01,-08:00,+33.6362635,-116.1611947,-116,3DDiff (GPS nav),599700.6,0.1,,0,-0,-0.05,254.6,62,102,6,169,-46,17,8.4,9,1.90,0.15,0.067,1.033,-0.745,,330,,,,29.69,123.000,121.500,113.750,GPS1,,,,,,,,,ENR,,,,,,,,,,,,,,,,,-10.9,32.9,2254,,,,040007FF N100 N100 *,480017FF N100 N100,0.4,0.2,62,56,,1200,ALT,16.1,2430,52,92,4,1.5,5.2,-8,137,137,13.4,6,915,950,,
2026-05-16,14:35:02,22:35:02,-08:00,+33.6362639,-116.1611949,-117,3DDiff (GPS nav),599701.6,0.1,,-0,0,0.00,254.6,62,102,6,167,-46,-12,5.0,6,2.04,0.28,-0.002,0.987,-1.060,,330,,,,29.69,123.000,121.500,113.750,GPS1,,,,,,,,,ENR,,,,,,,,,,,,,,,,,-10.9,32.9,2253,,,,040007FF N100 N100 *,480017FF N100 N100,0.5,0.3,98,54,,1200,ALT,16.1,2450,52,92,4,1.6,5.2,-8,137,137,13.4,6,915,950,,
2026-05-16,14:35:03,22:35:03,-08:00,+33.6362641,-116.1611944,-118,3DDiff (GPS nav),599702.5,0.1,,-0,-0,-0.02,254.6,62,102,6,169,-46,-16,3.0,4,2.03,0.31,0.001,1.011,-2.685,,330,,,,29.69,123.000,121.500,113.750,GPS1,,,,,,,,,ENR,,,,,,,,,,,,,,,,,-10.9,32.9,2252,,,,040007FF N100 N100 *,480017FF N100 N100,0.4,0.3,97,56,,1200,ALT,16.1,2450,52,92,4,1.8,5.2,-8,137,137,13.4,6,915,950,,
2026-05-16,14:35:04,22:35:04,-08:00,+33.6362639,-116.1611941,-118,3DDiff (GPS nav),599703.5,0.0,,0,0,0.03,254.9,62,102,6,170,-46,-1,1.8,3,2.03,0.46,-0.030,1.014,-4.463,,330,,,,29.69,123.000,121.500,113.750,GPS1,,,,,,,,,ENR,,,,,,,,,,,,,,,,,-10.9,32.9,2253,,,,040007FF N100 N100 *,480017FF N100 N100,0.4,0.3,107,66,,1200,ALT,16.1,2460,52,92,4,1.9,5.1,-8,138,138,13.4,6,915,950,,
2026-05-16,14:35:05,22:35:05,-08:00,+33.6362614,-116.1611911,-119,3DDiff (GPS nav),599704.6,0.1,,0,0,0.10,254.7,62,102,6,170,-45,15,0.1,1,2.17,0.38,0.027,1.003,-4.848,,330,,,,29.69,123.000,121.500,113.750,GPS1,,,,,,,,,ENR,,,,,,,,,,,,,,,,,-10.9,32.9,2254,,,,040007FF N100 N100 *,480017FF N100 N100,0.3,0.3,85,66,,1200,ALT,16.1,2480,52,92,4,2.0,5.1,-8,138,138,13.4,6,915,955,,
2026-05-16,14:35:06,22:35:06,-08:00,+33.6362608,-116.1611905,-118,3DDiff (GPS nav),599705.6,0.1,,0,-0,-0.07,255.0,62,102,6,170,-45,27,-0.0,0,2.14,0.28,-0.020,1.014,-4.166,,330,,,,29.69,123.000,121.500,113.750,GPS1,,,,,,,,,ENR,,,,,,,,,,,,,,,,,-10.9,32.9,2255,,,,040007FF N100 N100 *,480017FF N100 N100,0.3,0.3,86,75,,1200,ALT,16.1,2470,52,92,4,2.1,5.0,-8,139,138,13.4,6,915,955,,
2026-05-16,14:35:07,22:35:07,-08:00,+33.6362616,-116.1611900,-119,3DDiff (GPS nav),599706.5,0.1,,-0,0,0.04,254.6,62,102,6,169,-45,9,1.3,1,2.13,0.27,0.084,1.019,-2.991,,330,,,,29.69,123.000,121.500,113.750,GPS1,,,,,,,,,ENR,,,,,,,,,,,,,,,,,-10.9,32.9,2255,,,,040007FF N100 N100 *,480017FF N100 N100,0.4,0.3,98,75,,1200,ALT,16.1,2470,52,92,4,2.1,5.0,-8,139,139,13.4,6,915,955,,
2026-05-16,14:35:08,22:35:08,-08:00,+33.6362617,-116.1611895,-119,3DDiff (GPS nav),599707.5,0.1,,-0,0,0.06,254.9,62,102,6,171,-45,9,1.8,2,2.11,0.29,-0.037,0.975,-1.849,,330,,,,29.69,123.000,121.500,113.750,GPS1,,,,,,,,,ENR,,,,,,,,,,,,,,,,,-10.9,32.9,2255,,,,040007FF N100 N100 *,480017FF N100 N100,0.4,0.3,92,61,,1200,ALT,16.1,2480,52,92,4,2.1,5.0,-8,139,139,13.4,6,915,955,,
2026-05-16,14:35:09,22:35:09,-08:00,+33.6362691,-116.1611885,-115,3DDiff (GPS nav),599708.6,0.1,,0,0,0.01,254.8,56,98,7,169,-44,15,1.2,2,2.19,0.37,-0.010,1.038,-1.164,,330,,,,29.69,123.000,121.500,113.750,GPS1,,,,,,,,,ENR,,,,,,,,,,,,,,,,,-10.9,32.9,2256,,,,040007FF N100 N100 *,480017FF N100 N100,0.3,0.4,91,51,,1200,ALT,16.0,2490,52,92,4,2.2,5.0,-8,140,140,13.4,6,915,955,,
2026-05-16,14:35:10,22:35:10,-08:00,+33.6362688,-116.1611880,-115,3DDiff (GPS nav),599709.6,0.1,,0,-0,0.00,254.9,56,98,7,168,-45,-8,1.2,2,2.14,0.43,-0.003,1.028,-0.568,,330,,,,29.69,123.000,121.500,113.750,GPS1,,,,,,,,,ENR,,,,,,,,,,,,,,,,,-10.9,32.9,2254,,,,040007FF N100 N100 *,480017FF N100 N100,0.3,0.4,80,51,,1200,ALT,16.0,2500,52,92,4,2.3,5.0,-8,140,140,13.4,6,915,955,,
2026-05-16,14:35:11,22:35:11,-08:00,+33.6362711,-116.1611897,-113,3DDiff (GPS nav),599710.5,0.0,,0,0,0.00,254.8,56,98,7,169,-45,-12,3.0,5,2.08,0.41,-0.035,0.969,-0.187,,330,,,,29.69,123.000,121.500,113.750,GPS1,,,,,,,,,ENR,,,,,,,,,,,,,,,,,-10.9,32.9,2254,,,,040007FF N100 N100 *,480017FF N100 N100,0.4,0.3,89,57,,1200,ALT,16.0,2510,52,92,4,2.3,5.0,-8,140,140,13.4,6,915,955,,
2026-05-16,14:35:12,22:35:12,-08:00,+33.6362727,-116.1611892,-115,3DDiff (GPS nav),599711.5,0.0,,-0,0,0.04,254.6,56,98,7,169,-45,-6,5.6,7,1.98,0.39,0.013,1.021,+0.217,,330,,,,29.69,123.000,121.500,113.750,GPS1,,,,,,,,,ENR,,,,,,,,,,,,,,,,,-10.9,32.9,2255,,,,040007FF N100 N100 *,480017FF N100 N100,0.4,0.4,69,50,,1200,ALT,16.1,2520,52,92,4,2.3,5.0,-8,140,141,13.4,6,915,955,,
2026-05-16,14:35:13,22:35:13,-08:00,+33.6362730,-116.1611888,-116,3DDiff (GPS nav),599712.6,0.1,,0,-0,-0.04,254.6,56,98,7,168,-46,-16,6.0,6,1.93,0.17,0.010,1.008,+0.362,,330,,,,29.69,123.000,121.500,113.750,GPS1,,,,,,,,,ENR,,,,,,,,,,,,,,,,,-10.9,32.9,2254,,,,040007FF N100 N100 *,480017FF N100 N100,0.5,0.4,88,53,,1200,ALT,16.1,2520,52,92,4,2.4,5.0,-8,141,141,13.4,6,915,955,,
2026-05-16,14:35:14,22:35:14,-08:00,+33.6362839,-116.1611747,-123,3DDiff (GPS nav),599713.6,0.1,,0,0,-0.01,254.7,49,82,10,169,-46,-19,6.5,6,2.14,0.35,-0.030,0.996,+0.844,,330,,,,29.69,123.000,121.500,113.750,GPS1,,,,,,,,,ENR,,,,,,,,,,,,,,,,,-10.9,32.9,2254,,,,040007FF N100 N100 *,480017FF N100 N100,0.4,0.3,76,54,,1200,ALT,16.1,2530,52,93,4,2.5,5.0,-8,141,141,13.4,6,915,955,,
2026-05-16,14:35:15,22:35:15,-08:00,+33.6362838,-116.1611736,-123,3DDiff (GPS nav),599714.5,0.1,,-0,-0,-0.03,254.8,49,82,10,169,-46,-6,4.8,5,1.98,0.27,-0.019,1.011,+0.889,,330,,,,29.69,123.000,121.500,113.750,GPS1,,,,,,,,,ENR,,,,,,,,,,,,,,,,,-10.9,32.9,2255,,,,040007FF N100 N100 *,480017FF N100 N100,0.4,0.3,89,50,,1200,ALT,16.1,2530,52,93,4,2.4,5.0,-8,141,142,13.4,6,915,955,,
2026-05-16,14:35:16,22:35:16,-08:00,+33.6362841,-116.1611724,-122,3DDiff (GPS nav),599715.5,0.1,,0,0,0.02,254.8,49,82,10,169,-46,5,6.8,7,2.09,0.29,0.035,1.045,+1.256,,330,,,,29.69,123.000,121.500,113.750,GPS1,,,,,,,,,ENR,,,,,,,,,,,,,,,,,-10.9,32.9,2255,,,,040007FF N100 N100 *,480017FF N100 N100,0.3,0.2,93,60,,1200,ALT,16.1,2510,52,93,4,2.3,5.0,-8,142,142,13.4,6,915,955,,
2026-05-16,14:35:17,22:35:17,-08:00,+33.6362844,-116.1611713,-122,3DDiff (GPS nav),599716.6,0.0,,0,-0,0.00,254.8,49,82,10,167,-46,-8,5.0,5,2.06,0.20,-0.027,1.000,+1.197,,330,,,,29.69,123.000,121.500,113.750,GPS1,,,,,,,,,ENR,,,,,,,,,,,,,,,,,-10.9,32.9,2255,,,,040007FF N100 N100 *,480017FF N100 N100,0.3,0.2,70,45,,1200,ALT,16.1,2510,51,93,4,2.2,5.0,-8,142,142,13.4,6,915,955,,
2026-05-16,14:35:18,22:35:18,-08:00,+33.6362852,-116.1611708,-124,3DDiff (GPS nav),599717.6,0.1,,-0,0,0.03,254.6,49,82,10,167,-47,-29,4.8,5,1.95,0.27,-0.016,1.001,+1.155,,330,,,,29.69,123.000,121.500,113.750,GPS1,,,,,,,,,ENR,,,,,,,,,,,,,,,,,-10.9,32.9,2254,,,,040007FF N100 N100 *,480017FF N100 N100,0.4,0.3,69,45,,1200,ALT,16.1,2520,51,93,4,2.2,5.0,-8,142,143,13.4,6,915,955,,
2026-05-16,14:35:19,22:35:19,-08:00,+33.6362866,-116.1611708,-125,3DDiff (GPS nav),599718.5,0.0,,0,-0,0.02,254.8,49,82,10,166,-48,-34,4.9,5,2.03,0.16,0.008,0.995,+0.161,,330,,,,29.69,123.000,121.500,113.750,GPS1,,,,,,,,,ENR,,,,,,,,,,,,,,,,,-10.9,33.0,2254,,,,040007FF N100 N100 *,480017FF N100 N100,0.4,0.2,72,38,,1200,ALT,16.1,2530,51,93,4,2.2,5.0,-8,143,143,13.4,6,915,955,,
2026-05-16,14:35:20,22:35:20,-08:00,+33.6362869,-116.1611705,-125,3DDiff (GPS nav),599719.5,0.0,,0,-0,0.07,254.9,49,82,10,165,-49,-40,6.1,6,2.10,0.14,0.000,1.026,-0.122,,330,,,,29.69,123.000,121.500,113.750,GPS1,,,,,,,,,ENR,,,,,,,,,,,,,,,,,-10.9,33.0,2253,,,,040007FF N100 N100 *,480017FF N100 N100,0.3,0.3,57,42,,1200,ALT,16.1,2530,51,93,4,2.2,5.0,-8,143,143,13.4,6,915,955,,
2026-05-16,14:35:21,22:35:21,-08:00,+33.6362877,-116.1611703,-126,3DDiff (GPS nav),599720.6,0.1,,-0,0,-0.03,254.7,49,82,10,166,-49,-31,7.5,7,2.08,0.05,0.018,1.004,-0.404,,330,,,,29.69,123.000,121.500,113.750,GPS1,,,,,,,,,ENR,,,,,,,,,,,,,,,,,-10.9,33.0,2253,,,,040007FF N100 N100 *,480017FF N100 N100,0.3,0.2,65,46,,1200,ALT,16.2,2500,51,93,4,2.2,5.0,-8,143,144,13.4,6,915,955,,
2026-05-16,14:35:22,22:35:22,-08:00,+33.6362883,-116.1611702,-126,3DDiff (GPS nav),599721.6,0.0,,-0,0,-0.04,254.9,49,82,10,168,-48,-2,8.2,8,2.09,0.14,-0.034,1.012,-0.523,,330,,,,29.69,123.000,121.500,113.750,GPS1,,,,,,,,,ENR,,,,,,,,,,,,,,,,,-10.9,33.0,2254,,,,040007FF N100 N100 *,480017FF N100 N100,0.3,0.2,54,40,,1200,ALT,16.2,2520,51,93,4,2.2,5.0,-8,144,144,13.4,6,915,955,,
2026-05-16,14:35:23,22:35:23,-08:00,+33.6362877,-116.1611705,-125,3DDiff (GPS nav),599722.6,0.0,,0,-0,0.02,254.5,49,82,10,167,-48,14,5.2,5,2.01,0.10,-0.022,1.008,-0.221,,330,,,,29.69,123.000,121.500,113.750,GPS1,,,,,,,,,ENR,,,,,,,,,,,,,,,,,-10.9,33.0,2255,,,,040007FF N100 N100 *,480017FF N100 N100,0.4,0.2,64,41,,1200,ALT,16.2,2510,51,93,4,2.1,5.0,-8,144,144,13.4,6,915,955,,
2026-05-16,14:35:24,22:35:24,-08:00,+33.6362861,-116.1611700,-124,3DDiff (GPS nav),599723.6,0.0,,-0,0,-0.02,254.7,49,82,10,165,-48,-1,2.9,3,1.96,0.10,-0.004,0.997,+0.293,,330,,,,29.69,123.000,121.500,113.750,GPS1,,,,,,,,,ENR,,,,,,,,,,,,,,,,,-10.9,33.0,2254,,,,040007FF N100 N100 *,480017FF N100 N100,0.5,0.2,69,41,,1200,ALT,16.2,2530,51,93,4,2.1,5.0,-8,144,145,13.4,6,915,955,,
2026-05-16,14:35:25,22:35:25,-08:00,+33.6362861,-116.1611702,-124,3DDiff (GPS nav),599724.6,0.0,,0,-0,0.04,254.4,49,82,10,165,-49,-25,0.7,2,1.85,0.08,0.002,1.004,+0.988,,330,,,,29.69,123.000,121.500,113.750,GPS1,,,,,,,,,ENR,,,,,,,,,,,,,,,,,-10.9,33.0,2253,,,,040007FF N100 N100 *,480017FF N100 N100,0.6,0.2,60,34,,1200,ALT,16.2,2510,51,93,4,2.1,5.0,-8,145,145,13.4,6,915,955,,
2026-05-16,14:35:26,22:35:26,-08:00,+33.6362861,-116.1611705,-125,3DDiff (GPS nav),599725.6,0.0,,0,0,0.01,254.7,49,82,10,165,-50,-31,0.0,0,2.03,0.21,0.003,1.006,+1.413,,330,,,,29.69,123.000,121.500,113.750,GPS1,,,,,,,,,ENR,,,,,,,,,,,,,,,,,-10.9,33.0,2253,,,,040007FF N100 N100 *,480017FF N100 N100,0.5,0.2,81,43,,1200,ALT,16.2,2510,51,93,4,2.1,5.0,-8,145,146,13.4,6,915,955,,
2026-05-16,14:35:27,22:35:27,-08:00,+33.6362863,-116.1611708,-125,3DDiff (GPS nav),599726.6,0.0,,0,0,0.03,254.7,49,82,10,166,-49,-15,0.4,0,2.04,0.18,-0.000,1.013,+1.764,,330,,,,29.69,123.000,121.500,113.750,GPS1,,,,,,,,,ENR,,,,,,,,,,,,,,,,,-10.9,33.0,2254,,,,040007FF N100 N100 *,480017FF N100 N100,0.4,0.3,79,51,,1200,ALT,16.3,2480,51,93,4,2.1,5.0,-8,146,146,13.4,6,915,955,,
2026-05-16,14:35:28,22:35:28,-08:00,+33.6362863,-116.1611714,-125,3DDiff (GPS nav),599727.6,0.0,,0,-0,0.08,254.7,49,82,10,167,-48,15,2.8,3,2.03,0.14,-0.019,1.021,+1.580,,330,,,,29.69,123.000,121.500,113.750,GPS1,,,,,,,,,ENR,,,,,,,,,,,,,,,,,-10.9,33.0,2255,,,,040007FF N100 N100 *,480017FF N100 N100,0.4,0.2,82,51,,1200,ALT,16.3,2480,51,93,4,1.9,5.0,-8,146,146,13.4,6,920,955,,
2026-05-16,14:35:29,22:35:29,-08:00,+33.6362863,-116.1611716,-126,3DDiff (GPS nav),599728.6,0.0,,0,0,0.02,254.8,49,82,10,167,-48,26,6.2,7,2.10,0.20,0.118,1.061,+1.118,,330,,,,29.69,123.000,121.500,113.750,GPS1,,,,,,,,,ENR,,,,,,,,,,,,,,,,,-10.9,33.0,2255,,,,040007FF N100 N100 *,480017FF N100 N100,0.4,0.2,116,69,,1200,ALT,16.4,2460,51,93,4,1.8,5.0,-8,146,147,13.4,6,920,955,,
2026-05-16,14:35:30,22:35:30,-08:00,+33.6362885,-116.1611720,-127,3DDiff (GPS nav),599729.6,0.1,,-0,-0,-0.07,254.7,49,82,10,167,-47,30,8.2,9,2.05,0.17,-0.017,0.954,+0.582,,330,,,,29.69,123.000,121.500,113.750,GPS1,,,,,,,,,ENR,,,,,,,,,,,,,,,,,-10.9,33.0,2255,,,,040007FF N100 N100 *,480017FF N100 N100,0.4,0.2,92,62,,1200,ALT,16.5,2480,51,93,4,1.8,5.1,-8,147,147,13.4,6,920,955,,
2026-05-16,14:35:31,22:35:31,-08:00,+33.6362897,-116.1611725,-128,3DDiff (GPS nav),599730.6,0.1,,0,-0,0.08,254.9,49,82,10,165,-48,5,6.7,7,2.02,0.40,-0.067,0.981,+0.403,,330,,,,29.69,123.000,121.500,113.750,GPS1,,,,,,,,,ENR,,,,,,,,,,,,,,,,,-10.9,33.0,2255,,,,040007FF N100 N100 *,480017FF N100 N100,0.4,0.2,81,42,,1200,ALT,16.5,2510,51,93,4,2.0,5.1,-8,147,147,13.4,6,920,955,,
2026-05-16,14:35:32,22:35:32,-08:00,+33.6362903,-116.1611731,-129,3DDiff (GPS nav),599731.6,0.1,,-0,0,-0.04,254.6,49,82,10,165,-49,-24,6.6,7,2.02,0.08,-0.028,1.017,+0.883,,330,,,,29.69,123.000,121.500,113.750,GPS1,,,,,,,,,ENR,,,,,,,,,,,,,,,,,-10.9,33.0,2254,,,,040007FF N100 N100 *,480017FF N100 N100,0.4,0.2,67,36,,1200,ALT,16.5,2610,51,93,4,2.3,5.0,-8,147,148,13.4,6,920,955,,
2026-05-16,14:35:33,22:35:33,-08:00,+33.6362908,-116.1611733,-130,3DDiff (GPS nav),599732.6,0.1,,-0,0,0.01,254.7,49,82,10,165,-49,-27,4.8,5,2.10,0.18,-0.043,0.990,+2.118,,330,,,,29.69,123.000,121.500,113.750,GPS1,,,,,,,,,ENR,,,,,,,,,,,,,,,,,-10.9,33.0,2254,,,,040007FF N100 N100 *,480017FF N100 N100,0.4,0.2,65,33,,1200,ALT,16.7,2650,51,93,4,2.5,5.0,-8,147,148,13.4,6,920,955,,
2026-05-16,14:35:34,22:35:34,-08:00,+33.6362914,-116.1611736,-131,3DDiff (GPS nav),599733.6,0.1,,0,0,0.07,254.6,49,82,10,164,-50,-26,1.9,3,2.00,0.25,-0.002,1.014,+3.760,,330,,,,29.69,123.000,121.500,113.750,GPS1,,,,,,,,,ENR,,,,,,,,,,,,,,,,,-10.9,33.0,2254,,,,040007FF N100 N100 *,480017FF N100 N100,0.3,0.2,77,38,,1200,ALT,17.0,2720,51,93,4,2.2,4.9,-8,147,148,13.4,7,920,955,,
2026-05-16,14:35:35,22:35:35,-08:00,+33.6362899,-116.1611738,-130,3DDiff (GPS nav),599734.6,0.0,,-0,0,-0.04,254.7,49,82,10,164,-51,-31,0.0,0,2.01,0.30,0.025,0.990,+4.519,,330,,,,29.69,123.000,121.500,113.750,GPS1,,,,,,,,,ENR,,,,,,,,,,,,,,,,,-10.9,33.0,2253,,,,040007FF N100 N100 *,480017FF N100 N100,0.5,0.3,75,36,,1200,ALT,17.2,2760,51,93,4,1.9,4.8,-8,147,149,13.4,7,925,955,,
2026-05-16,14:35:36,22:35:36,-08:00,+33.6362922,-116.1611747,-131,3DDiff (GPS nav),599735.6,0.1,,-0,0,0.07,254.6,49,82,10,165,-50,-17,-0.0,0,2.02,0.26,-0.009,1.014,+4.872,,330,,,,29.69,123.000,121.500,113.750,GPS1,,,,,,,,,ENR,,,,,,,,,,,,,,,,,-10.9,33.0,2253,,,,040007FF N100 N100 *,480017FF N100 N100,0.5,0.3,71,45,,1200,ALT,17.3,2720,51,93,4,1.6,4.7,-8,147,149,13.4,7,925,955,,
2026-05-16,14:35:37,22:35:37,-08:00,+33.6362924,-116.1611750,-131,3DDiff (GPS nav),599736.6,0.1,,0,0,0.02,254.8,49,82,10,165,-50,4,-0.0,0,2.01,0.25,0.017,0.983,+4.946,,330,,,,29.69,123.000,121.500,113.750,GPS1,,,,,,,,,ENR,,,,,,,,,,,,,,,,,-10.9,33.0,2253,,,,040007FF N100 N100 *,480017FF N100 N100,0.5,0.4,70,56,,1200,ALT,17.1,2680,51,93,4,1.6,4.8,-8,147,149,13.4,7,930,960,,
2026-05-16,14:35:38,22:35:38,-08:00,+33.6362930,-116.1611752,-131,3DDiff (GPS nav),599737.6,0.0,,-0,0,-0.04,254.6,49,82,10,164,-50,4,0.0,0,2.08,0.19,0.003,0.996,+4.706,,330,,,,29.69,123.000,121.500,113.750,GPS1,,,,,,,,,ENR,,,,,,,,,,,,,,,,,-10.9,33.0,2253,,,,040007FF N100 N100 *,480017FF N100 N100,0.4,0.5,79,56,,1200,ALT,17.1,2680,51,93,4,1.6,4.9,-8,148,150,13.4,7,930,960,,
2026-05-16,14:35:39,22:35:39,-08:00,+33.6362933,-116.1611755,-131,3DDiff (GPS nav),599738.6,0.0,,0,0,-0.01,254.8,49,82,10,164,-50,-8,0.0,0,2.08,0.34,0.021,0.955,+4.246,,330,,,,29.69,123.000,121.500,113.750,GPS1,,,,,,,,,ENR,,,,,,,,,,,,,,,,,-10.9,33.0,2252,,,,040007FF N100 N100 *,480017FF N100 N100,0.4,0.4,76,37,,1200,ALT,17.1,2710,50,94,4,1.6,5.1,-8,149,150,13.4,7,935,960,,
2026-05-16,14:35:40,22:35:40,-08:00,+33.6362941,-116.1611763,-131,3DDiff (GPS nav),599739.6,0.0,,-0,-0,0.01,254.7,49,82,10,163,-51,-22,0.0,0,2.11,0.31,0.028,1.025,+3.827,,330,,,,29.69,123.000,121.500,113.750,GPS1,,,,,,,,,ENR,,,,,,,,,,,,,,,,,-10.9,33.0,2250,,,,040007FF N100 N100 *,480017FF N100 N100,0.3,0.5,77,37,,1200,ALT,17.1,2730,50,94,4,1.5,5.2,-8,149,150,13.4,7,935,960,,
2026-05-16,14:35:41,22:35:41,-08:00,+33.6362964,-116.1611761,-132,3DDiff (GPS nav),599740.6,0.0,,0,0,0.00,254.8,49,82,10,164,-51,-17,0.0,0,2.18,0.23,-0.040,1.017,+3.406,,330,,,,29.69,123.000,121.500,113.750,GPS1,,,,,,,,,ENR,,,,,,,,,,,,,,,,,-10.9,33.0,2250,,,,040007FF N100 N100 *,480017FF N100 N100,0.3,0.4,79,36,,1200,ALT,17.0,2710,50,94,4,1.4,5.3,-8,150,151,13.4,7,940,960,,
2026-05-16,14:35:42,22:35:42,-08:00,+33.6362939,-116.1611761,-132,3DDiff (GPS nav),599741.6,0.0,,0,0,0.00,254.7,49,82,10,164,-50,3,0.1,0,2.10,0.19,-0.052,0.992,+3.000,,330,,,,29.69,123.000,121.500,113.750,GPS1,,,,,,,,,ENR,,,,,,,,,,,,,,,,,-10.9,32.9,2250,,,,040007FF N100 N100 *,480017FF N100 N100,0.4,0.4,79,35,,1200,ALT,17.1,2760,50,94,4,1.3,5.3,-8,150,151,13.4,7,940,965,,
2026-05-16,14:35:43,22:35:43,-08:00,+33.6362941,-116.1611760,-132,3DDiff (GPS nav),599742.6,0.0,,0,0,-0.06,254.8,49,82,10,164,-51,5,0.2,0,2.08,0.25,-0.020,0.951,+3.473,,330,,,,29.69,123.000,121.500,113.750,GPS1,,,,,,,,,ENR,,,,,,,,,,,,,,,,,-10.9,32.9,2250,,,,040007FF N100 N100 *,480017FF N100 N100,0.4,0.4,79,36,,1200,ALT,17.2,2830,50,94,4,1.2,5.2,-8,150,151,13.4,7,940,965,,
2026-05-16,14:35:44,22:35:44,-08:00,+33.6362941,-116.1611761,-132,3DDiff (GPS nav),599743.5,0.1,,-0,0,-0.05,254.7,49,82,10,164,-51,3,1.6,2,2.06,0.19,-0.044,1.009,+3.501,,330,,,,29.69,123.000,121.500,113.750,GPS1,,,,,,,,,ENR,,,,,,,,,,,,,,,,,-10.9,32.9,2249,,,,040007FF N100 N100 *,480017FF N100 N100,0.3,0.4,83,49,,1200,ALT,17.3,2850,50,94,4,1.0,5.2,-8,150,152,13.4,8,945,965,,
2026-05-16,14:35:45,22:35:45,-08:00,+33.6362944,-116.1611763,-132,3DDiff (GPS nav),599744.5,0.1,,-0,-0,0.03,254.9,49,82,10,165,-50,12,1.8,3,1.93,0.39,0.051,1.083,+3.547,,330,,,,29.69,123.000,121.500,113.750,GPS1,,,,,,,,,ENR,,,,,,,,,,,,,,,,,-10.9,32.9,2249,,,,040007FF N100 N100 *,480017FF N100 N100,0.4,0.4,48,57,,1200,ALT,17.4,2930,50,94,4,1.0,5.2,-8,150,152,13.4,8,950,970,,
2026-05-16,14:35:46,22:35:46,-08:00,+33.6362944,-116.1611767,-132,3DDiff (GPS nav),599745.5,0.1,,-0,-0,0.01,254.8,49,82,10,166,-49,31,1.3,3,1.99,0.24,0.010,0.966,+3.403,,330,,,,29.69,123.000,121.500,113.750,GPS1,,,,,,,,,ENR,,,,,,,,,,,,,,,,,-10.9,32.9,2250,,,,040007FF N100 N100 *,480017FF N100 N100,0.3,0.4,93,83,,1200,ALT,17.5,2970,50,94,4,0.9,5.2,-8,150,152,13.4,8,950,970,,
2026-05-16,14:35:47,22:35:47,-08:00,+33.6362932,-116.1611744,-132,3DDiff (GPS nav),599746.5,0.1,,-0,-0,0.00,254.9,49,82,10,164,-49,25,0.2,1,2.03,0.18,0.029,0.984,+2.745,,330,,,,29.69,123.000,121.500,113.750,GPS1,,,,,,,,,ENR,,,,,,,,,,,,,,,,,-10.9,32.9,2250,,,,040007FF N100 N100 *,480017FF N100 N100,0.3,0.3,44,81,,1200,ALT,17.6,3010,50,94,4,0.9,5.2,-8,150,153,13.4,8,955,975,,
2026-05-16,14:35:48,22:35:48,-08:00,+33.6362919,-116.1611747,-131,3DDiff (GPS nav),599747.5,0.1,,0,-0,-0.07,254.8,49,82,10,162,-51,-16,0.2,1,2.11,0.24,-0.013,1.011,+2.190,,330,,,,29.69,123.000,121.500,113.750,GPS1,,,,,,,,,ENR,,,,,,,,,,,,,,,,,-10.9,32.9,2249,,,,040007FF N100 N100 *,480017FF N100 N100,0.3,0.3,76,44,,1200,ALT,17.6,3090,50,94,4,0.9,5.2,-8,151,153,13.4,8,960,975,,
2026-05-16,14:35:49,22:35:49,-08:00,+33.6362924,-116.1611741,-130,3DDiff (GPS nav),599748.5,0.1,,0,0,-0.02,254.8,49,82,10,164,-51,-31,0.1,1,2.09,0.31,-0.014,1.004,+2.236,,330,,,,29.69,123.000,121.500,113.750,GPS1,,,,,,,,,ENR,,,,,,,,,,,,,,,,,-10.9,32.9,2249,,,,040007FF N100 N100 *,480017FF N100 N100,0.3,0.4,71,29,,1200,ALT,17.6,3120,50,95,4,1.0,5.2,-8,151,153,13.4,8,965,980,,
2026-05-16,14:35:50,22:35:50,-08:00,+33.6362924,-116.1611739,-130,3DDiff (GPS nav),599749.5,0.1,,-0,-0,0.01,254.9,49,82,10,163,-51,-26,0.1,1,2.11,0.19,-0.002,1.026,+2.757,,330,,,,29.69,123.000,121.500,113.750,GPS1,,,,,,,,,ENR,,,,,,,,,,,,,,,,,-10.9,32.9,2249,,,,040007FF N100 N100 *,480017FF N100 N100,0.2,0.3,57,21,,1200,ALT,17.6,3120,50,95,4,1.0,5.2,-8,152,154,13.4,8,970,985,,
2026-05-16,14:35:51,22:35:51,-08:00,+33.6362924,-116.1611736,-130,3DDiff (GPS nav),599750.5,0.1,,-0,0,0.09,254.9,49,82,10,163,-51,-20,0.1,0,2.19,0.20,-0.016,1.010,+3.010,,330,,,,29.69,123.000,121.500,113.750,GPS1,,,,,,,,,ENR,,,,,,,,,,,,,,,,,-10.9,32.9,2249,,,,040007FF N100 N100 *,480017FF N100 N100,0.2,0.3,71,53,,1200,ALT,17.7,3140,50,95,4,1.1,5.2,-8,152,154,13.4,8,970,985,,
2026-05-16,14:35:52,22:35:52,-08:00,+33.6362924,-116.1611735,-130,3DDiff (GPS nav),599751.5,0.1,,0,0,0.09,254.7,49,82,10,163,-52,-19,0.1,1,1.93,0.45,-0.023,1.002,+3.596,,330,,,,29.69,123.000,121.500,113.750,GPS1,,,,,,,,,ENR,,,,,,,,,,,,,,,,,-10.9,32.9,2248,,,,040007FF N100 N100 *,480017FF N100 N100,0.4,0.4,58,46,,1200,ALT,17.7,3150,50,95,4,1.2,5.2,-8,152,154,13.4,8,975,990,,
2026-05-16,14:35:53,22:35:53,-08:00,+33.6362939,-116.1611752,-130,3DDiff (GPS nav),599752.5,0.1,,0,0,0.04,254.4,49,82,10,164,-51,1,0.1,0,1.66,0.42,0.005,1.003,+4.132,,330,,,,29.69,123.000,121.500,113.750,GPS1,,,,,,,,,ENR,,,,,,,,,,,,,,,,,-10.9,32.9,2249,,,,040007FF N100 N100 *,480017FF N100 N100,0.7,0.5,49,47,,1200,ALT,17.7,3170,50,95,4,1.3,5.2,-8,152,155,13.4,8,980,995,,
2026-05-16,14:35:54,22:35:54,-08:00,+33.6362947,-116.1611752,-131,3DDiff (GPS nav),599753.5,0.1,,-0,-0,0.04,254.4,49,82,10,163,-51,3,0.1,0,1.66,0.28,-0.005,1.004,+37.811,,330,,,,29.69,123.000,121.500,113.750,GPS1,,,,,,,,,ENR,,,,,,,,,,,,,,,,,-10.9,32.9,2249,,,,040007FF N100 N100 *,480017FF N100 N100,0.7,0.5,55,45,,1200,ALT,17.8,3210,50,95,4,1.4,5.2,-8,152,155,13.4,8,985,995,,
2026-05-16,14:35:55,22:35:55,-08:00,+33.6362958,-116.1611749,-132,3DDiff (GPS nav),599754.5,0.0,,0,0,0.01,254.5,49,82,10,163,-51,-2,0.1,0,1.71,0.43,-0.031,1.022,+58.059,,330,,,,29.69,123.000,121.500,113.750,GPS1,,,,,,,,,ENR,,,,,,,,,,,,,,,,,-10.9,32.9,2249,,,,040007FF N100 N100 *,480017FF N100 N100,0.6,0.4,54,38,,1200,ALT,17.9,3230,50,96,4,1.5,5.3,-8,153,155,13.4,8,990,1000,,
2026-05-16,14:35:56,22:35:56,-08:00,+33.6362964,-116.1611750,-132,3DDiff (GPS nav),599755.5,0.1,,-0,0,-0.03,254.4,49,82,10,162,-52,-10,0.1,0,1.79,0.45,0.005,1.008,+62.922,,330,,,,29.69,123.000,121.500,113.750,GPS1,,,,,,,,,ENR,,,,,,,,,,,,,,,,,-10.9,32.9,2248,,,,040007FF N100 N100 *,480017FF N100 N100,0.5,0.5,57,27,,1200,ALT,17.9,3240,50,96,4,1.5,5.3,-8,153,156,13.4,8,990,1000,,
2026-05-16,14:35:57,22:35:57,-08:00,+33.6362966,-116.1611752,-132,3DDiff (GPS nav),599756.5,0.1,,0,-0,-0.01,254.5,49,82,10,162,-52,-14,0.0,0,1.73,0.31,0.000,1.011,+58.329,,330,,,,29.69,123.000,121.500,113.750,GPS1,,,,,,,,,ENR,,,,,,,,,,,,,,,,,-10.9,32.9,2248,,,,040007FF N100 N100 *,480017FF N100 N100,0.6,0.4,52,24,,1200,ALT,17.9,3260,50,96,4,1.6,5.3,-8,154,156,13.4,8,995,1005,,
2026-05-16,14:35:58,22:35:58,-08:00,+33.6362942,-116.1611625,-121,3DDiff (GPS nav),599757.5,0.0,,-0,0,0.02,254.6,46,79,10,163,-52,-9,0.1,0,1.56,0.56,-0.048,0.991,+49.079,,330,,,,29.69,123.000,121.500,113.750,GPS1,,,,,,,,,ENR,,,,,,,,,,,,,,,,,-10.9,32.9,2248,,,,040007FF N100 N100 *,480017FF N100 N100,0.7,0.4,50,42,,1200,ALT,17.9,3250,50,96,4,1.6,5.3,-8,155,156,13.4,8,1000,1010,,
2026-05-16,14:35:59,22:35:59,-08:00,+33.6362933,-116.1611605,-122,3DDiff (GPS nav),599758.5,0.1,,0,0,-0.01,254.3,46,79,10,164,-51,9,0.1,0,1.71,0.49,0.002,1.006,+38.102,,330,,,,29.69,123.000,121.500,113.750,GPS1,,,,,,,,,ENR,,,,,,,,,,,,,,,,,-10.9,32.9,2249,,,,040007FF N100 N100 *,480017FF N100 N100,0.6,0.5,58,63,,1200,ALT,17.9,3260,50,97,4,1.7,5.3,-8,155,157,13.4,8,1000,1010,,
2026-05-16,14:36:00,22:36:00,-08:00,+33.6362927,-116.1611605,-120,3DDiff (GPS nav),599759.5,0.0,,-0,0,0.01,254.5,46,79,10,164,-51,23,0.1,0,1.77,0.28,0.000,0.997,+27.552,,330,,,,29.69,123.000,121.500,113.750,GPS1,,,,,,,,,ENR,,,,,,,,,,,,,,,,,-10.9,32.9,2250,,,,040007FF N100 N100 *,480017FF N100 N100,0.5,0.4,53,33,,1200,ALT,17.9,3260,50,97,4,1.8,5.3,-8,156,157,13.4,8,1005,1015,,
2026-05-16,14:36:01,22:36:01,-08:00,+33.6362945,-116.1611607,-120,3DDiff (GPS nav),599760.5,0.0,,0,0,-0.02,254.4,46,79,10,163,-51,11,0.0,1,1.72,0.31,0.032,0.998,+18.531,,330,,,,29.69,123.000,121.500,113.750,GPS1,,,,,,,,,ENR,,,,,,,,,,,,,,,,,-10.9,33.0,2250,,,,040007FF N100 N100 *,480017FF N100 N100,0.6,0.3,46,29,,1200,ALT,17.9,3260,50,97,4,1.8,5.3,-8,156,157,13.4,8,1010,1020,,
2026-05-16,14:36:02,22:36:02,-08:00,+33.6362947,-116.1611607,-120,3DDiff (GPS nav),599761.5,0.0,,0,0,0.00,254.6,46,79,10,164,-51,4,0.1,1,1.64,0.36,-0.032,1.012,+11.673,,330,,,,29.69,123.000,121.500,113.750,GPS1,,,,,,,,,ENR,,,,,,,,,,,,,,,,,-10.9,33.0,2250,,,,040007FF N100 N100 *,480017FF N100 N100,0.6,0.2,58,30,,1200,ALT,17.9,3260,50,97,4,1.9,5.3,-8,156,158,13.4,7,1010,1020,,
2026-05-16,14:36:03,22:36:03,-08:00,+33.6363061,-116.1611419,-134,3DDiff (GPS nav),599762.5,0.0,,0,0,0.07,254.2,39,95,7,163,-51,6,0.4,1,1.70,0.30,0.010,0.999,+7.430,,330,,,,29.69,123.000,121.500,113.750,GPS1,,,,,,,,,ENR,,,,,,,,,,,,,,,,,-10.9,33.0,2250,,,,040007FF N100 N100 *,480017FF N100 N100,0.6,0.3,52,59,,1200,ALT,17.9,3260,50,97,4,1.9,5.3,-8,156,158,13.4,7,1015,1025,,
2026-05-16,14:36:04,22:36:04,-08:00,+33.6362927,-116.1611669,-112,3DDiff (GPS nav),599763.5,0.1,,0,-0,0.15,254.5,23,36,10,163,-51,-6,0.2,1,1.78,0.26,-0.032,0.994,+4.622,,330,,,,29.69,123.000,121.500,113.750,GPS1,,,,,,,,,ENR,,,,,,,,,,,,,,,,,-10.9,33.0,2250,,,,040007FF N100 N100 *,480017FF N100 N100,0.5,0.2,57,52,,1200,ALT,17.9,3260,50,98,4,2.0,5.3,-8,157,159,13.4,7,1015,1025,,
2026-05-16,14:36:05,22:36:05,-08:00,+33.6363058,-116.1611730,-126,3DDiff (GPS nav),599764.5,0.0,,0,0,-0.02,254.4,23,49,9,162,-52,-14,0.1,0,1.76,0.07,-0.004,1.032,+3.125,,330,,,,29.69,123.000,121.500,113.750,GPS1,,,,,,,,,ENR,,,,,,,,,,,,,,,,,-10.9,33.0,2250,,,,040007FF N100 N100 *,480017FF N100 N100,0.5,0.2,47,27,,1200,ALT,18.0,3250,50,98,4,1.9,5.3,-8,157,159,13.4,7,1020,1030,,
2026-05-16,14:36:06,22:36:06,-08:00,+33.6363080,-116.1611736,-128,3DDiff (GPS nav),599765.5,0.1,,-0,0,-0.02,254.5,23,46,9,162,-52,-22,0.0,0,1.83,0.14,0.012,1.013,+2.377,,330,,,,29.69,123.000,121.500,113.750,GPS1,,,,,,,,,ENR,,,,,,,,,,,,,,,,,-10.9,33.0,2250,,,,040007FF N100 N100 *,480017FF N100 N100,0.5,0.3,56,24,,1200,ALT,18.0,3260,50,98,4,2.0,5.3,-8,157,159,13.4,7,1020,1030,,
2026-05-16,14:36:07,22:36:07,-08:00,+33.6363049,-116.1611736,-128,3DDiff (GPS nav),599766.5,0.0,,0,0,0.00,254.5,23,46,9,164,-52,-11,0.0,0,1.86,0.22,-0.000,1.013,+1.967,,330,,,,29.69,123.000,121.500,113.750,GPS1,,,,,,,,,ENR,,,,,,,,,,,,,,,,,-10.9,33.0,2251,,,,040007FF N100 N100 *,480017FF N100 N100,0.4,0.2,51,40,,1200,ALT,18.0,3270,50,98,4,1.9,5.3,-8,157,160,13.4,7,1025,1030,,
2026-05-16,14:36:08,22:36:08,-08:00,+33.6363052,-116.1611738,-128,3DDiff (GPS nav),599767.5,0.1,,0,-0,0.03,254.5,23,46,9,164,-51,13,0.0,0,1.85,0.06,0.039,1.016,+1.509,,330,,,,29.69,123.000,121.500,113.750,GPS1,,,,,,,,,ENR,,,,,,,,,,,,,,,,,-10.9,33.0,2252,,,,040007FF N100 N100 *,480017FF N100 N100,0.4,0.2,49,29,,1200,ALT,18.0,3270,50,98,4,2.0,5.3,-8,157,160,13.4,7,1025,1035,,
2026-05-16,14:36:09,22:36:09,-08:00,+33.6363049,-116.1611733,-128,3DDiff (GPS nav),599768.5,0.1,,-0,0,0.04,254.5,23,49,9,164,-51,24,0.0,0,1.82,0.14,-0.003,0.989,-4.060,,330,,,,29.69,123.000,121.500,113.750,GPS1,,,,,,,,,ENR,,,,,,,,,,,,,,,,,-10.9,33.0,2253,,,,040007FF N100 N100 *,480017FF N100 N100,0.5,0.2,48,30,,1200,ALT,18.0,3260,50,99,4,2.1,5.3,-8,157,161,13.4,7,1030,1035,,
2026-05-16,14:36:10,22:36:10,-08:00,+33.6363050,-116.1611733,-128,3DDiff (GPS nav),599769.5,0.0,,-0,0,-0.03,254.3,23,49,9,163,-51,15,0.0,0,1.79,0.12,0.009,1.010,-6.468,,330,,,,29.69,123.000,121.500,113.750,GPS1,,,,,,,,,ENR,,,,,,,,,,,,,,,,,-10.9,33.0,2254,,,,040007FF N100 N100 *,480017FF N100 N100,0.5,0.2,48,40,,1200,ALT,18.0,3260,50,99,4,2.1,5.3,-8,157,161,13.4,7,1030,1035,,
2026-05-16,14:36:11,22:36:11,-08:00,+33.6363028,-116.1611702,-127,3DDiff (GPS nav),599770.5,0.1,,0,0,-0.04,254.7,23,49,9,164,-51,2,0.0,0,1.85,0.23,-0.013,0.987,-6.648,,330,,,,29.69,123.000,121.500,113.750,GPS1,,,,,,,,,ENR,,,,,,,,,,,,,,,,,-10.9,33.0,2254,,,,040007FF N100 N100 *,480017FF N100 N100,0.5,0.2,58,37,,1200,ALT,18.0,3260,49,99,4,2.1,5.2,-8,157,161,13.4,7,1030,1040,,
2026-05-16,14:36:12,22:36:12,-08:00,+33.6363025,-116.1611708,-125,3DDiff (GPS nav),599771.5,0.1,,-0,0,0.01,254.7,23,46,9,164,-51,4,0.0,0,2.00,0.23,-0.006,0.993,-5.821,,330,,,,29.69,123.000,121.500,113.750,GPS1,,,,,,,,,ENR,,,,,,,,,,,,,,,,,-10.9,33.0,2256,,,,040007FF N100 N100 *,480017FF N100 N100,0.3,0.2,45,32,,1200,ALT,18.0,3270,49,99,4,2.1,5.2,-8,157,162,13.4,7,1035,1040,,
2026-05-16,14:36:13,22:36:13,-08:00,+33.6363030,-116.1611694,-124,3DDiff (GPS nav),599772.5,0.1,,0,0,-0.01,254.6,23,46,9,165,-50,11,1.2,2,1.96,0.17,0.002,0.977,-4.286,,330,,,,29.69,123.000,121.500,113.750,GPS1,,,,,,,,,ENR,,,,,,,,,,,,,,,,,-10.9,33.0,2257,,,,040007FF N100 N100 *,480017FF N100 N100,0.4,0.2,48,27,,1200,ALT,18.0,3280,49,100,4,2.1,5.2,-8,157,162,13.4,7,1035,1040,,
2026-05-16,14:36:14,22:36:14,-08:00,+33.6363030,-116.1611691,-124,3DDiff (GPS nav),599773.5,0.0,,0,0,0.05,254.6,23,49,9,162,-51,6,0.9,1,1.91,0.21,-0.006,0.993,-2.432,,330,,,,29.69,123.000,121.500,113.750,GPS1,,,,,,,,,ENR,,,,,,,,,,,,,,,,,-10.9,33.0,2258,,,,040007FF N100 N100 *,480017FF N100 N100,0.4,0.2,43,26,,1200,ALT,18.0,3290,49,100,4,2.0,5.2,-8,156,163,13.4,7,1035,1045,,
2026-05-16,14:36:15,22:36:15,-08:00,+33.6363024,-116.1611685,-124,3DDiff (GPS nav),599774.5,0.1,,0,-0,0.11,254.6,23,49,9,161,-52,-30,0.5,1,1.92,0.10,-0.000,1.009,-1.006,,330,,,,29.69,123.000,121.500,113.750,GPS1,,,,,,,,,ENR,,,,,,,,,,,,,,,,,-10.9,33.0,2258,,,,040007FF N100 N100 *,480017FF N100 N100,0.4,0.2,53,21,,1200,ALT,18.0,3280,49,100,4,2.0,5.2,-8,156,163,13.4,7,1040,1045,,
2026-05-16,14:36:16,22:36:16,-08:00,+33.6363022,-116.1611680,-123,3DDiff (GPS nav),599775.5,0.0,,0,-0,0.00,254.7,23,49,9,163,-52,-29,1.2,2,2.02,0.12,-0.003,1.018,-5.662,,330,,,,29.69,123.000,121.500,113.750,GPS1,,,,,,,,,ENR,,,,,,,,,,,,,,,,,-10.9,33.1,2260,,,,040007FF N100 N100 *,480017FF N100 N100,0.4,0.2,56,33,,1200,ALT,18.0,3290,49,100,4,2.0,5.2,-8,156,163,13.4,7,1040,1045,,
2026-05-16,14:36:17,22:36:17,-08:00,+33.6363030,-116.1611695,-123,3DDiff (GPS nav),599776.5,0.0,,-0,0,-0.01,254.7,23,49,9,163,-52,-9,1.0,3,1.88,0.38,-0.019,1.008,-8.101,,330,,,,29.69,123.000,121.500,113.750,GPS1,,,,,,,,,ENR,,,,,,,,,,,,,,,,,-10.9,33.1,2262,,,,040007FF N100 N100 *,480017FF N100 N100,0.4,0.2,48,27,,1200,ALT,17.9,3290,49,101,4,2.1,5.2,-8,156,164,13.4,7,1040,1045,,
2026-05-16,14:36:18,22:36:18,-08:00,+33.6363047,-116.1611697,-125,3DDiff (GPS nav),599777.5,0.0,,0,-0,0.04,254.4,23,46,9,162,-52,-2,0.5,2,1.83,0.16,-0.023,0.995,-8.258,,330,,,,29.69,123.000,121.500,113.750,GPS1,,,,,,,,,ENR,,,,,,,,,,,,,,,,,-10.9,33.1,2264,,,,040007FF N100 N100 *,480017FF N100 N100,0.5,0.3,61,39,,1200,ALT,17.9,3270,49,101,4,2.2,5.2,-8,156,164,13.4,7,1040,1050,,
2026-05-16,14:36:19,22:36:19,-08:00,+33.6363038,-116.1611705,-126,3DDiff (GPS nav),599778.5,0.1,,0,-0,0.04,254.5,23,46,9,163,-52,2,0.2,1,1.85,0.25,-0.019,1.009,-7.014,,330,,,,29.69,123.000,121.500,113.750,GPS1,,,,,,,,,ENR,,,,,,,,,,,,,,,,,-10.9,33.1,2266,,,,040007FF N100 N100 *,480017FF N100 N100,0.5,0.3,61,41,,1200,ALT,17.9,3260,49,101,4,2.2,5.2,-8,157,164,13.4,7,1045,1050,,
2026-05-16,14:36:20,22:36:20,-08:00,+33.6363036,-116.1611703,-126,3DDiff (GPS nav),599779.5,0.0,,-0,0,-0.04,254.5,23,46,9,164,-51,9,0.1,1,1.93,0.24,0.032,1.014,-5.057,,330,,,,29.69,123.000,121.500,113.750,GPS1,,,,,,,,,ENR,,,,,,,,,,,,,,,,,-10.9,33.1,2268,,,,040007FF N100 N100 *,480017FF N100 N100,0.4,0.3,45,37,,1200,ALT,17.7,3120,48,101,4,2.2,5.2,-8,157,165,13.4,7,1045,1050,,
2026-05-16,14:36:21,22:36:21,-08:00,+33.6363033,-116.1611700,-126,3DDiff (GPS nav),599780.5,0.0,,-0,-0,0.02,254.4,23,49,9,164,-51,21,0.3,1,1.82,0.54,0.034,1.010,-3.213,,330,,,,29.69,123.000,121.500,113.750,GPS1,,,,,,,,,ENR,,,,,,,,,,,,,,,,,-10.9,33.1,2271,,,,040007FF N100 N100 *,480017FF N100 N100,0.6,0.4,45,33,,1200,ALT,17.3,3000,48,101,4,2.2,5.2,-8,158,165,13.4,7,1045,1050,,
2026-05-16,14:36:22,22:36:22,-08:00,+33.6363033,-116.1611699,-126,3DDiff (GPS nav),599781.5,0.1,,0,0,0.00,254.5,23,49,9,164,-51,16,0.2,0,1.87,0.38,-0.011,0.952,-1.235,,330,,,,29.69,123.000,121.500,113.750,GPS1,,,,,,,,,ENR,,,,,,,,,,,,,,,,,-10.9,33.2,2273,,,,040007FF N100 N100 *,480017FF N100 N100,0.5,0.4,28,27,,1200,ALT,17.1,2980,47,102,4,2.1,5.1,-8,158,166,13.4,7,1045,1050,,
2026-05-16,14:36:23,22:36:23,-08:00,+33.6363011,-116.1611666,-126,3DDiff (GPS nav),599782.5,0.1,,-0,0,-0.02,254.4,23,49,9,165,-50,24,2.5,3,1.75,0.45,-0.001,1.065,-0.178,,330,,,,29.69,123.000,121.500,113.750,GPS1,,,,,,,,,ENR,,,,,,,,,,,,,,,,,-10.9,33.2,2276,,,,040007FF N100 N100 *,480017FF N100 N100,0.6,0.4,45,24,,1200,ALT,17.0,2970,47,102,4,2.1,5.1,-8,157,166,13.4,7,1045,1050,,
2026-05-16,14:36:24,22:36:24,-08:00,+33.6363005,-116.1611664,-124,3DDiff (GPS nav),599783.5,0.0,,0,0,0.00,254.4,23,46,9,164,-50,22,2.4,3,1.83,0.42,-0.037,1.036,+2.982,,330,,,,29.69,123.000,121.500,113.750,GPS1,,,,,,,,,ENR,,,,,,,,,,,,,,,,,-10.9,33.2,2279,,,,040007FF N99 N100 *,480017FF N100 N100,0.6,0.5,76,29,,1200,ALT,17.0,2950,47,102,4,2.0,5.1,-8,157,166,13.4,7,1045,1050,,
2026-05-16,14:36:25,22:36:25,-08:00,+33.6363025,-116.1611661,-124,3DDiff (GPS nav),599784.5,0.0,,-0,0,0.00,254.5,23,46,9,164,-50,6,1.9,3,1.91,0.49,-0.035,1.048,+5.574,,330,,,,29.69,123.000,121.500,113.750,GPS1,,,,,,,,,ENR,,,,,,,,,,,,,,,,,-10.9,33.2,2281,,,,040007FF N100 N100 *,480017FF N100 N100,0.5,0.5,97,22,,1200,ALT,17.0,2940,46,102,4,1.9,5.1,-8,158,167,13.4,7,1045,1050,,
2026-05-16,14:36:26,22:36:26,-08:00,+33.6363024,-116.1611661,-124,3DDiff (GPS nav),599785.5,0.0,,-0,-0,0.01,254.5,23,46,9,165,-50,3,2.2,4,1.92,0.39,-0.010,1.070,+6.410,,330,,,,29.69,123.000,121.500,113.750,GPS1,,,,,,,,,ENR,,,,,,,,,,,,,,,,,-10.9,33.2,2283,,,,040007FF N100 N100 *,480017FF N100 N100,0.4,0.4,67,25,,1200,ALT,17.0,2930,46,102,4,1.9,5.0,-8,159,167,13.4,7,1045,1050,,
2026-05-16,14:36:27,22:36:27,-08:00,+33.6363024,-116.1611657,-124,3DDiff (GPS nav),599786.6,0.1,,0,-0,0.05,254.5,23,49,9,165,-50,4,1.3,3,1.87,0.36,-0.053,1.027,+6.365,,330,,,,29.69,123.000,121.500,113.750,GPS1,,,,,,,,,ENR,,,,,,,,,,,,,,,,,-10.9,33.3,2286,,,,040007FF N100 N100 *,480017FF N100 N100,0.5,0.4,73,28,,1200,ALT,17.0,2940,46,103,4,1.9,5.0,-8,160,167,13.4,7,1040,1050,,
2026-05-16,14:36:28,22:36:28,-08:00,+33.6363025,-116.1611655,-124,3DDiff (GPS nav),599787.5,0.0,,-0,0,-0.05,254.6,23,49,9,165,-50,11,2.3,3,1.99,0.43,-0.059,0.971,+7.138,,330,,,,29.69,123.000,121.500,113.750,GPS1,,,,,,,,,ENR,,,,,,,,,,,,,,,,,-10.9,33.3,2288,,,,040007FF N100 N100 *,480017FF N100 N100,0.4,0.3,65,24,,1200,ALT,17.0,2950,46,103,4,1.8,5.0,-8,160,168,13.4,7,1040,1045,,
2026-05-16,14:36:29,22:36:29,-08:00,+33.6363035,-116.1611672,-124,3DDiff (GPS nav),599788.5,0.1,,0,-0,0.00,254.6,23,49,9,164,-50,8,1.5,2,1.85,0.54,0.002,1.059,+6.867,,330,,,,29.69,123.000,121.500,113.750,GPS1,,,,,,,,,ENR,,,,,,,,,,,,,,,,,-10.9,33.3,2289,,,,040007FF N100 N100 *,480017FF N100 N100,0.6,0.3,72,25,,1200,ALT,17.0,2920,46,103,4,1.9,5.1,-8,161,168,13.4,7,1040,1045,,
2026-05-16,14:36:30,22:36:30,-08:00,+33.6363061,-116.1611694,-127,3DDiff (GPS nav),599789.5,0.1,,0,0,-0.04,254.4,23,46,9,164,-50,-7,0.9,2,1.76,0.20,0.052,1.003,+0.296,,330,,,,29.69,123.000,121.500,113.750,GPS1,,,,,,,,,ENR,,,,,,,,,,,,,,,,,-10.9,33.3,2290,,,,040007FF N100 N100 *,480017FF N100 N100,0.6,0.2,81,42,,1200,ALT,17.1,2930,46,103,4,1.8,5.1,-8,161,168,13.4,7,1035,1045,,
2026-05-16,14:36:31,22:36:31,-08:00,+33.6363030,-116.1611703,-127,3DDiff (GPS nav),599790.5,0.0,,-0,-0,-0.08,254.4,23,46,9,166,-50,-2,2.3,3,1.81,-0.00,-0.061,0.949,-1.792,,330,,,,29.69,123.000,121.500,113.750,GPS1,,,,,,,,,ENR,,,,,,,,,,,,,,,,,-10.9,33.3,2292,,,,040007FF N100 N100 *,480017FF N100 N100,0.6,0.2,81,41,,1200,ALT,17.1,2920,46,103,4,1.8,5.1,-8,161,169,13.4,7,1035,1045,,
2026-05-16,14:36:32,22:36:32,-08:00,+33.6363028,-116.1611705,-127,3DDiff (GPS nav),599791.5,0.1,,-0,-0,-0.05,254.4,23,46,9,168,-48,37,4.8,5,1.81,0.13,-0.028,1.063,-1.300,,330,,,,29.69,123.000,121.500,113.750,GPS1,,,,,,,,,ENR,,,,,,,,,,,,,,,,,-10.9,33.3,2295,,,,040007FF N100 N100 *,480017FF N100 N100,0.6,0.2,105,31,,1200,ALT,17.1,2920,46,104,4,1.8,5.1,-8,162,169,13.4,7,1035,1040,,
2026-05-16,14:36:33,22:36:33,-08:00,+33.6363028,-116.1611707,-127,3DDiff (GPS nav),599792.5,0.1,,0,-0,0.01,254.4,23,46,9,166,-48,42,5.4,5,1.85,0.23,0.001,1.057,+1.474,,330,,,,29.69,123.000,121.500,113.750,GPS1,,,,,,,,,ENR,,,,,,,,,,,,,,,,,-10.9,33.3,2297,,,,040007FF N100 N100 *,480017FF N100 N100,0.5,0.2,84,33,,1200,ALT,17.1,2930,46,104,4,1.8,5.1,-8,163,169,13.4,7,1035,1040,,
2026-05-16,14:36:34,22:36:34,-08:00,+33.6363024,-116.1611714,-127,3DDiff (GPS nav),599793.5,0.1,,-0,-0,-0.08,254.5,23,49,9,164,-49,5,4.7,5,1.84,0.28,0.017,0.955,+0.601,,330,,,,29.69,123.000,121.500,113.750,GPS1,,,,,,,,,ENR,,,,,,,,,,,,,,,,,-10.9,33.4,2297,,,,040007FF N100 N100 *,480017FF N100 N100,0.5,0.3,93,28,,1200,ALT,17.1,2910,45,104,4,1.8,5.1,-8,164,169,13.4,7,1030,1040,,
2026-05-16,14:36:35,22:36:35,-08:00,+33.6363002,-116.1611682,-127,3DDiff (GPS nav),599794.5,0.1,,0,0,0.08,254.6,23,49,9,164,-50,-30,2.3,3,1.94,0.23,-0.052,1.001,-0.181,,330,,,,29.69,123.000,121.500,113.750,GPS1,,,,,,,,,ENR,,,,,,,,,,,,,,,,,-10.9,33.4,2296,,,,040007FF N100 N100 *,480017FF N100 N100,0.4,0.2,80,33,,1200,ALT,17.1,2920,45,104,4,1.7,5.1,-8,165,170,13.4,7,1030,1040,,
2026-05-16,14:36:36,22:36:36,-08:00,+33.6362997,-116.1611688,-125,3DDiff (GPS nav),599795.5,0.1,,0,-0,-0.01,254.6,23,46,9,164,-50,-38,0.3,1,2.06,0.04,-0.030,1.025,-0.110,,330,,,,29.69,123.000,121.500,113.750,GPS1,,,,,,,,,ENR,,,,,,,,,,,,,,,,,-10.9,33.4,2296,,,,040007FF N100 N100 *,480017FF N100 N100,0.4,0.1,83,35,,1200,ALT,17.1,2930,45,104,4,1.6,5.1,-8,166,170,13.4,7,1030,1035,,
2026-05-16,14:36:37,22:36:37,-08:00,+33.6363013,-116.1611680,-125,3DDiff (GPS nav),599796.5,0.1,,-0,-0,-0.04,254.6,23,46,9,167,-49,-4,0.1,0,1.87,0.20,-0.072,1.022,+0.246,,330,,,,29.69,123.000,121.500,113.750,GPS1,,,,,,,,,ENR,,,,,,,,,,,,,,,,,-10.9,33.4,2298,,,,040007FF N100 N100 *,480017FF N100 N100,0.5,0.1,96,35,,1200,ALT,17.1,2940,45,105,4,1.6,5.1,-8,166,170,13.4,7,1030,1035,,
2026-05-16,14:36:38,22:36:38,-08:00,+33.6363011,-116.1611679,-125,3DDiff (GPS nav),599797.5,0.0,,0,-0,-0.01,254.4,23,46,9,167,-48,30,0.1,0,1.89,0.01,-0.009,1.052,+0.794,,330,,,,29.69,123.000,121.500,113.750,GPS1,,,,,,,,,ENR,,,,,,,,,,,,,,,,,-10.9,33.4,2299,,,,040007FF N100 N100 *,480017FF N100 N100,0.4,0.1,91,30,,1200,ALT,17.1,2940,45,105,4,1.5,5.1,-8,167,171,13.4,7,1030,1035,,
2026-05-16,14:36:39,22:36:39,-08:00,+33.6363011,-116.1611679,-125,3DDiff (GPS nav),599798.5,0.0,,0,-0,0.03,254.5,23,46,9,165,-48,24,0.0,0,1.86,-0.03,-0.019,1.043,+1.362,,330,,,,29.69,123.000,121.500,113.750,GPS1,,,,,,,,,ENR,,,,,,,,,,,,,,,,,-10.9,33.4,2299,,,,040007FF N100 N100 *,480017FF N100 N100,0.5,0.1,95,30,,1200,ALT,17.1,2940,45,105,4,1.5,5.1,-8,167,171,13.4,7,1025,1035,,
2026-05-16,14:36:40,22:36:40,-08:00,+33.6363011,-116.1611678,-125,3DDiff (GPS nav),599799.5,0.0,,-0,0,0.04,254.5,23,49,9,166,-49,6,0.0,-0,1.84,0.17,-0.031,0.959,+2.493,,330,,,,29.69,123.000,121.500,113.750,GPS1,,,,,,,,,ENR,,,,,,,,,,,,,,,,,-10.9,33.4,2299,,,,040007FF N99 N100 *,480017FF N100 N100,0.5,0.1,39,29,,1200,ALT,17.1,2960,45,105,4,1.4,5.1,-8,167,171,13.4,7,1025,1035,,
2026-05-16,14:36:41,22:36:41,-08:00,+33.6363022,-116.1611697,-125,3DDiff (GPS nav),599800.5,0.0,,-0,-0,-0.02,254.4,23,49,9,166,-48,7,1.9,2,1.79,0.17,0.064,0.998,+3.911,,330,,,,29.69,123.000,121.500,113.750,GPS1,,,,,,,,,ENR,,,,,,,,,,,,,,,,,-10.9,33.4,2299,,,,040007FF N98 N100 *,480017FF N100 N100,0.5,0.1,67,21,,1200,ALT,17.1,2960,45,105,4,1.4,5.1,-8,168,171,13.4,7,1025,1035,,
2026-05-16,14:36:42,22:36:42,-08:00,+33.6363036,-116.1611697,-127,3DDiff (GPS nav),599801.5,0.0,,0,0,0.00,254.4,23,46,9,164,-49,-8,1.3,2,1.79,0.13,0.033,0.977,+4.259,,330,,,,29.69,123.000,121.500,113.750,GPS1,,,,,,,,,ENR,,,,,,,,,,,,,,,,,-10.9,33.4,2298,,,,040007FF N98 N100 *,480017FF N100 N100,0.5,0.1,101,26,,1200,ALT,17.0,2930,45,105,4,1.4,5.1,-8,168,172,13.4,7,1025,1030,,
2026-05-16,14:36:43,22:36:43,-08:00,+33.6363030,-116.1611714,-128,3DDiff (GPS nav),599802.5,0.1,,0,-0,-0.02,254.6,23,46,9,164,-50,-33,0.4,1,1.92,0.28,-0.012,0.944,+5.012,,330,,,,29.69,123.000,121.500,113.750,GPS1,,,,,,,,,ENR,,,,,,,,,,,,,,,,,-10.9,33.4,2296,,,,040007FF N97 N100 *,480017FF N100 N100,0.4,0.2,66,27,,1200,ALT,17.0,2930,45,106,4,1.5,5.1,-8,168,172,13.4,7,1025,1030,,
2026-05-16,14:36:44,22:36:44,-08:00,+33.6363033,-116.1611716,-128,3DDiff (GPS nav),599803.5,0.0,,-0,0,0.04,254.7,23,46,9,165,-50,-25,1.0,1,1.99,0.15,-0.033,0.955,+5.401,,330,,,,29.69,123.000,121.500,113.750,GPS1,,,,,,,,,ENR,,,,,,,,,,,,,,,,,-10.9,33.4,2296,,,,040007FF N100 N100 *,480017FF N100 N100,0.3,0.2,50,21,,1200,ALT,17.1,2940,45,106,4,1.6,5.1,-8,168,172,13.4,7,1025,1030,,
2026-05-16,14:36:45,22:36:45,-08:00,+33.6363033,-116.1611716,-128,3DDiff (GPS nav),599804.5,0.0,,0,0,0.04,254.6,23,46,9,167,-49,4,1.0,1,1.84,0.27,-0.021,1.001,+5.882,,330,,,,29.69,123.000,121.500,113.750,GPS1,,,,,,,,,ENR,,,,,,,,,,,,,,,,,-10.9,33.4,2296,,,,040007FF N100 N100 *,480017FF N100 N100,0.5,0.2,65,30,,1200,ALT,17.1,2940,45,106,4,1.6,5.1,-8,168,172,13.4,7,1025,1030,,
2026-05-16,14:36:46,22:36:46,-08:00,+33.6363033,-116.1611718,-128,3DDiff (GPS nav),599805.5,0.1,,0,-0,0.08,254.6,23,49,9,168,-48,34,4.4,5,1.86,0.37,0.060,0.984,+5.249,,330,,,,29.69,123.000,121.500,113.750,GPS1,,,,,,,,,ENR,,,,,,,,,,,,,,,,,-10.9,33.3,2297,,,,040007FF N100 N100 *,480017FF N100 N100,0.5,0.3,96,29,,1200,ALT,17.1,2910,45,106,4,1.6,5.1,-8,168,173,13.4,7,1025,1030,,
2026-05-16,14:36:47,22:36:47,-08:00,+33.6363011,-116.1611688,-128,3DDiff (GPS nav),599806.5,0.1,,0,-0,0.03,254.5,23,49,9,167,-47,45,4.9,5,1.90,0.26,0.003,1.060,+4.419,,330,,,,29.69,123.000,121.500,113.750,GPS1,,,,,,,,,ENR,,,,,,,,,,,,,,,,,-10.9,33.3,2298,,,,040007FF N100 N100 *,480017FF N100 N100,0.4,0.3,90,30,,1200,ALT,17.2,2900,45,106,4,1.6,5.1,-8,168,173,13.4,7,1025,1030,,
2026-05-16,14:36:48,22:36:48,-08:00,+33.6363014,-116.1611703,-127,3DDiff (GPS nav),599807.5,0.1,,-0,0,-0.04,254.6,23,46,9,164,-49,6,3.2,3,1.83,0.40,0.022,1.049,+4.168,,330,,,,29.69,123.000,121.500,113.750,GPS1,,,,,,,,,ENR,,,,,,,,,,,,,,,,,-10.9,33.3,2296,,,,040007FF N100 N100 *,480017FF N100 N100,0.5,0.3,60,39,,1200,ALT,17.2,2930,45,106,4,1.5,5.1,-8,169,173,13.4,7,1025,1030,,
2026-05-16,14:36:49,22:36:49,-08:00,+33.6363017,-116.1611691,-126,3DDiff (GPS nav),599808.5,0.0,,-0,0,0.02,254.7,23,46,9,165,-49,-23,2.0,2,1.90,0.38,0.036,0.970,+3.770,,330,,,,29.69,123.000,121.500,113.750,GPS1,,,,,,,,,ENR,,,,,,,,,,,,,,,,,-10.9,33.3,2294,,,,040007FF N100 N100 *,480017FF N100 N100,0.4,0.3,91,27,,1200,ALT,17.2,2930,45,107,4,1.5,5.1,-8,170,173,13.4,7,1025,1030,,
2026-05-16,14:36:50,22:36:50,-08:00,+33.6363016,-116.1611688,-126,3DDiff (GPS nav),599809.5,0.1,,0,-0,-0.01,254.6,23,46,9,166,-49,-17,1.3,2,1.92,0.16,0.001,0.946,+3.157,,330,,,,29.69,123.000,121.500,113.750,GPS1,,,,,,,,,ENR,,,,,,,,,,,,,,,,,-10.9,33.3,2293,,,,040007FF N100 N100 *,480017FF N100 N100,0.4,0.2,89,27,,1200,ALT,17.2,2930,45,107,4,1.6,5.1,-8,170,174,13.4,7,1025,1030,,
2026-05-16,14:36:51,22:36:51,-08:00,+33.6363016,-116.1611686,-126,3DDiff (GPS nav),599810.5,0.0,,-0,-0,-0.05,254.7,23,46,9,165,-49,-10,0.8,1,1.81,0.37,0.022,1.001,+3.120,,330,,,,29.69,123.000,121.500,113.750,GPS1,,,,,,,,,ENR,,,,,,,,,,,,,,,,,-10.9,33.3,2292,,,,040007FF N100 N100 *,480017FF N100 N100,0.5,0.2,69,29,,1200,ALT,17.2,2950,45,107,4,1.5,5.1,-8,171,174,13.4,7,1020,1030,,
2026-05-16,14:36:52,22:36:52,-08:00,+33.6363017,-116.1611685,-126,3DDiff (GPS nav),599811.5,0.0,,0,0,0.04,254.7,26,52,8,166,-49,-1,0.8,1,1.91,0.17,0.042,1.056,+4.579,,330,,,,29.69,123.000,121.500,113.750,GPS1,,,,,,,,,ENR,,,,,,,,,,,,,,,,,-10.9,33.3,2292,,,,040007FF N100 N100 *,480017FF N100 N100,0.4,0.1,49,45,,1200,ALT,17.1,2950,45,107,4,1.3,5.1,-8,172,174,13.4,7,1020,1030,,
2026-05-16,14:36:53,22:36:53,-08:00,+33.6362802,-116.1611572,-95,3DDiff (GPS nav),599812.5,0.1,,-0,-0,-0.05,254.7,23,43,9,166,-49,3,0.4,1,1.84,0.23,0.047,0.982,+6.611,,330,,,,29.69,123.000,121.500,113.750,GPS1,,,,,,,,,ENR,,,,,,,,,,,,,,,,,-10.9,33.3,2291,,,,040007FF N100 N100 *,480017FF N100 N100,0.4,0.2,98,66,,1200,ALT,17.1,2930,45,107,4,1.3,5.1,-8,172,174,13.4,7,1020,1025,,
2026-05-16,14:36:54,22:36:54,-08:00,+33.6362808,-116.1611608,-98,3DDiff (GPS nav),599813.5,0.0,,-0,0,-0.05,254.7,20,36,10,165,-49,-2,0.4,1,1.77,0.15,0.017,0.965,+7.458,,330,,,,29.69,123.000,121.500,113.750,GPS1,,,,,,,,,ENR,,,,,,,,,,,,,,,,,-10.9,33.3,2290,,,,040007FF N100 N100 *,480017FF N100 N100,0.5,0.1,92,40,,1200,ALT,17.1,2930,44,107,4,1.4,5.1,-8,173,175,13.4,7,1020,1025,,
2026-05-16,14:36:55,22:36:55,-08:00,+33.6362783,-116.1611613,-98,3DDiff (GPS nav),599814.5,0.0,,0,0,0.06,254.5,20,36,10,166,-49,-3,0.3,1,1.70,-0.06,-0.053,1.015,+6.092,,330,,,,29.69,123.000,121.500,113.750,GPS1,,,,,,,,,ENR,,,,,,,,,,,,,,,,,-10.9,33.3,2289,,,,040007FF N100 N100 *,480017FF N100 N100,0.6,0.1,79,42,,1200,ALT,17.1,2920,44,108,4,1.5,5.1,-8,173,175,13.4,7,1020,1025,,
2026-05-16,14:36:56,22:36:56,-08:00,+33.6362772,-116.1611608,-97,3DDiff (GPS nav),599815.5,0.0,,-0,0,-0.06,254.8,20,36,10,167,-49,8,0.9,2,1.73,0.15,-0.013,1.042,+4.470,,330,,,,29.69,123.000,121.500,113.750,GPS1,,,,,,,,,ENR,,,,,,,,,,,,,,,,,-10.9,33.3,2289,,,,040007FF N100 N100 *,480017FF N100 N100,0.5,0.1,66,39,,1200,ALT,17.2,2920,44,108,4,1.5,5.1,-8,173,175,13.4,7,1020,1025,,
2026-05-16,14:36:57,22:36:57,-08:00,+33.6362755,-116.1611606,-95,3DDiff (GPS nav),599816.5,0.1,,-0,0,-0.04,254.7,20,36,10,168,-47,30,1.4,3,1.79,0.01,0.026,1.045,+2.171,,330,,,,29.69,123.000,121.500,113.750,GPS1,,,,,,,,,ENR,,,,,,,,,,,,,,,,,-10.9,33.3,2289,,,,040007FF N100 N100 *,480017FF N100 N100,0.5,0.1,48,33,,1200,ALT,17.2,2930,44,108,4,1.5,5.1,-8,173,175,13.4,7,1020,1025,,
2026-05-16,14:36:58,22:36:58,-08:00,+33.6362727,-116.1611546,-89,3DDiff (GPS nav),599817.5,0.1,,0,-0,0.07,254.8,23,39,9,168,-47,39,0.4,2,1.92,-0.04,-0.026,1.013,+1.259,,330,,,,29.69,123.000,121.500,113.750,GPS1,,,,,,,,,ENR,,,,,,,,,,,,,,,,,-10.9,33.3,2289,,,,040007FF N100 N100 *,480017FF N100 N100,0.4,0.0,78,27,,1200,ALT,17.1,2960,44,108,4,1.4,5.1,-8,174,175,13.4,7,1020,1025,,
2026-05-16,14:36:59,22:36:59,-08:00,+33.6362713,-116.1611522,-89,3DDiff (GPS nav),599818.5,0.0,,-0,0,0.01,254.9,23,39,9,167,-47,28,3.0,5,1.97,0.10,0.032,0.982,+0.376,,330,,,,29.69,123.000,121.500,113.750,GPS1,,,,,,,,,ENR,,,,,,,,,,,,,,,,,-10.9,33.2,2288,,,,040007FF N100 N100 *,480017FF N100 N100,0.3,0.1,70,25,,1200,ALT,17.1,2970,44,108,4,1.4,5.1,-8,174,176,13.4,7,1020,1025,,
2026-05-16,14:37:00,22:37:00,-08:00,+33.6362724,-116.1611535,-89,3DDiff (GPS nav),599819.5,0.0,,0,-0,0.12,254.8,23,39,9,166,-48,-2,1.5,3,1.98,0.09,0.042,0.993,+2.809,,330,,,,29.69,123.000,121.500,113.750,GPS1,,,,,,,,,ENR,,,,,,,,,,,,,,,,,-10.9,33.2,2286,,,,040007FF N100 N100 *,480017FF N100 N100,0.3,0.1,84,23,,1200,ALT,17.1,2940,44,109,4,1.5,5.1,-8,174,176,13.4,7,1020,1025,,
2026-05-16,14:37:01,22:37:01,-08:00,+33.6362738,-116.1611536,-90,3DDiff (GPS nav),599820.5,0.0,,-0,0,-0.10,254.7,23,39,9,165,-48,-21,0.8,2,1.93,0.13,-0.014,0.946,+4.690,,330,,,,29.69,123.000,121.500,113.750,GPS1,,,,,,,,,ENR,,,,,,,,,,,,,,,,,-10.9,33.2,2284,,,,040007FF N100 N100 *,480017FF N100 N100,0.3,0.1,80,28,,1200,ALT,17.1,2930,44,109,4,1.6,5.1,-8,174,176,13.4,7,1020,1025,,
2026-05-16,14:37:02,22:37:02,-08:00,+33.6362736,-116.1611536,-89,3DDiff (GPS nav),599821.5,0.0,,-0,0,0.03,254.7,23,39,9,165,-49,-34,0.6,1,1.91,0.19,0.056,0.989,+5.928,,330,,,,29.69,123.000,121.500,113.750,GPS1,,,,,,,,,ENR,,,,,,,,,,,,,,,,,-10.9,33.2,2282,,,,040007FF N100 N100 *,480017FF N100 N100,0.4,0.2,72,20,,1200,ALT,17.1,2950,44,109,4,1.5,5.1,-8,174,176,13.4,7,1020,1025,,
2026-05-16,14:37:03,22:37:03,-08:00,+33.6362744,-116.1611588,-93,3DDiff (GPS nav),599822.5,0.0,,0,0,0.03,254.8,20,36,10,163,-50,-45,0.3,0,2.01,0.23,0.020,1.049,+6.961,,330,,,,29.69,123.000,121.500,113.750,GPS1,,,,,,,,,ENR,,,,,,,,,,,,,,,,,-10.9,33.2,2279,,,,040007FF N100 N100 *,480017FF N100 N100,0.3,0.3,48,21,,1200,ALT,17.1,2950,44,109,4,1.4,5.1,-8,174,176,13.4,7,1020,1025,,
2026-05-16,14:37:04,22:37:04,-08:00,+33.6362742,-116.1611589,-93,3DDiff (GPS nav),599823.5,0.0,,-0,0,-0.05,254.7,23,36,10,164,-51,-44,0.0,0,2.00,0.15,-0.042,1.030,+7.245,,330,,,,29.69,123.000,121.500,113.750,GPS1,,,,,,,,,ENR,,,,,,,,,,,,,,,,,-10.9,33.2,2278,,,,040007FF N100 N100 *,480017FF N100 N100,0.3,0.2,80,23,,1200,ALT,17.1,2950,44,109,4,1.3,5.1,-8,175,177,13.4,7,1020,1025,,
2026-05-16,14:37:05,22:37:05,-08:00,+33.6362749,-116.1611611,-93,3DDiff (GPS nav),599824.5,0.0,,-0,0,-0.05,254.7,20,36,10,164,-51,-29,0.6,1,1.90,0.18,0.046,0.985,+6.300,,330,,,,29.69,123.000,121.500,113.750,GPS1,,,,,,,,,ENR,,,,,,,,,,,,,,,,,-10.9,33.2,2278,,,,040007FF N100 N100 *,480017FF N100 N100,0.4,0.1,65,24,,1200,ALT,17.1,2960,44,109,4,1.4,5.1,-8,175,177,13.4,7,1020,1025,,
2026-05-16,14:37:06,22:37:06,-08:00,+33.6362747,-116.1611600,-92,3DDiff (GPS nav),599825.5,0.0,,0,0,-0.01,254.8,20,36,10,164,-51,-15,0.3,0,1.93,0.18,0.034,1.029,+5.327,,330,,,,29.69,123.000,121.500,113.750,GPS1,,,,,,,,,ENR,,,,,,,,,,,,,,,,,-10.9,33.2,2277,,,,040007FF N100 N100 *,480017FF N100 N100,0.3,0.2,49,31,,1200,ALT,17.1,2950,44,110,4,1.3,5.1,-8,175,177,13.4,7,1020,1025,,
2026-05-16,14:37:07,22:37:07,-08:00,+33.6362750,-116.1611602,-92,3DDiff (GPS nav),599826.5,0.0,,0,0,-0.02,254.6,20,36,10,164,-51,-11,0.0,0,1.86,0.13,-0.040,1.029,+4.492,,330,,,,29.69,123.000,121.500,113.750,GPS1,,,,,,,,,ENR,,,,,,,,,,,,,,,,,-10.9,33.2,2276,,,,040007FF N100 N100 *,480017FF N100 N100,0.5,0.1,55,32,,1200,ALT,17.1,2960,44,110,4,1.3,5.1,-8,176,177,13.4,7,1020,1025,,
2026-05-16,14:37:08,22:37:08,-08:00,+33.6362747,-116.1611605,-92,3DDiff (GPS nav),599827.5,0.0,,0,-0,-0.01,254.5,20,36,10,165,-50,5,0.3,0,1.77,0.08,0.030,0.984,+3.748,,330,,,,29.69,123.000,121.500,113.750,GPS1,,,,,,,,,ENR,,,,,,,,,,,,,,,,,-10.9,33.2,2275,,,,040007FF N100 N100 *,480017FF N100 N100,0.5,0.1,60,33,,1200,ALT,17.1,2970,44,110,4,1.3,5.1,-8,176,177,13.4,7,1020,1025,,
2026-05-16,14:37:09,22:37:09,-08:00,+33.6362750,-116.1611602,-91,3DDiff (GPS nav),599828.5,0.0,,0,0,-0.03,254.6,20,36,10,170,-48,46,0.0,0,1.84,0.16,-0.058,1.003,+3.336,,330,,,,29.69,123.000,121.500,113.750,GPS1,,,,,,,,,ENR,,,,,,,,,,,,,,,,,-10.9,33.2,2277,,,,040007FF N100 N100 *,480017FF N100 N100,0.5,0.1,73,41,,1200,ALT,17.0,2970,44,110,4,1.3,5.1,-8,176,178,13.4,7,1020,1025,,
2026-05-16,14:37:10,22:37:10,-08:00,+33.6362747,-116.1611602,-91,3DDiff (GPS nav),599829.5,0.0,,0,-0,0.09,254.6,23,36,10,171,-46,94,0.0,0,1.84,0.13,-0.043,0.970,+3.123,,330,,,,29.69,123.000,121.500,113.750,GPS1,,,,,,,,,ENR,,,,,,,,,,,,,,,,,-10.9,33.2,2279,,,,040007FF N100 N100 *,480017FF N100 N100,0.5,0.1,78,37,,1200,ALT,16.7,2730,43,110,4,1.6,5.1,-8,177,178,13.4,7,1020,1025,,
2026-05-16,14:37:11,22:37:11,-08:00,+33.6362730,-116.1611578,-91,3DDiff (GPS nav),599830.5,0.0,,-0,0,0.01,254.7,20,36,10,172,-44,108,0.1,0,1.83,0.08,-0.005,0.999,+3.444,,330,,,,29.69,123.000,121.500,113.750,GPS1,,,,,,,,,ENR,,,,,,,,,,,,,,,,,-10.9,33.1,2280,,,,040007FF N100 N100 *,480017FF N100 N100,0.5,0.1,80,37,,1200,ALT,16.6,2670,43,111,4,2.1,4.9,-8,177,178,13.4,7,1020,1025,,
2026-05-16,14:37:12,22:37:12,-08:00,+33.6362735,-116.1611588,-91,3DDiff (GPS nav),599831.5,0.0,,0,-0,-0.03,254.6,20,36,10,170,-44,79,1.7,2,1.82,0.08,0.039,1.032,+3.626,,330,,,,29.69,123.000,121.500,113.750,GPS1,,,,,,,,,ENR,,,,,,,,,,,,,,,,,-10.9,33.1,2279,,,,040007FF N100 N100 *,480017FF N100 N100,0.6,0.1,66,43,,1200,ALT,16.5,2570,43,111,4,2.5,4.9,-8,177,178,13.4,7,1020,1025,,
2026-05-16,14:37:13,22:37:13,-08:00,+33.6362722,-116.1611586,-90,3DDiff (GPS nav),599832.5,0.0,,-0,-0,0.04,254.7,20,36,10,170,-44,36,3.1,3,2.04,0.07,-0.007,1.003,+6.708,,330,,,,29.69,123.000,121.500,113.750,GPS1,,,,,,,,,ENR,,,,,,,,,,,,,,,,,-10.9,33.1,2278,,,,040007FF N100 N100 *,480017FF N100 N100,0.4,0.2,59,35,,1200,ALT,15.9,2070,43,111,4,2.5,4.9,-8,178,179,13.4,6,1020,1020,,
2026-05-16,14:37:14,22:37:14,-08:00,+33.6362708,-116.1611580,-89,3DDiff (GPS nav),599833.5,0.0,,0,0,-0.02,254.7,20,36,10,170,-44,18,5.8,6,2.08,0.20,0.012,1.041,+9.940,,330,,,,29.69,123.000,121.500,113.750,GPS1,,,,,,,,,ENR,,,,,,,,,,,,,,,,,-10.9,33.1,2277,,,,040007FF N100 N100 *,480017FF N100 N100,0.4,0.3,100,20,,1200,ALT,14.8,1700,47,111,4,2.0,4.9,-8,178,179,13.4,4,1015,1015,,
2026-05-16,14:37:15,22:37:15,-08:00,+33.6362702,-116.1611577,-89,3DDiff (GPS nav),599834.5,0.0,,-0,-0,0.04,254.8,20,36,10,169,-45,-4,7.0,7,2.02,0.21,0.031,1.023,+10.164,,330,,,,29.69,123.000,121.500,113.750,GPS1,,,,,,,,,ENR,,,,,,,,,,,,,,,,,-10.9,33.1,2276,,,,040007FF N100 N100 *,480017FF N100 N100,0.3,0.3,54,21,,1200,ALT,14.6,2360,48,111,4,1.5,5.0,-8,178,179,13.4,2,1005,1010,,
2026-05-16,14:37:16,22:37:16,-08:00,+33.6362702,-116.1611577,-89,3DDiff (GPS nav),599835.5,0.0,,0,0,-0.07,254.8,23,36,10,169,-45,-19,7.0,7,2.07,0.18,0.022,1.029,+8.256,,330,,,,29.69,123.000,121.500,113.750,GPS1,,,,,,,,,ENR,,,,,,,,,,,,,,,,,-10.9,33.1,2274,,,,040007FF N100 N100 *,480017FF N100 N100,0.3,0.2,63,32,,1200,ALT,15.4,2680,46,111,4,1.3,5.1,-8,179,179,13.4,3,1005,1005,,
2026-05-16,14:37:17,22:37:17,-08:00,+33.6362708,-116.1611596,-89,3DDiff (GPS nav),599836.5,0.1,,0,-0,0.06,254.9,20,36,10,167,-46,-38,6.1,6,1.95,0.23,-0.008,0.989,+4.984,,330,,,,29.69,123.000,121.500,113.750,GPS1,,,,,,,,,ENR,,,,,,,,,,,,,,,,,-10.9,33.1,2273,,,,040007FF N100 N100 *,480017FF N100 N100,0.3,0.3,49,48,,1200,ALT,17.0,3350,44,112,4,1.4,5.2,-8,179,180,13.4,5,1000,1000,,
2026-05-16,14:37:18,22:37:18,-08:00,+33.6362702,-116.1611569,-86,3DDiff (GPS nav),599837.5,0.0,,0,0,0.00,254.7,20,36,10,166,-47,-52,5.1,5,1.80,0.13,-0.009,0.997,+2.116,,330,,,,29.69,123.000,121.500,113.750,GPS1,,,,,,,,,ENR,,,,,,,,,,,,,,,,,-10.9,33.1,2271,,,,040007FF N100 N100 *,480017FF N100 N100,0.4,0.2,55,33,,1200,ALT,18.1,3570,44,112,4,1.5,5.2,-8,179,180,13.4,6,1000,1000,,
2026-05-16,14:37:19,22:37:19,-08:00,+33.6362708,-116.1611572,-87,3DDiff (GPS nav),599838.5,0.0,,-0,-0,0.02,254.7,20,36,10,166,-48,-54,4.8,5,1.93,0.02,-0.017,0.966,+0.071,,330,,,,29.69,123.000,121.500,113.750,GPS1,,,,,,,,,ENR,,,,,,,,,,,,,,,,,-10.9,33.1,2269,,,,040007FF N100 N100 *,480017FF N100 N100,0.4,0.1,65,33,,1200,ALT,18.1,3060,43,112,4,1.6,5.2,-8,179,180,13.4,6,1005,1005,,
2026-05-16,14:37:20,22:37:20,-08:00,+33.6362702,-116.1611569,-86,3DDiff (GPS nav),599839.5,0.0,,0,0,0.03,254.8,20,36,10,166,-48,-39,3.7,4,2.01,0.03,-0.032,1.013,-1.325,,330,,,,29.69,123.000,121.500,113.750,GPS1,,,,,,,,,ENR,,,,,,,,,,,,,,,,,-10.9,33.1,2269,,,,040007FF N100 N100 *,480017FF N100 N100,0.3,0.1,79,39,,1200,ALT,17.2,2750,42,112,4,1.8,5.2,-8,179,180,13.4,7,1010,1010,,
2026-05-16,14:37:21,22:37:21,-08:00,+33.6362699,-116.1611565,-86,3DDiff (GPS nav),599840.5,0.1,,0,-0,-0.01,254.8,20,36,10,167,-48,-18,4.4,4,1.99,0.14,0.029,1.027,-1.987,,330,,,,29.69,123.000,121.500,113.750,GPS1,,,,,,,,,ENR,,,,,,,,,,,,,,,,,-10.9,33.1,2268,,,,040007FF N100 N100 *,480017FF N100 N100,0.4,0.2,74,35,,1200,ALT,16.6,2680,41,112,4,2.2,5.1,-8,179,180,13.4,7,1010,1010,,
2026-05-16,14:37:22,22:37:22,-08:00,+33.6362694,-116.1611560,-85,3DDiff (GPS nav),599841.5,0.0,,0,0,0.03,254.8,20,36,10,166,-48,-12,3.4,4,2.00,0.10,-0.023,1.002,-2.237,,330,,,,29.69,123.000,121.500,113.750,GPS1,,,,,,,,,ENR,,,,,,,,,,,,,,,,,-10.9,33.1,2268,,,,040007FF N100 N100 *,480017FF N100 N100,0.4,0.2,74,33,,1200,ALT,16.4,2670,41,113,4,2.4,4.9,-8,179,180,13.4,7,1010,1015,,
2026-05-16,14:37:23,22:37:23,-08:00,+33.6362675,-116.1611530,-85,3DDiff (GPS nav),599842.5,0.0,,0,-0,0.03,254.7,20,36,10,167,-48,-2,4.5,5,2.28,0.15,-0.009,1.012,-0.976,,330,,,,29.69,123.000,121.500,113.750,GPS1,,,,,,,,,ENR,,,,,,,,,,,,,,,,,-10.9,33.1,2268,,,,040007FF N100 N100 *,480017FF N100 N100,0.4,0.2,45,35,,1200,ALT,15.7,1950,42,113,4,2.4,5.0,-8,180,181,13.4,6,1010,1015,,
2026-05-16,14:37:24,22:37:24,-08:00,+33.6362681,-116.1611570,-87,3DDiff (GPS nav),599843.5,0.1,,-0,0,0.02,254.8,20,36,10,167,-48,6,6.0,6,2.22,0.15,0.001,0.990,+0.228,,330,,,,29.69,123.000,121.500,113.750,GPS1,,,,,,,,,ENR,,,,,,,,,,,,,,,,,-10.9,33.1,2267,,,,040007FF N100 N100 *,480017FF N100 N100,0.3,0.2,65,32,,1200,ALT,14.6,1680,46,113,4,1.9,5.0,-8,180,181,13.4,3,1005,1010,,
2026-05-16,14:37:25,22:37:25,-08:00,+33.6362681,-116.1611555,-87,3DDiff (GPS nav),599844.5,0.0,,0,0,-0.03,254.7,20,36,10,167,-48,10,7.1,7,2.23,0.23,-0.001,0.980,+0.670,,330,,,,29.69,123.000,121.500,113.750,GPS1,,,,,,,,,ENR,,,,,,,,,,,,,,,,,-10.9,33.1,2267,,,,040007FF N100 N100 *,480017FF N100 N100,0.4,0.3,68,25,,1200,ALT,13.8,1710,50,113,4,1.3,5.1,-8,180,181,13.4,1,1000,1005,,
2026-05-16,14:37:26,22:37:26,-08:00,+33.6362677,-116.1611550,-87,3DDiff (GPS nav),599845.5,0.0,,-0,0,0.05,254.8,20,36,10,167,-48,8,7.9,8,2.20,0.26,-0.026,1.024,+0.627,,330,,,,29.69,123.000,121.500,113.750,GPS1,,,,,,,,,ENR,,,,,,,,,,,,,,,,,-10.9,33.1,2267,,,,040007FF N100 N100 *,480017FF N100 N100,0.4,0.3,44,25,,1200,ALT,13.3,1650,51,114,4,0.8,5.1,-8,180,181,13.4,0,995,995,,
2026-05-16,14:37:27,22:37:27,-08:00,+33.6362669,-116.1611547,-86,3DDiff (GPS nav),599846.5,0.1,,-0,-0,0.00,254.7,20,36,10,167,-47,8,8.6,9,2.19,0.17,-0.020,1.004,+0.359,,330,,,,29.69,123.000,121.500,113.750,GPS1,,,,,,,,,ENR,,,,,,,,,,,,,,,,,-10.9,33.1,2266,,,,040007FF N100 N100 *,480017FF N100 N100,0.4,0.2,43,28,,1200,ALT,13.3,1570,52,114,4,0.8,5.1,-8,181,182,13.4,-1,985,990,,
2026-05-16,14:37:28,22:37:28,-08:00,+33.6362666,-116.1611544,-86,3DDiff (GPS nav),599847.5,0.0,,0,0,0.03,254.5,20,36,10,168,-47,14,9.0,9,1.98,0.33,-0.013,0.987,+0.019,,330,,,,29.69,123.000,121.500,113.750,GPS1,,,,,,,,,ENR,,,,,,,,,,,,,,,,,-10.9,33.1,2266,,,,040007FF N100 N100 *,480017FF N100 N100,0.7,0.4,73,25,,1200,ALT,13.4,1640,53,114,4,0.9,5.1,-8,181,182,13.4,-1,980,985,,
2026-05-16,14:37:29,22:37:29,-08:00,+33.6362677,-116.1611570,-86,3DDiff (GPS nav),599848.5,0.0,,-0,0,0.01,254.6,20,36,10,167,-47,15,6.4,7,1.92,0.31,0.001,1.028,-0.470,,330,,,,29.69,123.000,121.500,113.750,GPS1,,,,,,,,,ENR,,,,,,,,,,,,,,,,,-10.9,33.1,2266,,,,040007FF N100 N100 *,480017FF N100 N100,0.6,0.3,57,23,,1200,ALT,13.3,1820,54,114,4,0.9,5.1,-8,181,182,13.4,-1,975,980,,
2026-05-16,14:37:30,22:37:30,-08:00,+33.6362677,-116.1611539,-84,3DDiff (GPS nav),599849.5,0.1,,-0,0,-0.04,254.5,20,36,10,167,-47,4,3.1,4,1.83,0.30,-0.016,1.039,-0.445,,330,,,,29.69,123.000,121.500,113.750,GPS1,,,,,,,,,ENR,,,,,,,,,,,,,,,,,-10.9,33.0,2266,,,,040007FF N100 N100 *,480017FF N100 N100,0.5,0.3,61,28,,1200,ALT,15.2,3070,51,114,4,1.0,5.1,-8,181,182,13.4,1,970,975,,
2026-05-16,14:37:31,22:37:31,-08:00,+33.6362677,-116.1611552,-85,3DDiff (GPS nav),599850.5,0.1,,0,-0,-0.02,254.5,20,36,10,166,-48,-18,1.1,2,1.77,0.34,-0.012,0.965,-0.123,,330,,,,29.69,123.000,121.500,113.750,GPS1,,,,,,,,,ENR,,,,,,,,,,,,,,,,,-10.9,33.0,2264,,,,040007FF N100 N100 *,480017FF N100 N100,0.6,0.3,52,37,,1200,ALT,16.4,3200,48,115,4,1.1,5.1,-8,181,182,13.4,4,970,975,,
2026-05-16,14:37:32,22:37:32,-08:00,+33.6362677,-116.1611552,-85,3DDiff (GPS nav),599851.5,0.0,,0,0,0.02,254.6,20,36,10,163,-49,-44,-0.0,1,1.70,0.06,-0.009,1.003,-0.315,,330,,,,29.69,123.000,121.500,113.750,GPS1,,,,,,,,,ENR,,,,,,,,,,,,,,,,,-10.9,33.0,2262,,,,040007FF N100 N100 *,480017FF N100 N100,0.5,0.2,34,36,,1200,ALT,17.8,3610,47,115,4,1.1,5.2,-8,181,182,13.4,5,970,975,,
2026-05-16,14:37:33,22:37:33,-08:00,+33.6362677,-116.1611555,-86,3DDiff (GPS nav),599852.5,0.0,,-0,-0,-0.01,254.6,20,36,10,162,-51,-62,-0.0,0,1.66,0.08,-0.011,1.005,+6.236,,330,,,,29.69,123.000,121.500,113.750,GPS1,,,,,,,,,ENR,,,,,,,,,,,,,,,,,-10.9,33.0,2261,,,,040007FF N100 N100 *,480017FF N100 N100,0.5,0.2,40,52,,1200,ALT,19.3,3930,47,115,4,1.3,5.3,-8,181,182,13.4,6,975,980,,
2026-05-16,14:37:34,22:37:34,-08:00,+33.6362681,-116.1611555,-86,3DDiff (GPS nav),599853.5,0.0,,0,0,-0.10,254.6,20,36,10,163,-52,-65,-0.0,0,1.76,0.20,0.004,0.987,+22.926,,330,,,,29.69,123.000,121.500,113.750,GPS1,,,,,,,,,ENR,,,,,,,,,,,,,,,,,-10.9,33.1,2260,,,,040007FF N100 N100 *,480017FF N100 N100,0.5,0.2,46,50,,1200,ALT,20.3,3930,48,116,4,1.6,5.3,-8,181,183,13.4,6,995,995,,
2026-05-16,14:37:35,22:37:35,-08:00,+33.6362652,-116.1611469,-81,3DDiff (GPS nav),599854.5,0.1,,-0,-0,0.05,254.7,23,39,9,163,-51,-32,0.0,0,1.74,0.19,-0.016,0.991,+29.709,,330,,,,29.69,123.000,121.500,113.750,GPS1,,,,,,,,,ENR,,,,,,,,,,,,,,,,,-10.9,33.1,2261,,,,040007FF N100 N100 *,480017FF N100 N100,0.4,0.2,45,57,,1200,ALT,20.9,3870,49,116,4,1.8,5.3,-8,181,183,13.4,6,1010,1010,,
2026-05-16,14:37:36,22:37:36,-08:00,+33.6362669,-116.1611541,-87,3DDiff (GPS nav),599855.5,0.1,,0,-0,0.07,254.8,20,36,10,163,-51,-19,0.0,0,1.83,0.21,-0.013,0.991,+29.268,,330,,,,29.69,123.000,121.500,113.750,GPS1,,,,,,,,,ENR,,,,,,,,,,,,,,,,,-10.9,33.1,2261,,,,040007FF N100 N100 *,480017FF N100 N100,0.3,0.3,45,59,,1200,ALT,21.3,3870,49,116,4,1.9,5.3,-8,182,183,13.4,6,1035,1030,,
2026-05-16,14:37:37,22:37:37,-08:00,+33.6362681,-116.1611530,-86,3DDiff (GPS nav),599856.5,0.0,,0,0,-0.03,254.8,20,36,10,163,-51,-8,0.0,0,1.87,0.20,0.007,0.983,+25.597,,330,,,,29.69,123.000,121.500,113.750,GPS1,,,,,,,,,ENR,,,,,,,,,,,,,,,,,-10.9,33.1,2262,,,,040007FF N100 N100 *,480017FF N100 N100,0.3,0.3,36,45,,1200,ALT,21.5,3860,49,117,4,1.9,5.3,-8,182,183,13.4,6,1065,1050,,
2026-05-16,14:37:38,22:37:38,-08:00,+33.6362681,-116.1611524,-87,3DDiff (GPS nav),599857.5,0.0,,-0,0,0.03,254.9,20,36,10,162,-52,-26,0.0,0,1.82,0.15,0.005,0.996,+20.883,,330,,,,29.69,123.000,121.500,113.750,GPS1,,,,,,,,,ENR,,,,,,,,,,,,,,,,,-10.9,33.1,2261,,,,040007FF N100 N100 *,480017FF N100 N100,0.3,0.2,53,62,,1200,ALT,21.5,3950,49,117,4,2.0,5.3,-8,182,183,13.4,6,1085,1070,,
2026-05-16,14:37:39,22:37:39,-08:00,+33.6362680,-116.1611519,-87,3DDiff (GPS nav),599858.5,0.1,,0,-0,0.01,255.0,20,36,10,163,-52,-20,0.0,0,1.87,0.26,-0.006,0.994,+16.044,,330,,,,29.69,123.000,121.500,113.750,GPS1,,,,,,,,,ENR,,,,,,,,,,,,,,,,,-10.9,33.1,2262,,,,040007FF N100 N100 *,480017FF N100 N100,0.3,0.2,44,48,,1200,ALT,21.5,3950,49,118,4,2.1,5.3,-8,182,183,13.4,6,1110,1090,,
2026-05-16,14:37:40,22:37:40,-08:00,+33.6362677,-116.1611514,-87,3DDiff (GPS nav),599859.5,0.0,,0,-0,0.07,255.0,20,36,10,162,-52,-4,0.0,0,1.87,0.24,-0.007,0.983,+11.543,,330,,,,29.69,123.000,121.500,113.750,GPS1,,,,,,,,,ENR,,,,,,,,,,,,,,,,,-10.9,33.1,2263,,,,040007FF N100 N100 *,480017FF N100 N100,0.3,0.3,34,51,,1200,ALT,21.5,3960,49,118,4,2.2,5.3,-8,182,184,13.4,6,1125,1105,,
2026-05-16,14:37:41,22:37:41,-08:00,+33.6362691,-116.1611534,-87,3DDiff (GPS nav),599860.5,0.0,,-0,0,0.01,254.8,20,36,10,162,-52,-7,0.0,0,1.84,0.26,0.014,1.012,+8.113,,330,,,,29.69,123.000,121.500,113.750,GPS1,,,,,,,,,ENR,,,,,,,,,,,,,,,,,-10.9,33.1,2263,,,,040007FF N100 N100 *,480017FF N100 N100,0.3,0.3,41,51,,1200,ALT,21.5,3970,49,118,4,2.2,5.3,-8,182,184,13.4,6,1140,1115,,
2026-05-16,14:37:42,22:37:42,-08:00,+33.6362696,-116.1611514,-85,3DDiff (GPS nav),599861.6,0.0,,0,-0,0.00,254.9,20,36,10,163,-52,-4,0.0,0,1.81,0.12,0.014,1.008,+5.549,,330,,,,29.69,123.000,121.500,113.750,GPS1,,,,,,,,,ENR,,,,,,,,,,,,,,,,,-10.9,33.1,2264,,,,040007FF N100 N100 *,480017FF N100 N100,0.3,0.3,44,53,,1200,ALT,21.6,3880,49,119,4,2.3,5.3,-8,183,185,13.4,6,1155,1125,,
2026-05-16,14:37:43,22:37:43,-08:00,+33.6362695,-116.1611519,-87,3DDiff (GPS nav),599862.5,0.1,,-0,0,-0.01,254.8,20,36,10,165,-51,20,-0.0,0,1.83,0.16,-0.001,1.024,+3.692,,330,,,,29.69,123.000,121.500,113.750,GPS1,,,,,,,,,ENR,,,,,,,,,,,,,,,,,-10.9,33.1,2265,,,,040007FF N100 N100 *,480017FF N100 N100,0.3,0.3,33,47,,1200,ALT,21.6,3910,49,119,4,2.4,5.3,-8,183,185,13.4,6,1170,1140,,
2026-05-16,14:37:44,22:37:44,-08:00,+33.6362683,-116.1611464,-82,3DDiff (GPS nav),599863.5,0.0,,-0,-0,0.03,254.9,23,39,9,164,-51,28,-0.0,0,1.76,0.33,-0.008,1.021,+2.517,,330,,,,29.69,123.000,121.500,113.750,GPS1,,,,,,,,,ENR,,,,,,,,,,,,,,,,,-10.9,33.1,2266,,,,040007FF N100 N100 *,480017FF N100 N100,0.4,0.3,44,67,,1200,ALT,21.6,3970,49,120,4,2.5,5.3,-8,183,185,13.4,6,1180,1150,,
2026-05-16,14:37:45,22:37:45,-08:00,+33.6362686,-116.1611461,-82,3DDiff (GPS nav),599864.5,0.1,,-0,0,-0.02,254.8,23,39,9,166,-50,33,0.0,1,2.08,0.18,0.012,1.014,+1.833,,330,,,,29.69,123.000,121.500,113.750,GPS1,,,,,,,,,ENR,,,,,,,,,,,,,,,,,-10.9,33.1,2267,,,,040007FF N100 N100 *,480017FF N100 N100,0.4,0.4,66,45,,1200,ALT,19.8,2860,47,120,4,2.6,5.2,-8,184,186,13.4,6,1195,1160,,
2026-05-16,14:37:46,22:37:46,-08:00,+33.6362686,-116.1611455,-82,3DDiff (GPS nav),599865.5,0.1,,0,0,-0.02,255.0,23,39,9,167,-48,56,0.0,1,2.14,0.34,-0.003,1.012,+1.806,,330,,,,29.69,123.000,121.500,113.750,GPS1,,,,,,,,,ENR,,,,,,,,,,,,,,,,,-10.9,33.1,2269,,,,040007FF N100 N100 *,480017FF N100 N100,0.3,0.3,71,35,,1200,ALT,17.6,2580,43,120,4,3.3,5.0,-8,185,186,13.4,6,1200,1165,,
2026-05-16,14:37:47,22:37:47,-08:00,+33.6362681,-116.1611483,-87,3DDiff (GPS nav),599866.5,0.1,,-0,0,-0.10,254.9,20,36,10,168,-48,61,0.6,3,2.11,0.40,-0.000,0.988,+1.251,,330,,,,29.69,123.000,121.500,113.750,GPS1,,,,,,,,,ENR,,,,,,,,,,,,,,,,,-10.9,33.1,2271,,,,040007FF N100 N100 *,480017FF N100 N100,0.3,0.3,50,33,,1200,ALT,16.5,2560,41,120,4,3.5,5.1,-8,186,187,13.4,5,1195,1165,,
