#airframe_info,log_version="1.00",log_content_version="1.02",product="GDU 460",aircraft_ident="N397EA",unit_software_part_number="006-B1727-37",software_version="9.41",system_id="60002CE0956A8",unit="PFD1",airframe_hours="778.4",engine_hours="439.1"
Date (yyyy-mm-dd),Time (hh:mm:ss),UTC Time (hh:mm:ss),UTC Offset (hh:mm),Latitude (deg),Longitude (deg),GPS Altitude (ft),GPS Fix Status,GPS Time of Week (sec),GPS Ground Speed (kt),GPS Ground Track (deg),GPS Velocity E (m/sec),GPS Velocity N (m/sec),GPS Velocity U (m/sec),Magnetic Heading (deg),GPS HFOM (ft),GPS VFOM (ft),GPS Sats,Pressure Altitude (ft),Baro Altitude (ft),Vertical Speed (ft/min),Indicated Airspeed (kt),True Airspeed (kt),Pitch (deg),Roll (deg),Lateral Acceleration (G),Normal Acceleration (G),AOA Cp,AOA,Selected Heading (deg),Selected Altitude (ft),Selected Vertical Speed (ft/min),Selected Airspeed (kt),Baro Setting (inch Hg),COM Frequency 1 (MHz),COM Frequency 2 (MHz),NAV Frequency 2 (MHz),Active Nav Source,Nav Annunciation,Nav Identifier,Nav Distance (nm),Nav Bearing (deg),Nav Course (deg),Nav Cross Track Distance (nm),Horizontal CDI Deflection,Horizontal CDI Full Scale (ft),Horizontal CDI Scale,Vertical CDI Deflection,Vertical CDI Full Scale (ft),VNAV CDI Deflection,VNAV Altitude (ft),Autopilot State,FD Lateral Mode,FD Vertical Mode,FD Roll Command (deg),FD Pitch Command (deg),FD Altitude (ft),AP Roll Command (deg),AP Pitch Command (deg),AP VS Command (ft/min),AP Altitude Command (ft),AP Roll Torque (%),AP Pitch Torque (%),Magnetic Variation (deg),Outside Air Temp (deg C),Density Altitude (ft),Height Above Ground (ft),Wind Speed (kt),Wind Direction (deg),AHRS/Mag 1 Status,SFD AHRS Status,Pitch Delta (deg),Roll Delta (deg),AHRS 1 Dev (%),SFD AHRS Dev (%),Network Status,Transponder Code,Transponder Mode,Manifold Press (inch Hg),RPM,Oil Press (PSI),Oil Temp (deg F),Fuel Qty (gal),Fuel Flow (gal/hour),Fuel Press (PSI),Elevator Trim,Coolant Temp 1 (deg F),Coolant Temp 2 (deg F),Volts,Amps,EGT1 (deg F),EGT2 (deg F),CAS Alert,Terrain Alert
Lcl Date,Lcl Time,UTC Time,UTCOfst,Latitude,Longitude,AltGPS,GPSfix,,GndSpd,TRK,GPSVelE,GPSVelN,GPSVelU,HDG,HFOM,VFOM,,AltP,AltInd,VSpd,IAS,TAS,Pitch,Roll,LatAc,NormAc,,AOA,SelHDG,SelALT,SelVSpd,SelIAS,Baro,COM1,COM2,NAV2,NavSrc,,NavIdent,NavDist,NavBrg,NavCRS,NavXTK,HCDI,,,VCDI,,VNAV CDI,VNAVAlt,,,,,,,,,,,,,MagVar,OAT,AltD,AGL,WndSpd,WndDr,,,,,,,,,,E1 MAP,E1 RPM,E1 OilP,E1 OilT,FQty1,E1 FFlow,E1 FPres,PTrim,,,Volts1,Amps1,E1 EGT1,E1 EGT2,,
2026-07-21,07:26:15,14:26:15,-07:00,+33.6363294,-116.1609276,-133,3D-,224792.6,0.0,,0,0,0.05,,36,349,9,12,-222,15,13.7,14,,,0.007,0.995,+0.092,,320,,,,29.67,123.000,121.500,116.200,VOR2,,TRM,,161,347,,+0.64,,,,,,,Powerup,,,,,,,,,,,,0.0,33.6,2131,,,,081101F8 A35 A35 *,080197FF N22 D55,,,28,26,,1200,ALT,29.7,0,2,92,14,0.0,0.1,-4,93,92,13.1,-6,85,85,OIL PRESS,
2026-07-21,07:26:15,14:26:15,-07:00,+33.6363294,-116.1609276,-133,3D-,224792.6,0.0,,0,0,0.05,,36,349,9,12,-222,15,13.7,14,,,0.007,0.995,+0.092,,320,,,,29.67,123.000,121.500,116.200,VOR2,,TRM,,161,347,,+0.64,,,,,,,Powerup,,,,,,,,,,,,0.0,33.6,2131,,,,081101F8 A35 A35 *,080197FF N22 D55,,,28,26,,1200,ALT,29.7,0,2,92,14,0.0,0.1,-4,93,92,13.1,-6,85,85,OIL PRESS,
2026-07-21,07:26:15,14:26:15,-07:00,+33.6363287,-116.1609291,-133,3D-,224793.1,0.0,,0,0,0.04,,35,319,9,12,-221,16,15.1,16,,,0.010,1.003,+0.058,,320,,,,29.67,123.000,121.500,116.200,VOR2,,TRM,,161,347,,+0.63,,,,,,,Powerup,,,,,,,,,,,,0.0,33.6,2131,,,,081101F8 A36 A36 *,080197FF N23 D59,,,26,25,,1200,ALT,29.7,0,2,92,14,0.0,0.1,-4,93,92,13.1,-6,85,85,OIL PRESS,
2026-07-21,07:26:16,14:26:16,-07:00,+33.6363271,-116.1609325,-134,3D-,224794.1,0.0,,0,0,0.03,,32,263,9,12,-221,12,16.2,17,,,0.007,1.001,+0.001,,320,,,,29.67,123.000,121.500,116.200,VOR2,,TRM,,161,347,,+0.63,,,,,,,Powerup,,,,,,,,,,,,0.0,33.5,2131,,,,081101F8 A39 A39 *,080197FF N24 D69,,,30,28,,1200,ALT,29.7,0,2,92,14,0.0,0.1,-4,93,92,13.1,-6,85,85,OIL PRESS,
2026-07-21,07:26:17,14:26:17,-07:00,+33.6363250,-116.1609343,-135,3D-,224795.1,0.0,,0,0,0.02,,30,224,9,10,-222,-3,15.5,16,,,0.009,1.001,-0.046,,320,,,,29.67,123.000,121.500,116.200,VOR2,,TRM,,161,347,,+0.63,,,,,,,PFT,,,,,,,,,,,,0.0,33.5,2130,,,,081101F8 A42 A42 *,080197FF N26 D79,,,18,20,,1200,ALT,29.7,0,2,92,14,0.0,0.1,-4,93,92,13.1,-6,85,85,OIL PRESS,
2026-07-21,07:26:18,14:26:18,-07:00,+33.6363228,-116.1609351,-133,3D-,224796.1,0.0,,0,0,0.02,,28,196,9,10,-223,-21,12.3,13,,,0.004,1.002,-0.110,,320,,,,29.67,123.000,121.500,116.200,VOR2,,TRM,,161,347,,+0.63,,,,,,,PFT,,,,,,,,,,,,0.0,33.5,2129,,,,081101F8 A45 A45 *,080197FF N30 D91,,,15,15,,1200,ALT,29.7,0,2,92,14,0.0,0.1,-4,93,92,13.1,-6,85,85,OIL PRESS,
2026-07-21,07:26:19,14:26:19,-07:00,+33.6363204,-116.1609376,-133,3D-,224797.1,0.0,,0,0,0.02,,27,176,9,11,-223,-17,8.7,9,,,0.014,1.002,-0.241,,320,,,,29.67,123.000,121.500,116.200,VOR2,,TRM,,161,347,,+0.63,,,,,,,PFT,,,,,,,,,,,,0.0,33.6,2130,,,,081101F8 A48 A48 *,080197FF N34 D99,,,17,17,,1200,ALT,29.7,0,2,92,14,0.0,0.1,-4,93,92,13.1,-6,85,85,OIL PRESS,
2026-07-21,07:26:20,14:26:20,-07:00,+33.6362997,-116.1609162,-128,3D-,224798.1,0.0,,0,0,0.01,,25,158,9,12,-222,3,10.0,9,,,0.012,1.003,+0.041,,320,,,,29.67,123.000,121.500,116.200,VOR2,,TRM,,161,347,,+0.64,,,,,,,PFT,,,,,,,,,,,,0.0,33.6,2131,,,,081101F8 A51 A51 *,080197FF N37 D99,,,15,14,,1200,ALT,29.7,0,2,92,14,0.0,0.1,-4,93,92,13.1,-6,85,85,OIL PRESS,
2026-07-21,07:26:21,14:26:21,-07:00,+33.6362924,-116.1609173,-125,3D-,224799.1,0.0,,0,0,0.01,,24,134,9,12,-222,15,12.7,13,,,0.004,1.000,+0.226,,320,,,,29.67,123.000,121.500,116.200,VOR2,,TRM,,161,347,,+0.64,,,,,,,PFT,,,,,,,,,,,,0.0,33.6,2132,,,,081101F8 A54 A54 *,080197FF N41 D99,,,12,19,,1200,ALT,29.7,0,2,92,14,0.0,0.1,-4,93,92,13.1,-6,85,85,OIL PRESS,
2026-07-21,07:26:22,14:26:22,-07:00,+33.6362866,-116.1609176,-122,3D-,224800.1,0.0,,0,0,0.01,,22,117,9,11,-222,14,13.1,13,,,0.009,0.998,+0.185,,320,,,,29.67,123.000,121.500,116.200,VOR2,,TRM,,161,347,,+0.64,,,,,,,PFT,,,,,,,,,,,,0.0,33.6,2131,,,,081101F8 A57 A57 *,080197FF N45 D99,,,10,13,,1200,ALT,29.7,0,2,92,14,0.0,0.1,-4,93,92,13.1,-6,85,85,OIL PRESS,
2026-07-21,07:26:23,14:26:23,-07:00,+33.6362819,-116.1609167,-119,3D,224801.1,0.0,,0,0,0.01,,21,103,9,10,-222,-3,14.8,15,,,0.005,1.001,+0.097,,320,,,,29.67,123.000,121.500,116.200,VOR2,,TRM,,161,347,,+0.64,,,,,,,PFT,,,,,,,,,,,,0.0,33.6,2131,,,,080001F8 A60 A60 *,480117FF N43 D99,,,7,7,,1200,ALT,29.7,0,2,92,14,0.0,0.1,-4,93,92,13.1,-6,85,85,OIL PRESS,
2026-07-21,07:26:24,14:26:24,-07:00,+33.6362783,-116.1609172,-118,3D,224802.1,0.0,,0,0,0.00,,20,94,9,11,-222,-12,15.3,16,,,0.005,0.998,+0.025,,320,,,,29.67,123.000,121.500,116.200,VOR2,,TRM,,161,347,,+0.64,,,,,,,PFT,,,,,,,,,,,,0.0,33.6,2130,,,,040001F8 A63 A63 *,480117FF N41 D99,,,16,16,,1200,ALT,29.7,0,2,92,14,0.0,0.1,-4,93,92,13.1,-6,85,85,OIL PRESS,
2026-07-21,07:26:25,14:26:25,-07:00,+33.6362753,-116.1609172,-118,3D,224803.1,0.0,,0,0,0.01,,20,86,9,11,-222,-3,15.3,16,,,0.002,1.003,-0.026,,320,,,,29.67,123.000,121.500,116.200,VOR2,,TRM,,161,347,,+0.64,,,,,,,PFT,,,,,,,,,,,,0.0,33.6,2130,,,,040001F8 A66 A66 *,480117FF N43 N2,,,17,22,,1200,ALT,29.7,0,2,92,14,0.0,0.1,-4,93,92,13.1,-6,85,85,OIL PRESS,
2026-07-21,07:26:26,14:26:26,-07:00,+33.6362727,-116.1609173,-117,3D,224804.1,0.0,,0,0,0.00,,20,79,9,10,-223,-11,15.5,16,,,0.009,1.001,-0.066,,320,,,,29.67,123.000,121.500,116.200,VOR2,,TRM,,161,347,,+0.64,,,,,,,PFT,,,,,,,,,,,,0.0,33.6,2129,,,,040001F8 A69 A69 *,480117FF N47 N5,,,10,15,,1200,ALT,29.7,0,2,92,14,0.0,0.1,-4,93,92,13.1,-6,85,85,OIL PRESS,
2026-07-21,07:26:27,14:26:27,-07:00,+33.6362708,-116.1609173,-117,3D,224805.1,0.0,,0,0,-0.00,,20,73,9,11,-223,-11,14.6,15,,,0.001,1.000,-0.085,,320,,,,29.67,123.000,121.500,116.200,VOR2,,TRM,,161,347,,+0.64,,,,,,,PFT,,,,,,,,,,,,0.0,33.5,2129,,,,040001F8 A72 A72 *,480117FF N51 N9,,,27,31,,1200,ALT,29.7,0,2,92,14,0.0,0.1,-4,93,92,13.1,-6,85,85,OIL PRESS,
2026-07-21,07:26:28,14:26:28,-07:00,+33.6362696,-116.1609164,-116,3D,224806.1,0.0,,0,0,0.00,,20,68,9,9,-223,-12,13.5,14,,,0.011,1.001,-0.080,,320,,,,29.67,123.000,121.500,116.200,VOR2,,TRM,,161,347,,+0.63,,,,,,,PFT,,,,,,,,,,,,0.0,33.6,2129,,,,040001F8 A75 A75 *,480117FF N55 N12,,,9,12,,1200,ALT,29.7,0,2,92,14,0.0,0.1,-4,93,92,13.1,-6,85,85,OIL PRESS,
2026-07-21,07:26:29,14:26:29,-07:00,+33.6362688,-116.1609162,-116,3D,224807.1,0.0,,0,0,0.00,,20,64,9,9,-224,-23,12.7,13,,,-0.001,1.001,-0.085,,320,,,,29.67,123.000,121.500,116.200,VOR2,,TRM,,161,347,,+0.63,,,,,,,PFT,,,,,,,,,,,,-10.8,33.6,2129,,,,040001F8 A78 A78 *,480117FF N59 N15,,,11,12,,1200,ALT,29.7,0,2,92,14,0.0,0.1,-4,93,92,13.1,-6,85,85,OIL PRESS,
2026-07-21,07:26:30,14:26:30,-07:00,+33.6362681,-116.1609162,-115,3D,224808.1,0.0,,0,0,-0.00,,20,61,9,10,-224,-19,14.4,15,,,0.012,1.000,-0.105,,320,,,,29.67,123.000,121.500,116.200,VOR2,,TRM,,161,347,,+0.63,,,,,,,PFT,,,,,,,,,,,,-10.8,33.6,2130,,,,040001F8 A81 A81 *,480117FF N63 N19,,,10,15,,1200,ALT,29.7,0,2,92,14,0.0,0.1,-4,93,92,13.1,-6,85,85,OIL PRESS,
2026-07-21,07:26:31,14:26:31,-07:00,+33.6362682,-116.1609153,-115,3D,224809.1,0.0,,0,0,0.00,,20,57,10,10,-223,-2,14.9,15,,,0.009,0.997,-0.118,,320,,,,29.67,123.000,121.500,116.200,VOR2,,TRM,,161,347,,+0.63,,,,,,,PFT,,,,,,,,,,,,-10.8,33.6,2130,,,,040001F8 A84 A84 *,480117FF N67 N23,,,6,10,,1200,ALT,29.7,0,2,92,14,0.0,0.1,-4,93,92,13.1,-6,85,85,OIL PRESS / TRAFFIC FAIL,
2026-07-21,07:26:32,14:26:32,-07:00,+33.6362686,-116.1609139,-114,3D,224810.1,0.0,,0,0,0.00,,20,54,10,10,-223,7,16.2,17,,,0.004,1.005,-0.108,,320,,,,29.67,123.000,121.500,116.200,VOR2,,TRM,,161,347,,+0.63,,,,,,,PFT,,,,,,,,,,,,-10.8,33.6,2130,,,,040001F8 A87 A87 *,480117FF N71 N26,,,18,16,,1200,ALT,29.7,0,2,92,14,0.0,0.1,-4,93,92,13.1,-6,85,85,OIL PRESS / TRAFFIC FAIL,
2026-07-21,07:26:33,14:26:33,-07:00,+33.6362694,-116.1609121,-113,3D,224811.1,0.0,,0,0,-0.00,,20,51,10,10,-223,3,13.8,14,,,0.015,0.998,-0.117,,320,,,,29.67,123.000,121.500,116.200,VOR2,,TRM,,161,347,,+0.63,,,,,,,PFT,,,,,,,,,,,,-10.8,33.6,2129,,,,040001F8 A90 A90 *,480117FF N74 N29,,,18,20,,1200,ALT,29.7,0,2,92,14,0.0,0.1,-4,93,92,13.1,-6,85,85,OIL PRESS / TRAFFIC FAIL,
2026-07-21,07:26:34,14:26:34,-07:00,+33.6362707,-116.1609105,-112,3D,224812.1,0.0,,0,0,0.01,,20,49,10,9,-224,-5,4.5,5,,,0.004,0.999,-0.285,,320,,,,29.67,123.000,121.500,116.200,VOR2,,TRM,,161,347,,+0.63,,,,,,,PFT,,,,,,,,,,,,-10.8,33.6,2129,,,,040001F8 A93 A93 *,480117FF N78 N32,,,8,11,,1200,ALT,29.7,0,2,92,14,0.0,0.1,-4,93,92,13.1,-6,85,85,OIL PRESS / TRAFFIC FAIL,
2026-07-21,07:26:35,14:26:35,-07:00,+33.6362721,-116.1609097,-112,3D,224813.1,0.0,,0,0,0.01,,20,47,10,10,-223,-3,9.3,10,,,0.012,1.002,-0.816,,320,,,,29.67,123.000,121.500,116.200,VOR2,,TRM,,161,347,,+0.63,,,,,,,PFT,,,,,,,,,,,,-10.8,33.6,2131,,,,040001F8 A96 A96 *,480117FF N82 N35,,,9,9,,1200,ALT,29.7,0,2,92,14,0.0,0.1,-4,93,92,13.1,-6,85,85,OIL PRESS / TRAFFIC FAIL,
2026-07-21,07:26:36,14:26:36,-07:00,+33.6362742,-116.1609091,-111,3D,224814.1,0.0,,0,0,0.00,,20,45,10,13,-222,24,9.0,8,,,0.007,1.003,-0.970,,320,,,,29.67,123.000,121.500,116.200,VOR2,,TRM,,161,347,,+0.64,,,,,,,PFT,,,,,,,,,,,,-10.8,33.6,2132,,,,040001F8 A99 A99 *,480117FF N84 N39,,,10,17,,1200,ALT,29.7,0,2,92,14,0.0,0.1,-4,93,92,13.1,-6,85,85,OIL PRESS / TRAFFIC FAIL,
2026-07-21,07:26:37,14:26:37,-07:00,+33.6362765,-116.1609077,-109,3D,224815.1,0.0,,0,0,0.00,262.2,20,44,10,12,-221,47,11.9,12,3.42,-0.49,0.008,1.001,-0.442,,320,,,,29.67,123.000,121.500,116.200,VOR2,,TRM,,161,347,,+0.64,,,,,,,PFT,,,,,,,,,,,,-10.8,33.6,2134,,,,040007FF D10 D10 *,480117FF N84 N43,5.9,0.3,5,10,,1200,ALT,29.7,0,2,92,14,0.0,0.1,-4,93,92,13.1,-6,85,85,OIL PRESS / TRAFFIC FAIL,
2026-07-21,07:26:38,14:26:38,-07:00,+33.6362793,-116.1609059,-108,3D,224816.1,0.0,,0,0,0.00,262.2,20,42,10,12,-221,35,12.5,13,3.44,-0.50,0.007,0.999,-0.128,,320,,,,29.67,123.000,121.500,116.200,VOR2,,TRM,,161,347,,+0.64,,,,,,,PFT,,,,,,,,,,,,-10.8,33.6,2133,,,,040007FF D22 D22 *,480117FF N82 N46,5.9,0.3,9,10,,1200,ALT,29.7,0,2,92,14,0.0,0.1,-4,93,92,13.1,-6,85,85,OIL PRESS / TRAFFIC FAIL,
2026-07-21,07:26:39,14:26:39,-07:00,+33.6362824,-116.1609044,-107,3D,224817.1,0.0,,0,0,-0.01,262.2,20,41,10,12,-221,17,13.5,14,3.43,-0.49,0.010,0.996,-0.018,,320,,,,29.67,123.000,121.500,116.200,VOR2,,TRM,,161,347,,+0.64,,,,,,,PFT,,,,,,,,,,,,-10.8,33.6,2133,,,,040007FF D34 D34 *,480117FF N80 N49,6.0,0.3,13,10,,1200,ALT,29.7,0,2,92,14,0.0,0.1,-4,93,92,13.1,-6,85,85,OIL PRESS / TRAFFIC FAIL,
2026-07-21,07:26:40,14:26:40,-07:00,+33.6362853,-116.1609034,-106,3D,224818.1,0.0,,0,0,0.00,262.2,20,39,10,11,-222,-5,13.6,14,3.33,-0.46,0.007,1.000,+0.037,,320,,,,29.67,123.000,121.500,116.200,VOR2,,TRM,,161,347,,+0.64,,,,,,,PFT,,,,,,,,,,,,-10.8,33.6,2132,,,,040007FF D46 D46 *,480117FF N79 N53,6.0,0.2,12,11,,1200,ALT,29.7,0,2,92,14,0.0,0.1,-4,93,92,13.1,-6,85,85,OIL PRESS / TRAFFIC FAIL,
2026-07-21,07:26:41,14:26:41,-07:00,+33.6362884,-116.1609028,-105,3D,224819.1,0.0,,0,0,0.00,262.2,20,38,10,11,-222,-18,12.8,13,3.35,-0.54,0.014,1.000,+0.014,,320,,,,29.67,123.000,121.500,116.200,VOR2,,TRM,,161,347,,+0.64,,,,,,,PFT,,,,,,,,,,,,-10.8,33.6,2132,,,,040007FF D58 D58 *,480117FF N77 N56,6.0,0.2,15,18,,1200,ALT,29.7,0,2,92,14,0.0,0.1,-4,93,92,13.1,-6,85,85,OIL PRESS / TRAFFIC FAIL,
2026-07-21,07:26:42,14:26:42,-07:00,+33.6362914,-116.1609028,-105,3D,224820.1,0.0,,0,0,-0.00,262.3,20,37,10,11,-222,-16,12.4,13,3.41,-0.45,0.001,0.999,-0.062,,320,,,,29.67,123.000,118.325 RX,116.200,VOR2,,TRM,,161,347,,+0.64,,,,,,,PFT,,,,,,,,,,,,-10.8,33.6,2132,,,,040007FF D70 D70 *,480117FF N76 N59,6.0,0.3,23,18,,1200,ALT,29.7,0,2,92,14,0.0,0.1,-4,93,92,13.1,-6,85,85,OIL PRESS / TRAFFIC FAIL,
2026-07-21,07:26:43,14:26:43,-07:00,+33.6362914,-116.1609027,-105,3D,224821.2,0.0,,0,0,-0.01,262.0,20,36,10,11,-222,-4,11.4,12,3.31,-0.60,0.007,0.999,-0.151,,320,,,,29.67,123.000,118.325 RX,116.200,VOR2,,TRM,,161,347,,+0.64,,,,,,,PFT,,,,,,,,,,,,-10.8,33.6,2133,,,,040007FF D84 D84 *,480117FF N75 N63,5.9,0.2,27,22,,1200,ALT,29.7,0,2,92,14,0.0,0.1,-4,93,92,13.1,-6,85,85,OIL PRESS / TRAFFIC FAIL / SET BARO,
2026-07-21,07:26:44,14:26:44,-07:00,+33.6362914,-116.1609028,-105,3D,224822.1,0.0,,0,0,-0.01,262.2,20,36,10,12,-222,4,11.9,12,3.38,-0.55,0.009,1.002,-0.195,,320,,,,29.67,123.000,118.325 RX,116.200,VOR2,,TRM,,161,347,,+0.63,,,,,,,PFT,,,,,,,,,,,,-10.8,33.6,2133,,,,040007FF D94 D94 *,480117FF N73 N66,6.0,0.3,13,18,,1200,ALT,29.7,0,2,92,14,0.0,0.1,-4,93,92,13.1,-6,85,85,OIL PRESS / TRAFFIC FAIL / SET BARO,
2026-07-21,07:26:45,14:26:45,-07:00,+33.6362916,-116.1609027,-105,3D,224823.1,0.0,,0,0,-0.00,262.2,20,35,10,11,-222,9,13.0,13,3.36,-0.54,0.013,1.000,-0.181,,320,,,,29.67,123.000,118.325 RX,116.200,VOR2,,TRM,,161,347,,+0.63,,,,,,,PFT,,,,,,,,,,,,-10.8,33.6,2133,,,,040007FF D98 D98 *,480117FF N73 N70,6.1,0.2,7,9,,1200,ALT,29.7,0,2,92,14,0.0,0.1,-4,93,92,13.1,-6,85,85,OIL PRESS / TRAFFIC FAIL / SET BARO,
2026-07-21,07:26:46,14:26:46,-07:00,+33.6362916,-116.1609028,-105,3D,224824.1,0.0,,0,0,-0.00,262.2,20,34,10,11,-222,1,13.3,14,3.30,-0.50,0.008,1.003,-0.134,,320,,,,29.67,123.000,118.325 RX,116.200,VOR2,,TRM,,161,347,,+0.63,,,,,,,PFT,,,,,,,,,,,,-10.8,33.6,2133,,,,040007FF D98 D98 *,480117FF N77 N73,6.2,0.3,14,17,,1200,ALT,29.7,0,2,92,14,0.0,0.1,-4,93,92,13.1,-6,85,85,OIL PRESS / TRAFFIC FAIL / SET BARO,
2026-07-21,07:26:47,14:26:47,-07:00,+33.6362918,-116.1609027,-105,3D,224825.1,0.0,,0,0,-0.01,262.2,20,34,10,9,-223,-17,12.4,13,3.38,-0.65,0.016,0.998,-0.134,,320,,,,29.67,123.000,118.325 RX,116.200,VOR2,,TRM,,161,347,,+0.63,,,,,,,PFT,,,,,,,,,,,,-10.8,33.6,2132,,,,040007FF D98 D98 *,480117FF N80 N76,6.2,0.3,13,14,,1200,ALT,29.7,0,2,92,14,0.0,0.1,-4,93,92,13.1,-6,85,85,OIL PRESS / TRAFFIC FAIL / SET BARO,
2026-07-21,07:26:48,14:26:48,-07:00,+33.6362918,-116.1609027,-105,3D,224826.1,0.0,,0,0,-0.00,262.2,20,33,10,9,-178,-33,11.1,11,3.35,-0.51,0.008,1.002,-0.202,,320,,,,29.72,123.000,118.325 RX,116.200,VOR2,,TRM,,161,347,,+0.63,,,,,,,PFT,,,,,,,,,,,,-10.8,33.6,2132,,,,040007FF D98 D98 *,480117FF N84 N79,6.2,0.3,13,17,,1200,ALT,29.7,0,2,92,14,0.0,0.1,-4,93,92,13.1,-6,85,85,OIL PRESS / TRAFFIC FAIL,
2026-07-21,07:26:49,14:26:49,-07:00,+33.6362919,-116.1609027,-105,3D,224827.1,0.0,,0,0,-0.00,262.2,20,33,10,10,-130,-27,10.3,11,3.34,-0.51,0.008,1.001,-0.281,,320,,,,29.77,123.000,118.325 RX,116.200,VOR2,,TRM,,161,347,,+0.63,,,,,,,PFT,,,,,,,,,,,,-10.8,33.6,2132,,,,040007FF D98 D98 *,480117FF N88 N83,6.2,0.2,11,16,,1200,ALT,29.7,0,2,92,14,0.0,0.1,-4,93,92,13.1,-6,85,85,OIL PRESS / TRAFFIC FAIL,
2026-07-21,07:26:50,14:26:50,-07:00,+33.6362921,-116.1609027,-105,3D,224828.1,0.0,,0,0,-0.01,262.2,20,32,10,9,-121,-15,10.0,10,3.37,-0.46,0.004,1.002,-0.360,,320,,,,29.78,123.000,118.325 RX,116.200,VOR2,,TRM,,161,347,,+0.63,,,,,,,PFT,,,,,,,,,,,,-10.8,33.6,2132,,,,040007FF D98 D98 *,480117FF N92 N87,6.5,0.3,12,11,,1200,ALT,29.7,0,2,92,14,0.0,0.1,-4,93,92,13.1,-6,85,85,OIL PRESS / TRAFFIC FAIL,
2026-07-21,07:26:51,14:26:51,-07:00,+33.6362922,-116.1609027,-105,3D,224829.1,0.0,,0,0,-0.00,262.1,20,32,10,9,-122,-15,10.1,10,3.36,-0.50,0.003,1.003,-0.435,,320,,,,29.78,123.000,118.325 RX,116.200,VOR2,,TRM,,161,347,,+0.63,,,,,,,PFT,,,,,,,,,,,,-10.8,33.6,2131,,,,040007FF D98 D98 *,480117FF N91 N90,6.7,0.2,11,15,,1200,ALT,29.7,0,2,92,14,0.0,0.1,-4,93,92,13.1,-6,85,85,OIL PRESS / TRAFFIC FAIL,
2026-07-21,07:26:52,14:26:52,-07:00,+33.6362924,-116.1609027,-105,3D,224830.1,0.0,,0,0,0.00,262.3,20,31,10,9,-122,-15,11.7,12,3.33,-0.25,0.000,1.008,-0.478,,320,,,,29.78,123.000,118.325 RX,116.200,VOR2,,TRM,,161,347,,+0.63,,,,,,,,,,,,,,,,,,,-10.8,33.6,2131,,,,040007FF N2 N2 *,480117FF N89 N93,6.9,0.3,11,12,,1200,ALT,29.7,0,2,92,14,0.0,0.1,-4,93,92,13.1,-6,85,85,OIL PRESS / TRAFFIC FAIL,
2026-07-21,07:26:53,14:26:53,-07:00,+33.6362924,-116.1609027,-105,3D,224831.1,0.0,,0,0,-0.00,262.0,20,31,10,9,-122,-12,10.1,10,3.49,-0.54,0.007,1.003,-0.634,,320,,,,29.78,123.000,118.325 RX,116.200,VOR2,,TRM,,161,347,,+0.63,,,,,,,,,,,,,,,,,,,-10.8,33.6,2131,,,,040007FF N6 N6 *,480017FF N87 N96,7.1,0.3,24,20,,1200,ALT,29.7,0,2,92,14,0.0,0.1,-4,93,92,13.1,-6,85,85,OIL PRESS / TRAFFIC FAIL,
2026-07-21,07:26:54,14:26:54,-07:00,+33.6362925,-116.1609027,-105,3D,224832.1,0.0,,0,0,-0.00,262.1,20,31,10,11,-121,11,9.9,10,3.38,-0.57,0.003,1.004,-0.778,,320,,,,29.78,123.000,118.325 RX,116.200,VOR2,,TRM,,161,347,,+0.64,,,,,,,,,,,,,,,,,,,-10.8,33.6,2133,,,,040007FF N10 N10 *,480017FF N85 N100,7.2,0.3,10,20,,1200,ALT,29.7,0,2,92,14,0.0,0.1,-4,93,92,13.1,-6,85,85,OIL PRESS / TRAFFIC FAIL,
2026-07-21,07:26:55,14:26:55,-07:00,+33.6362927,-116.1609027,-105,3D,224833.1,0.0,,0,0,-0.00,262.1,20,30,10,13,-119,46,11.3,11,3.42,-0.66,0.012,0.998,-0.861,,320,,,,29.78,123.000,118.325 RX,116.200,VOR2,,TRM,,161,347,,+0.64,,,,,,,,,,,,,,,,,,,-10.8,33.6,2135,,,,040007FF N14 N14 *,480017FF N83 N100,7.2,0.3,13,14,,1200,ALT,29.7,0,2,92,14,0.0,0.1,-4,93,92,13.1,-6,85,85,OIL PRESS / TRAFFIC FAIL,
2026-07-21,07:26:56,14:26:56,-07:00,+33.6362983,-116.1609020,-104,3D,224834.1,0.0,,0,0,-0.00,262.2,20,30,9,12,-119,53,12.7,13,3.45,-0.51,0.013,0.999,-0.816,,320,,,,29.78,123.000,118.325 RX,116.200,VOR2,,TRM,,161,347,,+0.64,,,,,,,,,,,,,,,,,,,-10.8,33.6,2135,,,,040007FF N18 N18 *,480017FF N81 N100,7.2,0.3,19,17,,1200,ALT,29.7,0,2,92,14,0.0,0.1,-4,93,92,13.1,-6,85,85,OIL PRESS / TRAFFIC FAIL,
2026-07-21,07:26:57,14:26:57,-07:00,+33.6363044,-116.1609011,-103,3D,224835.1,0.0,,0,0,-0.00,262.2,20,29,10,11,-119,30,13.2,14,3.39,-0.49,0.010,0.999,-0.717,,320,,,,29.78,123.000,118.325 RX,116.200,VOR2,,TRM,,161,347,,+0.64,,,,,,,,,,,,,,,,,,,-10.8,33.6,2135,,,,040007FF N22 N22 *,480017FF N79 N100,7.2,0.2,26,23,,1200,ALT,29.7,0,2,92,14,0.0,0.1,-4,93,92,13.1,-6,85,85,OIL PRESS / TRAFFIC FAIL,
2026-07-21,07:26:58,14:26:58,-07:00,+33.6363100,-116.1609004,-103,3D,224836.1,0.0,,0,0,0.00,262.3,20,29,9,10,-120,-7,14.0,14,3.37,-0.49,0.001,1.002,-0.593,,320,,,,29.78,123.000,118.325 RX,116.200,VOR2,,TRM,,161,347,,+0.64,,,,,,,,,,,,,,,,,,,-10.8,33.6,2134,,,,040007FF N26 N26 *,480017FF N77 N100,7.2,0.2,23,30,,1200,ALT,29.7,0,2,92,14,0.0,0.1,-4,93,92,13.1,-6,85,85,OIL PRESS / TRAFFIC FAIL,
2026-07-21,07:26:59,14:26:59,-07:00,+33.6363151,-116.1609003,-102,3D,224837.1,0.0,,0,0,0.00,262.1,20,29,9,11,-121,-23,15.3,16,3.32,-0.55,0.012,1.006,-0.454,,320,,,,29.78,123.000,118.325 RX,116.200,VOR2,,TRM,,161,347,,+0.64,,,,,,,,,,,,,,,,,,,-10.8,33.6,2133,,,,040007FF N30 N30 *,480017FF N75 N100,7.2,0.2,19,27,,1200,ALT,29.7,0,2,92,14,0.0,0.1,-4,93,92,13.1,-6,85,85,OIL PRESS / TRAFFIC FAIL,
2026-07-21,07:27:00,14:27:00,-07:00,+33.6363199,-116.1609006,-102,3D,224838.1,0.0,,0,0,-0.00,262.2,20,29,9,11,-120,-7,14.4,15,3.28,-0.43,0.010,1.009,-0.292,,320,,,,29.78,123.000,118.325 RX,116.200,VOR2,,TRM,,161,347,,+0.64,,,,,,,,,,,,,,,,,,,-10.8,33.6,2134,,,,040007FF N32 N32 *,480017FF N74 N100,7.2,0.3,13,16,,1200,ALT,29.7,0,2,92,14,0.0,0.1,-4,93,92,13.1,-6,85,85,OIL PRESS / TRAFFIC FAIL,
2026-07-21,07:27:01,14:27:01,-07:00,+33.6363243,-116.1609004,-102,3D,224839.1,0.0,,0,0,0.00,262.2,20,29,10,11,-120,1,14.4,15,3.28,-0.61,0.016,1.002,-0.138,,320,,,,29.78,123.000,118.325 RX,116.200,VOR2,,TRM,,161,347,,+0.64,,,,,,,,,,,,,,,,,,,-10.8,33.6,2134,,,,040007FF N32 N32 *,480017FF N72 N100,7.2,0.2,13,14,,1200,ALT,29.7,0,2,92,14,0.0,0.1,-4,93,92,13.1,-6,85,85,OIL PRESS / TRAFFIC FAIL,
2026-07-21,07:27:02,14:27:02,-07:00,+33.6363290,-116.1609002,-101,3D,224840.1,0.0,,0,0,-0.00,262.2,20,28,9,14,-119,29,14.3,15,3.42,-0.44,0.005,0.996,-0.037,,320,,,,29.78,123.000,118.325 RX,116.200,VOR2,,TRM,,161,347,,+0.64,,,,,,,,,,,,,,,,,,,-10.8,33.6,2136,,,,040007FF N32 N32 *,480017FF N70 N100,7.2,0.2,11,15,,1200,ALT,29.7,0,2,92,14,0.0,0.1,-4,93,92,13.1,-6,85,85,OIL PRESS / TRAFFIC FAIL,
2026-07-21,07:27:03,14:27:03,-07:00,+33.6363338,-116.1608999,-101,3D,224841.1,0.0,,0,0,0.00,262.1,20,28,9,15,-117,53,13.5,14,3.30,-0.49,-0.005,1.005,-0.033,,320,,,,29.78,123.000,118.325 RX,116.200,VOR2,,TRM,,161,347,,+0.64,,,,,,,,,,,,,,,,,,,-10.8,33.6,2138,,,,040007FF N32 N32 *,480017FF N68 N100,7.1,0.3,52,46,,1200,ALT,29.7,0,2,92,14,0.0,0.1,-4,93,92,13.1,-6,85,85,OIL PRESS / TRAFFIC FAIL,
2026-07-21,07:27:04,14:27:04,-07:00,+33.6363385,-116.1608992,-100,3D,224842.1,0.0,,0,0,-0.00,262.1,20,28,9,15,-117,55,12.0,12,3.35,-0.55,0.003,1.001,-0.121,,320,,,,29.78,123.000,118.325 RX,116.200,VOR2,,TRM,,161,347,,+0.64,,,,,,,,,,,,,,,,,,,-10.8,33.6,2139,,,,040007FF N32 N32 *,480017FF N66 N100,7.1,0.2,33,28,,1200,ALT,29.7,0,2,92,14,0.0,0.1,-4,93,92,13.1,-6,85,85,OIL PRESS / TRAFFIC FAIL,
2026-07-21,07:27:05,14:27:05,-07:00,+33.6363423,-116.1608985,-100,3D,224843.1,0.0,,0,0,0.00,262.2,20,28,9,15,-116,49,9.5,10,3.45,-0.32,-0.001,1.000,-0.000,,320,,,,29.78,123.000,118.325 RX,116.200,VOR2,,TRM,,161,347,,+0.64,,,,,,,,,,,,,,,,,,,-10.8,33.6,2140,,,,040007FF N32 N32 *,480017FF N64 N100,7.1,0.3,22,26,,1200,ALT,29.7,0,2,92,14,0.0,0.1,-4,93,92,13.1,-6,85,85,OIL PRESS / TRAFFIC FAIL,
2026-07-21,07:27:06,14:27:06,-07:00,+33.6363461,-116.1608979,-99,3D,224844.1,0.0,,0,0,0.00,262.1,20,27,9,13,-116,23,8.3,9,3.41,-0.41,0.013,1.001,+0.110,,320,,,,29.78,123.000,118.325 RX,116.200,VOR2,,TRM,,161,347,,+0.64,,,,,,,,,,,,,,,,,,,-10.8,33.6,2140,,,,040007FF N32 N32 *,480017FF N62 N100,7.2,0.3,21,25,,1200,ALT,29.7,0,2,92,14,0.0,0.1,-4,93,92,13.1,-6,85,85,OIL PRESS / TRAFFIC FAIL,
2026-07-21,07:27:07,14:27:07,-07:00,+33.6363497,-116.1608975,-99,3D,224845.1,0.0,,0,0,-0.00,262.3,20,27,9,10,-119,-38,10.1,11,3.29,-0.31,0.003,0.994,+0.116,,320,,,,29.78,123.000,118.325 RX,116.200,VOR2,,TRM,,161,347,,+0.64,,,,,,,,,,,,,,,,,,,-10.8,33.6,2137,,,,040007FF N35 N35 *,480017FF N60 N100,7.1,0.3,23,27,,1200,ALT,29.7,0,2,92,14,0.0,0.1,-4,93,92,13.1,-6,85,85,OIL PRESS / TRAFFIC FAIL,
2026-07-21,07:27:08,14:27:08,-07:00,+33.6363527,-116.1608970,-98,3D,224846.1,0.0,,0,0,0.00,262.0,20,27,9,9,-121,-79,11.7,12,3.31,-0.67,0.018,0.999,+0.100,,320,,,,29.78,123.000,118.325 RX,116.200,VOR2,,TRM,,161,347,,+0.64,,,,,,,,,,,,,,,,,,,-10.8,33.6,2134,,,,040007FF N39 N39 *,480017FF N58 N100,7.1,0.2,22,22,,1200,ALT,29.7,0,2,92,14,0.0,0.1,-4,93,92,13.1,-6,85,85,OIL PRESS / TRAFFIC FAIL,
2026-07-21,07:27:09,14:27:09,-07:00,+33.6363557,-116.1608967,-98,3D,224847.1,0.0,,0,0,-0.00,262.1,20,27,10,10,-121,-66,13.6,14,3.40,-0.62,0.020,1.004,+0.104,,320,,,,29.78,123.000,118.325 RX,116.200,VOR2,,TRM,,161,347,,+0.64,,,,,,,,,,,,,,,,,,,-10.8,33.6,2134,,,,040007FF N43 N43 *,480017FF N56 N100,7.1,0.2,14,13,,1200,ALT,29.7,0,2,92,14,0.0,0.1,-4,93,92,13.1,-6,85,85,OIL PRESS / TRAFFIC FAIL,
2026-07-21,07:27:10,14:27:10,-07:00,+33.6363587,-116.1608965,-98,3D,224848.1,0.0,,0,0,-0.00,262.1,20,27,10,10,-121,-42,15.1,16,3.39,-0.49,0.006,1.004,+0.096,,320,,,,29.78,123.000,118.325 RX,116.200,VOR2,,TRM,,161,347,,+0.64,,,,,,,,,,,,,,,,,,,-10.8,33.6,2134,,,,040007FF N47 N47 *,480017FF N54 N100,7.1,0.2,10,12,,1200,ALT,29.7,0,2,92,14,0.0,0.1,-4,93,92,13.1,-6,85,85,OIL PRESS / TRAFFIC FAIL,
2026-07-21,07:27:11,14:27:11,-07:00,+33.6363614,-116.1608959,-97,3D,224849.1,0.0,,0,0,0.00,262.3,20,26,10,11,-120,-11,14.3,15,3.29,-0.16,-0.017,0.998,+0.044,,320,,,,29.78,123.000,118.325 RX,116.200,VOR2,,TRM,,161,347,,+0.64,,,,,,,,,,,,,,,,,,,-10.8,33.6,2135,,,,040007FF N51 N51 *,480017FF N52 N100,7.1,0.3,18,16,,1200,ALT,29.7,0,2,92,14,0.0,0.1,-4,93,92,13.1,-6,85,85,OIL PRESS / TRAFFIC FAIL,
2026-07-21,07:27:12,14:27:12,-07:00,+33.6363638,-116.1608950,-97,3D,224850.1,0.0,,0,0,-0.00,261.9,20,26,10,14,-119,29,15.3,16,3.21,-0.95,0.052,1.003,+0.007,,320,,,,29.78,123.000,118.325 RX,116.200,VOR2,,TRM,,161,347,,+0.64,,,,,,,,,,,,,,,,,,,-10.8,33.6,2137,,,,040007FF N55 N55 *,480017FF N50 N100,7.1,0.1,54,58,,1200,ALT,29.7,0,2,92,14,0.0,0.1,-4,93,92,13.1,-6,85,85,OIL PRESS / TRAFFIC FAIL,
2026-07-21,07:27:13,14:27:13,-07:00,+33.6363658,-116.1608941,-96,3D,224851.1,0.0,,0,0,0.00,262.4,20,26,10,14,-117,61,16.9,17,3.45,-0.53,0.009,0.999,+0.001,,320,,,,29.78,123.000,118.325 RX,116.200,VOR2,,TRM,,161,347,,+0.64,,,,,,,,,,,,,,,,,,,-10.8,33.6,2138,,,,040007FF N59 N59 *,480017FF N48 N100,7.1,0.3,35,34,,1200,ALT,29.7,0,2,92,14,0.0,0.1,-4,93,92,13.1,-6,85,85,OIL PRESS / TRAFFIC FAIL,
2026-07-21,07:27:14,14:27:14,-07:00,+33.6363676,-116.1608932,-96,3D,224852.1,0.0,,0,0,-0.00,262.3,20,26,10,12,-118,42,16.5,17,3.47,-0.42,0.024,0.999,-0.022,,320,,,,29.78,123.000,118.325 RX,116.200,VOR2,,TRM,,161,347,,+0.64,,,,,,,,,,,,,,,,,,,-10.8,33.6,2138,,,,040007FF N63 N63 *,480017FF N46 N100,7.1,0.2,29,32,,1200,ALT,29.7,0,2,92,14,0.0,0.1,-4,93,92,13.1,-6,85,85,OIL PRESS / TRAFFIC FAIL,
2026-07-21,07:27:15,14:27:15,-07:00,+33.6363691,-116.1608929,-96,3D,224853.1,0.0,,0,0,-0.00,262.2,20,26,10,12,-118,12,14.7,15,3.41,-0.48,0.031,1.004,-0.031,,320,,,,29.78,123.000,118.325 RX,116.200,VOR2,,TRM,,161,347,,+0.64,,,,,,,,,,,,,,,,,,,-10.8,33.6,2138,,,,040007FF N67 N67 *,480017FF N44 N100,7.1,0.3,55,48,,1200,ALT,29.7,0,2,92,14,0.0,0.1,-4,93,92,13.1,-6,85,85,OIL PRESS / TRAFFIC FAIL,
2026-07-21,07:27:16,14:27:16,-07:00,+33.6363702,-116.1608927,-96,3D,224854.1,0.0,,0,0,0.00,262.3,20,26,10,12,-118,-1,15.5,15,3.39,-0.43,-0.013,1.001,+0.035,,320,,,,29.78,123.000,121.500 RX,116.200,VOR2,,TRM,,161,347,,+0.64,,,,,,,,,,,,,,,,,,,-10.8,33.6,2138,,,,040007FF N71 N71 *,480017FF N42 N100,7.1,0.3,30,37,,1200,ALT,29.7,0,2,92,14,0.0,0.1,-4,93,92,13.1,-6,85,85,OIL PRESS / TRAFFIC FAIL,
2026-07-21,07:27:17,14:27:17,-07:00,+33.6363715,-116.1608925,-96,3D,224855.1,0.0,,0,0,-0.00,262.1,20,25,10,10,-119,-26,15.2,15,3.33,-0.56,0.025,0.999,+0.087,,320,,,,29.78,123.000,121.500,116.200,VOR2,,TRM,,161,347,,+0.64,,,,,,,,,,,,,,,,,,,-10.8,33.6,2137,,,,040007FF N75 N75 *,480017FF N40 N100,7.1,0.2,41,43,,1200,ALT,29.7,0,2,92,14,0.0,0.1,-4,93,92,13.1,-6,85,85,OIL PRESS / TRAFFIC FAIL,
2026-07-21,07:27:18,14:27:18,-07:00,+33.6363725,-116.1608925,-96,3D,224856.1,0.0,,0,0,0.00,262.4,20,25,10,9,-121,-51,13.4,14,3.32,-0.19,-0.010,1.002,+0.120,,320,,,,29.78,123.000,121.500,116.200,VOR2,,TRM,,161,347,,+0.64,,,,,,,,,,,,,,,,,,,-10.8,33.6,2136,,,,040007FF N79 N79 *,480017FF N38 N100,7.1,0.3,25,49,,1200,ALT,29.7,0,2,92,14,0.0,0.1,-4,93,92,13.1,-6,85,85,OIL PRESS / TRAFFIC FAIL,
2026-07-21,07:27:19,14:27:19,-07:00,+33.6363736,-116.1608920,-96,3D,224857.1,0.0,,0,0,-0.00,262.3,20,25,10,11,-121,-41,12.9,13,3.34,-0.36,0.004,1.000,+0.110,,320,,,,29.78,123.000,121.500,116.200,VOR2,,TRM,,161,347,,+0.64,,,,,,,,,,,,,,,,,,,-10.8,33.6,2136,,,,040007FF N83 N83 *,480017FF N36 N100,7.0,0.3,27,33,,1200,ALT,29.7,0,2,92,14,0.0,0.1,-4,93,92,13.1,-6,85,85,OIL PRESS / TRAFFIC FAIL,
2026-07-21,07:27:20,14:27:20,-07:00,+33.6363744,-116.1608918,-97,3D,224858.1,0.0,,0,0,-0.00,262.4,20,25,10,12,-120,-9,12.6,13,3.26,-0.24,-0.021,1.007,+0.025,,320,,,,29.78,123.000,121.500,116.200,VOR2,,TRM,,161,347,,+0.64,,,,,,,,,,,,,,,,,,,-10.8,33.6,2136,,,,040007FF N87 N87 *,480017FF N34 N100,7.0,0.3,63,45,,1200,ALT,29.7,0,2,92,14,0.0,0.1,-4,93,92,13.1,-6,85,85,OIL PRESS / TRAFFIC FAIL,
2026-07-21,07:27:21,14:27:21,-07:00,+33.6363749,-116.1608917,-97,3D,224859.1,0.0,,0,0,0.00,262.4,20,25,10,12,-119,20,13.5,14,3.51,-0.45,0.005,0.992,-0.079,,320,,,,29.78,123.000,121.500,116.200,VOR2,,TRM,,161,347,,+0.64,,,,,,,,,,,,,,,,,,,-10.8,33.6,2137,,,,040007FF N91 N91 *,480017FF N32 N100,7.0,0.3,44,55,,1200,ALT,29.7,0,2,92,14,0.0,0.1,-4,93,92,13.1,-6,85,85,OIL PRESS / TRAFFIC FAIL,
2026-07-21,07:27:22,14:27:22,-07:00,+33.6363749,-116.1608917,-97,3D,224860.1,0.0,,0,0,-0.00,262.3,20,24,10,12,-119,24,11.9,12,3.51,-0.38,-0.000,0.989,-0.320,,320,,,,29.78,123.000,121.500,116.200,VOR2,,TRM,,161,347,,+0.64,,,,,,,,,,,,,,,,,,,-10.8,33.6,2138,,,,040007FF N95 N95 *,480017FF N30 N100,7.1,0.3,35,38,,1200,ALT,29.7,0,2,92,14,0.0,0.1,-4,93,92,13.1,-6,85,85,OIL PRESS / TRAFFIC FAIL,
2026-07-21,07:27:23,14:27:23,-07:00,+33.6363749,-116.1608917,-97,3D,224861.1,0.0,,0,0,0.00,262.3,20,24,10,13,-119,20,12.4,13,3.35,-0.40,-0.008,0.998,-0.524,,320,,,,29.78,123.000,121.500,116.200,VOR2,,TRM,,161,347,,+0.64,,,,,,,,,,,,,,,,,,,-10.8,33.6,2138,,,,040007FF N99 N99 *,480017FF N29 N100,7.0,0.3,30,41,,1200,ALT,29.7,0,2,92,14,0.0,0.1,-4,93,92,13.1,-6,85,85,OIL PRESS / TRAFFIC FAIL,
2026-07-21,07:27:24,14:27:24,-07:00,+33.6363749,-116.1608917,-97,3D,224862.1,0.0,,0,0,-0.00,262.2,20,24,10,14,-118,28,14.3,15,3.21,-0.49,0.018,1.013,-0.564,,320,,,,29.78,123.000,121.500,116.200,VOR2,,TRM,,161,347,,+0.64,,,,,,,,,,,,,,,,,,,-10.8,33.6,2139,,,,040007FF N100 N100 *,480017FF N27 N100,7.0,0.2,21,36,,1200,ALT,29.7,0,2,92,14,0.0,0.1,-4,93,92,13.1,-6,85,85,OIL PRESS / TRAFFIC FAIL,
2026-07-21,07:27:25,14:27:25,-07:00,+33.6363749,-116.1608917,-97,3D,224863.1,0.0,,0,0,0.00,262.3,20,24,10,12,-118,20,15.5,16,3.41,-0.38,-0.002,0.995,-0.519,,320,,,,29.78,123.000,121.500,116.200,VOR2,,TRM,,161,347,,+0.64,,,,,,,,,,,,,,,,,,,-10.8,33.6,2138,,,,040007FF N100 N100 *,480017FF N25 N100,7.0,0.3,42,34,,1200,ALT,29.7,0,2,92,14,0.0,0.1,-4,93,92,13.1,-6,85,85,OIL PRESS / TRAFFIC FAIL,
2026-07-21,07:27:26,14:27:26,-07:00,+33.6363749,-116.1608917,-97,3D,224864.1,0.0,,0,0,-0.00,262.2,20,24,10,12,-119,-0,15.4,16,3.43,-0.57,0.020,0.990,-0.479,,320,,,,29.78,123.000,121.500,116.200,VOR2,,TRM,,161,347,,+0.64,,,,,,,,,,,,,,,,,,,-10.8,33.6,2138,,,,040007FF N100 N100 *,480017FF N23 N100,7.0,0.3,27,26,,1200,ALT,29.7,0,2,92,14,0.0,0.1,-4,93,92,13.1,-6,85,85,OIL PRESS / TRAFFIC FAIL,
2026-07-21,07:27:27,14:27:27,-07:00,+33.6363749,-116.1608917,-97,3D,224865.1,0.0,,0,0,-0.00,262.2,20,24,10,12,-119,-4,15.0,15,3.31,-0.39,0.002,1.001,-0.418,,320,,,,29.78,123.000,121.500,116.200,VOR2,,TRM,,161,347,,+0.64,,,,,,,,,,,,,,,,,,,-10.8,33.6,2138,,,,040007FF N100 N100 *,480017FF N21 N100,7.0,0.3,10,15,,1200,ALT,29.7,0,2,92,14,0.0,0.1,-4,93,92,13.1,-6,85,85,OIL PRESS / TRAFFIC FAIL,
2026-07-21,07:27:28,14:27:28,-07:00,+33.6363749,-116.1608917,-97,3D,224866.1,0.0,,0,0,-0.00,262.2,20,24,10,12,-118,-1,15.0,15,3.24,-0.29,0.009,1.004,-0.341,,320,,,,29.78,123.000,121.500,116.200,VOR2,,TRM,,161,347,,+0.64,,,,,,,,,,,,,,,,,,,-10.8,33.6,2138,,,,040007FF N100 N100 *,480017FF N19 N100,6.9,0.3,28,26,,1200,ALT,29.7,0,2,92,14,0.0,0.1,-4,93,92,13.1,-6,85,85,OIL PRESS / TRAFFIC FAIL,
2026-07-21,07:27:29,14:27:29,-07:00,+33.6363749,-116.1608917,-97,3D,224867.1,0.0,,0,0,0.00,262.1,20,23,10,12,-119,-4,15.6,16,3.37,-0.56,0.007,1.003,-0.275,,320,,,,29.78,123.000,121.500,116.200,VOR2,,TRM,,161,347,,+0.64,,,,,,,,,,,,,,,,,,,-10.8,33.6,2137,,,,040007FF N100 N100 *,480017FF N17 N100,6.9,0.2,18,21,,1200,ALT,29.7,0,2,92,14,0.0,0.1,-4,93,92,13.1,-6,85,85,OIL PRESS / TRAFFIC FAIL,
2026-07-21,07:27:30,14:27:30,-07:00,+33.6363749,-116.1608917,-97,3D,224868.1,0.0,,0,0,-0.00,262.2,20,23,10,11,-119,-13,16.2,17,3.31,-0.35,-0.003,1.001,-0.240,,320,,,,29.78,123.000,121.500,116.200,VOR2,,TRM,,161,347,,+0.64,,,,,,,,,,,,,,,,,,,-10.8,33.6,2137,,,,040007FF N100 N100 *,480017FF N15 N100,6.9,0.3,31,29,,1200,ALT,29.7,0,2,92,14,0.0,0.1,-4,93,92,13.1,-6,85,85,OIL PRESS / TRAFFIC FAIL,
2026-07-21,07:27:31,14:27:31,-07:00,+33.6363749,-116.1608918,-97,3D,224869.1,0.0,,0,0,0.00,262.2,20,23,10,11,-120,-22,15.9,16,3.42,-0.59,0.015,0.995,-0.210,,320,,,,29.78,123.000,121.500,116.200,VOR2,,TRM,,161,347,,+0.64,,,,,,,,,,,,,,,,,,,-10.8,33.6,2136,,,,040007FF N100 N100 *,480017FF N13 N100,7.0,0.3,26,26,,1200,ALT,29.7,0,2,92,14,0.0,0.1,-4,93,92,13.1,-6,85,85,OIL PRESS / TRAFFIC FAIL,
2026-07-21,07:27:32,14:27:32,-07:00,+33.6361443,-116.1609326,21,3D (GPS nav),224852.1,3.2,,-4,-0,0.11,262.2,338,548,5,10,-120,-27,14.9,15,3.39,-0.52,0.009,1.001,-0.223,,320,,,,29.78,123.000,121.500,116.200,VOR2,,TRM,,161,347,,+0.64,,,,,,,,,,,,,,,,,,,-10.8,33.6,2136,,,,040007FF N100 N100 *,480017FF N11 N100,6.9,0.2,28,34,,1200,ALT,29.7,0,2,92,14,0.0,0.1,-4,93,92,13.1,-6,85,85,OIL PRESS / TRAFFIC FAIL,
2026-07-21,07:27:33,14:27:33,-07:00,+33.6362927,-116.1609146,-95,3D (GPS nav),224853.1,7.0,,-4,-0,0.01,262.1,66,112,6,11,-120,-18,13.6,14,3.35,-0.56,0.028,1.011,-0.295,,320,,,,29.78,123.000,121.500,116.200,VOR2,,TRM,,161,347,,+0.64,,,,,,,,,,,,,,,,,,,-10.8,33.6,2136,,,,020007FF N100 N100 *,480017FF N9 N100,6.9,0.2,26,35,,1200,ALT,29.7,0,2,92,14,0.0,0.1,-4,93,92,13.1,-6,85,85,OIL PRESS / TRAFFIC FAIL,
2026-07-21,07:27:34,14:27:34,-07:00,+33.6362941,-116.1609136,-96,3D (GPS nav),224854.1,1.2,,-0,0,0.02,262.3,62,112,6,12,-119,8,13.5,14,3.50,-0.35,-0.021,1.005,-0.371,,320,,,,29.78,123.000,121.500,116.200,VOR2,,TRM,,160,347,,+0.65,,,,,,,,,,,,,,,,,,,-10.8,33.6,2137,,,,040007FF N100 N100 *,480017FF N7 N100,7.0,0.2,27,38,,1200,ALT,29.7,0,2,92,14,0.0,0.1,-4,93,92,13.1,-6,85,85,OIL PRESS,
2026-07-21,07:27:35,14:27:35,-07:00,+33.6362933,-116.1609136,-95,3D (GPS nav),224855.1,0.2,,-0,0,0.02,262.0,62,112,6,13,-119,25,13.8,14,3.51,-0.49,0.025,1.000,-0.427,,320,,,,29.78,123.000,121.500,116.200,VOR2,,TRM,,160,347,,+0.65,,,,,,,,,,,,,,,,,,,-10.8,33.6,2137,,,,040007FF N100 N100 *,480017FF N5 N100,7.1,0.2,41,51,,1200,ALT,29.7,0,2,92,14,0.0,0.1,-4,93,92,13.1,-6,85,85,OIL PRESS,
2026-07-21,07:27:36,14:27:36,-07:00,+33.6362930,-116.1609115,-95,3D (GPS nav),224856.1,0.1,,0,-0,0.00,262.2,62,112,6,13,-118,30,15.4,16,3.59,-0.57,-0.011,0.995,-0.425,,320,,,,29.78,123.000,121.500,116.200,VOR2,,TRM,,160,347,,+0.65,,,,,,,,,,,,,,,,,,,-10.8,33.6,2138,,,,040007FF N100 N100 *,480017FF N3 N100,7.1,0.3,36,36,,1200,ALT,29.7,0,2,92,14,0.0,0.1,-4,93,92,13.1,-6,85,85,OIL PRESS,
2026-07-21,07:27:37,14:27:37,-07:00,+33.6362939,-116.1609121,-97,3D (GPS nav),224857.1,0.0,,0,0,-0.04,262.3,62,112,6,13,-118,24,16.2,17,3.64,-0.26,0.005,1.003,-0.373,,320,,,,29.78,123.000,121.500,116.200,VOR2,,TRM,,160,347,,+0.65,,,,,,,,,,,,,,,,,,,-10.8,33.6,2138,,,,040007FF N100 N100 *,480017FF N1 N100,7.2,0.3,20,25,,1200,ALT,29.7,0,2,92,14,0.0,0.1,-4,93,92,13.1,-6,85,85,OIL PRESS,
2026-07-21,07:27:38,14:27:38,-07:00,+33.6362944,-116.1609144,-98,3D (GPS nav),224858.1,0.0,,0,-0,0.03,262.2,62,112,6,12,-118,6,15.7,16,3.40,-0.44,-0.019,0.983,-0.357,,320,,,,29.78,123.000,121.500,116.200,VOR2,,TRM,,160,347,,+0.65,,,,,,,,,,,,,,,,,,,-10.8,33.6,2138,,,,040007FF N100 N100 *,480017FF D98 N100,6.3,0.3,77,98,,1200,ALT,29.7,0,2,90,14,0.0,0.5,-4,91,89,13.0,-7,85,85,OIL PRESS,
2026-07-21,07:27:39,14:27:39,-07:00,+33.6362955,-116.1609155,-99,3D (GPS nav),224859.1,0.0,,0,-0,0.05,262.1,62,112,6,13,-118,-1,15.4,16,3.31,-0.64,0.019,0.996,-0.375,,320,,,,29.78,123.000,121.500,116.200,VOR2,,TRM,,160,347,,+0.65,,,,,,,,,,,,,,,,,,,-10.8,33.6,2138,,,,040007FF N100 N100 *,480017FF D92 N100,3.0,0.3,68,161,,1200,ALT,29.4,0,7,87,14,0.3,1.6,-4,88,86,12.8,-8,85,85,OIL PRESS,
2026-07-21,07:27:40,14:27:40,-07:00,+33.6362965,-116.1609144,-99,3D (GPS nav),224860.1,0.1,,0,-0,0.04,262.3,62,112,6,12,-118,-3,16.3,17,3.40,-0.49,-0.004,1.009,-0.356,,320,,,,29.78,123.000,121.500,116.200,VOR2,,TRM,,160,347,,+0.65,,,,,,,,,,,,,,,,,,,-10.8,33.6,2137,,,,040007FF N100 N100 *,480017FF D87 N100,1.0,0.3,71,149,,1200,ALT,29.2,340,19,85,14,1.2,2.7,-4,86,85,12.6,-8,85,85,OIL PRESS,
2026-07-21,07:27:41,14:27:41,-07:00,+33.6362977,-116.1609146,-99,3D (GPS nav),224861.1,0.0,,0,0,-0.04,262.3,62,112,6,12,-118,-3,16.6,17,3.36,-0.46,-0.037,1.014,-0.322,,320,,,,29.78,123.000,121.500,116.200,VOR2,,TRM,,160,347,,+0.66,,,,,,,,,,,,,,,,,,,-10.8,33.6,2137,,,,040007FF N100 N100 *,480017FF D99 N100,0.2,0.3,67,151,,1200,ALT,29.1,360,36,84,14,1.7,3.2,-4,85,84,12.6,-9,85,85,,
2026-07-21,07:27:42,14:27:42,-07:00,+33.6362991,-116.1609158,-100,3D (GPS nav),224862.1,0.1,,-0,0,0.02,262.4,62,112,6,12,-119,-3,15.6,16,3.43,-0.29,-0.008,1.000,-0.341,,320,,,,29.78,123.000,121.500,116.200,VOR2,,TRM,,160,347,,+0.66,,,,,,,,,,,,,,,,,,,-10.8,33.6,2137,,,,040007FF N100 N100 *,480017FF D99 N100,0.1,0.3,60,130,,1200,ALT,29.0,350,48,84,14,1.9,3.4,-4,85,84,12.5,-9,85,85,,
2026-07-21,07:27:43,14:27:43,-07:00,+33.6362991,-116.1609163,-100,3D (GPS nav),224863.1,0.0,,0,-0,0.03,262.3,62,112,6,12,-118,-0,14.6,15,3.37,-0.43,-0.001,0.999,-0.375,,320,,,,29.78,123.000,121.500,116.200,VOR2,,TRM,,160,347,,+0.66,,,,,,,,,,,,,,,,,,,-10.8,33.6,2137,,,,040007FF N100 N100 *,480017FF D99 N100,0.3,0.3,46,34,,1200,ALT,29.2,330,45,86,14,1.6,3.7,-4,87,87,12.7,-8,85,85,,
2026-07-21,07:27:44,14:27:44,-07:00,+33.6362999,-116.1609163,-100,3D (GPS nav),224864.1,0.1,,0,-0,0.07,262.4,62,112,6,13,-118,6,14.4,15,3.42,-0.33,-0.020,0.999,-0.390,,320,,,,29.78,123.000,121.500,116.200,VOR2,,TRM,,160,347,,+0.66,,,,,,,,,,,,,,,,,,,-10.8,33.6,2138,,,,040007FF N100 N100 *,480017FF D99 N99,0.4,0.3,40,39,,1200,ALT,29.5,330,33,89,14,1.1,3.5,-4,90,89,12.8,-8,85,85,,
2026-07-21,07:27:45,14:27:45,-07:00,+33.6363005,-116.1609163,-100,3D (GPS nav),224865.1,0.1,,-0,0,0.02,262.2,62,112,6,13,-118,14,14.0,14,3.35,-0.47,0.011,0.999,-0.397,,320,,,,29.78,123.000,121.500,116.200,VOR2,,TRM,,160,347,,+0.66,,,,,,,,,,,,,,,,,,,-10.8,33.6,2138,,,,040007FF N100 N100 *,480017FF D99 N98,0.5,0.2,18,28,,1200,ALT,29.6,40,20,90,14,0.8,2.9,-4,91,90,12.9,-7,85,85,,
2026-07-21,07:27:46,14:27:46,-07:00,+33.6363011,-116.1609172,-101,3D (GPS nav),224866.1,0.0,,-0,-0,0.03,262.2,62,112,6,13,-118,11,14.1,15,3.28,-0.57,-0.002,0.987,-0.399,,320,,,,29.78,123.000,121.500,116.200,VOR2,,TRM,,160,347,,+0.66,,,,,,,,,,,,,,,,,,,-10.8,33.6,2138,,,,040007FF N100 N100 *,480017FF D99 N97,0.5,0.2,18,17,,1200,ALT,29.7,0,14,91,14,0.5,1.9,-4,92,91,12.9,-7,85,85,,
2026-07-21,07:27:47,14:27:47,-07:00,+33.6363019,-116.1609177,-101,3D (GPS nav),224867.1,0.1,,-0,0,-0.02,262.4,62,112,6,13,-118,10,14.9,15,3.29,-0.37,-0.023,0.985,-0.342,,320,,,,29.78,123.000,121.500,116.200,VOR2,,TRM,,160,347,,+0.66,,,,,,,,,,,,,,,,,,,-10.8,33.6,2138,,,,040007FF N100 N100 *,480017FF D99 N93,0.5,0.2,91,102,,1200,ALT,29.6,0,12,90,14,0.2,1.4,-4,90,90,12.9,-7,85,85,,
2026-07-21,07:27:48,14:27:48,-07:00,+33.6363030,-116.1609186,-102,3D (GPS nav),224868.1,0.1,,-0,-0,0.10,262.4,62,112,6,12,-118,-8,15.2,16,3.40,-0.23,-0.000,0.999,-0.305,,320,,,,29.78,123.000,121.500,116.200,VOR2,,TRM,,160,347,,+0.66,,,,,,,,,,,,,,,,,,,-10.8,33.6,2137,,,,040007FF N100 N100 *,480017FF D99 N88,0.4,0.3,58,124,,1200,ALT,29.4,0,22,87,14,0.2,1.9,-4,88,88,12.7,-7,85,85,,
2026-07-21,07:27:49,14:27:49,-07:00,+33.6363038,-116.1609183,-102,3D (GPS nav),224869.1,0.1,,0,0,-0.02,262.1,62,112,6,12,-119,-22,16.0,16,3.37,-0.54,0.013,0.997,-0.276,,320,,,,29.78,123.000,121.500,116.200,VOR2,,TRM,,160,347,,+0.66,,,,,,,,,,,,,,,,,,,-10.8,33.6,2136,,,,040007FF N100 N100 *,480017FF D99 N82,0.5,0.3,34,46,,1200,ALT,29.4,0,27,88,14,0.4,1.9,-4,89,88,12.8,-7,85,85,,
2026-07-21,07:27:50,14:27:50,-07:00,+33.6363046,-116.1609183,-102,3D (GPS nav),224870.1,0.0,,-0,-0,0.09,262.4,62,112,6,12,-119,-15,16.8,17,3.37,-0.49,0.009,0.999,-0.231,,320,,,,29.78,123.000,121.500,116.200,VOR2,,TRM,,160,347,,+0.66,,,,,,,,,,,,,,,,,,,-10.8,33.6,2136,,,,040007FF N100 N100 *,480017FF D99 N77,0.5,0.3,32,37,,1200,ALT,29.6,0,24,90,14,0.5,1.3,-4,91,90,12.8,-7,85,85,,
2026-07-21,07:27:51,14:27:51,-07:00,+33.6363059,-116.1609180,-103,3D (GPS nav),224871.1,0.1,,0,0,-0.04,262.1,62,112,6,12,-119,-7,17.4,18,3.27,-0.42,0.030,1.005,-0.187,,320,,,,29.78,123.000,121.500,116.200,VOR2,,TRM,,160,347,,+0.66,,,,,,,,,,,,,,,,,,,-10.8,33.6,2136,,,,040007FF N100 N100 *,480017FF D99 N72,0.6,0.3,28,27,,1200,ALT,29.6,0,19,91,14,0.5,0.9,-4,92,91,12.9,-7,85,85,,
2026-07-21,07:27:52,14:27:52,-07:00,+33.6363072,-116.1609172,-104,3D (GPS nav),224872.1,0.1,,0,-0,0.04,262.2,62,112,6,11,-119,-13,15.8,16,3.36,-0.32,0.081,1.005,-0.189,,320,,,,29.78,123.000,121.500,116.200,VOR2,,TRM,,160,347,,+0.66,,,,,,,,,,,,,,,,,,,-10.8,33.6,2136,,,,040007FF N100 N100 *,480017FF D99 N67,0.5,0.3,80,60,,1200,ALT,29.7,0,15,91,14,0.3,0.6,-4,92,91,12.9,-7,85,85,,
2026-07-21,07:27:53,14:27:53,-07:00,+33.6363072,-116.1609163,-101,3D (GPS nav),224873.1,0.1,,0,0,-0.04,262.2,121,167,6,11,-120,-20,12.7,13,3.35,-0.42,-0.014,1.004,-0.473,,320,,,,29.78,123.000,121.500,116.200,VOR2,,TRM,,160,347,,+0.66,,,,,,,,,,,,,,,,,,,-10.8,33.6,2136,,,,040007FF N100 N100 *,480017FF N1 N63,0.5,0.3,73,140,,1200,ALT,29.2,0,22,88,14,0.2,1.6,-4,88,87,12.7,-7,85,85,,
2026-07-21,07:27:54,14:27:54,-07:00,+33.6363083,-116.1609157,-102,3D (GPS nav),224874.1,0.0,,0,0,-0.04,262.1,121,167,6,11,-120,-18,9.7,9,3.26,-0.42,0.030,0.993,-1.151,,320,,,,29.78,123.000,121.500,116.200,VOR2,,TRM,,160,347,,+0.65,,,,,,,,,,,,,,,,,,,-10.8,33.6,2136,,,,040007FF N100 N100 *,480017FF N5 N57,0.5,0.3,84,117,,1200,ALT,28.9,300,38,86,14,0.3,2.5,-4,86,86,12.6,-8,85,85,,
2026-07-21,07:27:55,14:27:55,-07:00,+33.6363091,-116.1609147,-103,3D (GPS nav),224875.1,0.1,,-0,0,-0.10,262.3,121,167,6,11,-120,-8,6.1,6,3.34,-0.45,0.028,0.995,-0.999,,320,,,,29.78,123.000,121.500,116.200,VOR2,,TRM,,160,347,,+0.65,,,,,,,,,,,,,,,,,,,-10.8,33.6,2137,,,,040007FF N100 N100 *,480017FF N9 N52,0.5,0.3,54,110,,1200,ALT,28.6,370,51,85,14,0.7,3.1,-4,85,85,12.5,-9,85,85,,
2026-07-21,07:27:56,14:27:56,-07:00,+33.6363105,-116.1609136,-103,3D (GPS nav),224876.1,0.0,,-0,-0,0.01,262.2,121,167,6,11,-120,-3,3.4,4,3.35,-0.46,-0.008,1.010,-1.229,,320,,,,29.78,123.000,121.500,116.200,VOR2,,TRM,,160,347,,+0.65,,,,,,,,,,,,,,,,,,,-10.8,33.6,2136,,,,040007FF N100 N100 *,480017FF N13 N47,0.5,0.3,48,115,,1200,ALT,28.6,370,59,84,14,0.9,3.4,-4,85,84,12.4,-9,85,85,,
2026-07-21,07:27:57,14:27:57,-07:00,+33.6363107,-116.1609100,-103,3D (GPS nav),224877.1,0.0,,-0,-0,0.05,262.1,121,167,6,12,-120,1,5.4,6,3.33,-0.60,0.016,1.010,-1.873,,320,,,,29.78,123.000,121.500,116.200,VOR2,,TRM,,160,347,,+0.65,,,,,,,,,,,,,,,,,,,-10.8,33.6,2136,,,,040007FF N100 N100 *,480017FF N17 N42,0.5,0.2,93,112,,1200,ALT,28.6,370,61,84,14,1.2,3.6,-4,85,84,12.4,-9,85,85,,
2026-07-21,07:27:58,14:27:58,-07:00,+33.6363114,-116.1609091,-104,3D (GPS nav),224878.1,0.0,,0,0,0.02,262.1,121,167,6,13,-119,15,8.0,8,3.21,-0.41,-0.017,1.002,-2.153,,320,,,,29.78,123.000,121.500,116.200,VOR2,,TRM,,160,347,,+0.66,,,,,,,,,,,,,,,,,,,-10.8,33.6,2137,,,,040007FF N100 N100 *,480017FF N21 N37,0.6,0.2,59,52,,1200,ALT,28.9,340,51,87,14,1.3,3.7,-4,88,87,12.6,-8,85,85,,
2026-07-21,07:27:59,14:27:59,-07:00,+33.6363116,-116.1609083,-105,3D (GPS nav),224879.1,0.0,,0,-0,-0.06,262.0,121,167,6,13,-118,29,11.3,12,3.21,-0.65,0.018,0.996,-2.113,,320,,,,29.78,123.000,121.500,116.200,VOR2,,TRM,,160,347,,+0.67,,,,,,,,,,,,,,,,,,,-10.8,33.6,2137,,,,040007FF N100 N100 *,480017FF N24 N31,0.6,0.3,35,34,,1200,ALT,29.3,340,36,89,14,1.0,3.5,-4,90,89,12.8,-8,85,85,,
2026-07-21,07:28:00,14:28:00,-07:00,+33.6363131,-116.1609097,-106,3D (GPS nav),224880.1,0.1,,-0,0,-0.07,262.1,121,167,6,13,-118,32,13.2,13,3.33,-0.42,-0.006,0.999,-1.454,,320,,,,29.78,123.000,121.500,116.200,VOR2,,TRM,,160,347,,+0.68,,,,,,,,,,,,,,,,,,,-10.8,33.6,2138,,,,040007FF N100 N100 *,480017FF N28 N27,0.6,0.2,22,29,,1200,ALT,29.5,50,25,90,14,0.8,2.8,-4,91,90,12.8,-7,85,85,,
2026-07-21,07:28:01,14:28:01,-07:00,+33.6363136,-116.1609091,-107,3D (GPS nav),224881.1,0.1,,0,0,0.04,262.1,121,167,6,12,-118,13,13.5,13,3.24,-0.55,-0.001,1.004,-0.277,,320,,,,29.78,123.000,121.500,116.200,VOR2,,TRM,,160,347,,+0.68,,,,,,,,,,,,,,,,,,,-10.8,33.6,2137,,,,040007FF N100 N100 *,480017FF N32 N22,0.6,0.3,41,39,,1200,ALT,29.6,0,17,91,14,0.5,1.9,-4,92,91,12.9,-7,85,85,,
2026-07-21,07:28:02,14:28:02,-07:00,+33.6363074,-116.1608886,-105,3D (GPS nav),224882.1,0.0,,-0,0,0.08,262.0,108,167,7,13,-118,6,14.1,14,3.28,-0.60,0.006,1.006,+0.344,,320,,,,29.78,123.000,121.500,116.200,VOR2,,TRM,,160,347,,+0.68,,,,,,,,,,,,,,,,,,,-10.8,33.6,2138,,,,040007FF N100 N100 *,480017FF N36 N17,0.6,0.2,16,23,,1200,ALT,29.7,0,13,91,14,0.3,1.2,-4,93,92,12.9,-7,85,85,,
2026-07-21,07:28:03,14:28:03,-07:00,+33.6363091,-116.1608908,-106,3D (GPS nav),224883.1,0.1,,0,0,-0.07,262.0,108,167,7,13,-118,3,14.6,15,3.22,-0.63,0.009,0.999,+0.627,,320,,,,29.78,123.000,121.500,116.200,VOR2,,TRM,,160,347,,+0.68,,,,,,,,,,,,,,,,,,,-10.8,33.6,2137,,,,040007FF N100 N100 *,480017FF N40 N12,0.6,0.2,10,15,,1200,ALT,29.7,0,10,91,14,0.1,0.8,-4,93,92,12.9,-7,85,85,,
2026-07-21,07:28:04,14:28:04,-07:00,+33.6363066,-116.1608933,-108,3D (GPS nav),224884.1,0.0,,0,0,-0.03,262.0,108,167,7,12,-118,-2,15.5,16,3.34,-0.69,0.025,0.995,+0.712,,320,,,,29.78,123.000,121.500,116.200,VOR2,,TRM,,160,347,,+0.68,,,,,,,,,,,,,,,,,,,-10.8,33.6,2136,,,,040007FF N100 N100 *,480017FF N44 N10,0.5,0.2,56,41,,1200,ALT,29.7,0,8,91,14,0.1,1.2,-4,93,92,12.9,-7,85,85,,
2026-07-21,07:28:05,14:28:05,-07:00,+33.6363074,-116.1608935,-109,3D (GPS nav),224885.1,0.1,,0,-0,0.04,262.0,108,167,7,13,-118,-2,16.2,17,3.38,-0.69,0.015,1.000,+0.682,,320,,,,29.78,123.000,121.500,116.200,VOR2,,TRM,,160,347,,+0.68,,,,,,,,,,,,,,,,,,,-10.8,33.6,2136,,,,040007FF N100 N100 *,480017FF N48 N9,0.6,0.3,27,37,,1200,ALT,29.7,0,6,91,14,0.0,2.8,-4,93,92,12.9,-7,85,85,OIL PRESS,
2026-07-21,07:28:06,14:28:06,-07:00,+33.6363183,-116.1608941,-116,3D (GPS nav),224886.1,0.1,,0,0,0.05,261.9,125,213,7,12,-118,-5,16.3,17,3.27,-0.59,-0.026,1.014,+0.599,,320,,,,29.78,123.000,121.500,116.200,VOR2,,TRM,,160,347,,+0.68,,,,,,,,,,,,,,,,,,,-10.8,33.6,2136,,,,020007FF N100 N100 *,480017FF N52 N7,0.6,0.2,60,29,,1200,ALT,29.7,0,6,91,14,0.0,3.8,-4,93,92,13.0,-7,85,85,OIL PRESS,
2026-07-21,07:28:07,14:28:07,-07:00,+33.6363188,-116.1608936,-116,3D (GPS nav),224887.1,0.1,,-0,0,-0.04,262.1,125,213,7,12,-119,-14,15.4,16,3.25,-0.42,-0.033,1.023,+0.462,,320,,,,29.78,123.000,121.500,116.200,VOR2,,TRM,,160,347,,+0.67,,,,,,,,,,,,,,,,,,,-10.8,33.6,2135,,,,040007FF N100 N100 *,480017FF N56 N5,0.7,0.3,113,126,,1200,ALT,29.4,0,10,88,14,0.0,4.0,-4,90,89,12.8,-7,85,85,OIL PRESS,
2026-07-21,07:28:08,14:28:08,-07:00,+33.6363180,-116.1608932,-115,3D (GPS nav),224888.1,0.1,,0,-0,0.11,261.8,125,213,7,12,-119,-19,13.1,13,3.28,-0.56,-0.001,1.022,+0.205,,320,,,,29.78,123.000,121.500,116.200,VOR2,,TRM,,160,347,,+0.66,,,,,,,,,,,,,,,,,,,-10.8,33.6,2135,,,,040007FF N100 N100 *,480017FF N60 N4,0.7,0.3,115,119,,1200,ALT,29.2,280,31,86,14,0.4,3.9,-4,87,86,12.6,-8,85,85,,
2026-07-21,07:28:09,14:28:09,-07:00,+33.6363188,-116.1608908,-116,3D (GPS nav),224889.1,0.1,,0,0,-0.06,262.0,125,213,7,12,-119,-9,10.5,11,3.43,-0.56,0.003,0.995,-0.090,,320,,,,29.78,123.000,121.500,116.200,VOR2,,TRM,,160,347,,+0.66,,,,,,,,,,,,,,,,,,,-10.8,33.6,2136,,,,040007FF N100 N100 *,480017FF N64 N2,0.5,0.2,61,149,,1200,ALT,29.1,370,42,86,14,1.0,3.7,-4,87,87,12.6,-8,85,85,,
2026-07-21,07:28:10,14:28:10,-07:00,+33.6363197,-116.1608903,-116,3D (GPS nav),224890.1,0.0,,0,0,0.03,262.0,125,213,7,13,-119,4,7.5,8,3.42,-0.41,0.007,0.997,-0.540,,320,,,,29.78,123.000,121.500,116.200,VOR2,,TRM,,160,347,,+0.66,,,,,,,,,,,,,,,,,,,-10.8,33.6,2137,,,,040007FF N100 N100 *,480017FF N68 N0,0.5,0.2,23,25,,1200,ALT,29.3,380,37,88,14,1.3,2.7,-4,90,89,12.8,-8,85,85,,
2026-07-21,07:28:11,14:28:11,-07:00,+33.6363203,-116.1608888,-116,3D (GPS nav),224891.1,0.0,,0,0,-0.01,261.8,125,213,7,13,-118,20,8.2,8,3.28,-0.69,-0.006,1.016,-0.963,,320,,,,29.78,123.000,121.500,116.200,VOR2,,TRM,,160,347,,+0.66,,,,,,,,,,,,,,,,,,,-10.8,33.6,2137,,,,040007FF N100 N100 *,480017FF N72 D97,0.6,0.2,92,93,,1200,ALT,29.4,340,30,88,14,1.3,2.1,-4,90,88,12.8,-8,85,85,,
2026-07-21,07:28:12,14:28:12,-07:00,+33.6363228,-116.1608913,-118,3D (GPS nav),224892.1,0.0,,-0,0,0.03,262.0,125,213,7,11,-119,4,9.6,10,3.24,-0.53,0.057,0.994,-1.125,,320,,,,29.78,123.000,121.500,116.200,VOR2,,TRM,,160,347,,+0.66,,,,,,,,,,,,,,,,,,,-10.8,33.6,2136,,,,040007FF N100 N100 *,480017FF N75 D92,0.6,0.3,78,111,,1200,ALT,29.0,370,38,86,14,1.3,2.5,-4,88,86,12.7,-8,85,85,,
2026-07-21,07:28:13,14:28:13,-07:00,+33.6363235,-116.1608911,-119,3D (GPS nav),224893.1,0.0,,-0,-0,0.01,262.0,125,213,7,10,-120,-24,10.9,11,3.30,-0.42,-0.005,1.002,-1.120,,320,,,,29.78,123.000,121.500,116.200,VOR2,,TRM,,160,347,,+0.66,,,,,,,,,,,,,,,,,,,-10.8,33.6,2134,,,,040007FF N100 N100 *,480017FF N79 D89,0.5,0.3,93,117,,1200,ALT,28.6,380,50,85,14,1.4,3.0,-4,86,85,12.6,-8,90,85,,
2026-07-21,07:28:14,14:28:14,-07:00,+33.6363228,-116.1608908,-118,3D (GPS nav),224894.1,0.0,,0,0,-0.01,262.0,125,213,7,11,-120,-30,11.9,12,3.20,-0.44,0.126,1.013,-1.012,,320,,,,29.78,123.000,121.500,116.200,VOR2,,TRM,,160,347,,+0.65,,,,,,,,,,,,,,,,,,,-10.8,33.6,2134,,,,040007FF N100 N100 *,480017FF N83 D92,0.6,0.3,349,202,,1200,ALT,28.5,490,58,84,14,1.8,3.4,-4,85,85,12.6,-9,90,85,,
2026-07-21,07:28:15,14:28:15,-07:00,+33.6363214,-116.1608886,-115,3D (GPS nav),224895.1,0.0,,-0,0,-0.10,261.8,125,213,7,11,-120,-25,13.1,13,3.22,-0.57,0.039,1.003,-0.769,,320,,,,29.78,123.000,121.500,116.200,VOR2,,TRM,,160,347,,+0.65,,,,,,,,,,,,,,,,,,,-10.8,33.6,2134,,,,040007FF N100 N100 *,480017FF N87 D99,0.5,0.3,106,235,,1200,ALT,28.2,450,61,85,14,2.7,3.4,-4,86,86,12.6,-9,90,85,,
2026-07-21,07:28:16,14:28:16,-07:00,+33.6363219,-116.1608882,-115,3D (GPS nav),224896.1,0.0,,0,-0,0.08,261.9,125,213,7,11,-120,-8,14.7,15,3.25,-0.66,0.020,0.990,-0.534,,320,,,,29.78,123.000,121.500,116.200,VOR2,,TRM,,161,347,,+0.64,,,,,,,,,,,,,,,,,,,-10.8,33.6,2134,,,,040007FF N100 N100 *,480017FF N91 D99,0.6,0.3,48,36,,1200,ALT,28.6,350,49,88,14,2.3,3.6,-4,89,88,12.7,-8,90,85,,
2026-07-21,07:28:17,14:28:17,-07:00,+33.6363221,-116.1608880,-114,3D (GPS nav),224897.1,0.1,,0,-0,0.07,261.7,125,213,7,11,-120,-1,15.9,16,3.19,-0.64,-0.000,0.997,-0.352,,320,,,,29.78,123.000,121.500,116.200,VOR2,,TRM,,161,347,,+0.64,,,,,,,,,,,,,,,,,,,-10.8,33.6,2134,,,,040007FF N100 N100 *,480017FF N95 D99,0.7,0.3,71,119,,1200,ALT,28.7,360,44,87,14,1.6,3.6,-4,88,87,12.7,-8,95,85,,
2026-07-21,07:28:18,14:28:18,-07:00,+33.6363221,-116.1608883,-114,3D (GPS nav),224898.1,0.1,,-0,-0,0.05,261.7,125,213,7,11,-120,-1,16.5,17,3.10,-0.69,-0.010,1.023,-0.207,,320,,,,29.78,123.000,121.500,116.200,VOR2,,TRM,,160,347,,+0.65,,,,,,,,,,,,,,,,,,,-10.8,33.6,2133,,,,040007FF N100 N100 *,480017FF N99 D99,0.8,0.3,102,115,,1200,ALT,28.6,370,50,86,14,1.5,3.7,-4,86,86,12.6,-8,95,85,,
2026-07-21,07:28:19,14:28:19,-07:00,+33.6363224,-116.1608886,-113,3D (GPS nav),224899.1,0.1,,0,-0,0.08,261.8,125,213,7,11,-120,-1,17.0,18,3.21,-0.39,-0.011,0.997,-0.100,,320,,,,29.78,123.000,121.500,116.200,VOR2,,TRM,,160,347,,+0.66,,,,,,,,,,,,,,,,,,,-10.8,33.6,2133,,,,040007FF N100 N100 *,480017FF N100 D99,0.7,0.4,45,111,,1200,ALT,28.4,380,57,85,14,1.5,3.7,-4,86,85,12.6,-9,95,85,,
2026-07-21,07:28:20,14:28:20,-07:00,+33.6363245,-116.1608891,-114,3D (GPS nav),224900.1,0.1,,0,0,0.02,261.9,125,213,7,10,-121,-11,15.4,16,3.25,-0.53,0.046,0.987,-0.053,,320,,,,29.78,123.000,121.500,116.200,VOR2,,TRM,,160,347,,+0.66,,,,,,,,,,,,,,,,,,,-10.8,33.6,2133,,,,040007FF N100 N100 *,480017FF N100 D99,0.6,0.4,93,112,,1200,ALT,28.1,380,61,84,14,1.5,3.7,-4,85,84,12.5,-9,95,85,,
2026-07-21,07:28:21,14:28:21,-07:00,+33.6363266,-116.1608916,-116,3D (GPS nav),224901.1,0.1,,0,0,0.02,261.9,125,213,7,10,-121,-14,13.8,14,3.26,-0.45,-0.030,1.047,-0.095,,320,,,,29.78,123.000,121.500,116.200,VOR2,,TRM,,160,347,,+0.66,,,,,,,,,,,,,,,,,,,-10.8,33.6,2133,,,,040007FF N100 N100 *,480017FF N100 D99,0.6,0.4,271,291,,1200,ALT,28.5,410,63,84,14,1.8,3.7,-4,85,84,12.5,-9,95,85,,
2026-07-21,07:28:22,14:28:22,-07:00,+33.6363277,-116.1608897,-123,3DDiff (GPS nav),224902.1,0.0,,-0,0,-0.04,261.8,62,102,7,11,-121,-8,13.0,13,3.16,-0.52,0.023,1.009,-0.510,,320,,,,29.78,123.000,121.500,116.200,VOR2,,TRM,,160,347,,+0.66,,,,,,,,,,,,,,,,,,,-10.8,33.6,2134,,,,020007FF N100 N100 *,480017FF N100 D99,0.7,0.4,123,279,,1200,ALT,29.0,400,64,84,14,2.5,3.7,-4,85,84,12.5,-9,95,85,,
2026-07-21,07:28:23,14:28:23,-07:00,+33.6363286,-116.1608903,-123,3DDiff (GPS nav),224903.1,0.1,,0,0,-0.05,261.8,62,102,7,10,-121,-1,12.8,13,3.14,-0.52,-0.013,1.012,-0.764,,320,,,,29.78,123.000,121.500,116.200,VOR2,,TRM,,160,347,,+0.66,,,,,,,,,,,,,,,,,,,-10.8,33.6,2134,,,,040007FF N100 N100 *,480017FF N100 D99,0.8,0.3,94,125,,1200,ALT,29.0,390,65,84,14,2.6,3.5,-4,85,84,12.5,-9,105,85,,
2026-07-21,07:28:24,14:28:24,-07:00,+33.6363294,-116.1608908,-124,3DDiff (GPS nav),224904.1,0.0,,0,0,-0.06,261.6,62,102,7,10,-121,-2,11.9,12,3.10,-0.59,0.015,1.001,-0.891,,320,,,,29.78,123.000,121.500,116.200,VOR2,,TRM,,160,347,,+0.66,,,,,,,,,,,,,,,,,,,-10.8,33.6,2134,,,,040007FF N100 N100 *,480017FF N100 D99,0.8,0.4,65,107,,1200,ALT,28.4,380,64,84,14,2.3,3.5,-4,85,85,12.5,-9,110,85,,
2026-07-21,07:28:25,14:28:25,-07:00,+33.6363300,-116.1608911,-125,3DDiff (GPS nav),224905.1,0.1,,0,0,0.07,261.8,62,102,7,10,-121,-1,11.9,12,3.14,-0.56,0.008,0.999,-0.882,,320,,,,29.78,123.000,121.500,116.200,VOR2,,TRM,,160,347,,+0.66,,,,,,,,,,,,,,,,,,,-10.8,33.6,2133,,,,040007FF N100 N100 *,480017FF N100 D99,0.8,0.3,13,31,,1200,ALT,28.6,380,52,87,14,1.7,3.7,-4,88,87,12.6,-9,115,85,,
2026-07-21,07:28:26,14:28:26,-07:00,+33.6363291,-116.1608906,-123,3DDiff (GPS nav),224906.1,0.1,,-0,-0,-0.02,261.9,62,102,7,11,-120,5,11.1,11,3.28,-0.47,0.028,0.989,-0.872,,320,,,,29.78,123.000,121.500,116.200,VOR2,,TRM,,160,347,,+0.67,,,,,,,,,,,,,,,,,,,-10.8,33.6,2134,,,,040007FF N100 N100 *,480017FF N100 N1,0.7,0.3,90,64,,1200,ALT,29.1,270,36,88,14,1.1,3.6,-4,89,88,12.7,-8,120,85,,
2026-07-21,07:28:27,14:28:27,-07:00,+33.6363266,-116.1608902,-120,3DDiff (GPS nav),224907.1,0.0,,0,0,0.05,261.7,62,102,7,12,-120,19,12.2,12,3.17,-0.73,0.005,1.003,-0.827,,320,,,,29.78,123.000,121.500,116.200,VOR2,,TRM,,160,347,,+0.67,,,,,,,,,,,,,,,,,,,-10.8,33.6,2135,,,,040007FF N100 N100 *,480017FF N100 N4,0.8,0.3,63,123,,1200,ALT,29.1,370,39,87,14,1.0,3.5,-4,88,87,12.6,-8,120,85,,
2026-07-21,07:28:28,14:28:28,-07:00,+33.6363266,-116.1608902,-119,3DDiff (GPS nav),224908.1,0.0,,0,0,-0.03,261.9,62,102,7,12,-119,22,13.2,14,3.26,-0.39,-0.001,1.015,-0.716,,320,,,,29.78,123.000,121.500,116.200,VOR2,,TRM,,160,347,,+0.67,,,,,,,,,,,,,,,,,,,-10.8,33.6,2135,,,,040007FF N100 N100 *,480017FF N100 N7,0.7,0.4,102,109,,1200,ALT,28.9,380,56,85,14,1.2,3.4,-4,86,86,12.5,-8,120,85,,
2026-07-21,07:28:29,14:28:29,-07:00,+33.6363266,-116.1608903,-119,3DDiff (GPS nav),224909.1,0.0,,-0,0,0.02,261.9,62,102,7,11,-120,11,14.0,14,3.27,-0.46,0.061,0.999,-0.622,,320,,,,29.78,123.000,121.500,116.200,VOR2,,TRM,,160,347,,+0.67,,,,,,,,,,,,,,,,,,,-10.8,33.6,2135,,,,040007FF N100 N100 *,480017FF N100 N11,0.7,0.4,55,109,,1200,ALT,28.7,380,62,85,14,1.4,3.5,-4,86,85,12.5,-9,120,85,,
2026-07-21,07:28:30,14:28:30,-07:00,+33.6363266,-116.1608903,-119,3DDiff (GPS nav),224910.1,0.0,,-0,-0,0.05,261.9,62,102,7,10,-120,-7,14.1,15,3.20,-0.55,0.010,0.983,-0.517,,320,,,,29.78,123.000,121.500,116.200,VOR2,,TRM,,160,347,,+0.67,,,,,,,,,,,,,,,,,,,-10.8,33.6,2135,,,,040007FF N100 N100 *,480017FF N100 N14,0.7,0.4,92,115,,1200,ALT,28.6,380,64,84,14,1.5,3.5,-4,85,85,12.5,-9,120,85,,
2026-07-21,07:28:31,14:28:31,-07:00,+33.6363266,-116.1608903,-117,3DDiff (GPS nav),224911.1,0.0,,0,-0,0.00,261.9,62,102,7,12,-120,-7,15.8,16,3.24,-0.63,-0.006,0.996,-0.418,,320,,,,29.78,123.000,121.500,116.200,VOR2,,TRM,,160,347,,+0.66,,,,,,,,,,,,,,,,,,,-10.8,33.6,2135,,,,040007FF N100 N100 *,480017FF N100 N18,0.7,0.4,64,120,,1200,ALT,28.7,380,64,84,14,1.6,3.6,-4,85,85,12.5,-9,120,85,,
2026-07-21,07:28:32,14:28:32,-07:00,+33.6363306,-116.1608903,-120,3DDiff (GPS nav),224912.1,0.1,,-0,0,-0.03,262.1,62,98,8,11,-119,7,14.7,15,3.36,-0.38,-0.031,0.994,-0.407,,320,,,,29.78,123.000,121.500,116.200,VOR2,,TRM,,160,347,,+0.66,,,,,,,,,,,,,,,,,,,-10.8,33.6,2136,,,,040007FF N100 N100 *,480017FF N100 N21,0.7,0.3,85,117,,1200,ALT,28.8,380,65,84,14,1.8,3.5,-4,85,85,12.5,-9,120,85,,
2026-07-21,07:28:33,14:28:33,-07:00,+33.6363336,-116.1608908,-122,3DDiff (GPS nav),224913.1,0.0,,-0,0,-0.01,261.9,62,98,8,10,-120,-7,12.8,13,3.23,-0.34,0.007,1.002,-0.687,,320,,,,29.78,123.000,121.500,116.200,VOR2,,TRM,,160,347,,+0.67,,,,,,,,,,,,,,,,,,,-10.8,33.6,2136,,,,040007FF N100 N100 *,480017FF N100 N24,0.8,0.4,19,41,,1200,ALT,29.0,370,55,86,14,1.6,3.7,-4,87,87,12.6,-9,120,85,,
2026-07-21,07:28:34,14:28:34,-07:00,+33.6363342,-116.1608911,-122,3DDiff (GPS nav),224914.1,0.0,,-0,0,-0.09,261.9,62,98,8,10,-121,-22,7.3,8,3.21,-0.44,0.002,1.002,-0.852,,320,,,,29.78,123.000,121.500,116.200,VOR2,,TRM,,160,347,,+0.67,,,,,,,,,,,,,,,,,,,-10.8,33.6,2136,,,,040007FF N100 N100 *,480017FF N100 N27,0.8,0.3,29,24,,1200,ALT,29.3,370,40,89,14,1.3,3.8,-4,90,89,12.7,-8,115,85,,
2026-07-21,07:28:35,14:28:35,-07:00,+33.6363344,-116.1608911,-122,3DDiff (GPS nav),224915.1,0.1,,0,-0,0.04,262.0,62,98,8,10,-121,-21,2.6,3,3.35,-0.42,0.007,0.999,-0.486,,320,,,,29.78,123.000,121.500,116.200,VOR2,,TRM,,160,347,,+0.68,,,,,,,,,,,,,,,,,,,-10.8,33.6,2136,,,,040007FF N100 N100 *,480017FF N100 N31,0.8,0.4,14,11,,1200,ALT,29.5,70,25,90,14,1.0,3.2,-4,91,91,12.8,-7,115,85,,
2026-07-21,07:28:36,14:28:36,-07:00,+33.6363350,-116.1608913,-122,3DDiff (GPS nav),224916.1,0.0,,0,0,-0.05,262.0,62,102,8,10,-121,-15,2.8,3,3.37,-0.54,0.008,0.999,-0.544,,320,,,,29.78,123.000,121.500,116.200,VOR2,,TRM,,160,347,,+0.68,,,,,,,,,,,,,,,,,,,-10.8,33.6,2136,,,,040007FF N100 N100 *,480017FF N100 N35,0.8,0.4,14,18,,1200,ALT,29.6,10,17,91,14,0.7,2.2,-4,92,92,12.9,-7,115,85,,
2026-07-21,07:28:37,14:28:37,-07:00,+33.6363355,-116.1608917,-123,3DDiff (GPS nav),224917.1,0.0,,-0,0,-0.08,262.0,62,102,8,10,-121,-5,5.1,5,3.30,-0.54,0.008,1.002,-0.646,,320,,,,29.78,123.000,121.500,116.200,VOR2,,TRM,,160,347,,+0.67,,,,,,,,,,,,,,,,,,,-10.8,33.6,2136,,,,040007FF N100 N100 *,480017FF N100 N38,0.8,0.3,16,13,,1200,ALT,29.7,0,11,92,14,0.4,1.3,-4,93,92,12.9,-7,115,85,,
2026-07-21,07:28:38,14:28:38,-07:00,+33.6363344,-116.1608911,-121,3DDiff (GPS nav),224918.1,0.0,,-0,0,-0.01,261.9,62,98,8,11,-120,9,8.9,9,3.27,-0.60,0.015,0.997,-0.678,,320,,,,29.78,123.000,121.500,116.200,VOR2,,TRM,,160,347,,+0.67,,,,,,,,,,,,,,,,,,,-10.8,33.6,2137,,,,040007FF N100 N100 *,480017FF N100 N41,0.8,0.3,12,13,,1200,ALT,29.7,0,8,92,14,0.2,0.8,-4,93,93,12.9,-7,115,85,,
2026-07-21,07:28:39,14:28:39,-07:00,+33.6363311,-116.1608908,-118,3DDiff (GPS nav),224919.1,0.0,,-0,0,0.01,262.1,62,98,8,10,-120,11,12.0,12,3.33,-0.48,-0.002,1.000,-0.660,,320,,,,29.78,123.000,121.500,116.200,VOR2,,TRM,,160,347,,+0.68,,,,,,,,,,,,,,,,,,,-10.8,33.6,2137,,,,040007FF N100 N100 *,480017FF N100 N44,0.8,0.3,13,11,,1200,ALT,29.7,0,7,92,14,0.1,0.6,-4,93,93,12.9,-7,115,85,,
2026-07-21,07:28:40,14:28:40,-07:00,+33.6363308,-116.1608908,-117,3DDiff (GPS nav),224920.1,0.0,,0,0,-0.03,262.1,62,98,8,10,-121,3,14.2,15,3.37,-0.49,0.011,0.998,-0.603,,320,,,,29.78,123.000,121.500,116.200,VOR2,,TRM,,160,347,,+0.68,,,,,,,,,,,,,,,,,,,-10.8,33.6,2136,,,,040007FF N100 N100 *,480017FF N100 N47,0.8,0.3,9,12,,1200,ALT,29.7,0,5,92,14,0.1,0.4,-4,93,93,12.9,-7,115,85,OIL PRESS,
2026-07-21,07:28:41,14:28:41,-07:00,+33.6363308,-116.1608911,-117,3DDiff (GPS nav),224921.1,0.0,,-0,0,-0.06,262.2,62,98,8,10,-121,-2,15.8,16,3.36,-0.53,0.007,1.003,-0.539,,320,,,,29.78,123.000,121.500,116.200,VOR2,,TRM,,160,347,,+0.68,,,,,,,,,,,,,,,,,,,-10.8,33.6,2136,,,,040007FF N100 N100 *,480017FF N100 N51,0.8,0.3,26,24,,1200,ALT,29.7,0,5,92,14,0.0,0.4,-4,93,93,12.9,-7,115,85,OIL PRESS,
2026-07-21,07:28:42,14:28:42,-07:00,+33.6363305,-116.1608910,-116,3DDiff (GPS nav),224922.1,0.1,,0,0,0.02,262.0,62,98,8,11,-120,4,16.5,17,3.23,-0.49,0.005,1.001,-0.486,,320,,,,29.78,123.000,121.500,116.200,VOR2,,TRM,,160,347,,+0.68,,,,,,,,,,,,,,,,,,,-10.8,33.6,2136,,,,040007FF N100 N100 *,480017FF N100 N55,0.9,0.3,31,27,,1200,ALT,29.7,0,4,92,14,0.0,0.3,-4,93,93,13.0,-7,115,85,OIL PRESS,
2026-07-21,07:28:43,14:28:43,-07:00,+33.6363305,-116.1608911,-116,3DDiff (GPS nav),224923.1,0.1,,0,-0,0.01,262.0,62,102,8,10,-121,-1,15.6,16,3.31,-0.49,0.015,1.003,-0.238,,320,,,,29.78,123.000,121.500,116.200,VOR2,,TRM,,160,347,,+0.68,,,,,,,,,,,,,,,,,,,-10.8,33.6,2136,,,,040007FF N100 N100 *,480017FF N100 N58,0.8,0.3,23,21,,1200,ALT,29.7,0,4,92,14,0.0,0.3,-4,93,93,13.0,-7,110,85,OIL PRESS,
2026-07-21,07:28:44,14:28:44,-07:00,+33.6363319,-116.1608919,-117,3DDiff (GPS nav),224924.1,0.0,,0,-0,0.01,262.2,62,98,8,9,-121,-15,10.7,11,3.37,-0.62,0.009,1.002,+3.396,,320,,,,29.78,123.000,121.500,116.200,VOR2,,TRM,,160,347,,+0.69,,,,,,,,,,,,,,,,,,,-10.8,33.6,2136,,,,040007FF N100 N100 *,480017FF N100 N61,0.8,0.2,24,32,,1200,ALT,29.7,0,4,92,14,0.0,0.3,-4,93,93,13.0,-7,110,85,OIL PRESS,
2026-07-21,07:28:45,14:28:45,-07:00,+33.6363349,-116.1608922,-120,3DDiff (GPS nav),224925.1,0.0,,0,-0,0.06,262.1,62,98,8,9,-121,-17,8.1,8,3.43,-0.54,0.009,0.996,+5.833,,320,,,,29.78,123.000,121.500,116.200,VOR2,,TRM,,160,347,,+0.69,,,,,,,,,,,,,,,,,,,-10.8,33.6,2137,,,,040007FF N100 N100 *,480017FF N100 N64,0.8,0.3,20,27,,1200,ALT,29.7,0,4,92,14,0.0,0.3,-4,93,93,13.0,-7,110,85,OIL PRESS,
2026-07-21,07:28:46,14:28:46,-07:00,+33.6363352,-116.1608922,-120,3DDiff (GPS nav),224926.1,0.0,,0,-0,0.04,262.2,62,98,8,9,-121,-12,8.8,9,3.34,-0.39,0.000,1.001,+6.452,,320,,,,29.78,123.000,121.500,116.200,VOR2,,TRM,,160,347,,+0.69,,,,,,,,,,,,,,,,,,,-10.8,33.6,2136,,,,040007FF N100 N100 *,480017FF N100 N67,0.8,0.4,18,24,,1200,ALT,29.7,0,3,92,14,0.0,0.3,-4,93,93,13.0,-7,110,85,OIL PRESS,
2026-07-21,07:28:47,14:28:47,-07:00,+33.6363355,-116.1608922,-121,3DDiff (GPS nav),224927.1,0.1,,-0,0,-0.07,262.0,62,98,8,10,-121,-4,10.4,11,3.28,-0.58,-0.002,0.995,+5.995,,320,,,,29.78,123.000,121.500,116.200,VOR2,,TRM,,160,347,,+0.69,,,,,,,,,,,,,,,,,,,-10.8,33.6,2136,,,,040007FF N100 N100 *,480017FF N100 N71,0.8,0.3,23,18,,1200,ALT,29.7,0,3,92,14,0.0,0.3,-4,93,93,13.0,-7,110,85,OIL PRESS,
2026-07-21,07:28:48,14:28:48,-07:00,+33.6363358,-116.1608924,-121,3DDiff (GPS nav),224928.1,0.0,,0,0,-0.05,262.0,62,98,8,10,-121,3,13.2,14,3.28,-0.50,0.013,0.997,+4.997,,320,,,,29.78,123.000,121.500,116.200,VOR2,,TRM,,160,347,,+0.69,,,,,,,,,,,,,,,,,,,-10.8,33.6,2136,,,,040007FF N100 N100 *,480017FF N100 N75,0.8,0.3,30,27,,1200,ALT,29.7,0,3,92,14,0.0,0.3,-4,93,93,13.0,-7,110,85,OIL PRESS,
2026-07-21,07:28:49,14:28:49,-07:00,+33.6363361,-116.1608924,-121,3DDiff (GPS nav),224929.1,0.0,,-0,0,0.11,262.0,62,98,8,11,-120,18,15.7,16,3.26,-0.63,0.018,1.001,+3.810,,320,,,,29.78,123.000,121.500,116.200,VOR2,,TRM,,160,347,,+0.69,,,,,,,,,,,,,,,,,,,-10.8,33.6,2136,,,,040007FF N100 N100 *,480017FF N100 N78,0.9,0.3,19,21,,1200,ALT,29.7,0,3,92,14,0.0,0.3,-4,93,93,13.0,-7,110,85,OIL PRESS,
2026-07-21,07:28:50,14:28:50,-07:00,+33.6363349,-116.1608916,-120,3DDiff (GPS nav),224930.1,0.0,,0,-0,0.05,262.1,62,98,8,10,-120,15,15.3,16,3.42,-0.52,0.005,1.007,+2.626,,320,,,,29.78,123.000,121.500,116.200,VOR2,,TRM,,160,347,,+0.69,,,,,,,,,,,,,,,,,,,-10.8,33.6,2137,,,,040007FF N100 N100 *,480017FF N100 N81,0.8,0.3,91,105,,1200,ALT,29.4,0,6,90,14,0.0,0.7,-4,91,91,12.9,-7,110,85,OIL PRESS,
2026-07-21,07:28:51,14:28:51,-07:00,+33.6363313,-116.1608913,-117,3DDiff (GPS nav),224931.1,0.0,,-0,0,0.04,262.2,62,98,8,11,-120,14,15.0,15,3.39,-0.41,-0.026,1.015,+1.590,,320,,,,29.78,123.000,121.500,116.200,VOR2,,TRM,,160,347,,+0.68,,,,,,,,,,,,,,,,,,,-10.8,33.6,2138,,,,040007FF N100 N100 *,480017FF N100 N84,0.8,0.3,92,112,,1200,ALT,28.6,0,24,88,14,0.0,1.7,-4,89,88,12.7,-8,110,85,OIL PRESS,
2026-07-21,07:28:52,14:28:52,-07:00,+33.6363214,-116.1608905,-109,3DDiff (GPS nav),224932.1,0.1,,-0,0,-0.04,261.9,43,62,9,11,-120,15,14.9,15,3.35,-0.56,0.049,0.992,+0.790,,320,,,,29.78,123.000,121.500,116.200,VOR2,,TRM,,160,347,,+0.68,,,,,,,,,,,,,,,,,,,-10.8,33.6,2138,,,,020007FF N100 N100 *,480017FF N100 N88,0.7,0.3,61,116,,1200,ALT,28.0,350,43,86,14,0.5,2.7,-4,87,87,12.6,-8,110,85,,
2026-07-21,07:28:53,14:28:53,-07:00,+33.6363219,-116.1608903,-110,3DDiff (GPS nav),224933.1,0.1,,0,0,-0.05,262.2,43,62,9,12,-119,19,14.2,15,3.33,-0.68,-0.003,1.004,+0.235,,320,,,,29.78,123.000,121.500,116.200,VOR2,,TRM,,160,347,,+0.67,,,,,,,,,,,,,,,,,,,-10.8,33.6,2139,,,,040007FF N100 N100 *,480017FF N100 N91,0.7,0.4,71,70,,1200,ALT,28.0,370,48,86,14,0.8,3.2,-4,87,88,12.6,-8,110,85,,
2026-07-21,07:28:54,14:28:54,-07:00,+33.6363222,-116.1608903,-110,3DDiff (GPS nav),224934.1,0.1,,-0,0,0.00,262.0,43,62,9,14,-118,39,13.7,14,3.44,-0.30,0.005,1.003,-0.102,,320,,,,29.78,123.000,121.500,116.200,VOR2,,TRM,,160,347,,+0.67,,,,,,,,,,,,,,,,,,,-10.8,33.6,2140,,,,040007FF N100 N100 *,480017FF N100 N95,0.8,0.4,48,52,,1200,ALT,28.7,370,36,89,14,0.9,2.7,-4,90,90,12.8,-8,110,85,,
2026-07-21,07:28:55,14:28:55,-07:00,+33.6363224,-116.1608903,-110,3DDiff (GPS nav),224935.1,0.1,,0,-0,0.06,262.1,43,62,9,12,-118,31,13.7,14,3.28,-0.70,-0.002,1.008,-0.316,,320,,,,29.78,123.000,121.500,116.200,VOR2,,TRM,,160,347,,+0.66,,,,,,,,,,,,,,,,,,,-10.8,33.6,2140,,,,040007FF N100 N100 *,480017FF N100 N98,0.8,0.3,33,30,,1200,ALT,29.2,120,26,90,14,0.8,1.8,-4,92,92,12.9,-7,105,85,,
2026-07-21,07:28:56,14:28:56,-07:00,+33.6363214,-116.1608908,-110,3DDiff (GPS nav),224936.1,0.1,,-0,0,-0.09,262.1,43,59,9,12,-119,10,12.5,13,3.42,-0.59,0.024,0.995,-0.423,,320,,,,29.78,123.000,121.500,116.200,VOR2,,TRM,,160,347,,+0.65,,,,,,,,,,,,,,,,,,,-10.8,33.6,2140,,,,040007FF N100 N100 *,480017FF N100 N100,0.7,0.2,18,27,,1200,ALT,29.5,10,17,91,14,0.6,1.0,-4,93,92,12.9,-7,105,85,,
2026-07-21,07:28:57,14:28:57,-07:00,+33.6363205,-116.1608908,-111,3DDiff (GPS nav),224937.1,0.0,,0,0,0.04,262.3,43,59,9,10,-120,-17,11.0,11,3.36,-0.31,0.001,1.001,-0.592,,320,,,,29.78,123.000,121.500,116.200,VOR2,,TRM,,160,347,,+0.66,,,,,,,,,,,,,,,,,,,-10.8,33.6,2139,,,,040007FF N100 N100 *,480017FF N100 N100,0.7,0.3,15,18,,1200,ALT,29.6,0,12,92,14,0.3,0.7,-4,93,93,12.9,-7,105,85,,
2026-07-21,07:28:58,14:28:58,-07:00,+33.6363208,-116.1608905,-111,3DDiff (GPS nav),224938.1,0.0,,0,-0,0.04,262.1,43,59,9,11,-120,-27,10.3,10,3.36,-0.60,0.027,0.992,-0.611,,320,,,,29.78,123.000,121.500,116.200,VOR2,,TRM,,161,347,,+0.64,,,,,,,,,,,,,,,,,,,-10.8,33.6,2139,,,,040007FF N100 N100 *,480017FF N100 N100,0.7,0.2,43,35,,1200,ALT,29.7,0,9,92,14,0.2,0.5,-4,93,93,13.0,-7,105,85,,
2026-07-21,07:28:59,14:28:59,-07:00,+33.6363210,-116.1608905,-112,3DDiff (GPS nav),224939.1,0.0,,0,-0,0.04,262.3,43,62,9,12,-119,-5,11.4,11,3.27,-0.54,0.011,1.002,-0.109,,320,,,,29.78,123.000,121.500,116.200,VOR2,,TRM,,161,347,,+0.62,,,,,,,,,,,,,,,,,,,-10.8,33.6,2140,,,,040007FF N100 N100 *,480017FF N100 N100,0.8,0.2,37,45,,1200,ALT,29.7,0,7,92,14,0.1,0.4,-4,93,93,13.0,-7,105,85,,
2026-07-21,07:29:00,14:29:00,-07:00,+33.6363311,-116.1608784,-111,3DDiff (GPS nav),224940.1,0.1,,-0,0,-0.08,262.1,39,62,9,12,-119,10,12.8,13,3.21,-0.47,0.013,1.001,+0.179,,320,,,,29.78,123.000,121.500,116.200,VOR2,,TRM,,161,347,,+0.61,,,,,,,,,,,,,,,,,,,-10.8,33.6,2140,,,,020007FF N100 N100 *,480017FF N100 N100,0.8,0.3,21,34,,1200,ALT,29.7,0,6,92,14,0.1,0.4,-4,93,93,13.0,-7,105,85,OIL PRESS,
2026-07-21,07:29:01,14:29:01,-07:00,+33.6363311,-116.1608786,-112,3DDiff (GPS nav),224941.1,0.0,,-0,0,0.09,262.1,39,62,9,12,-119,9,13.6,14,3.18,-0.44,0.006,1.007,+0.286,,320,,,,29.78,123.000,121.500,116.200,VOR2,,TRM,,161,347,,+0.61,,,,,,,,,,,,,,,,,,,-10.8,33.6,2140,,,,040007FF N100 N100 *,480017FF N100 N100,0.8,0.2,18,23,,1200,ALT,29.7,0,5,92,14,0.0,0.3,-4,93,93,13.0,-7,105,85,OIL PRESS,
2026-07-21,07:29:02,14:29:02,-07:00,+33.6363324,-116.1608779,-113,3DDiff (GPS nav),224942.1,0.0,,0,-0,0.07,262.2,39,59,9,12,-119,7,14.7,15,3.23,-0.53,0.010,1.001,+0.299,,320,,,,29.78,123.000,121.500,116.200,VOR2,,TRM,,161,347,,+0.61,,,,,,,,,,,,,,,,,,,-10.8,33.6,2140,,,,040007FF N100 N100 *,480017FF N100 N100,0.8,0.3,9,14,,1200,ALT,29.7,0,4,92,14,0.0,0.3,-4,93,93,13.0,-7,105,85,OIL PRESS,
2026-07-21,07:29:03,14:29:03,-07:00,+33.6363322,-116.1608789,-114,3DDiff (GPS nav),224943.1,0.0,,0,0,-0.06,262.3,39,59,9,12,-119,1,15.4,16,3.34,-0.45,0.013,1.001,+0.253,,320,,,,29.78,123.000,121.500,116.200,VOR2,,TRM,,161,347,,+0.61,,,,,,,,,,,,,,,,,,,-10.8,33.6,2140,,,,040007FF N100 N100 *,480017FF N100 N100,0.7,0.2,16,18,,1200,ALT,29.7,0,4,92,14,0.0,0.3,-4,93,93,13.0,-7,105,85,OIL PRESS,
2026-07-21,07:29:04,14:29:04,-07:00,+33.6363322,-116.1608789,-114,3DDiff (GPS nav),224944.1,0.0,,0,0,0.04,262.3,39,59,9,12,-119,-2,15.3,16,3.28,-0.46,0.003,1.000,+0.178,,320,,,,29.78,123.000,121.500,116.200,VOR2,,TRM,,161,347,,+0.61,,,,,,,,,,,,,,,,,,,-10.8,33.6,2140,,,,040007FF N100 N100 *,480017FF N100 N100,0.7,0.2,18,26,,1200,ALT,29.7,0,4,92,14,0.0,0.3,-4,93,93,13.0,-7,105,85,OIL PRESS,
2026-07-21,07:29:05,14:29:05,-07:00,+33.6363322,-116.1608791,-114,3DDiff (GPS nav),224945.1,0.0,,0,-0,0.06,262.0,39,59,9,11,-119,-10,15.0,15,3.30,-0.71,0.021,0.997,+0.104,,320,,,,29.78,123.000,121.500,116.200,VOR2,,TRM,,161,347,,+0.61,,,,,,,,,,,,,,,,,,,-10.8,33.6,2140,,,,040007FF N100 N100 *,480017FF N100 N100,0.8,0.2,13,15,,1200,ALT,29.7,0,4,92,14,0.0,0.3,-4,93,93,13.0,-7,105,85,OIL PRESS,
2026-07-21,07:29:06,14:29:06,-07:00,+33.6363322,-116.1608791,-115,3DDiff (GPS nav),224946.1,0.0,,0,-0,0.00,262.2,39,62,9,11,-120,-16,13.8,14,3.53,-0.64,0.011,0.996,+0.024,,320,,,,29.78,123.000,121.500,116.200,VOR2,,TRM,,161,347,,+0.61,,,,,,,,,,,,,,,,,,,-10.8,33.6,2140,,,,040007FF N100 N100 *,480017FF N100 N100,0.7,0.2,19,15,,1200,ALT,29.7,0,3,92,14,0.0,0.3,-4,93,93,13.0,-7,105,85,OIL PRESS,
2026-07-21,07:29:07,14:29:07,-07:00,+33.6363327,-116.1608794,-115,3DDiff (GPS nav),224947.1,0.1,,0,-0,0.01,262.2,39,62,9,10,-120,-24,12.6,13,3.36,-0.58,0.011,1.003,-0.043,,320,,,,29.78,123.000,121.500,116.200,VOR2,,TRM,,161,347,,+0.61,,,,,,,,,,,,,,,,,,,-10.8,33.6,2139,,,,040007FF N100 N100 *,480017FF N100 N100,0.7,0.2,9,13,,1200,ALT,29.7,0,3,92,14,0.0,0.3,-4,93,93,13.0,-7,105,85,OIL PRESS,
2026-07-21,07:29:08,14:29:08,-07:00,+33.6363316,-116.1608799,-115,3DDiff (GPS nav),224948.1,0.1,,-0,0,0.04,262.1,39,59,9,10,-120,-19,11.4,12,3.33,-0.49,0.009,1.007,-0.100,,320,,,,29.78,123.000,121.500,116.200,VOR2,,TRM,,161,347,,+0.61,,,,,,,,,,,,,,,,,,,-10.8,33.6,2139,,,,040007FF N100 N100 *,480017FF N100 N100,0.8,0.3,8,10,,1200,ALT,29.7,0,3,92,14,0.0,0.3,-4,93,93,13.0,-7,105,85,OIL PRESS,
2026-07-21,07:29:09,14:29:09,-07:00,+33.6363316,-116.1608789,-115,3DDiff (GPS nav),224949.1,0.1,,-0,-0,0.03,262.3,39,59,9,10,-120,-12,11.0,11,3.36,-0.53,0.015,1.000,-0.152,,320,,,,29.78,123.000,121.500,116.200,VOR2,,TRM,,161,347,,+0.61,,,,,,,,,,,,,,,,,,,-10.8,33.6,2139,,,,040007FF N100 N100 *,480017FF N100 N100,0.7,0.2,16,18,,1200,ALT,29.7,0,3,92,14,0.0,0.3,-4,93,93,13.0,-7,105,85,OIL PRESS,
2026-07-21,07:29:10,14:29:10,-07:00,+33.6363313,-116.1608791,-116,3DDiff (GPS nav),224950.1,0.0,,0,0,0.03,262.2,39,59,9,10,-121,-9,11.5,12,3.33,-0.35,-0.007,0.997,-0.195,,320,,,,29.78,123.000,121.500,116.200,VOR2,,TRM,,161,347,,+0.61,,,,,,,,,,,,,,,,,,,-10.8,33.6,2139,,,,040007FF N100 N100 *,480017FF N100 N100,0.7,0.2,21,21,,1200,ALT,29.7,0,3,92,14,0.0,0.3,-4,93,93,13.0,-7,105,85,OIL PRESS,
2026-07-21,07:29:11,14:29:11,-07:00,+33.6363311,-116.1608794,-116,3DDiff (GPS nav),224951.1,0.1,,-0,0,-0.06,262.1,39,59,9,12,-120,3,12.4,13,3.25,-0.63,0.023,0.996,-0.215,,320,,,,29.78,123.000,121.500,116.200,VOR2,,TRM,,161,347,,+0.61,,,,,,,,,,,,,,,,,,,-10.8,33.6,2139,,,,040007FF N100 N100 *,480017FF N100 N100,0.7,0.2,24,32,,1200,ALT,29.7,0,3,92,14,0.0,0.3,-4,93,93,13.0,-7,105,85,OIL PRESS,
2026-07-21,07:29:12,14:29:12,-07:00,+33.6363307,-116.1608797,-116,3DDiff (GPS nav),224952.1,0.1,,-0,-0,0.03,262.2,39,59,9,12,-119,23,12.6,13,3.24,-0.51,-0.005,1.003,-0.234,,320,,,,29.78,123.000,121.500,116.200,VOR2,,TRM,,161,347,,+0.61,,,,,,,,,,,,,,,,,,,-10.8,33.6,2141,,,,040007FF N100 N100 *,480017FF N100 N100,0.7,0.2,19,20,,1200,ALT,29.7,0,3,92,14,0.0,0.3,-4,93,93,13.0,-7,105,85,OIL PRESS,
2026-07-21,07:29:13,14:29:13,-07:00,+33.6363302,-116.1608800,-117,3DDiff (GPS nav),224953.1,0.1,,-0,0,-0.04,262.1,39,62,9,11,-119,21,12.1,12,3.21,-0.41,0.001,1.003,-0.321,,320,,,,29.78,123.000,121.500,116.200,VOR2,,TRM,,161,347,,+0.61,,,,,,,,,,,,,,,,,,,-10.8,33.6,2141,,,,040007FF N100 N100 *,480017FF N100 N100,0.7,0.2,14,20,,1200,ALT,29.7,0,3,92,14,0.0,0.3,-4,93,93,13.0,-7,105,85,OIL PRESS,
2026-07-21,07:29:14,14:29:14,-07:00,+33.6363313,-116.1608799,-118,3DDiff (GPS nav),224954.1,0.1,,-0,0,-0.03,262.1,39,59,9,12,-119,12,11.1,11,3.17,-0.50,0.011,0.999,-0.409,,320,,,,29.78,123.000,121.500,116.200,VOR2,,TRM,,161,347,,+0.62,,,,,,,,,,,,,,,,,,,-10.8,33.6,2141,,,,040007FF N100 N100 *,480017FF N100 N100,0.7,0.2,18,15,,1200,ALT,29.7,0,3,92,14,0.0,0.3,-4,93,93,13.0,-7,105,85,OIL PRESS,
2026-07-21,07:29:15,14:29:15,-07:00,+33.6363311,-116.1608811,-118,3DDiff (GPS nav),224955.1,0.1,,-0,0,-0.08,262.1,39,59,9,11,-119,7,10.7,11,3.21,-0.62,0.013,0.999,-0.179,,320,,,,29.78,123.000,121.500,116.200,VOR2,,TRM,,161,347,,+0.61,,,,,,,,,,,,,,,,,,,-10.8,33.7,2142,,,,040007FF N100 N100 *,480017FF N100 N100,0.7,0.2,10,14,,1200,ALT,29.7,0,3,92,14,0.0,0.3,-4,93,93,13.0,-7,105,85,OIL PRESS,
2026-07-21,07:29:16,14:29:16,-07:00,+33.6363311,-116.1608811,-119,3DDiff (GPS nav),224956.1,0.1,,-0,0,0.01,262.2,39,59,9,10,-120,-12,11.5,12,3.34,-0.68,0.006,0.994,+0.037,,320,,,,29.78,123.000,121.500,116.200,VOR2,,TRM,,161,347,,+0.61,,,,,,,,,,,,,,,,,,,-10.8,33.7,2141,,,,040007FF N100 N100 *,480017FF N100 N100,0.7,0.2,16,20,,1200,ALT,29.7,0,3,92,14,0.0,0.3,-4,93,93,13.0,-7,105,85,OIL PRESS,
2026-07-21,07:29:17,14:29:17,-07:00,+33.6363313,-116.1608808,-119,3DDiff (GPS nav),224957.1,0.1,,0,0,0.00,262.1,39,59,9,10,-121,-23,12.1,12,3.26,-0.58,0.017,1.009,+0.142,,320,,,,29.78,123.000,121.500,116.200,VOR2,,TRM,,161,347,,+0.61,,,,,,,,,,,,,,,,,,,-10.8,33.7,2140,,,,040007FF N100 N100 *,480017FF N100 N100,0.7,0.2,24,19,,1200,ALT,29.7,0,3,92,14,0.0,0.3,-4,94,93,13.0,-7,105,85,OIL PRESS,
2026-07-21,07:29:18,14:29:18,-07:00,+33.6363277,-116.1608833,-120,3DDiff (GPS nav),224958.1,0.1,,-0,0,-0.09,262.2,39,62,8,11,-120,-15,12.6,13,3.27,-0.63,-0.006,0.996,+0.167,,320,,,,29.78,123.000,121.500,116.200,VOR2,,TRM,,161,347,,+0.60,,,,,,,,,,,,,,,,,,,-10.8,33.7,2141,,,,040007FF N100 N100 *,480017FF N100 N100,0.7,0.2,34,33,,1200,ALT,29.7,0,3,92,14,0.0,0.3,-4,94,93,13.0,-7,105,85,OIL PRESS,
2026-07-21,07:29:19,14:29:19,-07:00,+33.6363186,-116.1608944,-121,3DDiff (GPS nav),224959.1,0.1,,-0,-0,0.03,262.1,46,62,7,10,-121,-11,13.4,14,3.20,-0.68,0.001,1.000,+0.145,,320,,,,29.78,123.000,121.500,116.200,VOR2,,TRM,,161,347,,+0.61,,,,,,,,,,,,,,,,,,,-10.8,33.7,2140,,,,040007FF N100 N100 *,480017FF N100 N100,0.6,0.2,27,24,,1200,ALT,29.7,0,3,92,14,0.0,0.3,-4,94,93,13.0,-7,105,85,OIL PRESS,
2026-07-21,07:29:20,14:29:20,-07:00,+33.6363166,-116.1608955,-121,3DDiff (GPS nav),224960.1,0.1,,0,-0,0.05,262.2,46,62,7,10,-121,-8,13.8,14,3.12,-0.77,-0.001,0.990,+0.097,,320,,,,29.78,123.000,121.500,116.200,VOR2,,TRM,,161,347,,+0.61,,,,,,,,,,,,,,,,,,,-10.8,33.7,2140,,,,040007FF N100 N100 *,480017FF N100 N100,0.6,0.2,27,31,,1200,ALT,29.7,0,3,92,14,0.0,0.3,-4,94,93,13.0,-7,105,85,OIL PRESS,
2026-07-21,07:29:21,14:29:21,-07:00,+33.6363250,-116.1608872,-118,3DDiff (GPS nav),224961.1,0.0,,-0,0,0.05,262.1,43,59,8,11,-120,-0,14.2,15,3.20,-0.43,-0.001,0.994,+0.067,,320,,,,29.78,123.000,121.500,116.200,VOR2,,TRM,,161,347,,+0.61,,,,,,,,,,,,,,,,,,,-10.8,33.7,2141,,,,040007FF N100 N100 *,480017FF N100 N100,0.6,0.2,36,42,,1200,ALT,29.7,0,3,92,14,0.0,0.3,-4,94,93,13.0,-7,100,85,OIL PRESS,
2026-07-21,07:29:22,14:29:22,-07:00,+33.6363247,-116.1608872,-118,3DDiff (GPS nav),224962.1,0.0,,0,0,0.02,262.1,43,59,8,11,-120,5,12.4,13,3.14,-0.53,-0.004,1.004,-0.030,,320,,,,29.78,123.000,121.500,116.200,VOR2,,TRM,,161,347,,+0.61,,,,,,,,,,,,,,,,,,,-10.8,33.7,2141,,,,040007FF N100 N100 *,480017FF N100 N100,0.7,0.2,47,36,,1200,ALT,29.7,0,3,92,14,0.0,0.3,-4,94,93,13.0,-7,100,85,OIL PRESS,
2026-07-21,07:29:23,14:29:23,-07:00,+33.6363247,-116.1608869,-118,3DDiff (GPS nav),224963.1,0.0,,-0,-0,0.00,262.3,43,59,8,12,-120,18,10.0,10,3.23,-0.40,0.001,0.999,-0.470,,320,,,,29.78,123.000,121.500,116.200,VOR2,,TRM,,161,347,,+0.61,,,,,,,,,,,,,,,,,,,-10.8,33.7,2143,,,,040007FF N100 N100 *,480017FF N100 N100,0.6,0.2,11,13,,1200,ALT,29.7,0,3,92,14,0.0,0.3,-4,94,93,13.0,-7,100,85,OIL PRESS,
2026-07-21,07:29:24,14:29:24,-07:00,+33.6363147,-116.1608958,-121,3DDiff (GPS nav),224964.1,0.0,,-0,-0,0.01,262.2,46,62,7,11,-119,18,8.4,8,3.17,-0.50,0.010,1.000,-1.217,,320,,,,29.78,123.000,121.500,116.200,VOR2,,TRM,,161,347,,+0.62,,,,,,,,,,,,,,,,,,,-10.8,33.7,2144,,,,040007FF N100 N100 *,480017FF N100 N100,0.6,0.2,7,11,,1200,ALT,29.7,0,3,92,14,0.0,0.3,-4,94,93,13.0,-7,100,85,OIL PRESS,
2026-07-21,07:29:25,14:29:25,-07:00,+33.6363144,-116.1608958,-121,3DDiff (GPS nav),224965.1,0.1,,-0,-0,-0.02,262.1,46,62,7,12,-119,16,8.2,8,3.05,-0.47,0.012,1.004,-1.752,,320,,,,29.78,123.000,121.500,116.200,VOR2,,TRM,,161,347,,+0.62,,,,,,,,,,,,,,,,,,,-10.8,33.7,2144,,,,040007FF N100 N100 *,480017FF N100 N100,0.7,0.2,13,11,,1200,ALT,29.7,0,3,92,14,0.0,0.3,-4,94,93,13.0,-7,100,85,OIL PRESS,
2026-07-21,07:29:26,14:29:26,-07:00,+33.6363167,-116.1608941,-121,3DDiff (GPS nav),224966.1,0.0,,-0,0,0.00,262.1,46,62,7,11,-119,10,8.3,8,3.06,-0.40,0.010,1.003,-1.926,,320,,,,29.78,123.000,121.500,116.200,VOR2,,TRM,,161,347,,+0.62,,,,,,,,,,,,,,,,,,,-10.8,33.7,2144,,,,040007FF N100 N100 *,480017FF N100 N100,0.7,0.3,10,13,,1200,ALT,29.7,0,3,92,14,0.0,0.3,-4,94,93,13.0,-7,100,85,OIL PRESS,
2026-07-21,07:29:27,14:29:27,-07:00,+33.6363183,-116.1608930,-120,3DDiff (GPS nav),224967.1,0.0,,0,-0,0.03,262.0,46,62,7,12,-119,5,9.4,10,3.12,-0.46,0.007,0.998,-1.846,,320,,,,29.78,123.000,121.500,116.200,VOR2,,TRM,,161,347,,+0.62,,,,,,,,,,,,,,,,,,,-10.8,33.7,2144,,,,040007FF N100 N100 *,480017FF N100 N100,0.7,0.2,10,11,,1200,ALT,29.7,0,3,92,14,0.0,0.3,-4,94,93,13.0,-7,100,85,OIL PRESS,
2026-07-21,07:29:28,14:29:28,-07:00,+33.6363186,-116.1608928,-120,3DDiff (GPS nav),224968.1,0.0,,-0,0,-0.01,262.2,46,62,7,11,-119,-1,10.2,10,3.14,-0.49,0.008,1.002,-1.629,,320,,,,29.78,123.000,121.500,116.200,VOR2,,TRM,,161,347,,+0.63,,,,,,,,,,,,,,,,,,,-10.8,33.7,2144,,,,040007FF N100 N100 *,480017FF N100 N100,0.6,0.1,9,8,,1200,ALT,29.7,0,3,92,14,0.0,0.3,-4,94,93,13.0,-7,100,85,OIL PRESS,
2026-07-21,07:29:29,14:29:29,-07:00,+33.6363205,-116.1608916,-120,3DDiff (GPS nav),224969.1,0.0,,0,-0,0.06,262.2,46,62,9,11,-120,-9,11.2,12,3.07,-0.35,-0.004,1.003,-1.344,,320,,,,29.78,123.000,121.500,116.200,VOR2,,TRM,,161,347,,+0.63,,,,,,,,,,,,,,,,,,,-10.8,33.7,2144,,,,040007FF N100 N100 *,480017FF N100 N100,0.6,0.2,10,9,,1200,ALT,29.7,0,3,92,14,0.0,0.3,-4,94,93,13.0,-7,100,85,OIL PRESS,
2026-07-21,07:29:30,14:29:30,-07:00,+33.6363214,-116.1608911,-120,3DDiff (GPS nav),224970.1,0.0,,-0,0,-0.01,262.1,43,62,9,10,-120,-16,13.0,13,3.08,-0.41,0.016,1.005,-1.011,,320,,,,29.78,123.000,121.500,116.200,VOR2,,TRM,,161,347,,+0.62,,,,,,,,,,,,,,,,,,,-10.8,33.7,2143,,,,040007FF N100 N100 *,480017FF N100 N100,0.7,0.2,20,20,,1200,ALT,29.7,0,3,92,14,0.0,0.3,-4,94,93,13.1,-7,100,85,OIL PRESS,
2026-07-21,07:29:31,14:29:31,-07:00,+33.6363210,-116.1608913,-120,3DDiff (GPS nav),224971.1,0.1,,-0,-0,-0.07,262.1,43,62,9,10,-121,-19,14.1,15,3.06,-0.44,0.005,1.001,-0.719,,320,,,,29.78,123.000,121.500,116.200,VOR2,,TRM,,161,347,,+0.62,,,,,,,,,,,,,,,,,,,-10.8,33.7,2142,,,,040007FF N100 N100 *,480017FF N100 N100,0.7,0.2,13,13,,1200,ALT,29.7,0,3,92,14,0.0,0.3,-4,94,93,13.1,-7,100,85,OIL PRESS,
2026-07-21,07:29:32,14:29:32,-07:00,+33.6363194,-116.1608924,-120,3DDiff (GPS nav),224972.1,0.0,,0,-0,0.03,262.0,43,62,9,10,-121,-19,15.1,16,3.05,-0.50,0.014,1.003,-0.470,,320,,,,29.78,123.000,121.500,116.200,VOR2,,TRM,,161,347,,+0.62,,,,,,,,,,,,,,,,,,,-10.8,33.7,2142,,,,040007FF N100 N100 *,480017FF N100 N100,0.7,0.2,20,16,,1200,ALT,29.7,0,3,92,14,0.0,0.3,-4,94,93,13.1,-7,100,85,OIL PRESS,
2026-07-21,07:29:33,14:29:33,-07:00,+33.6363186,-116.1608925,-121,3DDiff (GPS nav),224973.1,0.1,,-0,-0,-0.02,262.1,43,62,9,9,-121,-26,14.8,15,3.09,-0.44,0.003,1.001,-0.294,,320,,,,29.78,123.000,121.500,116.200,VOR2,,TRM,,161,347,,+0.61,,,,,,,,,,,,,,,,,,,-10.8,33.7,2141,,,,040007FF N100 N100 *,480017FF N100 N100,0.6,0.2,13,11,,1200,ALT,29.7,0,3,92,14,0.0,0.3,-4,94,93,13.1,-7,100,85,OIL PRESS,
2026-07-21,07:29:34,14:29:34,-07:00,+33.6363186,-116.1608924,-121,3DDiff (GPS nav),224974.1,0.0,,-0,-0,-0.01,262.1,43,62,9,9,-122,-28,13.9,14,3.07,-0.39,0.007,1.002,-0.198,,320,,,,29.78,123.000,121.500,116.200,VOR2,,TRM,,161,347,,+0.61,,,,,,,,,,,,,,,,,,,-10.8,33.7,2141,,,,040007FF N100 N100 *,480017FF N100 N100,0.6,0.2,9,10,,1200,ALT,29.7,0,3,92,14,0.0,0.3,-4,94,93,13.1,-7,100,85,OIL PRESS,
2026-07-21,07:29:35,14:29:35,-07:00,+33.6363183,-116.1608928,-121,3DDiff (GPS nav),224975.1,0.1,,0,-0,0.01,262.3,43,62,9,9,-122,-21,11.9,12,3.25,-0.43,0.013,1.003,-0.190,,320,,,,29.78,123.000,121.500,116.200,VOR2,,TRM,,161,347,,+0.62,,,,,,,,,,,,,,,,,,,-10.8,33.7,2142,,,,040007FF N100 N100 *,480017FF N100 N100,0.5,0.2,12,9,,1200,ALT,29.7,0,3,92,14,0.0,0.3,-4,94,93,13.1,-7,100,85,OIL PRESS,
2026-07-21,07:29:36,14:29:36,-07:00,+33.6363244,-116.1608827,-119,3DDiff (GPS nav),224976.1,0.1,,-0,-0,0.02,262.1,39,59,10,9,-122,-7,9.3,10,3.11,-0.47,0.005,1.003,-0.464,,320,,,,29.78,123.000,121.500,116.200,VOR2,,TRM,,161,347,,+0.62,,,,,,,,,,,,,,,,,,,-10.8,33.7,2143,,,,040007FF N100 N100 *,480017FF N100 N100,0.6,0.2,32,24,,1200,ALT,29.7,0,3,92,14,0.0,0.3,-4,94,93,13.1,-7,100,85,OIL PRESS,
2026-07-21,07:29:37,14:29:37,-07:00,+33.6363239,-116.1608833,-119,3DDiff (GPS nav),224977.1,0.0,,0,0,0.06,262.1,39,62,10,11,-121,12,9.1,9,3.00,-0.45,0.004,0.997,-0.649,,320,,,,29.78,123.000,121.500,116.200,VOR2,,TRM,,161,347,,+0.62,,,,,,,,,,,,,,,,,,,-10.8,33.7,2144,,,,040007FF N100 N100 *,480017FF N100 N100,0.7,0.2,17,18,,1200,ALT,29.7,0,3,92,14,0.0,0.3,-4,94,93,13.1,-7,100,85,OIL PRESS,
2026-07-21,07:29:38,14:29:38,-07:00,+33.6363252,-116.1608827,-119,3DDiff (GPS nav),224978.1,0.0,,0,-0,0.03,262.2,39,59,10,10,-121,22,8.4,9,3.05,-0.44,0.002,1.006,-0.809,,320,,,,29.78,123.000,121.500,116.200,VOR2,,TRM,,161,347,,+0.63,,,,,,,,,,,,,,,,,,,-10.8,33.7,2145,,,,040007FF N100 N100 *,480017FF N100 N100,0.6,0.2,17,17,,1200,ALT,29.7,0,3,92,14,0.0,0.3,-4,94,93,13.1,-7,100,85,OIL PRESS,
2026-07-21,07:29:39,14:29:39,-07:00,+33.6363250,-116.1608844,-119,3DDiff (GPS nav),224979.1,0.0,,-0,-0,0.05,262.0,39,59,10,10,-121,14,8.9,9,3.01,-0.42,0.011,1.004,-1.053,,320,,,,29.78,123.000,121.500,116.200,VOR2,,TRM,,161,347,,+0.63,,,,,,,,,,,,,,,,,,,-10.8,33.7,2145,,,,040007FF N100 N100 *,480017FF N100 N100,0.7,0.2,20,18,,1200,ALT,29.7,0,3,92,14,0.0,0.3,-4,94,93,13.1,-7,100,85,OIL PRESS,
2026-07-21,07:29:40,14:29:40,-07:00,+33.6363247,-116.1608850,-119,3DDiff (GPS nav),224980.1,0.0,,-0,0,-0.04,262.2,39,59,10,9,-122,-9,10.8,11,3.11,-0.51,0.002,1.003,-1.115,,320,,,,29.78,123.000,121.500,116.200,VOR2,,TRM,,161,347,,+0.63,,,,,,,,,,,,,,,,,,,-10.8,33.7,2144,,,,040007FF N100 N100 *,480017FF N100 N100,0.6,0.2,22,19,,1200,ALT,29.7,0,2,92,14,0.0,0.3,-4,94,93,13.1,-7,100,85,OIL PRESS,
2026-07-21,07:29:41,14:29:41,-07:00,+33.6363244,-116.1608855,-119,3DDiff (GPS nav),224981.1,0.0,,0,0,0.04,262.1,39,59,10,9,-122,-22,11.4,12,3.09,-0.35,0.008,1.003,-1.060,,320,,,,29.78,123.000,121.500,116.200,VOR2,,TRM,,161,347,,+0.62,,,,,,,,,,,,,,,,,,,-10.8,33.7,2143,,,,040007FF N100 N100 *,480017FF N100 N100,0.6,0.2,11,13,,1200,ALT,29.7,0,2,92,14,0.0,0.3,-4,94,93,13.1,-7,100,85,OIL PRESS,
2026-07-21,07:29:42,14:29:42,-07:00,+33.6363241,-116.1608856,-119,3DDiff (GPS nav),224982.1,0.0,,-0,-0,0.02,262.2,39,59,10,9,-122,-13,11.7,12,3.11,-0.38,0.006,1.003,-0.963,,320,,,,29.78,123.000,121.500,116.200,VOR2,,TRM,,161,347,,+0.62,,,,,,,,,,,,,,,,,,,-10.8,33.7,2144,,,,040007FF N100 N100 *,480017FF N100 N100,0.6,0.2,8,10,,1200,ALT,29.7,0,2,92,14,0.0,0.3,-4,94,93,13.1,-7,100,85,OIL PRESS,
2026-07-21,07:29:43,14:29:43,-07:00,+33.6363244,-116.1608856,-119,3DDiff (GPS nav),224983.1,0.0,,-0,0,0.05,262.0,39,59,10,10,-121,2,12.1,12,3.02,-0.37,0.006,1.000,-0.820,,320,,,,29.78,123.000,121.500,116.200,VOR2,,TRM,,161,347,,+0.62,,,,,,,,,,,,,,,,,,,-10.8,33.7,2145,,,,040007FF N100 N100 *,480017FF N100 N100,0.6,0.2,8,8,,1200,ALT,29.7,0,2,92,14,0.0,0.3,-4,94,93,13.1,-7,100,85,OIL PRESS,
2026-07-21,07:29:44,14:29:44,-07:00,+33.6363224,-116.1608866,-119,3DDiff (GPS nav),224984.1,0.0,,0,0,0.02,262.2,39,59,10,9,-121,6,11.8,12,3.11,-0.25,0.009,1.001,-0.693,,320,,,,29.78,123.000,121.500,116.200,VOR2,,TRM,,161,347,,+0.62,,,,,,,,,,,,,,,,,,,-10.8,33.7,2145,,,,040007FF N100 N100 *,480017FF N100 N100,0.6,0.2,9,9,,1200,ALT,29.7,0,2,92,14,0.0,0.3,-4,94,93,13.1,-7,100,85,OIL PRESS,
2026-07-21,07:29:45,14:29:45,-07:00,+33.6363221,-116.1608856,-119,3DDiff (GPS nav),224985.1,0.0,,-0,-0,0.00,262.3,39,59,10,10,-121,4,11.2,12,3.09,-0.29,0.002,1.002,-0.664,,320,,,,29.78,123.000,121.500,116.200,VOR2,,TRM,,161,347,,+0.62,,,,,,,,,,,,,,,,,,,-10.8,33.7,2145,,,,040007FF N100 N100 *,480017FF N100 N100,0.5,0.2,33,33,,1200,ALT,29.7,0,2,92,14,0.0,0.3,-4,94,93,13.1,-7,100,85,OIL PRESS,
2026-07-21,07:29:46,14:29:46,-07:00,+33.6363219,-116.1608856,-119,3DDiff (GPS nav),224986.1,0.1,,-0,0,0.01,262.1,39,59,10,12,-121,16,12.4,13,3.06,-0.61,0.023,0.999,-0.598,,320,,,,29.78,123.000,121.500,116.200,VOR2,,TRM,,161,347,,+0.63,,,,,,,,,,,,,,,,,,,-10.8,33.7,2146,,,,040007FF N100 N100 *,480017FF N100 N100,0.6,0.2,20,29,,1200,ALT,29.8,0,2,92,14,0.0,0.3,-4,94,93,13.1,-7,100,85,OIL PRESS,
2026-07-21,07:29:47,14:29:47,-07:00,+33.6363216,-116.1608856,-119,3DDiff (GPS nav),224987.1,0.0,,-0,-0,-0.02,262.3,39,59,10,11,-120,34,13.6,14,3.16,-0.35,0.002,0.999,-0.496,,320,,,,29.78,123.000,121.500,116.200,VOR2,,TRM,,161,347,,+0.63,,,,,,,,,,,,,,,,,,,-10.8,33.7,2147,,,,040007FF N100 N100 *,480017FF N100 N100,0.5,0.2,13,17,,1200,ALT,29.8,0,2,92,14,0.0,0.3,-4,94,93,13.1,-7,100,85,OIL PRESS,
2026-07-21,07:29:48,14:29:48,-07:00,+33.6363214,-116.1608855,-119,3DDiff (GPS nav),224988.1,0.0,,0,-0,0.02,262.0,39,59,10,9,-121,12,12.8,13,3.04,-0.43,0.010,1.004,-0.433,,320,,,,29.78,123.000,121.500,116.200,VOR2,,TRM,,161,347,,+0.63,,,,,,,,,,,,,,,,,,,-10.8,33.7,2146,,,,040007FF N100 N100 *,480017FF N100 N100,0.6,0.2,12,14,,1200,ALT,29.8,0,2,92,14,0.0,0.3,-4,94,93,13.1,-7,100,85,OIL PRESS,
2026-07-21,07:29:49,14:29:49,-07:00,+33.6363252,-116.1608825,-116,3DDiff (GPS nav),224989.1,0.0,,0,-0,0.08,262.2,39,59,11,9,-121,-15,11.3,12,3.15,-0.37,0.002,1.000,-0.454,,320,,,,29.78,123.000,121.500,116.200,VOR2,,TRM,,161,347,,+0.62,,,,,,,,,,,,,,,,,,,-10.8,33.7,2146,,,,040007FF N100 N100 *,480017FF N100 N100,0.5,0.2,10,13,,1200,ALT,29.8,0,2,92,14,0.0,0.3,-4,94,93,13.1,-7,100,85,OIL PRESS,
2026-07-21,07:29:50,14:29:50,-07:00,+33.6363263,-116.1608821,-117,3DDiff (GPS nav),224990.1,0.0,,0,0,0.03,262.2,39,59,11,9,-122,-25,10.0,10,3.16,-0.37,0.006,1.001,-0.540,,320,,,,29.78,123.000,121.500,116.200,VOR2,,TRM,,161,347,,+0.62,,,,,,,,,,,,,,,,,,,-10.8,33.7,2146,,,,040007FF N100 N100 *,480017FF N100 N100,0.5,0.2,5,10,,1200,ALT,29.8,0,2,92,14,0.0,0.3,-4,94,93,13.1,-7,100,85,OIL PRESS,
2026-07-21,07:29:51,14:29:51,-07:00,+33.6363261,-116.1608836,-117,3DDiff (GPS nav),224991.1,0.0,,-0,0,0.01,262.1,39,59,11,8,-122,-28,9.3,10,3.09,-0.35,0.006,0.999,-0.624,,320,,,,29.78,123.000,121.500,116.200,VOR2,,TRM,,161,347,,+0.62,,,,,,,,,,,,,,,,,,,-10.8,33.7,2146,,,,040007FF N100 N100 *,480017FF N100 N100,0.6,0.2,4,6,,1200,ALT,29.8,0,2,92,14,0.0,0.3,-4,94,93,13.1,-7,100,85,OIL PRESS,
2026-07-21,07:29:52,14:29:52,-07:00,+33.6363258,-116.1608839,-117,3DDiff (GPS nav),224992.1,0.0,,-0,-0,0.01,262.0,39,59,11,9,-122,-22,9.0,9,3.04,-0.46,0.010,0.999,-0.705,,320,,,,29.78,123.000,121.500,116.200,VOR2,,TRM,,161,347,,+0.61,,,,,,,,,,,,,,,,,,,-10.8,33.7,2145,,,,040007FF N100 N100 *,480017FF N100 N100,0.6,0.2,11,9,,1200,ALT,29.8,0,2,92,14,0.0,0.3,-4,94,93,13.1,-7,100,85,OIL PRESS,
2026-07-21,07:29:53,14:29:53,-07:00,+33.6363261,-116.1608844,-117,3DDiff (GPS nav),224993.1,0.0,,0,0,0.02,262.2,39,59,11,9,-122,-8,9.4,10,3.10,-0.38,0.001,1.001,-0.742,,320,,,,29.78,123.000,121.500,116.200,VOR2,,TRM,,161,347,,+0.61,,,,,,,,,,,,,,,,,,,-10.8,33.7,2146,,,,040007FF N100 N100 *,480017FF N100 N100,0.5,0.2,11,11,,1200,ALT,29.8,0,2,92,14,0.0,0.3,-4,94,93,13.1,-7,100,85,OIL PRESS,
2026-07-21,07:29:54,14:29:54,-07:00,+33.6363261,-116.1608850,-118,3DDiff (GPS nav),224994.1,0.0,,-0,0,0.01,262.4,39,59,11,9,-122,1,9.6,10,3.18,-0.18,-0.004,1.002,-0.772,,320,,,,29.78,123.000,121.500,116.200,VOR2,,TRM,,161,347,,+0.61,,,,,,,,,,,,,,,,,,,-10.8,33.7,2146,,,,040007FF N100 N100 *,480017FF N100 N100,0.5,0.2,13,12,,1200,ALT,29.8,0,2,92,14,0.0,0.3,-4,94,93,13.1,-7,100,85,OIL PRESS,
2026-07-21,07:29:55,14:29:55,-07:00,+33.6363252,-116.1608856,-119,3DDiff (GPS nav),224995.1,0.0,,-0,-0,-0.08,262.2,39,59,11,11,-121,18,9.3,9,3.13,-0.21,0.009,0.995,-0.985,,320,,,,29.78,123.000,121.500,116.200,VOR2,,TRM,,161,347,,+0.62,,,,,,,,,,,,,,,,,,,-10.8,33.7,2148,,,,040007FF N100 N100 *,480017FF N100 N100,0.5,0.2,11,18,,1200,ALT,29.8,0,2,92,14,0.0,0.3,-4,94,93,13.1,-7,100,85,OIL PRESS,
2026-07-21,07:29:56,14:29:56,-07:00,+33.6363235,-116.1608867,-119,3DDiff (GPS nav),224996.1,0.0,,0,0,0.10,262.2,39,59,11,11,-120,38,11.5,12,3.02,-0.46,-0.011,0.998,-1.985,,320,,,,29.78,123.000,121.500,116.200,VOR2,,TRM,,161,347,,+0.62,,,,,,,,,,,,,,,,,,,-10.8,33.7,2149,,,,040007FF N100 N100 *,480017FF N100 N100,0.5,0.2,30,25,,1200,ALT,29.8,0,2,92,14,0.0,0.3,-4,94,93,13.1,-7,100,85,OIL PRESS,
2026-07-21,07:29:57,14:29:57,-07:00,+33.6363236,-116.1608855,-119,3DDiff (GPS nav),224997.1,0.0,,0,0,0.04,262.0,39,59,11,10,-120,28,13.9,14,3.10,-0.51,0.020,0.997,-2.301,,320,,,,29.78,123.000,121.500,116.200,VOR2,,TRM,,161,347,,+0.62,,,,,,,,,,,,,,,,,,,-10.8,33.7,2148,,,,040007FF N100 N100 *,480017FF N100 N100,0.6,0.2,31,32,,1200,ALT,29.8,0,2,92,14,0.0,0.3,-4,94,93,13.1,-7,100,85,OIL PRESS,
2026-07-21,07:29:58,14:29:58,-07:00,+33.6363235,-116.1608858,-120,3DDiff (GPS nav),224998.1,0.0,,0,0,0.00,262.3,39,59,11,10,-121,6,14.2,14,3.10,-0.40,-0.006,1.008,-2.265,,320,,,,29.78,123.000,121.500,116.200,VOR2,,TRM,,161,347,,+0.62,,,,,,,,,,,,,,,,,,,-10.8,33.7,2148,,,,040007FF N100 N100 *,480017FF N100 N100,0.5,0.2,42,42,,1200,ALT,29.8,0,2,92,14,0.0,0.3,-4,94,93,13.1,-7,100,85,OIL PRESS,
2026-07-21,07:29:59,14:29:59,-07:00,+33.6363235,-116.1608861,-120,3DDiff (GPS nav),224999.1,0.1,,-0,0,-0.03,262.1,39,59,11,10,-121,-1,12.5,13,3.13,-0.44,0.016,1.001,-2.107,,320,,,,29.78,123.000,121.500,116.200,VOR2,,TRM,,161,347,,+0.62,,,,,,,,,,,,,,,,,,,-10.8,33.7,2149,,,,040007FF N100 N100 *,480017FF N100 N100,0.5,0.2,38,34,,1200,ALT,29.8,0,2,92,14,0.0,0.3,-4,94,93,13.1,-7,100,85,OIL PRESS,
2026-07-21,07:30:00,14:30:00,-07:00,+33.6363235,-116.1608867,-120,3DDiff (GPS nav),225000.1,0.0,,-0,-0,-0.04,262.2,39,59,11,10,-121,-1,11.1,11,3.10,-0.47,0.009,0.999,-1.885,,320,,,,29.78,123.000,121.500,116.200,VOR2,,TRM,,161,347,,+0.62,,,,,,,,,,,,,,,,,,,-10.8,33.7,2149,,,,040007FF N100 N100 *,480017FF N100 N100,0.5,0.2,26,25,,1200,ALT,29.8,0,2,92,14,0.0,0.3,-4,94,93,13.1,-7,100,85,OIL PRESS,
2026-07-21,07:30:01,14:30:01,-07:00,+33.6363241,-116.1608867,-120,3DDiff (GPS nav),225001.1,0.0,,-0,0,0.00,262.2,39,59,11,10,-121,-3,11.0,11,3.18,-0.41,0.022,0.999,-1.605,,320,,,,29.78,123.000,121.500,116.200,VOR2,,TRM,,161,347,,+0.62,,,,,,,,,,,,,,,,,,,-10.8,33.7,2149,,,,040007FF N100 N100 *,480017FF N100 N100,0.4,0.2,17,16,,1200,ALT,29.8,0,2,92,14,0.0,0.3,-4,94,93,13.1,-7,100,85,OIL PRESS,
2026-07-21,07:30:02,14:30:02,-07:00,+33.6363258,-116.1608861,-120,3DDiff (GPS nav),225002.1,0.0,,0,-0,-0.01,262.2,39,59,11,10,-121,-5,10.8,11,3.02,-0.37,0.003,1.000,-1.300,,320,,,,29.78,123.000,121.500,116.200,VOR2,,TRM,,161,347,,+0.62,,,,,,,,,,,,,,,,,,,-10.8,33.7,2149,,,,040007FF N100 N100 *,480017FF N100 N100,0.5,0.2,27,28,,1200,ALT,29.8,0,2,92,14,0.0,0.3,-4,94,93,13.1,-7,100,85,OIL PRESS,
2026-07-21,07:30:03,14:30:03,-07:00,+33.6363256,-116.1608875,-120,3DDiff (GPS nav),225003.1,0.0,,-0,0,-0.04,262.1,39,59,11,11,-121,1,11.8,12,3.13,-0.46,0.016,1.006,-0.999,,320,,,,29.78,123.000,121.500,116.200,VOR2,,TRM,,161,347,,+0.62,,,,,,,,,,,,,,,,,,,-10.8,33.7,2149,,,,040007FF N100 N100 *,480017FF N100 N100,0.5,0.1,27,25,,1200,ALT,29.8,0,2,92,14,0.0,0.3,-4,94,93,13.1,-7,100,85,OIL PRESS,
2026-07-21,07:30:04,14:30:04,-07:00,+33.6363258,-116.1608881,-120,3DDiff (GPS nav),225004.1,0.0,,-0,0,0.03,262.3,39,59,11,12,-120,19,13.0,13,3.05,-0.27,-0.010,1.004,-0.722,,320,,,,29.78,123.000,121.500,116.200,VOR2,,TRM,,161,347,,+0.62,,,,,,,,,,,,,,,,,,,-10.8,33.7,2150,,,,040007FF N100 N100 *,480017FF N100 N100,0.5,0.1,32,33,,1200,ALT,29.8,0,2,92,14,0.0,0.3,-4,94,93,13.1,-7,100,85,OIL PRESS,
2026-07-21,07:30:05,14:30:05,-07:00,+33.6363372,-116.1609047,-131,3DDiff (GPS nav),225005.1,0.0,,0,0,0.01,262.1,39,62,6,11,-120,21,13.7,14,3.12,-0.49,0.013,1.004,-0.478,,320,,,,29.78,123.000,121.500,116.200,VOR2,,TRM,,161,347,,+0.62,,,,,,,,,,,,,,,,,,,-10.8,33.7,2151,,,,020007FF N100 N100 *,480017FF N100 N100,0.4,0.1,35,33,,1200,ALT,29.8,0,2,92,14,0.0,0.3,-4,94,93,13.1,-7,100,85,OIL PRESS,
2026-07-21,07:30:06,14:30:06,-07:00,+33.6363269,-116.1608958,-124,3DDiff (GPS nav),225006.1,0.1,,0,0,-0.03,262.3,20,33,10,10,-120,9,14.1,15,3.23,-0.30,-0.015,0.990,-0.319,,320,,,,29.78,123.000,121.500,116.200,VOR2,,TRM,,161,347,,+0.62,,,,,,,,,,,,,,,,,,,-10.8,33.7,2150,,,,020007FF N100 N100 *,480017FF N100 N100,0.4,0.1,42,31,,1200,ALT,29.8,0,2,92,14,0.0,0.3,-4,94,93,13.1,-7,100,85,OIL PRESS,
2026-07-21,07:30:07,14:30:07,-07:00,+33.6363266,-116.1608959,-123,3DDiff (GPS nav),225007.1,0.0,,-0,0,-0.02,262.3,20,33,10,11,-120,1,14.1,14,3.17,-0.45,0.009,0.998,-0.210,,320,,,,29.78,123.000,121.500,116.200,VOR2,,TRM,,161,347,,+0.62,,,,,,,,,,,,,,,,,,,-10.8,33.7,2150,,,,040007FF N100 N100 *,480017FF N100 N100,0.3,0.1,28,36,,1200,ALT,29.8,0,2,92,14,0.0,0.3,-4,94,93,13.1,-7,100,85,OIL PRESS,
2026-07-21,07:30:08,14:30:08,-07:00,+33.6363271,-116.1608941,-121,3DDiff (GPS nav),225008.1,0.0,,-0,0,0.03,262.3,20,33,10,10,-120,-3,14.0,14,3.18,-0.47,0.003,0.998,-0.148,,320,,,,29.78,123.000,121.500,116.200,VOR2,,TRM,,161,347,,+0.62,,,,,,,,,,,,,,,,,,,-10.8,33.7,2150,,,,040007FF N100 N100 *,480017FF N100 N100,0.4,0.1,25,24,,1200,ALT,29.8,0,2,92,14,0.0,0.3,-4,94,93,13.1,-7,100,85,OIL PRESS,
2026-07-21,07:30:09,14:30:09,-07:00,+33.6363286,-116.1608961,-124,3DDiff (GPS nav),225009.1,0.0,,-0,-0,-0.04,262.1,20,33,10,11,-120,-8,13.3,14,3.20,-0.60,0.023,0.992,-0.160,,320,,,,29.78,123.000,121.500,116.200,VOR2,,TRM,,161,347,,+0.62,,,,,,,,,,,,,,,,,,,-10.8,33.7,2150,,,,040007FF N100 N100 *,480017FF N100 N100,0.4,0.1,20,18,,1200,ALT,29.8,0,2,92,14,0.0,0.3,-4,94,93,13.1,-7,100,85,OIL PRESS,
2026-07-21,07:30:10,14:30:10,-07:00,+33.6363288,-116.1608963,-124,3DDiff (GPS nav),225010.1,0.0,,0,-0,0.02,262.3,20,33,10,10,-120,-6,13.2,13,3.15,-0.47,-0.000,1.008,-0.168,,320,,,,29.78,123.000,121.500,116.200,VOR2,,TRM,,161,347,,+0.62,,,,,,,,,,,,,,,,,,,-10.8,33.7,2151,,,,040007FF N100 N100 *,480017FF N100 N100,0.4,0.2,20,19,,1200,ALT,29.8,0,2,92,14,0.0,0.3,-4,94,93,13.1,-7,100,85,OIL PRESS,
2026-07-21,07:30:11,14:30:11,-07:00,+33.6363288,-116.1608963,-124,3DDiff (GPS nav),225011.1,0.0,,0,0,0.03,262.2,20,33,10,11,-120,-4,13.0,13,3.14,-0.39,0.013,0.998,-0.204,,320,,,,29.78,123.000,121.500,116.200,VOR2,,TRM,,161,347,,+0.62,,,,,,,,,,,,,,,,,,,-10.8,33.7,2151,,,,040007FF N100 N100 *,480017FF N100 N100,0.4,0.2,17,18,,1200,ALT,29.8,0,2,92,14,0.0,0.3,-4,94,93,13.1,-7,100,85,OIL PRESS,
2026-07-21,07:30:12,14:30:12,-07:00,+33.6363292,-116.1608963,-124,3DDiff (GPS nav),225012.1,0.0,,0,0,0.05,262.3,20,33,10,11,-120,-2,12.7,13,3.18,-0.36,0.002,0.997,-0.234,,320,,,,29.78,123.000,121.500,116.200,VOR2,,TRM,,161,347,,+0.62,,,,,,,,,,,,,,,,,,,-10.8,33.7,2151,,,,040007FF N100 N100 *,480017FF N100 N100,0.4,0.2,15,19,,1200,ALT,29.8,0,2,92,14,0.0,0.3,-4,94,93,13.1,-7,100,85,OIL PRESS,
2026-07-21,07:30:13,14:30:13,-07:00,+33.6363294,-116.1608969,-126,3DDiff (GPS nav),225013.1,0.0,,-0,0,0.00,262.2,20,33,10,12,-120,12,13.3,14,3.07,-0.30,0.003,0.995,-0.254,,320,,,,29.78,123.000,121.500,116.200,VOR2,,TRM,,161,347,,+0.61,,,,,,,,,,,,,,,,,,,-10.8,33.7,2152,,,,040007FF N100 N100 *,480017FF N100 N100,0.4,0.2,18,19,,1200,ALT,29.8,0,2,92,14,0.0,0.3,-4,94,93,13.1,-7,100,85,OIL PRESS,
2026-07-21,07:30:14,14:30:14,-07:00,+33.6363292,-116.1608983,-127,3DDiff (GPS nav),225014.1,0.0,,-0,0,-0.02,262.1,20,33,10,12,-119,25,15.1,16,3.02,-0.39,0.017,1.009,-0.231,,320,,,,29.78,123.000,121.500,116.200,VOR2,,TRM,,161,347,,+0.61,,,,,,,,,,,,,,,,,,,-10.8,33.7,2152,,,,040007FF N100 N100 *,480017FF N100 N100,0.4,0.2,15,21,,1200,ALT,29.8,0,2,92,14,0.0,0.3,-4,94,93,13.1,-7,100,85,OIL PRESS,
2026-07-21,07:30:15,14:30:15,-07:00,+33.6363286,-116.1608975,-126,3DDiff (GPS nav),225015.1,0.0,,-0,-0,0.01,262.3,20,33,10,11,-119,15,14.9,15,3.18,-0.36,0.007,1.000,-0.237,,320,,,,29.78,123.000,121.500,116.200,VOR2,,TRM,,161,347,,+0.62,,,,,,,,,,,,,,,,,,,-10.8,33.7,2152,,,,040007FF N100 N100 *,480017FF N100 N100,0.4,0.1,29,28,,1200,ALT,29.8,0,2,92,14,0.0,0.3,-4,94,93,13.1,-7,100,85,OIL PRESS,
2026-07-21,07:30:16,14:30:16,-07:00,+33.6363286,-116.1608975,-126,3DDiff (GPS nav),225016.1,0.1,,-0,0,-0.02,262.1,20,33,10,10,-120,-6,13.2,14,3.09,-0.41,0.005,1.005,-0.321,,320,,,,29.78,123.000,121.500,116.200,VOR2,,TRM,,161,347,,+0.62,,,,,,,,,,,,,,,,,,,-10.8,33.8,2153,,,,040007FF N100 N100 *,480017FF N100 N100,0.4,0.2,5,14,,1200,ALT,29.8,0,2,92,14,0.0,0.3,-4,94,93,13.1,-7,100,85,OIL PRESS,
2026-07-21,07:30:17,14:30:17,-07:00,+33.6363288,-116.1608975,-126,3DDiff (GPS nav),225017.1,0.1,,-0,0,-0.03,262.2,20,33,10,11,-120,-12,11.4,12,3.07,-0.24,-0.005,1.007,-0.437,,320,,,,29.78,123.000,121.500,116.200,VOR2,,TRM,,161,347,,+0.62,,,,,,,,,,,,,,,,,,,-10.8,33.8,2153,,,,040007FF N100 N100 *,480017FF N100 N100,0.4,0.2,13,12,,1200,ALT,29.8,0,2,92,14,0.0,0.3,-4,94,93,13.1,-7,100,85,OIL PRESS,
2026-07-21,07:30:18,14:30:18,-07:00,+33.6363288,-116.1608975,-126,3DDiff (GPS nav),225018.1,0.0,,-0,-0,-0.05,262.1,20,33,10,12,-120,-0,10.6,11,3.10,-0.34,0.009,0.996,-0.572,,320,,,,29.78,123.000,121.500,116.200,VOR2,,TRM,,161,347,,+0.62,,,,,,,,,,,,,,,,,,,-10.8,33.8,2153,,,,040007FF N100 N100 *,480017FF N100 N100,0.4,0.2,12,14,,1200,ALT,29.8,0,2,92,14,0.0,0.3,-4,94,93,13.1,-7,95,85,OIL PRESS,
2026-07-21,07:30:19,14:30:19,-07:00,+33.6363286,-116.1608971,-124,3DDiff (GPS nav),225019.1,0.0,,0,0,0.03,262.2,20,33,10,12,-119,18,10.5,11,3.08,-0.38,0.008,1.001,-0.592,,320,,,,29.78,123.000,121.500,116.200,VOR2,,TRM,,161,347,,+0.62,,,,,,,,,,,,,,,,,,,-10.8,33.8,2154,,,,040007FF N100 N100 *,480017FF N100 N100,0.4,0.2,7,8,,1200,ALT,29.8,0,2,92,14,0.0,0.3,-4,94,93,13.1,-7,95,85,OIL PRESS,
2026-07-21,07:30:20,14:30:20,-07:00,+33.6363288,-116.1608953,-122,3DDiff (GPS nav),225020.1,0.0,,-0,-0,-0.03,262.1,20,33,10,12,-119,14,10.5,11,3.05,-0.46,0.009,1.004,-0.591,,320,,,,29.78,123.000,121.500,116.200,VOR2,,TRM,,161,347,,+0.61,,,,,,,,,,,,,,,,,,,-10.8,33.8,2155,,,,040007FF N100 N100 *,480017FF N100 N100,0.5,0.2,11,11,,1200,ALT,29.8,0,2,92,14,0.0,0.3,-4,94,93,13.1,-7,95,85,OIL PRESS,
2026-07-21,07:30:21,14:30:21,-07:00,+33.6363300,-116.1608969,-124,3DDiff (GPS nav),225021.1,0.1,,0,0,0.05,262.1,20,33,10,12,-119,14,10.2,10,3.07,-0.47,0.010,1.001,-0.582,,320,,,,29.78,123.000,121.500,116.200,VOR2,,TRM,,161,347,,+0.60,,,,,,,,,,,,,,,,,,,-10.8,33.8,2155,,,,040007FF N100 N100 *,480017FF N100 N100,0.5,0.1,6,7,,1200,ALT,29.8,0,2,92,14,0.0,0.3,-4,94,93,13.1,-7,95,85,OIL PRESS,
2026-07-21,07:30:22,14:30:22,-07:00,+33.6363302,-116.1608966,-124,3DDiff (GPS nav),225022.1,0.0,,0,0,-0.05,262.2,20,33,10,12,-119,9,9.8,10,3.08,-0.35,0.002,1.001,-0.634,,320,,,,29.78,123.000,121.500,116.200,VOR2,,TRM,,161,347,,+0.60,,,,,,,,,,,,,,,,,,,-10.8,33.8,2155,,,,040007FF N100 N100 *,480017FF N100 N100,0.4,0.2,7,7,,1200,ALT,29.8,0,2,92,14,0.0,0.3,-4,94,93,13.1,-7,95,85,OIL PRESS,
2026-07-21,07:30:23,14:30:23,-07:00,+33.6363302,-116.1608965,-124,3DDiff (GPS nav),225023.1,0.0,,0,-0,0.05,262.1,20,33,10,11,-119,-4,10.3,10,3.09,-0.47,0.008,0.998,-0.781,,320,,,,29.78,123.000,121.500,116.200,VOR2,,TRM,,161,347,,+0.61,,,,,,,,,,,,,,,,,,,-10.8,33.8,2154,,,,040007FF N100 N100 *,480017FF N100 N100,0.5,0.2,11,11,,1200,ALT,29.8,0,2,92,14,0.0,0.3,-4,94,93,13.1,-7,95,85,OIL PRESS,
2026-07-21,07:30:24,14:30:24,-07:00,+33.6363302,-116.1608964,-124,3DDiff (GPS nav),225024.1,0.0,,-0,0,-0.01,262.3,20,33,10,11,-120,-18,11.1,11,3.20,-0.36,-0.001,1.001,-0.820,,320,,,,29.78,123.000,121.500,116.200,VOR2,,TRM,,161,347,,+0.61,,,,,,,,,,,,,,,,,,,-10.8,33.8,2153,,,,040007FF N100 N100 *,480017FF N100 N100,0.4,0.1,12,10,,1200,ALT,29.8,0,2,92,14,0.0,0.3,-4,94,93,13.1,-7,95,85,OIL PRESS,
2026-07-21,07:30:25,14:30:25,-07:00,+33.6363294,-116.1608960,-124,3DDiff (GPS nav),225025.1,0.0,,0,-0,0.08,262.2,20,33,10,11,-120,-20,12.0,12,3.07,-0.25,-0.006,1.000,-0.796,,320,,,,29.78,123.000,121.500,116.200,VOR2,,TRM,,161,347,,+0.61,,,,,,,,,,,,,,,,,,,-10.8,33.8,2153,,,,040007FF N100 N100 *,480017FF N100 N100,0.4,0.2,6,10,,1200,ALT,29.8,0,2,92,14,0.0,0.3,-4,94,93,13.1,-7,95,85,OIL PRESS,
2026-07-21,07:30:26,14:30:26,-07:00,+33.6363288,-116.1608972,-125,3DDiff (GPS nav),225026.1,0.0,,0,-0,-0.05,262.0,20,33,10,12,-120,-10,12.9,13,3.04,-0.39,0.019,0.987,-0.712,,320,,,,29.78,123.000,121.500,116.200,VOR2,,TRM,,161,347,,+0.61,,,,,,,,,,,,,,,,,,,-10.8,33.8,2153,,,,040007FF N100 N100 *,480017FF N100 N100,0.4,0.2,19,29,,1200,ALT,29.8,0,2,92,14,0.0,0.3,-4,94,93,13.1,-7,95,85,OIL PRESS,
2026-07-21,07:30:27,14:30:27,-07:00,+33.6363283,-116.1608958,-123,3DDiff (GPS nav),225027.1,0.0,,0,0,-0.05,262.3,20,33,10,13,-119,15,14.8,15,3.14,-0.20,-0.011,0.983,-0.575,,320,,,,29.78,123.000,121.500,116.200,VOR2,,TRM,,161,347,,+0.60,,,,,,,,,,,,,,,,,,,-10.8,33.8,2154,,,,040007FF N100 N100 *,480017FF N100 N100,0.3,0.2,33,30,,1200,ALT,29.8,0,2,92,14,0.0,0.3,-4,94,93,13.1,-7,95,85,OIL PRESS,
2026-07-21,07:30:28,14:30:28,-07:00,+33.6363280,-116.1608955,-123,3DDiff (GPS nav),225028.1,0.1,,-0,-0,0.02,262.0,20,33,10,12,-119,17,17.6,18,3.08,-0.63,0.012,1.008,-0.418,,320,,,,29.78,123.000,121.500,116.200,VOR2,,TRM,,161,347,,+0.60,,,,,,,,,,,,,,,,,,,-10.8,33.8,2153,,,,040007FF N100 N100 *,480017FF N100 N100,0.3,0.3,45,35,,1200,ALT,29.8,0,2,92,14,0.0,0.3,-4,94,93,13.1,-7,95,85,OIL PRESS,
2026-07-21,07:30:29,14:30:29,-07:00,+33.6363277,-116.1608955,-123,3DDiff (GPS nav),225029.1,0.0,,0,-0,0.00,262.2,20,33,10,10,-120,-4,18.0,19,3.08,-0.26,0.001,1.004,-0.301,,320,,,,29.78,123.000,121.500,116.200,VOR2,,TRM,,161,347,,+0.61,,,,,,,,,,,,,,,,,,,-10.8,33.8,2153,,,,040007FF N100 N100 *,480017FF N100 N100,0.4,0.2,32,32,,1200,ALT,29.8,0,2,92,14,0.0,0.3,-4,94,93,13.1,-7,95,85,OIL PRESS,
2026-07-21,07:30:30,14:30:30,-07:00,+33.6363277,-116.1608952,-123,3DDiff (GPS nav),225030.1,0.1,,0,-0,0.04,262.1,20,33,10,12,-120,-12,16.3,17,3.19,-0.30,0.015,1.001,-0.306,,320,,,,29.78,123.000,121.500,116.200,VOR2,,TRM,,161,347,,+0.61,,,,,,,,,,,,,,,,,,,-10.8,33.8,2154,,,,040007FF N100 N100 *,480017FF N100 N100,0.4,0.3,30,26,,1200,ALT,29.8,0,2,92,14,0.0,0.3,-4,94,93,13.1,-7,95,85,OIL PRESS,
2026-07-21,07:30:31,14:30:31,-07:00,+33.6363283,-116.1608949,-122,3DDiff (GPS nav),225031.1,0.1,,0,0,0.04,262.1,20,33,10,14,-119,12,15.8,16,3.14,-0.49,0.002,0.992,-0.347,,320,,,,29.78,123.000,121.500,116.200,VOR2,,TRM,,161,347,,+0.61,,,,,,,,,,,,,,,,,,,-10.8,33.8,2155,,,,040007FF N100 N100 *,480017FF N100 N100,0.3,0.2,25,32,,1200,ALT,29.8,0,2,92,14,0.0,0.3,-4,94,93,13.1,-7,95,85,OIL PRESS,
2026-07-21,07:30:32,14:30:32,-07:00,+33.6363286,-116.1608930,-119,3DDiff (GPS nav),225032.1,0.0,,0,0,-0.04,262.1,20,33,10,15,-117,46,14.1,14,3.22,-0.51,0.011,1.005,-0.378,,320,,,,29.78,123.000,121.500,116.200,VOR2,,TRM,,161,347,,+0.61,,,,,,,,,,,,,,,,,,,-10.8,33.8,2157,,,,040007FF N100 N100 *,480017FF N100 N100,0.4,0.2,13,14,,1200,ALT,29.8,0,2,92,14,0.0,0.3,-4,94,93,13.1,-7,95,85,OIL PRESS,
2026-07-21,07:30:33,14:30:33,-07:00,+33.6363300,-116.1608952,-121,3DDiff (GPS nav),225033.1,0.0,,0,0,0.00,262.2,16,33,10,13,-117,42,10.7,11,3.15,-0.52,-0.004,0.997,-0.479,,320,,,,29.78,123.000,121.500,116.200,VOR2,,TRM,,161,347,,+0.61,,,,,,,,,,,,,,,,,,,-10.8,33.8,2158,,,,040007FF N100 N100 *,480017FF N100 N100,0.4,0.2,17,15,,1200,ALT,29.8,0,2,92,14,0.0,0.3,-4,94,93,13.1,-7,95,85,OIL PRESS,
2026-07-21,07:30:34,14:30:34,-07:00,+33.6363300,-116.1608949,-121,3DDiff (GPS nav),225034.1,0.0,,-0,0,-0.02,262.1,20,33,10,13,-117,18,9.8,10,3.11,-0.54,0.009,1.003,-0.647,,320,,,,29.78,123.000,121.500,116.200,VOR2,,TRM,,161,347,,+0.60,,,,,,,,,,,,,,,,,,,-10.8,33.8,2158,,,,040007FF N100 N100 *,480017FF N100 N100,0.4,0.2,22,23,,1200,ALT,29.8,0,2,92,14,0.0,0.3,-4,94,93,13.1,-7,95,85,OIL PRESS,
2026-07-21,07:30:35,14:30:35,-07:00,+33.6363300,-116.1608949,-121,3DDiff (GPS nav),225035.1,0.0,,0,0,0.03,262.1,20,33,10,13,-118,-3,10.8,11,3.02,-0.40,-0.000,1.000,-0.763,,320,,,,29.78,123.000,121.500,116.200,VOR2,,TRM,,161,347,,+0.60,,,,,,,,,,,,,,,,,,,-10.8,33.8,2157,,,,040007FF N100 N100 *,480017FF N100 N100,0.4,0.1,14,18,,1200,ALT,29.8,0,2,92,14,0.0,0.3,-4,94,93,13.1,-7,95,85,OIL PRESS,
2026-07-21,07:30:36,14:30:36,-07:00,+33.6363299,-116.1608949,-120,3DDiff (GPS nav),225036.1,0.0,,0,-0,0.05,262.1,20,33,10,13,-118,-7,12.1,12,3.05,-0.37,0.003,1.000,-0.747,,320,,,,29.78,123.000,121.500,116.200,VOR2,,TRM,,161,347,,+0.60,,,,,,,,,,,,,,,,,,,-10.8,33.8,2157,,,,040007FF N100 N100 *,480017FF N100 N100,0.4,0.2,16,13,,1200,ALT,29.8,0,2,92,14,0.0,0.3,-4,94,93,13.1,-7,95,85,OIL PRESS,
2026-07-21,07:30:37,14:30:37,-07:00,+33.6363294,-116.1608952,-121,3DDiff (GPS nav),225037.1,0.1,,0,0,0.01,262.2,20,33,10,12,-118,-11,12.7,13,3.14,-0.38,0.002,0.995,-0.668,,320,,,,29.78,123.000,121.500,116.200,VOR2,,TRM,,161,347,,+0.60,,,,,,,,,,,,,,,,,,,-10.8,33.8,2157,,,,040007FF N100 N100 *,480017FF N100 N100,0.4,0.2,23,23,,1200,ALT,29.8,0,2,92,14,0.0,0.3,-4,94,93,13.1,-7,95,85,OIL PRESS,
2026-07-21,07:30:38,14:30:38,-07:00,+33.6363292,-116.1608966,-122,3DDiff (GPS nav),225038.1,0.1,,0,0,0.01,262.2,20,33,10,12,-119,-19,12.9,13,3.11,-0.33,0.004,0.998,-0.605,,320,,,,29.78,123.000,121.500,116.200,VOR2,,TRM,,161,347,,+0.60,,,,,,,,,,,,,,,,,,,-10.8,33.8,2156,,,,040007FF N100 N100 *,480017FF N100 N100,0.3,0.2,17,15,,1200,ALT,29.8,0,2,92,14,0.0,0.3,-4,94,93,13.1,-7,95,85,OIL PRESS,
2026-07-21,07:30:39,14:30:39,-07:00,+33.6363283,-116.1608955,-121,3DDiff (GPS nav),225039.1,0.0,,-0,0,-0.04,262.1,16,33,10,13,-119,-14,13.1,14,3.10,-0.60,0.013,1.000,-0.565,,320,,,,29.78,123.000,121.500,116.200,VOR2,,TRM,,161,347,,+0.60,,,,,,,,,,,,,,,,,,,-10.8,33.8,2156,,,,040007FF N100 N100 *,480017FF N100 N100,0.3,0.2,14,17,,1200,ALT,29.8,0,2,92,14,0.0,0.3,-4,94,93,13.1,-7,95,85,OIL PRESS,
2026-07-21,07:30:40,14:30:40,-07:00,+33.6363283,-116.1608955,-120,3DDiff (GPS nav),225040.1,0.1,,-0,0,-0.06,262.2,20,33,10,12,-119,-7,13.1,13,3.09,-0.33,0.005,1.001,-0.554,,320,,,,29.78,123.000,121.500,116.200,VOR2,,TRM,,161,347,,+0.60,,,,,,,,,,,,,,,,,,,-10.8,33.8,2156,,,,040007FF N100 N100 *,480017FF N100 N100,0.4,0.2,13,19,,1200,ALT,29.8,0,2,92,14,0.0,0.3,-4,94,93,13.1,-7,95,85,OIL PRESS,
2026-07-21,07:30:41,14:30:41,-07:00,+33.6363280,-116.1608952,-120,3DDiff (GPS nav),225041.1,0.1,,0,-0,0.05,262.2,20,33,10,14,-118,6,11.7,12,3.09,-0.27,0.008,0.990,-0.523,,320,,,,29.78,123.000,121.500,116.200,VOR2,,TRM,,161,347,,+0.60,,,,,,,,,,,,,,,,,,,-10.8,33.8,2157,,,,040007FF N100 N100 *,480017FF N100 N100,0.4,0.2,30,24,,1200,ALT,29.8,0,2,92,14,0.0,0.3,-4,94,93,13.1,-7,95,85,OIL PRESS,
2026-07-21,07:30:42,14:30:42,-07:00,+33.6363269,-116.1608955,-119,3DDiff (GPS nav),225042.1,0.1,,-0,-0,0.01,262.0,20,30,11,14,-117,30,12.8,13,2.99,-0.49,0.021,1.004,-0.493,,320,,,,29.78,123.000,121.500,116.200,VOR2,,TRM,,161,347,,+0.60,,,,,,,,,,,,,,,,,,,-10.8,33.8,2159,,,,040007FF N100 N100 *,480017FF N100 N100,0.4,0.1,55,72,,1200,ALT,29.8,0,2,92,14,0.0,0.3,-4,94,93,13.1,-7,95,85,OIL PRESS,
2026-07-21,07:30:43,14:30:43,-07:00,+33.6363275,-116.1608949,-118,3DDiff (GPS nav),225043.1,0.0,,0,-0,0.00,262.1,20,30,11,14,-117,24,12.4,13,3.10,-0.60,0.017,0.990,-0.473,,320,,,,29.78,123.000,121.500,116.200,VOR2,,TRM,,161,347,,+0.59,,,,,,,,,,,,,,,,,,,-10.8,33.8,2159,,,,040007FF N100 N100 *,480017FF N100 N100,0.4,0.1,33,35,,1200,ALT,29.8,0,2,92,14,0.0,0.3,-4,94,93,13.1,-7,95,85,OIL PRESS,
2026-07-21,07:30:44,14:30:44,-07:00,+33.6363205,-116.1609000,-115,3DDiff (GPS nav),225044.1,0.0,,-0,0,-0.03,262.1,20,30,10,13,-118,5,12.8,13,3.09,-0.45,0.006,1.014,-0.491,,320,,,,29.78,123.000,121.500,116.200,VOR2,,TRM,,161,347,,+0.60,,,,,,,,,,,,,,,,,,,-10.8,33.8,2158,,,,020007FF N100 N100 *,480017FF N100 N100,0.4,0.1,37,39,,1200,ALT,29.8,0,2,92,14,0.0,0.3,-4,94,93,13.1,-7,95,85,OIL PRESS,
2026-07-21,07:30:45,14:30:45,-07:00,+33.6363205,-116.1609001,-116,3DDiff (GPS nav),225045.1,0.1,,-0,0,0.00,262.0,16,30,10,14,-118,-4,12.9,13,2.99,-0.51,0.004,0.992,-0.525,,320,,,,29.78,123.000,121.500,116.200,VOR2,,TRM,,161,347,,+0.59,,,,,,,,,,,,,,,,,,,-10.8,33.8,2158,,,,040007FF N100 N100 *,480017FF N100 N100,0.5,0.1,20,21,,1200,ALT,29.8,0,2,92,14,0.0,0.3,-4,94,93,13.1,-7,95,85,OIL PRESS,
2026-07-21,07:30:46,14:30:46,-07:00,+33.6363199,-116.1609000,-116,3DDiff (GPS nav),225046.1,0.1,,-0,-0,-0.05,261.9,16,30,10,14,-117,6,13.1,13,2.88,-0.48,0.004,1.001,-0.520,,320,,,,29.78,123.000,121.500,116.200,VOR2,,TRM,,161,347,,+0.59,,,,,,,,,,,,,,,,,,,-10.8,33.8,2159,,,,040007FF N100 N100 *,480017FF N100 N100,0.5,0.1,13,27,,1200,ALT,29.8,0,2,92,14,0.0,0.3,-4,94,93,13.1,-7,95,85,OIL PRESS,
2026-07-21,07:30:47,14:30:47,-07:00,+33.6363197,-116.1608996,-116,3DDiff (GPS nav),225047.1,0.0,,0,-0,-0.01,262.3,16,30,10,13,-117,6,15.9,16,3.00,-0.17,-0.046,1.009,-0.442,,320,,,,29.78,123.000,121.500,116.200,VOR2,,TRM,,161,347,,+0.60,,,,,,,,,,,,,,,,,,,-10.8,33.8,2158,,,,040007FF N100 N100 *,480017FF N100 N100,0.4,0.2,26,38,,1200,ALT,29.8,0,2,92,14,0.0,0.3,-4,94,93,13.1,-7,95,85,OIL PRESS,
2026-07-21,07:30:48,14:30:48,-07:00,+33.6363197,-116.1608997,-115,3DDiff (GPS nav),225048.1,0.1,,-0,-0,-0.04,261.9,16,30,10,14,-117,8,18.6,19,2.88,-0.56,0.028,1.031,-0.326,,320,,,,29.78,123.000,121.500,116.200,VOR2,,TRM,,161,347,,+0.60,,,,,,,,,,,,,,,,,,,-10.8,33.8,2157,,,,040007FF N100 N100 *,480017FF N100 N100,0.4,0.2,70,107,,1200,ALT,29.8,0,2,92,14,0.0,0.3,-4,94,93,13.1,-7,95,85,OIL PRESS,
2026-07-21,07:30:49,14:30:49,-07:00,+33.6363177,-116.1608994,-116,3DDiff (GPS nav),225049.1,0.1,,-0,-0,-0.04,262.1,20,30,10,13,-117,6,18.9,19,3.05,-0.53,-0.001,1.014,-0.240,,320,,,,29.78,123.000,121.500,116.200,VOR2,,TRM,,161,347,,+0.61,,,,,,,,,,,,,,,,,,,-10.8,33.8,2158,,,,040007FF N100 N100 *,480017FF N100 N100,0.4,0.2,32,33,,1200,ALT,29.8,0,2,92,14,0.0,0.3,-4,94,93,13.1,-7,95,85,OIL PRESS,
2026-07-21,07:30:50,14:30:50,-07:00,+33.6363180,-116.1608986,-115,3DDiff (GPS nav),225050.1,0.0,,0,0,0.04,262.1,20,30,10,14,-117,-6,19.1,20,2.95,-0.24,-0.009,0.996,-0.156,,320,,,,29.78,123.000,121.500,116.200,VOR2,,TRM,,161,347,,+0.60,,,,,,,,,,,,,,,,,,,-10.8,33.8,2157,,,,040007FF N100 N100 *,480017FF N100 N100,0.4,0.1,47,47,,1200,ALT,29.8,0,2,92,14,0.0,0.3,-4,94,93,13.1,-7,95,85,OIL PRESS,
2026-07-21,07:30:51,14:30:51,-07:00,+33.6363175,-116.1608999,-115,3DDiff (GPS nav),225051.1,0.0,,0,0,-0.03,262.1,16,30,10,15,-117,12,17.5,18,3.19,-0.39,0.002,1.019,-0.092,,320,,,,29.78,123.000,121.500,116.200,VOR2,,TRM,,161,347,,+0.60,,,,,,,,,,,,,,,,,,,-10.8,33.8,2159,,,,040007FF N100 N100 *,480017FF N100 N100,0.4,0.1,22,58,,1200,ALT,29.8,0,2,92,14,0.0,0.3,-4,94,93,13.1,-7,95,85,OIL PRESS,
2026-07-21,07:30:52,14:30:52,-07:00,+33.6363168,-116.1608996,-114,3DDiff (GPS nav),225052.1,0.1,,0,-0,0.07,261.9,16,30,10,16,-116,26,16.5,17,3.09,-0.75,0.002,0.996,-0.109,,320,,,,29.78,123.000,121.500,116.200,VOR2,,TRM,,161,347,,+0.60,,,,,,,,,,,,,,,,,,,-10.8,33.8,2160,,,,040007FF N100 N100 *,480017FF N100 N100,0.4,0.2,29,26,,1200,ALT,29.8,0,2,92,14,0.0,0.3,-4,94,93,13.1,-7,95,85,OIL PRESS,
2026-07-21,07:30:53,14:30:53,-07:00,+33.6363166,-116.1608994,-114,3DDiff (GPS nav),225053.1,0.1,,-0,-0,0.02,262.0,16,30,10,17,-115,43,16.8,17,3.12,-0.55,0.008,1.001,-0.090,,320,,,,29.78,123.000,121.500,116.200,VOR2,,TRM,,161,347,,+0.60,,,,,,,,,,,,,,,,,,,-10.8,33.8,2161,,,,040007FF N100 N100 *,480017FF N100 N100,0.3,0.2,40,51,,1200,ALT,29.8,0,2,92,14,0.0,0.3,-4,94,93,13.1,-7,95,85,OIL PRESS,
2026-07-21,07:30:54,14:30:54,-07:00,+33.6363163,-116.1608993,-114,3DDiff (GPS nav),225054.1,0.1,,0,-0,0.02,262.1,16,30,10,15,-115,27,14.5,15,3.23,-0.45,-0.000,0.993,-0.092,,320,,,,29.78,123.000,121.500,116.200,VOR2,,TRM,,161,347,,+0.60,,,,,,,,,,,,,,,,,,,-10.8,33.8,2162,,,,040007FF N100 N100 *,480017FF N100 N100,0.4,0.2,21,19,,1200,ALT,29.8,0,2,92,14,0.0,0.3,-4,94,93,13.1,-7,95,85,OIL PRESS,
2026-07-21,07:30:55,14:30:55,-07:00,+33.6363180,-116.1608996,-114,3DDiff (GPS nav),225055.1,0.0,,0,-0,0.03,262.2,20,30,10,14,-116,-8,12.8,13,3.08,-0.34,0.003,1.007,-0.116,,320,,,,29.78,123.000,121.500,116.200,VOR2,,TRM,,161,347,,+0.60,,,,,,,,,,,,,,,,,,,-10.8,33.8,2161,,,,040007FF N100 N100 *,480017FF N100 N100,0.4,0.2,29,27,,1200,ALT,29.8,0,2,92,14,0.0,0.3,-4,94,93,13.1,-7,95,85,OIL PRESS,
2026-07-21,07:30:56,14:30:56,-07:00,+33.6363186,-116.1609005,-114,3DDiff (GPS nav),225056.1,0.1,,0,0,0.01,262.2,20,30,10,15,-116,-18,12.6,13,2.94,-0.26,-0.012,0.996,-0.139,,320,,,,29.78,123.000,121.500,116.200,VOR2,,TRM,,161,347,,+0.59,,,,,,,,,,,,,,,,,,,-10.8,33.8,2161,,,,040007FF N100 N100 *,480017FF N100 N100,0.4,0.2,48,34,,1200,ALT,29.8,0,2,92,14,0.0,0.3,-4,94,93,13.1,-7,95,85,OIL PRESS,
2026-07-21,07:30:57,14:30:57,-07:00,+33.6363183,-116.1608991,-115,3DDiff (GPS nav),225057.1,0.1,,0,0,-0.01,262.0,16,30,10,14,-117,-19,14.1,15,2.97,-0.28,0.015,0.988,-0.116,,320,,,,29.78,123.000,121.500,116.200,VOR2,,TRM,,161,347,,+0.60,,,,,,,,,,,,,,,,,,,-10.8,33.8,2160,,,,040007FF N100 N100 *,480017FF N100 N100,0.5,0.2,22,33,,1200,ALT,29.8,0,2,92,14,0.0,0.3,-4,94,93,13.1,-7,95,85,OIL PRESS,
2026-07-21,07:30:58,14:30:58,-07:00,+33.6363246,-116.1608939,-116,3DDiff (GPS nav),225058.1,0.1,,-0,-0,-0.05,262.3,16,30,11,14,-117,-24,14.4,15,3.07,-0.43,0.011,1.024,-0.137,,320,,,,29.78,123.000,121.500,116.200,VOR2,,TRM,,161,347,,+0.60,,,,,,,,,,,,,,,,,,,-10.8,33.8,2159,,,,040007FF N100 N100 *,480017FF N100 N100,0.4,0.1,56,72,,1200,ALT,29.8,0,2,92,14,0.0,0.3,-4,94,93,13.1,-7,95,85,OIL PRESS,
2026-07-21,07:30:59,14:30:59,-07:00,+33.6363244,-116.1608939,-116,3DDiff (GPS nav),225059.1,0.1,,-0,-0,-0.01,261.9,16,30,11,12,-118,-28,15.7,16,3.00,-0.62,0.024,1.008,-0.157,,320,,,,29.78,123.000,121.500,116.200,VOR2,,TRM,,161,347,,+0.60,,,,,,,,,,,,,,,,,,,-10.8,33.8,2158,,,,040007FF N100 N100 *,480017FF N100 N100,0.4,0.1,23,37,,1200,ALT,29.8,0,2,92,14,0.0,0.3,-4,94,93,13.1,-7,95,85,OIL PRESS,
2026-07-21,07:31:00,14:31:00,-07:00,+33.6363244,-116.1608942,-116,3DDiff (GPS nav),225060.1,0.1,,-0,0,0.02,262.1,16,30,11,13,-118,-29,15.5,16,2.97,-0.43,-0.029,1.017,-0.204,,320,,,,29.78,123.000,121.500,116.200,VOR2,,TRM,,161,347,,+0.60,,,,,,,,,,,,,,,,,,,-10.8,33.8,2158,,,,040007FF N100 N100 *,480017FF N100 N100,0.4,0.1,26,35,,1200,ALT,29.8,0,2,92,14,0.0,0.3,-4,94,93,13.1,-7,95,85,OIL PRESS,
2026-07-21,07:31:01,14:31:01,-07:00,+33.6363233,-116.1608940,-116,3DDiff (GPS nav),225061.1,0.1,,0,0,0.05,261.9,16,30,11,14,-118,-12,17.3,18,3.00,-0.47,-0.006,0.996,-0.237,,320,,,,29.78,123.000,121.500,116.200,VOR2,,TRM,,161,347,,+0.61,,,,,,,,,,,,,,,,,,,-10.8,33.8,2158,,,,040007FF N100 N100 *,480017FF N100 N100,0.5,0.2,43,64,,1200,ALT,29.8,0,2,92,14,0.0,0.3,-4,94,93,13.1,-7,95,85,OIL PRESS,
2026-07-21,07:31:02,14:31:02,-07:00,+33.6363233,-116.1608928,-116,3DDiff (GPS nav),225062.1,0.1,,-0,0,-0.03,262.3,20,30,11,12,-118,-11,15.6,16,3.17,-0.29,-0.017,1.018,-0.286,,320,,,,29.78,123.000,121.500,116.200,VOR2,,TRM,,161,347,,+0.61,,,,,,,,,,,,,,,,,,,-10.8,33.8,2158,,,,040007FF N100 N100 *,480017FF N100 N100,0.4,0.1,27,34,,1200,ALT,29.8,0,2,92,14,0.0,0.3,-4,94,93,13.1,-7,95,85,OIL PRESS,
2026-07-21,07:31:03,14:31:03,-07:00,+33.6363239,-116.1608939,-116,3DDiff (GPS nav),225063.1,0.0,,-0,0,0.00,261.9,16,30,11,13,-118,-13,14.1,14,3.05,-0.73,0.018,0.989,-0.544,,320,,,,29.78,123.000,121.500,116.200,VOR2,,TRM,,161,347,,+0.61,,,,,,,,,,,,,,,,,,,-10.8,33.8,2158,,,,040007FF N100 N100 *,480017FF N100 N100,0.4,0.2,41,34,,1200,ALT,29.8,0,2,92,14,0.0,0.3,-4,94,93,13.1,-7,95,85,OIL PRESS,
2026-07-21,07:31:04,14:31:04,-07:00,+33.6363236,-116.1608941,-116,3DDiff (GPS nav),225064.1,0.0,,-0,0,-0.02,262.1,16,30,11,13,-118,-0,12.8,13,3.10,-0.38,-0.002,1.000,-0.893,,320,,,,29.78,123.000,121.500,116.200,VOR2,,TRM,,161,347,,+0.61,,,,,,,,,,,,,,,,,,,-10.8,33.8,2159,,,,040007FF N100 N100 *,480017FF N100 N100,0.4,0.2,47,58,,1200,ALT,29.8,0,2,92,14,0.0,0.3,-4,94,93,13.1,-7,95,85,OIL PRESS,
2026-07-21,07:31:05,14:31:05,-07:00,+33.6363235,-116.1608941,-116,3DDiff (GPS nav),225065.1,0.0,,-0,0,0.03,261.9,16,30,11,15,-117,21,12.2,12,3.10,-0.55,0.025,1.004,-1.076,,320,,,,29.78,123.000,121.500,116.200,VOR2,,TRM,,161,347,,+0.61,,,,,,,,,,,,,,,,,,,-10.8,33.8,2160,,,,040007FF N100 N100 *,480017FF N100 N100,0.4,0.2,39,45,,1200,ALT,29.8,0,2,92,14,0.0,0.3,-4,94,93,13.1,-7,95,85,OIL PRESS,
2026-07-21,07:31:06,14:31:06,-07:00,+33.6363233,-116.1608941,-116,3DDiff (GPS nav),225066.1,0.0,,0,-0,0.04,262.2,16,30,11,14,-117,26,11.0,11,3.07,-0.37,0.000,0.983,-1.189,,320,,,,29.78,123.000,121.500,116.200,VOR2,,TRM,,161,347,,+0.61,,,,,,,,,,,,,,,,,,,-10.8,33.8,2160,,,,040007FF N100 N100 *,480017FF N100 N100,0.5,0.2,32,37,,1200,ALT,29.8,0,2,92,14,0.0,0.3,-4,94,93,13.1,-7,95,85,OIL PRESS,
2026-07-21,07:31:07,14:31:07,-07:00,+33.6363233,-116.1608939,-115,3DDiff (GPS nav),225067.1,0.0,,-0,0,0.05,262.1,16,30,11,13,-117,10,11.8,12,3.04,-0.48,0.028,0.994,-1.171,,320,,,,29.78,123.000,121.500,116.200,VOR2,,TRM,,161,347,,+0.61,,,,,,,,,,,,,,,,,,,-10.8,33.8,2160,,,,040007FF N100 N100 *,480017FF N100 N100,0.4,0.2,31,29,,1200,ALT,29.8,0,2,92,14,0.0,0.3,-4,94,93,13.1,-7,95,85,OIL PRESS,
2026-07-21,07:31:08,14:31:08,-07:00,+33.6363224,-116.1608952,-116,3DDiff (GPS nav),225068.1,0.0,,0,-0,0.03,262.2,16,30,11,15,-117,6,13.1,13,3.04,-0.36,0.021,0.998,-1.050,,320,,,,29.78,123.000,121.500,116.200,VOR2,,TRM,,161,347,,+0.61,,,,,,,,,,,,,,,,,,,-10.8,33.8,2160,,,,040007FF N100 N100 *,480017FF N100 N100,0.4,0.2,25,34,,1200,ALT,29.8,0,2,92,14,0.0,0.3,-4,94,93,13.1,-7,95,85,OIL PRESS,
2026-07-21,07:31:09,14:31:09,-07:00,+33.6363214,-116.1608939,-116,3DDiff (GPS nav),225069.1,0.1,,0,-0,-0.03,262.1,16,30,11,14,-117,8,15.3,16,3.10,-0.65,0.018,1.006,-0.826,,320,,,,29.78,123.000,121.500,116.200,VOR2,,TRM,,161,347,,+0.61,,,,,,,,,,,,,,,,,,,-10.8,33.8,2159,,,,040007FF N100 N100 *,480017FF N100 N100,0.4,0.2,63,55,,1200,ALT,29.8,0,2,92,14,0.0,0.3,-4,94,93,13.1,-7,95,85,OIL PRESS,
2026-07-21,07:31:10,14:31:10,-07:00,+33.6363214,-116.1608944,-116,3DDiff (GPS nav),225070.1,0.1,,0,-0,0.01,262.0,16,26,11,12,-117,-8,16.1,17,3.07,-0.56,0.072,0.996,-0.573,,320,,,,29.78,123.000,121.500,116.200,VOR2,,TRM,,161,347,,+0.61,,,,,,,,,,,,,,,,,,,-10.8,33.8,2158,,,,040007FF N100 N100 *,480017FF N100 N100,0.4,0.2,82,69,,1200,ALT,29.8,0,2,92,14,0.0,0.3,-4,94,93,13.1,-7,95,85,OIL PRESS,
2026-07-21,07:31:11,14:31:11,-07:00,+33.6363210,-116.1608941,-116,3DDiff (GPS nav),225071.1,0.1,,0,-0,0.03,262.3,16,30,11,12,-118,-26,16.0,16,3.09,-0.50,-0.005,1.008,-0.371,,320,,,,29.78,123.000,121.500,116.200,VOR2,,TRM,,161,347,,+0.61,,,,,,,,,,,,,,,,,,,-10.8,33.8,2157,,,,040007FF N100 N100 *,480017FF N100 N100,0.4,0.1,95,84,,1200,ALT,29.8,0,2,92,14,0.0,0.3,-4,94,93,13.1,-7,95,85,OIL PRESS,
2026-07-21,07:31:12,14:31:12,-07:00,+33.6363205,-116.1608939,-116,3DDiff (GPS nav),225072.1,0.1,,-0,0,0.00,262.1,16,30,11,14,-118,-18,15.8,16,2.98,-0.33,-0.007,1.009,-0.202,,320,,,,29.78,123.000,121.500,116.200,VOR2,,TRM,,161,347,,+0.61,,,,,,,,,,,,,,,,,,,-10.8,33.8,2158,,,,040007FF N100 N100 *,480017FF N100 N100,0.4,0.3,49,64,,1200,ALT,29.8,0,2,92,14,0.0,0.3,-4,94,93,13.1,-7,95,85,OIL PRESS,
