#airframe_info,log_version="1.00",log_content_version="1.02",product="GDU 460",aircraft_ident="PIAT",unit_software_part_number="006-B1727-37",software_version="9.41",system_id="60002CE0956A8",unit="PFD1",airframe_hours="723.1",engine_hours="401.9"
Date (yyyy-mm-dd),Time (hh:mm:ss),UTC Time (hh:mm:ss),UTC Offset (hh:mm),Latitude (deg),Longitude (deg),GPS Altitude (ft),GPS Fix Status,GPS Time of Week (sec),GPS Ground Speed (kt),GPS Ground Track (deg),GPS Velocity E (m/sec),GPS Velocity N (m/sec),GPS Velocity U (m/sec),Magnetic Heading (deg),GPS HFOM (ft),GPS VFOM (ft),GPS Sats,Pressure Altitude (ft),Baro Altitude (ft),Vertical Speed (ft/min),Indicated Airspeed (kt),True Airspeed (kt),Pitch (deg),Roll (deg),Lateral Acceleration (G),Normal Acceleration (G),AOA Cp,AOA,Selected Heading (deg),Selected Altitude (ft),Selected Vertical Speed (ft/min),Selected Airspeed (kt),Baro Setting (inch Hg),COM Frequency 1 (MHz),COM Frequency 2 (MHz),NAV Frequency 2 (MHz),Active Nav Source,Nav Annunciation,Nav Identifier,Nav Distance (nm),Nav Bearing (deg),Nav Course (deg),Nav Cross Track Distance (nm),Horizontal CDI Deflection,Horizontal CDI Full Scale (ft),Horizontal CDI Scale,Vertical CDI Deflection,Vertical CDI Full Scale (ft),VNAV CDI Deflection,VNAV Altitude (ft),Autopilot State,FD Lateral Mode,FD Vertical Mode,FD Roll Command (deg),FD Pitch Command (deg),FD Altitude (ft),AP Roll Command (deg),AP Pitch Command (deg),AP VS Command (ft/min),AP Altitude Command (ft),AP Roll Torque (%),AP Pitch Torque (%),Magnetic Variation (deg),Outside Air Temp (deg C),Density Altitude (ft),Height Above Ground (ft),Wind Speed (kt),Wind Direction (deg),AHRS/Mag 1 Status,SFD AHRS Status,Pitch Delta (deg),Roll Delta (deg),AHRS 1 Dev (%),SFD AHRS Dev (%),Network Status,Transponder Code,Transponder Mode,Manifold Press (inch Hg),RPM,Oil Press (PSI),Oil Temp (deg F),Fuel Qty (gal),Fuel Flow (gal/hour),Fuel Press (PSI),Elevator Trim,Coolant Temp 1 (deg F),Coolant Temp 2 (deg F),Volts,Amps,EGT1 (deg F),EGT2 (deg F),CAS Alert,Terrain Alert
Lcl Date,Lcl Time,UTC Time,UTCOfst,Latitude,Longitude,AltGPS,GPSfix,,GndSpd,TRK,GPSVelE,GPSVelN,GPSVelU,HDG,HFOM,VFOM,,AltP,AltInd,VSpd,IAS,TAS,Pitch,Roll,LatAc,NormAc,,AOA,SelHDG,SelALT,SelVSpd,SelIAS,Baro,COM1,COM2,NAV2,NavSrc,,NavIdent,NavDist,NavBrg,NavCRS,NavXTK,HCDI,,,VCDI,,VNAV CDI,VNAVAlt,,,,,,,,,,,,,MagVar,OAT,AltD,AGL,WndSpd,WndDr,,,,,,,,,,E1 MAP,E1 RPM,E1 OilP,E1 OilT,FQty1,E1 FFlow,E1 FPres,PTrim,,,Volts1,Amps1,E1 EGT1,E1 EGT2,,
2026-07-11,15:02:55,23:02:55,-08:00,+33.6364232,-116.1613473,89,3D-,601393.4,0.0,,0,0,-0.05,,133,530,7,67,-73,1,11.1,12,,,-0.009,1.001,-0.309,,172,,,,29.77,123.000,121.500,116.200,GPS1,LOI,,,,,,,,ENR,,,,,Powerup,,,,,,,,,,,,-10.8,40.9,2996,,,,081101F8 A37 A37 *,080197FF N24 D62,,,3,3,,1200,ALT,29.8,0,2,109,14,0.0,0.2,5,124,124,13.1,-6,110,110,OIL PRESS,
2026-07-11,15:02:56,23:02:56,-08:00,+33.6364226,-116.1613539,86,3D-,601394.1,0.0,,0,0,-0.04,,126,451,7,67,-73,1,11.1,12,,,-0.010,1.001,-0.310,,172,,,,29.77,123.000,121.500,116.200,GPS1,LOI,,,,,,,,ENR,,,,,Powerup,,,,,,,,,,,,-10.8,40.9,2996,,,,081101F8 A40 A40 *,080197FF N27 D67,,,4,2,,1200,ALT,29.8,0,2,109,14,0.0,0.2,5,124,124,13.1,-6,110,110,OIL PRESS,
2026-07-11,15:02:57,23:02:57,-08:00,+33.6364255,-116.1613616,82,3D-,601395.1,0.0,,0,0,-0.04,,116,365,7,67,-73,3,11.0,11,,,-0.009,1.002,-0.319,,172,,,,29.77,123.000,121.500,116.200,GPS1,LOI,,,,,,,,ENR,,,,,PFT,,,,,,,,,,,,-10.8,40.9,2996,,,,081101F8 A42 A42 *,080197FF N31 D79,,,2,2,,1200,ALT,29.8,0,2,110,14,0.0,0.2,5,124,124,13.1,-6,110,110,OIL PRESS,
2026-07-11,15:02:58,23:02:58,-08:00,+33.6364286,-116.1613713,77,3D-,601396.1,0.0,,0,0,-0.03,,108,309,7,67,-73,-1,11.0,11,,,-0.009,1.002,-0.318,,172,,,,29.77,123.000,121.500,116.200,GPS1,LOI,,,,,,,,ENR,,,,,PFT,,,,,,,,,,,,-10.8,40.9,2996,,,,081101F8 A45 A45 *,080197FF N35 D88,,,3,2,,1200,ALT,29.8,0,2,110,14,0.0,0.2,5,124,124,13.1,-6,110,110,OIL PRESS,
2026-07-11,15:02:59,23:02:59,-08:00,+33.6364419,-116.1613768,73,3D-,601397.1,0.0,,0,0,-0.02,,101,272,7,67,-73,-3,11.0,12,,,-0.010,1.002,-0.322,,172,,,,29.77,123.000,121.500,116.200,GPS1,LOI,,,,,,,,ENR,,,,,PFT,,,,,,,,,,,,-10.8,40.9,2996,,,,081101F8 A48 A48 *,080197FF N39 D98,,,2,2,,1200,ALT,29.8,0,2,110,14,0.0,0.2,5,124,124,13.1,-6,110,110,OIL PRESS,
2026-07-11,15:03:00,23:03:00,-08:00,+33.6364466,-116.1613842,69,3D-,601398.1,0.0,,0,0,-0.02,,93,243,7,66,-74,-7,11.1,12,,,-0.009,1.001,-0.311,,172,,,,29.77,123.000,121.500,116.200,GPS1,LOI,,,,,,,,ENR,,,,,PFT,,,,,,,,,,,,-10.8,40.9,2996,,,,081101F8 A51 A51 *,080197FF N43 D99,,,3,2,,1200,ALT,29.8,0,2,110,14,0.0,0.2,5,124,124,13.1,-6,110,110,OIL PRESS,
2026-07-11,15:03:01,23:03:01,-08:00,+33.6364566,-116.1613896,65,3D-,601399.1,0.0,,0,0,-0.02,,87,221,8,66,-74,-10,11.1,12,,,-0.010,1.002,-0.315,,172,,,,29.77,123.000,121.500,116.200,GPS1,LOI,,,,,,,,ENR,,,,,PFT,,,,,,,,,,,,-10.8,40.9,2995,,,,081101F8 A54 A54 *,080197FF N47 D99,,,2,2,,1200,ALT,29.8,0,2,110,14,0.0,0.2,5,124,124,13.1,-6,110,110,OIL PRESS,
2026-07-11,15:03:02,23:03:02,-08:00,+33.6364296,-116.1612793,27,3D-,601400.1,0.0,,0,0,0.02,,94,2146,8,66,-74,-12,11.2,12,,,-0.008,1.001,-0.345,,172,,,,29.77,123.000,121.500,116.200,GPS1,LOI,,,,,,,,ENR,,,,,PFT,,,,,,,,,,,,-10.8,40.9,2995,,,,081101F8 A57 A57 *,080197FF N51 D99,,,3,2,,1200,ALT,29.8,0,2,110,14,0.0,0.2,5,124,124,13.1,-6,110,110,OIL PRESS,
2026-07-11,15:03:03,23:03:03,-08:00,+33.6364188,-116.1612770,20,3D-,601401.1,0.0,,0,0,0.00,,98,956,8,66,-74,-11,11.1,11,,,-0.009,1.002,-0.388,,172,,,,29.77,123.000,121.500,116.200,GPS1,LOI,,,,,,,,ENR,,,,,PFT,,,,,,,,,,,,-10.8,40.9,2995,,,,081101F8 A61 A61 *,080197FF N55 D99,,,3,11,,1200,ALT,29.8,0,2,110,14,0.0,0.2,5,124,124,13.1,-6,110,110,OIL PRESS,
2026-07-11,15:03:04,23:03:04,-08:00,+33.6364305,-116.1612697,12,3D-,601402.1,0.0,,0,0,0.00,,99,618,8,66,-74,-9,11.1,12,,,-0.009,1.002,-0.437,,172,,,,29.77,123.000,121.500,116.200,GPS1,LOI,,,,,,,,ENR,,,,,PFT,,,,,,,,,,,,-10.8,40.9,2995,,,,081101F8 A63 A63 *,080197FF N59 D99,,,3,2,,1200,ALT,29.8,0,2,111,14,0.0,0.2,5,124,124,13.1,-6,110,110,OIL PRESS,
2026-07-11,15:03:05,23:03:05,-08:00,+33.6364310,-116.1612662,7,3D-,601403.1,0.0,,0,0,0.00,,100,453,8,66,-74,-5,11.0,12,,,-0.010,1.001,-0.490,,172,,,,29.77,123.000,121.500,116.200,GPS1,LOI,,,,,,,,ENR,,,,,PFT,,,,,,,,,,,,-10.8,40.9,2995,,,,081101F8 A66 A66 *,080197FF N63 N2,,,7,12,,1200,ALT,29.8,0,2,111,14,0.0,0.2,5,124,124,13.1,-6,110,110,OIL PRESS,
2026-07-11,15:03:06,23:03:06,-08:00,+33.6364468,-116.1612555,5,3D-,601404.1,0.0,,0,0,-0.00,,87,361,8,66,-74,-0,11.1,11,,,-0.009,1.002,-0.541,,172,,,,29.77,123.000,121.500,116.200,GPS1,LOI,,,,,,,,ENR,,,,,PFT,,,,,,,,,,,,-10.8,40.9,2995,,,,081101F8 A69 A69 *,080197FF N67 N5,,,3,3,,1200,ALT,29.8,0,2,111,14,0.0,0.2,5,124,124,13.1,-6,110,110,OIL PRESS,
2026-07-11,15:03:07,23:03:07,-08:00,+33.6364527,-116.1612502,2,3D-,601405.1,0.0,,0,0,-0.01,,78,299,8,66,-74,1,11.0,11,,,-0.010,1.002,-0.574,,172,,,,29.77,123.000,121.500,116.200,GPS1,LOI,,,,,,,,ENR,,,,,PFT,,,,,,,,,,,,-10.8,40.9,2995,,,,081101F8 A72 A72 *,080197FF N71 N9,,,3,3,,1200,ALT,29.8,0,2,111,14,0.0,0.2,5,124,124,13.1,-6,110,110,OIL PRESS,
2026-07-11,15:03:08,23:03:08,-08:00,+33.6364540,-116.1612467,-1,3D-,601406.1,0.0,,0,0,-0.01,,72,256,8,66,-74,-1,11.0,11,,,-0.010,1.001,-0.597,,172,,,,29.77,123.000,121.500,116.200,GPS1,LOI,,,,,,,,ENR,,,,,PFT,,,,,,,,,,,,-10.8,40.9,2995,,,,081101F8 A75 A75 *,080197FF N75 N12,,,2,2,,1200,ALT,29.8,0,2,111,14,0.0,0.2,5,124,124,13.1,-6,110,110,OIL PRESS,
2026-07-11,15:03:09,23:03:09,-08:00,+33.6364506,-116.1612445,-2,3D-,601407.1,0.0,,0,0,-0.00,,67,225,8,66,-74,-6,11.0,11,,,-0.010,1.003,-0.605,,172,,,,29.77,123.000,121.500,116.200,GPS1,LOI,,,,,,,,ENR,,,,,PFT,,,,,,,,,,,,-10.8,40.9,2995,,,,081101F8 A78 A78 *,080197FF N78 N15,,,3,8,,1200,ALT,29.8,0,2,111,14,0.0,0.2,5,124,124,13.1,-6,110,110,OIL PRESS,
2026-07-11,15:03:10,23:03:10,-08:00,+33.6364466,-116.1612426,-1,3D,601408.1,0.0,,0,0,0.00,,64,203,9,66,-75,-9,11.0,12,,,-0.011,1.001,-0.605,,172,,,,29.77,123.000,121.500,116.200,GPS1,LOI,,,,,,,,ENR,,,,,PFT,,,,,,,,,,,,-10.8,40.9,2995,,,,040001F8 A81 A81 *,480117FF N82 N19,,,3,2,,1200,ALT,29.8,0,2,111,14,0.0,0.2,5,124,124,13.1,-6,110,110,OIL PRESS,
2026-07-11,15:03:11,23:03:11,-08:00,+33.6364497,-116.1612392,-0,3D-,601409.1,0.0,,0,0,0.00,,61,184,9,65,-75,-8,11.0,12,,,-0.008,1.001,-0.595,,172,,,,29.77,123.000,121.500,116.200,GPS1,LOI,,,,,,,,ENR,,,,,PFT,,,,,,,,,,,,-10.8,40.9,2995,,,,040001F8 A83 A83 *,480117FF N86 N22,,,3,2,,1200,ALT,29.8,0,2,111,14,0.0,0.2,5,124,124,13.1,-6,110,110,OIL PRESS,
2026-07-11,15:03:12,23:03:12,-08:00,+33.6364463,-116.1612366,1,3D-,601410.1,0.0,,0,0,-0.00,,58,169,9,65,-75,-6,11.0,11,,,-0.008,1.002,-0.581,,172,,,,29.77,123.000,121.500,116.200,GPS1,LOI,,,,,,,,ENR,,,,,PFT,,,,,,,,,,,,-10.8,40.9,2995,,,,020001F8 A83 A83 *,480117FF N90 N25,,,3,2,,1200,ALT,29.8,0,2,111,14,0.0,0.2,5,124,124,13.1,-6,110,110,OIL PRESS / TRAFFIC FAIL,
2026-07-11,15:03:13,23:03:13,-08:00,+33.6364427,-116.1612352,2,3D-,601411.1,0.0,,0,0,-0.00,,56,156,9,65,-75,-5,10.9,12,,,-0.010,1.001,-0.564,,172,,,,29.77,123.000,121.500,116.200,GPS1,LOI,,,,,,,,ENR,,,,,PFT,,,,,,,,,,,,-10.8,40.9,2995,,,,020001F8 A83 A83 *,480117FF N94 N28,,,3,2,,1200,ALT,29.8,0,2,111,14,0.0,0.2,5,124,124,13.1,-6,110,110,OIL PRESS / TRAFFIC FAIL,
2026-07-11,15:03:14,23:03:14,-08:00,+33.6364413,-116.1612334,3,3D-,601412.1,0.0,,0,0,-0.01,,55,146,9,66,-75,-3,11.1,12,,,-0.010,1.001,-0.551,,172,,,,29.77,123.000,121.500,116.200,GPS1,LOI,,,,,,,,ENR,,,,,PFT,,,,,,,,,,,,-10.8,40.9,2995,,,,020001F8 A83 A83 *,480117FF N98 N31,,,2,2,,1200,ALT,29.8,0,2,111,14,0.0,0.2,5,124,124,13.1,-6,110,110,OIL PRESS / TRAFFIC FAIL,
2026-07-11,15:03:15,23:03:15,-08:00,+33.6364360,-116.1612317,4,3D-,601413.1,0.0,,0,0,-0.00,,54,136,8,66,-74,4,11.0,12,,,-0.009,1.002,-0.556,,172,,,,29.77,123.000,121.500,116.200,GPS1,LOI,,,,,,,,ENR,,,,,PFT,,,,,,,,,,,,-10.8,40.9,2995,,,,020001F8 A83 A83 *,480117FF N100 N35,,,2,2,,1200,ALT,29.8,0,2,112,14,0.0,0.2,5,124,124,13.1,-6,110,110,OIL PRESS / TRAFFIC FAIL,
2026-07-11,15:03:16,23:03:16,-08:00,+33.6364351,-116.1612290,4,3D-,601414.1,0.0,,0,0,-0.00,,53,128,8,66,-74,12,11.1,12,,,-0.010,1.001,-0.551,,172,,,,29.77,123.000,121.500,116.200,GPS1,LOI,,,,,,,,ENR,,,,,PFT,,,,,,,,,,,,-10.8,40.9,2995,,,,020001F8 A83 A83 *,480117FF N100 N38,,,2,2,,1200,ALT,29.8,0,2,112,14,0.0,0.2,5,124,124,13.1,-6,110,110,OIL PRESS / TRAFFIC FAIL,
2026-07-11,15:03:17,23:03:17,-08:00,+33.6364292,-116.1612272,4,3D-,601415.1,0.0,,0,0,0.00,,52,120,10,66,-74,14,11.1,12,,,-0.010,1.002,-0.523,,172,,,,29.77,123.000,121.500,116.200,GPS1,LOI,,,,,,,,ENR,,,,,PFT,,,,,,,,,,,,-10.8,40.9,2995,,,,020001F8 A83 A83 *,480117FF N100 N42,,,3,2,,1200,ALT,29.8,0,2,112,14,0.0,0.2,5,124,124,13.1,-6,110,110,OIL PRESS / TRAFFIC FAIL,
2026-07-11,15:03:18,23:03:18,-08:00,+33.6364222,-116.1612262,4,3D-,601416.1,0.0,,0,0,0.00,,51,113,10,66,-74,11,11.1,12,,,-0.010,1.002,-0.489,,172,,,,29.77,123.000,121.500,116.200,GPS1,LOI,,,,,,,,ENR,,,,,PFT,,,,,,,,,,,,-10.8,40.9,2995,,,,020001F8 A83 A83 *,480117FF N100 N45,,,2,2,,1200,ALT,29.8,0,2,112,14,0.0,0.2,5,124,124,13.1,-6,110,110,OIL PRESS / TRAFFIC FAIL,
2026-07-11,15:03:19,23:03:19,-08:00,+33.6364167,-116.1612250,5,3D-,601417.1,0.0,,0,0,0.00,,50,106,10,66,-74,5,11.1,12,,,-0.010,1.001,-0.460,,172,,,,29.77,123.000,121.500,116.200,GPS1,LOI,,,,,,,,ENR,,,,,PFT,,,,,,,,,,,,-10.8,40.9,2995,,,,020001F8 A83 A83 *,480117FF N100 N48,,,2,2,,1200,ALT,29.8,0,2,112,14,0.0,0.2,5,124,124,13.1,-6,110,110,OIL PRESS / TRAFFIC FAIL,
2026-07-11,15:03:20,23:03:20,-08:00,+33.6364127,-116.1612238,5,3D-,601418.1,0.0,,0,0,0.00,,50,100,10,66,-74,0,11.2,12,,,-0.010,1.001,-0.431,,172,,,,29.77,123.000,121.500,116.200,GPS1,LOI,,,,,,,,ENR,,,,,PFT,,,,,,,,,,,,-10.8,40.9,2995,,,,020001F8 A83 A83 *,480117FF N100 N51,,,2,2,,1200,ALT,29.8,0,2,112,14,0.0,0.2,5,124,124,13.1,-6,110,110,OIL PRESS / TRAFFIC FAIL,
2026-07-11,15:03:21,23:03:21,-08:00,+33.6364091,-116.1612223,4,3D-,601419.1,0.0,,0,0,-0.00,,49,95,10,66,-74,1,11.1,12,,,-0.010,1.001,-0.402,,172,,,,29.77,123.000,121.500,116.200,GPS1,LOI,,,,,,,,ENR,,,,,PFT,,,,,,,,,,,,-10.8,40.9,2996,,,,080101F8 A86 A86 *,480117FF N100 N55,,,2,2,,1200,ALT,29.8,0,2,112,14,0.0,0.2,5,124,124,13.1,-6,110,110,OIL PRESS / TRAFFIC FAIL,
2026-07-11,15:03:22,23:03:22,-08:00,+33.6364106,-116.1612189,3,3D-,601420.1,0.0,,0,0,-0.00,,49,91,10,67,-74,5,11.0,11,,,-0.009,1.001,-0.385,,172,,,,29.77,123.000,121.500,116.200,GPS1,LOI,,,,,,,,ENR,,,,,PFT,,,,,,,,,,,,-10.8,40.9,2996,,,,080101F8 A89 A89 *,480117FF N100 N58,,,2,2,,1200,ALT,29.8,0,2,112,14,0.0,0.2,5,124,124,13.1,-6,110,110,OIL PRESS / TRAFFIC FAIL,
2026-07-11,15:03:23,23:03:23,-08:00,+33.6364092,-116.1612163,3,3D-,601421.1,0.0,,0,0,0.00,,49,87,10,67,-74,6,10.8,11,,,-0.010,1.001,-0.381,,172,,,,29.77,123.000,121.500,116.200,GPS1,LOI,,,,,,,,ENR,,,,,PFT,,,,,,,,,,,,-10.8,40.9,2996,,,,080101F8 A92 A92 *,480117FF N100 N61,,,2,2,,1200,ALT,29.8,0,2,112,14,0.0,0.2,5,124,124,13.1,-6,110,110,OIL PRESS / TRAFFIC FAIL,
2026-07-11,15:03:24,23:03:24,-08:00,+33.6364095,-116.1612133,2,3D-,601422.1,0.0,,0,0,-0.00,,48,84,10,67,-74,4,10.8,11,,,-0.010,1.001,-0.390,,172,,,,29.77,123.000,121.500,116.200,GPS1,LOI,,,,,,,,ENR,,,,,PFT,,,,,,,,,,,,-10.8,40.9,2996,,,,080101F8 A95 A95 *,480117FF N100 N64,,,2,2,,1200,ALT,29.8,0,2,112,14,0.0,0.2,5,124,124,13.1,-6,110,110,OIL PRESS / TRAFFIC FAIL,
2026-07-11,15:03:25,23:03:25,-08:00,+33.6364069,-116.1612115,1,3D-,601423.1,0.0,,0,0,-0.00,,48,80,10,67,-74,3,10.7,11,,,-0.010,1.002,-0.400,,172,,,,29.77,123.000,121.500,116.200,GPS1,LOI,,,,,,,,ENR,,,,,PFT,,,,,,,,,,,,-10.8,40.9,2997,,,,080101F8 A98 A98 *,480117FF N100 N67,,,2,2,,1200,ALT,29.8,0,2,112,14,0.0,0.2,5,124,124,13.1,-6,110,110,OIL PRESS / TRAFFIC FAIL,
2026-07-11,15:03:26,23:03:26,-08:00,+33.6364067,-116.1612094,0,3D-,601424.1,0.0,,0,0,0.00,187.4,48,77,10,66,-74,1,10.7,11,2.54,0.55,-0.010,1.001,-0.402,,172,,,,29.77,123.000,121.500,116.200,GPS1,LOI,,,,,,,,ENR,,,,,PFT,,,,,,,,,,,,-10.8,40.9,2997,,,,080107FF D7 D7 *,480117FF N100 N71,0.1,0.4,2,2,,1200,ALT,29.8,0,2,112,14,0.0,0.2,5,124,124,13.1,-6,110,110,OIL PRESS / TRAFFIC FAIL,
2026-07-11,15:03:27,23:03:27,-08:00,+33.6364064,-116.1612076,-1,3D-,601425.1,0.0,,0,0,0.00,187.4,47,74,10,66,-74,-1,10.7,11,2.54,0.56,-0.010,1.001,-0.409,,172,,,,29.77,123.000,121.500,116.200,GPS1,LOI,,,,,,,,ENR,,,,,PFT,,,,,,,,,,,,-10.8,40.9,2997,,,,080107FF D17 D17 *,480117FF N100 N75,0.1,0.4,2,2,,1200,ALT,29.8,0,2,112,14,0.0,0.2,5,124,124,13.1,-6,110,110,OIL PRESS / TRAFFIC FAIL,
2026-07-11,15:03:28,23:03:28,-08:00,+33.6364029,-116.1612068,-1,3D-,601426.1,0.0,,0,0,0.00,187.4,47,72,10,66,-74,-4,10.8,11,2.54,0.55,-0.010,1.001,-0.413,,172,,,,29.77,123.000,121.500,116.200,GPS1,LOI,,,,,,,,ENR,,,,,PFT,,,,,,,,,,,,-10.8,40.9,2996,,,,080107FF D29 D29 *,480117FF N100 N78,0.1,0.4,3,2,,1200,ALT,29.8,0,2,112,14,0.0,0.2,5,124,124,13.1,-6,110,110,OIL PRESS / TRAFFIC FAIL,
2026-07-11,15:03:29,23:03:29,-08:00,+33.6364031,-116.1612063,-1,3D-,601427.1,0.0,,0,0,-0.01,187.4,47,69,10,66,-74,-7,10.7,11,2.55,0.56,-0.011,1.002,-0.414,,172,,,,29.77,123.000,121.500,116.200,GPS1,LOI,,,,,,,,ENR,,,,,PFT,,,,,,,,,,,,-10.8,40.9,2996,,,,080107FF D41 D41 *,480117FF N100 N81,0.1,0.4,2,2,,1200,ALT,29.8,0,2,112,14,0.0,0.2,5,124,124,13.1,-6,110,110,OIL PRESS / TRAFFIC FAIL,
2026-07-11,15:03:30,23:03:30,-08:00,+33.6364022,-116.1612063,-2,3D-,601428.1,0.0,,0,0,0.00,187.4,46,67,10,66,-74,-4,10.6,11,2.54,0.57,-0.007,1.001,-0.421,,172,,,,29.77,123.000,121.500,116.200,GPS1,LOI,,,,,,,,ENR,,,,,PFT,,,,,,,,,,,,-10.8,40.9,2997,,,,080107FF D53 D53 *,480117FF N100 N84,0.1,0.4,3,2,,1200,ALT,29.8,0,2,112,14,0.0,0.2,5,124,124,13.1,-6,110,110,OIL PRESS / TRAFFIC FAIL,
2026-07-11,15:03:31,23:03:31,-08:00,+33.6363955,-116.1612068,-2,3D-,601429.1,0.0,,0,0,0.01,187.4,46,65,10,67,-74,3,10.6,11,2.53,0.56,-0.010,1.001,-0.430,,172,,,,29.77,123.000,121.500,116.200,GPS1,LOI,,,,,,,,ENR,,,,,PFT,,,,,,,,,,,,-10.8,40.9,2997,,,,080107FF D65 D65 *,480117FF N100 N87,0.1,0.4,3,4,,1200,ALT,29.8,0,2,112,14,0.0,0.2,5,124,124,13.1,-6,110,110,OIL PRESS / TRAFFIC FAIL,
2026-07-11,15:03:32,23:03:32,-08:00,+33.6363916,-116.1612071,-3,3D-,601430.1,0.0,,0,0,-0.00,187.4,46,63,10,67,-73,11,10.7,11,2.53,0.55,-0.010,1.001,-0.437,,172,,,,29.77,123.000,121.500,116.200,GPS1,LOI,,,,,,,,ENR,,,,,PFT,,,,,,,,,,,,-10.8,40.9,2997,,,,080107FF D79 D79 *,480117FF N100 N91,0.1,0.4,2,2,,1200,ALT,29.8,0,2,112,14,0.0,0.2,5,124,124,13.1,-6,110,110,OIL PRESS / TRAFFIC FAIL,
2026-07-11,15:03:33,23:03:33,-08:00,+33.6363903,-116.1612064,-4,3D-,601431.1,0.0,,0,0,0.00,187.4,46,62,10,67,-73,16,10.8,11,2.55,0.55,-0.010,1.001,-0.422,,172,,,,29.77,123.000,121.500,116.200,GPS1,LOI,,,,,,,,ENR,,,,,PFT,,,,,,,,,,,,-10.8,40.9,2998,,,,080107FF D89 D89 *,480117FF N100 N94,0.1,0.4,3,2,,1200,ALT,29.8,0,2,112,14,0.0,0.2,5,124,124,13.1,-6,110,110,OIL PRESS / TRAFFIC FAIL,
2026-07-11,15:03:34,23:03:34,-08:00,+33.6363868,-116.1612065,-5,3D-,601432.1,0.0,,0,0,0.00,187.4,45,60,10,67,-73,14,11.0,12,2.55,0.55,-0.010,1.001,-0.396,,172,,,,29.77,123.000,121.500,116.200,GPS1,LOI,,,,,,,,ENR,,,,,PFT,,,,,,,,,,,,-10.8,40.9,2998,,,,080107FF D98 D98 *,480117FF N100 N97,0.1,0.4,3,2,,1200,ALT,29.8,0,2,112,14,0.0,0.2,5,124,124,13.1,-6,110,110,OIL PRESS / TRAFFIC FAIL,
2026-07-11,15:03:35,23:03:35,-08:00,+33.6363828,-116.1612064,-5,3D-,601433.1,0.0,,0,0,0.00,187.4,45,59,9,67,-73,6,11.0,12,2.55,0.56,-0.010,1.002,-0.370,,172,,,,29.77,123.000,121.500,116.200,GPS1,LOI,,,,,,,,ENR,,,,,PFT,,,,,,,,,,,,-10.8,40.9,2998,,,,080107FF D98 D98 *,480117FF N100 N100,0.1,0.4,2,2,,1200,ALT,29.8,0,2,112,14,0.0,0.2,5,124,124,13.1,-6,110,110,OIL PRESS / TRAFFIC FAIL,
2026-07-11,15:03:36,23:03:36,-08:00,+33.6363765,-116.1612072,-5,3D-,601434.1,0.0,,0,0,0.00,187.4,45,58,10,67,-73,-3,10.9,11,2.54,0.56,-0.009,1.002,-0.360,,172,,,,29.77,123.000,121.500,116.200,GPS1,LOI,,,,,,,,ENR,,,,,PFT,,,,,,,,,,,,-10.8,40.9,2998,,,,080107FF D98 D98 *,480117FF N100 N100,0.1,0.4,3,2,,1200,ALT,29.8,0,2,112,14,0.0,0.2,5,124,124,13.1,-6,110,110,OIL PRESS / TRAFFIC FAIL,
2026-07-11,15:03:37,23:03:37,-08:00,+33.6363737,-116.1612066,-5,3D-,601435.1,0.0,,0,0,-0.00,187.4,45,56,10,67,-74,-9,10.7,11,2.53,0.57,-0.010,1.002,-0.366,,172,,,,29.77,123.000,121.500,116.200,GPS1,LOI,,,,,,,,ENR,,,,,PFT,,,,,,,,,,,,-10.8,40.9,2998,,,,080107FF D98 D98 *,480117FF N100 N100,0.1,0.4,2,2,,1200,ALT,29.8,0,2,112,14,0.0,0.2,5,124,124,13.1,-6,110,110,OIL PRESS / TRAFFIC FAIL,
2026-07-11,15:03:38,23:03:38,-08:00,+33.6363692,-116.1612062,-5,3D-,601436.1,0.0,,0,0,0.00,187.4,45,55,10,67,-74,-8,10.5,11,2.54,0.56,-0.010,1.001,-0.378,,172,,,,29.77,123.000,121.500,116.200,GPS1,LOI,,,,,,,,ENR,,,,,PFT,,,,,,,,,,,,-10.8,40.9,2998,,,,080107FF D98 D98 *,480117FF N100 N100,0.1,0.4,3,2,,1200,ALT,29.8,0,2,112,14,0.0,0.2,5,124,124,13.1,-6,110,110,OIL PRESS / TRAFFIC FAIL,
2026-07-11,15:03:39,23:03:39,-08:00,+33.6363636,-116.1612065,-5,3D-,601437.1,0.0,,0,0,-0.00,187.4,45,54,10,67,-74,-4,10.4,11,2.56,0.57,-0.010,1.001,-0.391,,172,,,,29.77,123.000,121.500,116.200,GPS1,LOI,,,,,,,,ENR,,,,,PFT,,,,,,,,,,,,-10.8,40.9,2998,,,,080107FF D98 D98 *,480117FF N100 N100,0.1,0.4,2,2,,1200,ALT,29.8,0,2,112,14,0.0,0.2,5,124,124,13.1,-6,110,110,OIL PRESS / TRAFFIC FAIL,
2026-07-11,15:03:40,23:03:40,-08:00,+33.6363581,-116.1612067,-5,3D-,601438.1,0.0,,0,0,-0.00,187.4,44,53,9,67,-74,-2,10.6,11,2.55,0.57,-0.012,1.001,-0.409,,172,,,,29.77,123.000,121.500,116.200,GPS1,LOI,,,,,,,,ENR,,,,,PFT,,,,,,,,,,,,-10.8,40.9,2998,,,,080107FF D98 D98 *,480117FF N100 N100,0.1,0.4,2,2,,1200,ALT,29.8,0,2,112,14,0.0,0.2,5,124,124,13.1,-6,110,110,OIL PRESS / TRAFFIC FAIL,
2026-07-11,15:03:41,23:03:41,-08:00,+33.6363525,-116.1612069,-4,3D-,601439.1,0.0,,0,0,-0.00,187.4,44,52,9,67,-73,1,10.7,11,2.54,0.56,-0.010,1.002,-0.434,,172,,,,29.77,123.000,121.500,116.200,GPS1,LOI,,,,,,,,ENR,,,,,,,,,,,,,,,,,-10.8,41.0,2998,,,,080107FF N0 N0 *,480117FF N100 N100,0.1,0.4,3,2,,1200,ALT,29.8,0,2,112,14,0.0,0.2,5,124,124,13.1,-6,110,110,OIL PRESS / TRAFFIC FAIL,
2026-07-11,15:03:42,23:03:42,-08:00,+33.6363456,-116.1612076,-4,3D-,601440.1,0.0,,0,0,0.00,187.4,44,51,9,67,-73,0,10.8,11,2.53,0.56,-0.011,1.001,-0.461,,172,,,,29.77,123.000,121.500,116.200,GPS1,LOI,,,,,,,,ENR,,,,,,,,,,,,,,,,,-10.8,40.9,2998,,,,080107FF N4 N4 *,480117FF N100 N100,0.1,0.4,2,2,,1200,ALT,29.8,0,2,112,14,0.0,0.2,5,124,124,13.1,-6,110,110,OIL PRESS / TRAFFIC FAIL,
2026-07-11,15:03:43,23:03:43,-08:00,+33.6363413,-116.1612076,-3,3D-,601441.1,0.0,,0,0,-0.00,187.4,44,50,9,67,-73,0,10.9,11,2.54,0.56,-0.011,1.002,-0.486,,172,,,,29.77,123.000,121.500,116.200,GPS1,LOI,,,,,,,,ENR,,,,,,,,,,,,,,,,,-10.8,40.9,2998,,,,080107FF N8 N8 *,480117FF N100 N100,0.1,0.4,2,2,,1200,ALT,29.8,0,2,112,14,0.0,0.2,5,124,124,13.1,-6,110,110,OIL PRESS / TRAFFIC FAIL,
2026-07-11,15:03:44,23:03:44,-08:00,+33.6363389,-116.1612069,-3,3D-,601442.1,0.0,,0,0,-0.00,187.4,44,49,10,67,-74,-1,10.9,11,2.56,0.55,-0.012,1.002,-0.515,,172,,,,29.77,123.000,121.500,116.200,GPS1,LOI,,,,,,,,ENR,,,,,,,,,,,,,,,,,-10.8,40.9,2998,,,,080107FF N12 N12 *,480117FF N100 N100,0.1,0.4,2,2,,1200,ALT,29.8,0,2,112,14,0.0,0.2,5,124,124,13.1,-6,110,110,OIL PRESS / TRAFFIC FAIL,
2026-07-11,15:03:45,23:03:45,-08:00,+33.6363359,-116.1612063,-3,3D-,601443.1,0.0,,0,0,-0.00,187.4,44,49,10,67,-74,-1,10.9,11,2.56,0.55,-0.010,1.001,-0.530,,172,,,,29.77,123.000,121.500,116.200,GPS1,LOI,,,,,,,,ENR,,,,,,,,,,,,,,,,,-10.8,40.9,2998,,,,080107FF N16 N16 *,480117FF N100 N100,0.1,0.4,3,2,,1200,ALT,29.8,0,2,112,14,0.0,0.2,5,124,124,13.1,-6,110,110,OIL PRESS / TRAFFIC FAIL,
2026-07-11,15:03:46,23:03:46,-08:00,+33.6363313,-116.1612061,-2,3D-,601444.1,0.0,,0,0,0.00,187.4,44,48,10,67,-73,-0,10.8,11,2.55,0.56,-0.010,1.002,-0.542,,172,,,,29.77,123.000,121.500,116.200,GPS1,LOI,,,,,,,,ENR,,,,,,,,,,,,,,,,,-10.8,40.9,2998,,,,080107FF N20 N20 *,480117FF N100 N100,0.1,0.4,2,2,,1200,ALT,29.8,0,2,112,14,0.0,0.2,5,124,124,13.1,-6,110,110,OIL PRESS / TRAFFIC FAIL,
2026-07-11,15:03:47,23:03:47,-08:00,+33.6363281,-116.1612051,-2,3D-,601445.1,0.0,,0,0,0.00,187.4,44,47,10,67,-74,0,10.8,11,2.55,0.55,-0.009,1.002,-0.541,,172,,,,29.77,123.000,121.500,116.200,GPS1,LOI,,,,,,,,ENR,,,,,,,,,,,,,,,,,-10.8,41.0,2998,,,,080107FF N25 N25 *,480117FF N100 N100,0.1,0.4,3,2,,1200,ALT,29.8,0,2,112,14,0.0,0.2,5,124,124,13.1,-6,110,110,OIL PRESS / TRAFFIC FAIL,
2026-07-11,15:03:48,23:03:48,-08:00,+33.6363230,-116.1612045,-1,3D-,601446.1,0.0,,0,0,-0.00,187.4,44,46,10,67,-73,2,10.7,11,2.54,0.55,-0.010,1.002,-0.538,,172,,,,29.77,123.000,121.500,116.200,GPS1,LOI,,,,,,,,ENR,,,,,,,,,,,,,,,,,-10.8,41.0,2998,,,,080107FF N28 N28 *,480117FF N100 N100,0.2,0.4,2,2,,1200,ALT,29.8,0,2,112,14,0.0,0.2,5,124,124,13.1,-6,110,110,OIL PRESS / TRAFFIC FAIL,
2026-07-11,15:03:49,23:03:49,-08:00,+33.6363183,-116.1612035,-1,3D-,601447.1,0.0,,0,0,0.00,187.4,44,46,10,67,-73,5,10.7,11,2.53,0.56,-0.010,1.001,-0.531,,172,,,,29.77,123.000,121.500,116.200,GPS1,LOI,,,,,,,,ENR,,,,,,,,,,,,,,,,,-10.8,41.0,2999,,,,080107FF N32 N32 *,480117FF N100 N100,0.2,0.4,3,2,,1200,ALT,29.8,0,2,112,14,0.0,0.2,5,124,124,13.1,-6,110,110,OIL PRESS / TRAFFIC FAIL,
2026-07-11,15:03:50,23:03:50,-08:00,+33.6363116,-116.1612029,-1,3D-,601448.1,0.0,,0,0,0.00,187.4,43,45,10,67,-73,5,10.7,11,2.54,0.56,-0.010,1.002,-0.533,,172,,,,29.77,123.000,121.500,116.200,GPS1,LOI,,,,,,,,ENR,,,,,,,,,,,,,,,,,-10.8,41.0,2999,,,,080107FF N32 N32 *,480117FF N100 N100,0.2,0.4,3,2,,1200,ALT,29.8,0,2,112,14,0.0,0.2,5,124,124,13.1,-6,110,110,OIL PRESS / TRAFFIC FAIL,
2026-07-11,15:03:51,23:03:51,-08:00,+33.6363061,-116.1612022,-1,3D-,601449.1,0.0,,0,0,-0.00,187.4,43,44,10,67,-73,7,10.7,11,2.53,0.58,-0.010,1.002,-0.538,,172,,,,29.77,123.000,121.500,116.200,GPS1,LOI,,,,,,,,ENR,,,,,,,,,,,,,,,,,-10.8,41.0,2999,,,,080107FF N32 N32 *,480117FF N100 N100,0.2,0.4,2,2,,1200,ALT,29.8,0,2,112,14,0.0,0.2,5,124,124,13.1,-6,110,110,OIL PRESS / TRAFFIC FAIL,
2026-07-11,15:03:52,23:03:52,-08:00,+33.6362971,-116.1612021,-0,3D-,601450.1,0.0,,0,0,-0.00,187.4,43,44,10,67,-73,4,10.8,11,2.51,0.57,-0.010,1.001,-0.533,,172,,,,29.77,123.000,121.500,116.200,GPS1,LOI,,,,,,,,ENR,,,,,,,,,,,,,,,,,-10.8,41.0,2999,,,,080107FF N32 N32 *,480117FF N100 N100,0.2,0.4,3,2,,1200,ALT,29.8,0,2,112,14,0.0,0.2,5,124,124,13.1,-6,110,110,OIL PRESS / TRAFFIC FAIL,
2026-07-11,15:03:53,23:03:53,-08:00,+33.6362874,-116.1612026,1,3D-,601451.1,0.0,,0,0,0.00,187.4,42,43,10,67,-73,-1,10.8,11,2.51,0.57,-0.010,1.001,-0.534,,172,,,,29.77,123.000,121.500,116.200,GPS1,LOI,,,,,,,,ENR,,,,,,,,,,,,,,,,,-10.8,41.0,2999,,,,080107FF N32 N32 *,480117FF N100 N100,0.2,0.4,3,2,,1200,ALT,29.8,0,2,112,14,0.0,0.2,5,124,124,13.1,-6,110,110,OIL PRESS / TRAFFIC FAIL,
2026-07-11,15:03:54,23:03:54,-08:00,+33.6362753,-116.1612038,1,3D-,601452.1,0.0,,0,0,0.00,187.4,42,42,10,67,-73,-5,10.8,11,2.53,0.57,-0.010,1.002,-0.532,,172,,,,29.77,123.000,121.500,116.200,GPS1,LOI,,,,,,,,ENR,,,,,,,,,,,,,,,,,-10.8,41.0,2999,,,,080107FF N32 N32 *,480117FF N100 N100,0.2,0.4,2,2,,1200,ALT,29.8,0,2,112,14,0.0,0.2,5,124,124,13.1,-6,110,110,OIL PRESS / TRAFFIC FAIL,
2026-07-11,15:03:55,23:03:55,-08:00,+33.6362722,-116.1612032,1,3D-,601453.1,0.0,,0,0,0.00,187.4,42,42,10,67,-73,-7,10.8,11,2.54,0.57,-0.010,1.001,-0.523,,172,,,,29.77,123.000,121.500,116.200,GPS1,LOI,,,,,,,,ENR,,,,,,,,,,,,,,,,,-10.8,41.0,2999,,,,080107FF N32 N32 *,480117FF N100 N100,0.2,0.4,3,2,,1200,ALT,29.8,0,2,112,14,0.0,0.2,5,124,124,13.1,-6,110,110,OIL PRESS / TRAFFIC FAIL,
2026-07-11,15:03:56,23:03:56,-08:00,+33.6362615,-116.1612039,2,3D-,601454.1,0.0,,0,0,-0.00,187.4,42,41,10,67,-74,-6,10.9,11,2.53,0.58,-0.011,1.002,-0.508,,172,,,,29.77,123.000,121.500,116.200,GPS1,LOI,,,,,,,,ENR,,,,,,,,,,,,,,,,,-10.8,41.0,2999,,,,080107FF N33 N33 *,480117FF N100 N100,0.2,0.4,3,2,,1200,ALT,29.8,0,2,112,14,0.0,0.2,5,124,124,13.1,-6,110,110,OIL PRESS / TRAFFIC FAIL,
2026-07-11,15:03:57,23:03:57,-08:00,+33.6362557,-116.1612039,2,3D-,601455.1,0.0,,0,0,0.00,187.4,42,41,10,67,-74,-3,10.9,11,2.52,0.57,-0.009,1.001,-0.487,,172,,,,29.77,123.000,121.500,116.200,GPS1,LOI,,,,,,,,ENR,,,,,,,,,,,,,,,,,-10.8,41.0,2999,,,,080107FF N37 N37 *,480117FF N100 N100,0.2,0.4,3,2,,1200,ALT,29.8,0,2,112,14,0.0,0.2,5,124,124,13.1,-6,110,110,OIL PRESS / TRAFFIC FAIL,
2026-07-11,15:03:58,23:03:58,-08:00,+33.6362528,-116.1612041,3,3D-,601456.1,0.0,,0,0,0.00,187.4,42,40,10,67,-73,-1,10.9,11,2.52,0.56,-0.009,1.001,-0.475,,172,,,,29.77,123.000,121.500,116.200,GPS1,LOI,,,,,,,,ENR,,,,,,,,,,,,,,,,,-10.8,41.0,2999,,,,080107FF N41 N41 *,480117FF N100 N100,0.2,0.4,2,2,,1200,ALT,29.8,0,2,112,14,0.0,0.2,5,124,124,13.1,-6,110,110,OIL PRESS / TRAFFIC FAIL,
2026-07-11,15:03:59,23:03:59,-08:00,+33.6362494,-116.1612041,3,3D-,601457.1,0.0,,0,0,0.00,187.4,42,40,10,67,-73,-0,10.9,11,2.52,0.56,-0.010,1.002,-0.461,,172,,,,29.77,123.000,121.500,116.200,GPS1,LOI,,,,,,,,ENR,,,,,,,,,,,,,,,,,-10.8,41.0,2999,,,,080107FF N45 N45 *,480117FF N100 N100,0.2,0.4,3,2,,1200,ALT,29.8,0,2,112,14,0.0,0.2,5,124,124,13.1,-6,110,110,OIL PRESS / TRAFFIC FAIL,
2026-07-11,15:04:00,23:04:00,-08:00,+33.6362453,-116.1612042,3,3D-,601458.1,0.0,,0,0,0.00,187.4,41,39,10,66,-74,-2,10.9,11,2.54,0.56,-0.010,1.002,-0.448,,172,,,,29.77,123.000,121.500,116.200,GPS1,LOI,,,,,,,,ENR,,,,,,,,,,,,,,,,,-10.8,41.0,2999,,,,080107FF N49 N49 *,480117FF N100 N100,0.2,0.4,3,2,,1200,ALT,29.8,0,2,112,14,0.0,0.2,5,124,124,13.1,-6,110,110,OIL PRESS / TRAFFIC FAIL,
2026-07-11,15:04:01,23:04:01,-08:00,+33.6362428,-116.1612037,3,3D-,601459.1,0.0,,0,0,-0.00,187.4,41,39,10,66,-74,-6,10.9,11,2.56,0.57,-0.011,1.002,-0.440,,172,,,,29.77,123.000,121.500,116.200,GPS1,LOI,,,,,,,,ENR,,,,,,,,,,,,,,,,,-10.8,41.0,2998,,,,080107FF N53 N53 *,480117FF N100 N100,0.2,0.4,3,2,,1200,ALT,29.8,0,2,112,14,0.0,0.2,5,124,124,13.1,-6,110,110,OIL PRESS / TRAFFIC FAIL,
2026-07-11,15:04:02,23:04:02,-08:00,+33.6362402,-116.1612039,2,3D-,601460.1,0.0,,0,0,-0.00,187.4,41,38,10,66,-74,-6,10.9,11,2.54,0.58,-0.010,1.002,-0.434,,172,,,,29.77,123.000,121.500,116.200,GPS1,LOI,,,,,,,,ENR,,,,,,,,,,,,,,,,,-10.8,41.0,2998,,,,080107FF N57 N57 *,480117FF N100 N100,0.2,0.4,3,3,,1200,ALT,29.8,0,2,112,14,0.0,0.2,5,124,124,13.1,-6,110,110,OIL PRESS / TRAFFIC FAIL,
2026-07-11,15:04:03,23:04:03,-08:00,+33.6362385,-116.1612038,2,3D-,601461.1,0.0,,0,0,-0.00,187.4,41,38,10,66,-74,-5,10.9,11,2.53,0.57,-0.010,1.001,-0.430,,172,,,,29.77,123.000,121.500,116.200,GPS1,LOI,,,,,,,,ENR,,,,,,,,,,,,,,,,,-10.8,41.0,2998,,,,080107FF N61 N61 *,480117FF N100 N100,0.2,0.4,3,2,,1200,ALT,29.8,0,2,112,14,0.0,0.2,5,124,124,13.1,-6,110,110,OIL PRESS / TRAFFIC FAIL,
2026-07-11,15:04:04,23:04:04,-08:00,+33.6362361,-116.1612040,2,3D-,601462.1,0.0,,0,0,-0.00,187.4,41,37,10,66,-74,-4,10.8,11,2.52,0.57,-0.011,1.001,-0.429,,172,,,,29.77,123.000,121.500,116.200,GPS1,LOI,,,,,,,,ENR,,,,,,,,,,,,,,,,,-10.8,41.0,2998,,,,080107FF N65 N65 *,480117FF N100 N100,0.2,0.4,3,2,,1200,ALT,29.8,0,2,112,14,0.0,0.2,5,124,124,13.1,-6,110,110,OIL PRESS / TRAFFIC FAIL,
2026-07-11,15:04:05,23:04:05,-08:00,+33.6362365,-116.1612034,2,3D-,601463.1,0.0,,0,0,-0.00,187.4,41,37,10,67,-74,-0,10.8,11,2.53,0.56,-0.010,1.002,-0.428,,172,,,,29.77,123.000,121.500,116.200,GPS1,LOI,,,,,,,,ENR,,,,,,,,,,,,,,,,,-10.8,41.0,2999,,,,080107FF N69 N69 *,480117FF N100 N100,0.2,0.4,3,2,,1200,ALT,29.8,0,2,112,14,0.0,0.2,5,124,124,13.1,-6,110,110,OIL PRESS / TRAFFIC FAIL,
2026-07-11,15:04:06,23:04:06,-08:00,+33.6362336,-116.1612037,2,3D-,601464.1,0.0,,0,0,0.00,187.4,40,36,10,67,-74,6,10.7,11,2.54,0.56,-0.010,1.001,-0.428,,172,,,,29.77,123.000,121.500,116.200,GPS1,LOI,,,,,,,,ENR,,,,,,,,,,,,,,,,,-10.8,41.0,2999,,,,080107FF N73 N73 *,480117FF N100 N100,0.2,0.4,3,2,,1200,ALT,29.8,0,2,112,14,0.0,0.2,5,124,124,13.1,-6,110,110,OIL PRESS / TRAFFIC FAIL,
2026-07-11,15:04:07,23:04:07,-08:00,+33.6362337,-116.1612034,2,3D-,601465.1,0.0,,0,0,0.00,187.4,40,36,10,67,-74,7,10.7,11,2.53,0.56,-0.010,1.002,-0.429,,172,,,,29.77,123.000,121.500,116.200,GPS1,LOI,,,,,,,,ENR,,,,,,,,,,,,,,,,,-10.8,41.0,2999,,,,080107FF N77 N77 *,480117FF N100 N100,0.2,0.4,2,2,,1200,ALT,29.8,0,2,112,14,0.0,0.2,5,124,124,13.1,-6,110,110,OIL PRESS / TRAFFIC FAIL,
2026-07-11,15:04:08,23:04:08,-08:00,+33.6362344,-116.1612027,2,3D-,601466.1,0.0,,0,0,0.00,187.4,40,35,10,67,-74,4,10.7,11,2.53,0.56,-0.010,1.001,-0.433,,172,,,,29.77,123.000,121.500,116.200,GPS1,LOI,,,,,,,,ENR,,,,,,,,,,,,,,,,,-10.8,41.0,2999,,,,080107FF N81 N81 *,480117FF N100 N100,0.2,0.4,3,2,,1200,ALT,29.8,0,2,112,14,0.0,0.2,5,124,124,13.1,-6,110,110,OIL PRESS / TRAFFIC FAIL,
2026-07-11,15:04:09,23:04:09,-08:00,+33.6362366,-116.1612015,3,3D,601467.1,0.0,,0,0,0.00,187.4,39,35,10,66,-74,0,10.8,11,2.51,0.57,-0.010,1.001,-0.440,,172,,,,29.77,123.000,121.500,116.200,GPS1,LOI,,,,,,,,ENR,,,,,,,,,,,,,,,,,-10.8,41.0,2999,,,,040007FF N85 N85 *,480117FF N100 N100,0.3,0.4,3,3,,1200,ALT,29.8,0,2,112,14,0.0,0.2,5,124,124,13.1,-6,110,110,OIL PRESS / TRAFFIC FAIL,
2026-07-11,15:04:10,23:04:10,-08:00,+33.6362389,-116.1612001,3,3D-,601468.1,0.0,,0,0,0.00,187.4,39,34,10,66,-74,-3,10.8,11,2.52,0.56,-0.005,1.003,-0.449,,172,,,,29.77,123.000,121.500,116.200,GPS1,LOI,,,,,,,,ENR,,,,,,,,,,,,,,,,,-10.8,41.0,2998,,,,040007FF N89 N89 *,480117FF N100 N100,0.3,0.4,4,3,,1200,ALT,29.8,0,2,112,14,0.0,0.2,5,124,124,13.1,-6,110,110,OIL PRESS / TRAFFIC FAIL,
2026-07-11,15:04:11,23:04:11,-08:00,+33.6362446,-116.1611988,3,3D-,601469.1,0.0,,0,0,-0.00,187.4,38,33,10,66,-74,-7,10.8,11,2.53,0.56,-0.011,1.001,-0.449,,172,,,,29.77,123.000,121.500,116.200,GPS1,LOI,,,,,,,,ENR,,,,,,,,,,,,,,,,,-10.8,41.0,2998,,,,020007FF N89 N89 *,480117FF N100 N100,0.3,0.4,3,3,,1200,ALT,29.8,0,2,112,14,0.0,0.2,5,124,124,13.1,-6,110,110,OIL PRESS / TRAFFIC FAIL,
2026-07-11,15:04:12,23:04:12,-08:00,+33.6362471,-116.1611978,3,3D-,601470.1,0.0,,0,0,-0.00,187.4,38,33,10,66,-74,-9,10.8,11,2.53,0.56,-0.010,1.002,-0.446,,172,,,,29.77,123.000,121.500,116.200,GPS1,LOI,,,,,,,,ENR,,,,,,,,,,,,,,,,,-10.8,41.0,2998,,,,020007FF N89 N89 *,480117FF N100 N100,0.3,0.4,3,2,,1200,ALT,29.8,0,2,112,14,0.0,0.2,5,124,124,13.1,-6,110,110,OIL PRESS / TRAFFIC FAIL,
2026-07-11,15:04:13,23:04:13,-08:00,+33.6362499,-116.1611969,3,3D,601471.1,0.0,,0,0,-0.00,187.4,38,32,10,66,-74,-8,10.8,11,2.52,0.57,-0.010,1.002,-0.429,,172,,,,29.77,123.000,121.500,116.200,GPS1,LOI,,,,,,,,ENR,,,,,,,,,,,,,,,,,-10.8,41.0,2998,,,,040007FF N91 N91 *,480117FF N100 N100,0.3,0.4,2,2,,1200,ALT,29.8,0,2,112,14,0.0,0.2,5,124,124,13.1,-6,110,110,OIL PRESS / TRAFFIC FAIL,
2026-07-11,15:04:14,23:04:14,-08:00,+33.6362520,-116.1611962,4,3D,601472.1,0.0,,0,0,0.00,187.4,37,32,10,66,-74,-5,10.8,11,2.52,0.57,-0.010,1.001,-0.412,,172,,,,29.77,123.000,121.500,116.200,GPS1,LOI,,,,,,,,ENR,,,,,,,,,,,,,,,,,-10.8,41.0,2998,,,,040007FF N95 N95 *,480117FF N100 N100,0.3,0.4,4,2,,1200,ALT,29.8,0,2,112,14,0.0,0.2,5,124,124,13.1,-6,110,110,OIL PRESS / TRAFFIC FAIL,
2026-07-11,15:04:15,23:04:15,-08:00,+33.6362546,-116.1611953,4,3D,601473.1,0.0,,0,0,-0.00,187.4,37,32,10,66,-74,-4,10.8,11,2.52,0.57,-0.010,1.001,-0.394,,172,,,,29.77,123.000,121.500,116.200,GPS1,LOI,,,,,,,,ENR,,,,,,,,,,,,,,,,,-10.8,41.0,2998,,,,040007FF N99 N99 *,480117FF N100 N100,0.3,0.4,3,2,,1200,ALT,29.8,0,2,112,14,0.0,0.2,5,124,124,13.1,-6,110,110,OIL PRESS / TRAFFIC FAIL,
2026-07-11,15:04:16,23:04:16,-08:00,+33.6362566,-116.1611945,4,3D-,601474.1,0.0,,0,0,0.00,187.4,37,31,10,65,-74,-7,10.8,11,2.53,0.58,-0.010,1.002,-0.391,,172,,,,29.77,123.000,121.500,116.200,GPS1,LOI,,,,,,,,ENR,,,,,,,,,,,,,,,,,-10.8,41.0,2998,,,,040007FF N100 N100 *,480117FF N100 N100,0.3,0.4,3,2,,1200,ALT,29.8,0,2,112,14,0.0,0.2,5,124,124,13.1,-6,110,110,OIL PRESS / TRAFFIC FAIL,
2026-07-11,15:04:17,23:04:17,-08:00,+33.6362580,-116.1611933,5,3D-,601475.1,0.0,,0,0,0.00,187.4,36,31,10,66,-75,-7,10.8,11,2.54,0.59,-0.010,1.002,-0.397,,172,,,,29.77,123.000,121.500,116.200,GPS1,LOI,,,,,,,,ENR,,,,,,,,,,,,,,,,,-10.8,41.0,2998,,,,020007FF N100 N100 *,480117FF N100 N100,0.3,0.4,2,2,,1200,ALT,29.8,0,2,112,14,0.0,0.2,5,124,124,13.1,-6,110,110,OIL PRESS / TRAFFIC FAIL,
2026-07-11,15:04:18,23:04:18,-08:00,+33.6362593,-116.1611928,5,3D,601476.1,0.0,,0,0,-0.00,187.4,36,30,10,66,-75,-5,10.7,11,2.53,0.59,-0.009,1.002,-0.395,,172,,,,29.77,123.000,121.500,116.200,GPS1,LOI,,,,,,,,ENR,,,,,,,,,,,,,,,,,-10.8,41.0,2998,,,,020007FF N100 N100 *,480117FF N100 N100,0.3,0.4,2,2,,1200,ALT,29.8,0,2,112,14,0.0,0.2,5,124,124,13.1,-6,110,110,OIL PRESS / TRAFFIC FAIL,
2026-07-11,15:04:19,23:04:19,-08:00,+33.6362587,-116.1611926,5,3D,601477.1,0.0,,0,0,-0.00,187.4,36,30,10,66,-75,-2,10.8,11,2.53,0.58,-0.010,1.002,-0.382,,172,,,,29.77,123.000,121.500,116.200,GPS1,LOI,,,,,,,,ENR,,,,,,,,,,,,,,,,,-10.8,41.0,2998,,,,040007FF N100 N100 *,480117FF N100 N100,0.3,0.4,3,2,,1200,ALT,29.8,0,2,112,14,0.0,0.2,5,124,124,13.1,-6,110,110,OIL PRESS / TRAFFIC FAIL,
2026-07-11,15:04:20,23:04:20,-08:00,+33.6362578,-116.1611930,6,3D,601478.1,0.0,,0,0,0.00,187.4,35,30,10,66,-74,3,10.8,11,2.53,0.58,-0.010,1.001,-0.379,,172,,,,29.77,123.000,121.500,116.200,GPS1,LOI,,,,,,,,ENR,,,,,,,,,,,,,,,,,-10.8,41.0,2998,,,,040007FF N100 N100 *,480117FF N100 N100,0.3,0.4,2,2,,1200,ALT,29.8,0,2,112,14,0.0,0.2,5,124,124,13.1,-6,110,110,OIL PRESS / TRAFFIC FAIL,
2026-07-11,15:04:21,23:04:21,-08:00,+33.6362578,-116.1611929,7,3D,601479.1,0.0,,0,0,0.00,187.4,35,29,10,66,-74,8,10.8,11,2.54,0.58,-0.010,1.002,-0.384,,172,,,,29.77,123.000,121.500,116.200,GPS1,LOI,,,,,,,,ENR,,,,,,,,,,,,,,,,,-10.8,41.0,2999,,,,040007FF N100 N100 *,480117FF N100 N100,0.3,0.4,2,2,,1200,ALT,29.8,0,2,112,14,0.0,0.2,5,124,124,13.1,-6,110,110,OIL PRESS / TRAFFIC FAIL,
2026-07-11,15:04:22,23:04:22,-08:00,+33.6362575,-116.1611928,7,3D,601480.1,0.0,,0,0,0.00,187.4,35,29,10,66,-74,9,10.7,11,2.55,0.59,-0.010,1.002,-0.384,,172,,,,29.77,123.000,121.500,116.200,GPS1,LOI,,,,,,,,ENR,,,,,,,,,,,,,,,,,-10.8,41.0,2999,,,,040007FF N100 N100 *,480117FF N100 N100,0.3,0.4,3,2,,1200,ALT,29.8,0,2,111,14,0.0,0.2,5,124,124,13.1,-6,110,110,OIL PRESS / TRAFFIC FAIL,
2026-07-11,15:04:23,23:04:23,-08:00,+33.6362577,-116.1611928,8,3D,601481.1,0.0,,0,0,0.00,187.4,35,29,10,66,-74,7,10.8,11,2.52,0.58,-0.010,1.002,-0.377,,172,,,,29.77,123.000,121.500,116.200,GPS1,LOI,,,,,,,,ENR,,,,,,,,,,,,,,,,,-10.8,41.0,2999,,,,040007FF N100 N100 *,480117FF N100 N100,0.3,0.4,2,2,,1200,ALT,29.8,0,2,111,14,0.0,0.2,5,124,124,13.1,-6,110,110,OIL PRESS / TRAFFIC FAIL,
2026-07-11,15:04:24,23:04:24,-08:00,+33.6362584,-116.1611929,8,3D-,601482.1,0.0,,0,0,-0.00,187.4,34,28,10,66,-74,5,10.8,11,2.51,0.57,-0.010,1.001,-0.369,,172,,,,29.77,123.000,121.500,116.200,GPS1,LOI,,,,,,,,ENR,,,,,,,,,,,,,,,,,-10.8,41.0,2999,,,,040007FF N100 N100 *,480117FF N100 N100,0.3,0.4,3,2,,1200,ALT,29.8,0,2,111,14,0.0,0.2,5,124,124,13.1,-6,110,110,OIL PRESS / TRAFFIC FAIL,
2026-07-11,15:04:25,23:04:25,-08:00,+33.6362593,-116.1611928,9,3D-,601483.1,0.0,,0,0,0.00,187.4,34,28,10,66,-74,1,10.9,11,2.49,0.57,-0.010,1.002,-0.364,,172,,,,29.77,123.000,121.500,116.200,GPS1,LOI,,,,,,,,ENR,,,,,,,,,,,,,,,,,-10.8,41.0,2999,,,,020007FF N100 N100 *,480117FF N100 N100,0.3,0.4,2,2,,1200,ALT,29.8,0,2,110,14,0.0,0.2,5,124,124,13.1,-6,110,110,OIL PRESS / TRAFFIC FAIL,
2026-07-11,15:04:26,23:04:26,-08:00,+33.6362610,-116.1611925,9,3D-,601484.1,0.0,,0,0,0.00,187.4,34,28,10,66,-74,-2,10.9,11,2.50,0.57,-0.010,1.002,-0.358,,172,,,,29.77,123.000,121.500,116.200,GPS1,LOI,,,,,,,,ENR,,,,,,,,,,,,,,,,,-10.8,41.0,2999,,,,020007FF N100 N100 *,480117FF N100 N100,0.3,0.3,2,2,,1200,ALT,29.8,0,2,110,14,0.0,0.2,5,124,124,13.1,-6,110,110,OIL PRESS / TRAFFIC FAIL,
2026-07-11,15:04:27,23:04:27,-08:00,+33.6362628,-116.1611923,9,3D,601485.1,0.0,,0,0,-0.00,187.4,34,28,10,66,-74,-4,10.9,11,2.52,0.57,-0.010,1.002,-0.352,,172,,,,29.77,123.000,121.500,116.200,GPS1,LOI,,,,,,,,ENR,,,,,,,,,,,,,,,,,-10.8,41.0,2999,,,,040007FF N100 N100 *,480117FF N100 N100,0.3,0.4,3,2,,1200,ALT,29.8,0,2,109,14,0.0,0.2,5,124,124,13.1,-6,110,110,OIL PRESS / TRAFFIC FAIL,
2026-07-11,15:04:28,23:04:28,-08:00,+33.6362649,-116.1611919,10,3D,601486.1,0.0,,0,0,0.00,187.4,34,27,10,65,-74,-8,10.8,11,2.53,0.58,-0.010,1.002,-0.342,,172,,,,29.77,123.000,121.500,116.200,GPS1,LOI,,,,,,,,ENR,,,,,,,,,,,,,,,,,-10.8,41.0,2998,,,,040007FF N100 N100 *,480117FF N100 N100,0.3,0.4,3,2,,1200,ALT,29.8,0,2,108,14,0.0,0.2,5,124,124,13.1,-6,110,110,OIL PRESS / TRAFFIC FAIL,
2026-07-11,15:04:29,23:04:29,-08:00,+33.6362660,-116.1611919,10,3D,601487.1,0.0,,0,0,0.00,187.4,34,27,10,65,-75,-13,10.7,11,2.52,0.57,-0.010,1.002,-0.335,,172,,,,29.77,123.000,121.500,116.200,GPS1,LOI,,,,,,,,ENR,,,,,,,,,,,,,,,,,-10.8,41.0,2998,,,,040007FF N100 N100 *,480117FF N100 N100,0.3,0.3,2,2,,1200,ALT,29.8,0,2,108,14,0.0,0.2,5,124,124,13.1,-6,110,110,OIL PRESS / TRAFFIC FAIL,
2026-07-11,15:04:30,23:04:30,-08:00,+33.6362673,-116.1611917,11,3D,601488.1,0.0,,0,0,-0.00,187.4,33,27,10,65,-75,-15,10.6,11,2.54,0.57,-0.010,1.001,-0.332,,172,,,,29.77,123.000,121.500,116.200,GPS1,LOI,,,,,,,,ENR,,,,,,,,,,,,,,,,,-10.8,41.0,2998,,,,040007FF N100 N100 *,480117FF N100 N100,0.3,0.3,2,2,,1200,ALT,29.8,0,2,109,14,0.0,0.2,5,124,124,13.1,-6,110,110,OIL PRESS / TRAFFIC FAIL,
2026-07-11,15:04:31,23:04:31,-08:00,+33.6362660,-116.1611922,12,3D,601489.1,0.0,,0,0,0.00,187.4,33,27,10,65,-75,-14,10.6,11,2.54,0.57,-0.010,1.002,-0.361,,172,,,,29.77,123.000,121.500,116.200,GPS1,LOI,,,,,,,,ENR,,,,,,,,,,,,,,,,,-10.8,41.0,2998,,,,040007FF N100 N100 *,480117FF N100 N100,0.3,0.3,2,2,,1200,ALT,29.8,0,2,110,14,0.0,0.2,5,124,124,13.1,-6,110,110,OIL PRESS / TRAFFIC FAIL,
2026-07-11,15:04:32,23:04:32,-08:00,+33.6362652,-116.1611926,12,3D,601490.1,0.0,,0,0,-0.00,187.4,33,27,10,65,-75,-9,10.6,11,2.55,0.57,-0.010,1.002,-0.407,,172,,,,29.77,123.000,121.500,116.200,GPS1,LOI,,,,,,,,ENR,,,,,,,,,,,,,,,,,-10.8,41.0,2998,,,,040007FF N100 N100 *,480117FF N100 N100,0.3,0.4,2,2,,1200,ALT,29.8,0,2,112,14,0.0,0.2,5,124,124,13.1,-6,110,110,OIL PRESS / TRAFFIC FAIL,
2026-07-11,15:04:33,23:04:33,-08:00,+33.6362629,-116.1611929,13,3D,601491.1,0.0,,0,0,0.00,187.4,32,26,10,65,-75,-2,10.7,11,2.55,0.57,-0.010,1.002,-0.452,,172,,,,29.77,123.000,121.500,116.200,GPS1,LOI,,,,,,,,ENR,,,,,,,,,,,,,,,,,-10.8,41.0,2998,,,,040007FF N100 N100 *,480117FF N100 N100,0.3,0.4,3,2,,1200,ALT,29.8,0,2,113,14,0.0,0.2,5,124,124,13.1,-6,110,110,OIL PRESS / TRAFFIC FAIL,
2026-07-11,15:04:34,23:04:34,-08:00,+33.6362603,-116.1611934,13,3D,601492.1,0.0,,0,0,0.00,187.4,32,26,10,65,-75,3,10.6,11,2.54,0.58,-0.010,1.001,-0.499,,172,,,,29.77,123.000,121.500,116.200,GPS1,LOI,,,,,,,,ENR,,,,,,,,,,,,,,,,,-10.8,41.0,2998,,,,040007FF N100 N100 *,480117FF N100 N100,0.3,0.4,2,2,,1200,ALT,29.8,0,2,114,14,0.0,0.2,5,124,124,13.1,-6,110,110,OIL PRESS / TRAFFIC FAIL,
2026-07-11,15:04:35,23:04:35,-08:00,+33.6362565,-116.1611938,13,3D,601493.1,0.0,,0,0,0.00,187.4,32,26,10,66,-75,4,10.6,11,2.54,0.57,-0.010,1.002,-0.545,,172,,,,29.77,123.000,121.500,116.200,GPS1,LOI,,,,,,,,ENR,,,,,,,,,,,,,,,,,-10.8,41.0,2998,,,,040007FF N100 N100 *,480117FF N100 N100,0.3,0.3,3,2,,1200,ALT,29.8,0,2,115,14,0.0,0.2,5,124,124,13.1,-6,110,110,OIL PRESS / TRAFFIC FAIL,
2026-07-11,15:04:36,23:04:36,-08:00,+33.6362515,-116.1611944,14,3D-,601494.1,0.0,,0,0,0.00,187.4,31,26,10,66,-75,8,10.6,11,2.52,0.57,-0.010,1.002,-0.587,,172,,,,29.77,123.000,121.500,116.200,GPS1,LOI,,,,,,,,ENR,,,,,,,,,,,,,,,,,-10.8,41.0,2999,,,,040007FF N100 N100 *,480117FF N100 N100,0.3,0.3,2,2,,1200,ALT,29.8,0,2,116,14,0.0,0.2,5,124,124,13.1,-6,110,110,OIL PRESS / TRAFFIC FAIL,
2026-07-11,15:04:37,23:04:37,-08:00,+33.6362477,-116.1611949,15,3D-,601495.1,0.0,,0,0,0.00,187.4,31,26,10,66,-75,8,10.6,11,2.53,0.56,-0.010,1.002,-0.605,,172,,,,29.77,123.000,121.500,116.200,GPS1,LOI,,,,,,,,ENR,,,,,,,,,,,,,,,,,-10.8,41.0,2999,,,,020007FF N100 N100 *,480117FF N100 N100,0.3,0.3,3,2,,1200,ALT,29.8,0,2,116,14,0.0,0.2,5,124,124,13.1,-6,110,110,OIL PRESS / TRAFFIC FAIL,
2026-07-11,15:04:38,23:04:38,-08:00,+33.6362436,-116.1611954,15,3D,601496.1,0.0,,0,0,-0.00,187.4,31,25,10,66,-75,5,10.6,11,2.53,0.57,-0.010,1.002,-0.609,,172,,,,29.77,123.000,121.500,116.200,GPS1,LOI,,,,,,,,ENR,,,,,,,,,,,,,,,,,-10.8,41.0,2998,,,,020007FF N100 N100 *,480117FF N100 N100,0.3,0.4,2,2,,1200,ALT,29.8,0,2,116,14,0.0,0.2,5,124,124,13.1,-6,110,110,OIL PRESS / TRAFFIC FAIL,
2026-07-11,15:04:39,23:04:39,-08:00,+33.6362405,-116.1611954,16,3D,601497.1,0.0,,0,0,0.00,187.4,30,25,9,65,-75,-0,10.5,11,2.54,0.57,-0.010,1.002,-0.616,,172,,,,29.77,123.000,121.500,116.200,GPS1,LOI,,,,,,,,ENR,,,,,,,,,,,,,,,,,-10.8,41.0,2998,,,,040007FF N100 N100 *,480117FF N100 N100,0.3,0.4,2,2,,1200,ALT,29.8,0,2,117,14,0.0,0.2,5,124,124,13.1,-6,110,110,OIL PRESS / TRAFFIC FAIL,
2026-07-11,15:04:40,23:04:40,-08:00,+33.6362381,-116.1611955,16,3D,601498.1,0.0,,0,0,-0.00,187.4,30,25,10,66,-75,0,10.5,11,2.53,0.57,-0.010,1.002,-0.613,,172,,,,29.77,123.000,121.500,116.200,GPS1,LOI,,,,,,,,ENR,,,,,,,,,,,,,,,,,-10.8,41.0,2998,,,,040007FF N100 N100 *,480117FF N100 N100,0.3,0.3,2,2,,1200,ALT,29.8,0,2,117,14,0.0,0.2,5,124,124,13.1,-6,110,110,OIL PRESS / TRAFFIC FAIL,
2026-07-11,15:04:41,23:04:41,-08:00,+33.6362350,-116.1611956,17,3D,601499.1,0.0,,0,0,-0.00,187.4,30,25,10,66,-74,3,10.6,11,2.51,0.57,-0.010,1.002,-0.609,,172,,,,29.77,123.000,121.500,116.200,GPS1,LOI,,,,,,,,ENR,,,,,,,,,,,,,,,,,-10.8,41.0,2999,,,,040007FF N100 N100 *,480117FF N100 N100,0.4,0.3,3,2,,1200,ALT,29.8,0,2,117,14,0.0,0.2,5,124,124,13.1,-6,110,110,OIL PRESS / TRAFFIC FAIL,
2026-07-11,15:04:42,23:04:42,-08:00,+33.6362315,-116.1611953,18,3D,601500.1,0.0,,0,0,-0.00,187.4,29,25,10,66,-74,7,10.6,11,2.55,0.58,-0.009,1.002,-0.603,,172,,,,29.77,123.000,121.500,116.200,GPS1,LOI,,,,,,,,ENR,,,,,,,,,,,,,,,,,-10.8,41.0,2999,,,,040007FF N100 N100 *,480117FF N100 N100,0.3,0.4,2,2,,1200,ALT,29.8,0,2,117,14,0.0,0.2,5,124,124,13.1,-6,110,110,OIL PRESS / TRAFFIC FAIL,
2026-07-11,15:04:43,23:04:43,-08:00,+33.6362297,-116.1611940,18,3D,601501.1,0.0,,0,0,0.00,187.4,29,25,10,66,-74,12,10.7,11,2.55,0.57,-0.010,1.002,-0.602,,172,,,,29.77,123.000,121.500,116.200,GPS1,LOI,,,,,,,,ENR,,,,,,,,,,,,,,,,,-10.8,41.0,2999,,,,040007FF N100 N100 *,480117FF N100 N100,0.3,0.4,3,2,,1200,ALT,29.8,0,2,117,14,0.0,0.2,5,124,124,13.1,-6,110,110,OIL PRESS / TRAFFIC FAIL,
2026-07-11,15:04:44,23:04:44,-08:00,+33.6362303,-116.1611916,18,3D,601502.1,0.0,,0,0,0.00,187.4,29,24,10,66,-74,12,10.7,11,2.53,0.57,-0.010,1.001,-0.600,,172,,,,29.77,123.000,121.500,116.200,GPS1,LOI,,,,,,,,ENR,,,,,,,,,,,,,,,,,-10.8,41.0,3000,,,,040007FF N100 N100 *,480117FF N100 N100,0.4,0.3,3,2,,1200,ALT,29.8,0,2,116,14,0.0,0.2,5,124,124,13.1,-6,110,110,OIL PRESS / TRAFFIC FAIL,
2026-07-11,15:04:45,23:04:45,-08:00,+33.6362293,-116.1611903,19,3D,601503.1,0.0,,0,0,-0.00,187.4,29,24,10,66,-74,8,10.6,11,2.53,0.57,-0.010,1.002,-0.587,,172,,,,29.77,123.000,121.500,116.200,GPS1,LOI,,,,,,,,ENR,,,,,,,,,,,,,,,,,-10.8,41.0,3000,,,,040007FF N100 N100 *,480117FF N100 N100,0.4,0.3,2,2,,1200,ALT,29.8,0,2,115,14,0.0,0.2,5,124,124,13.1,-6,110,110,OIL PRESS / TRAFFIC FAIL,
2026-07-11,15:04:46,23:04:46,-08:00,+33.6362351,-116.1611901,19,3D,601504.1,0.0,,0,0,-0.00,187.4,29,24,10,67,-74,7,10.6,11,2.53,0.58,-0.010,1.002,-0.574,,172,,,,29.77,123.000,121.500,116.200,GPS1,LOI,,,,,,,,ENR,,,,,,,,,,,,,,,,,-10.8,41.0,3000,,,,040007FF N100 N100 *,480117FF N100 N100,0.4,0.3,3,2,,1200,ALT,29.8,0,2,113,14,0.0,0.2,5,124,124,13.1,-6,110,110,OIL PRESS / TRAFFIC FAIL,
2026-07-11,15:04:47,23:04:47,-08:00,+33.6362429,-116.1611902,20,3D,601505.1,0.0,,0,0,0.00,187.4,28,24,10,67,-74,7,10.6,11,2.53,0.57,-0.010,1.002,-0.563,,172,,,,29.77,123.000,121.500,116.200,GPS1,LOI,,,,,,,,ENR,,,,,,,,,,,,,,,,,-10.8,41.0,3000,,,,040007FF N100 N100 *,480017FF N100 N100,0.4,0.3,3,2,,1200,ALT,29.8,0,2,112,14,0.0,0.2,5,124,124,13.1,-6,110,110,OIL PRESS / TRAFFIC FAIL,
2026-07-11,15:04:48,23:04:48,-08:00,+33.6362494,-116.1611902,20,3D,601506.1,0.0,,0,0,0.00,187.4,28,24,9,67,-73,7,10.6,11,2.55,0.55,-0.010,1.002,-0.548,,172,,,,29.77,123.000,121.500,116.200,GPS1,LOI,,,,,,,,ENR,,,,,,,,,,,,,,,,,-10.8,41.0,3000,,,,040007FF N100 N100 *,480017FF N100 N100,0.4,0.3,3,2,,1200,ALT,29.8,0,2,110,14,0.0,0.2,5,124,124,13.1,-6,110,110,OIL PRESS / TRAFFIC FAIL,
2026-07-11,15:04:49,23:04:49,-08:00,+33.6362546,-116.1611892,21,3D,601507.1,0.0,,0,0,0.00,187.4,28,24,10,67,-73,5,10.7,11,2.57,0.56,-0.009,1.001,-0.529,,172,,,,29.77,123.000,121.500,116.200,GPS1,LOI,,,,,,,,ENR,,,,,,,,,,,,,,,,,-10.8,41.0,3001,,,,040007FF N100 N100 *,480017FF N100 N100,0.3,0.3,2,2,,1200,ALT,29.8,0,2,109,14,0.0,0.2,5,124,124,13.1,-6,110,110,OIL PRESS / TRAFFIC FAIL,
2026-07-11,15:04:50,23:04:50,-08:00,+33.6362594,-116.1611885,21,3D,601508.1,0.0,,0,0,-0.00,187.4,27,24,10,67,-73,5,10.8,11,2.53,0.56,-0.010,1.002,-0.507,,172,,,,29.77,123.000,121.500,116.200,GPS1,LOI,,,,,,,,ENR,,,,,,,,,,,,,,,,,-10.8,41.0,3001,,,,040007FF N100 N100 *,480017FF N100 N100,0.4,0.3,3,2,,1200,ALT,29.8,0,2,109,14,0.0,0.2,5,124,124,13.1,-6,110,110,OIL PRESS / TRAFFIC FAIL,
2026-07-11,15:04:51,23:04:51,-08:00,+33.6362628,-116.1611874,22,3D,601509.1,0.0,,0,0,-0.00,187.4,27,24,10,67,-73,6,10.9,11,2.54,0.57,-0.010,1.002,-0.488,,172,,,,29.77,123.000,121.500,116.200,GPS1,LOI,,,,,,,,ENR,,,,,,,,,,,,,,,,,-10.8,41.0,3001,,,,040007FF N100 N100 *,480017FF N100 N100,0.4,0.3,2,2,,1200,ALT,29.8,0,2,109,14,0.0,0.2,5,124,124,13.1,-6,110,110,OIL PRESS / TRAFFIC FAIL,
2026-07-11,15:04:52,23:04:52,-08:00,+33.6362667,-116.1611861,22,3D,601510.1,0.0,,0,0,0.00,187.4,27,23,10,67,-73,8,10.8,11,2.55,0.56,-0.010,1.001,-0.473,,172,,,,29.77,123.000,121.500,116.200,GPS1,LOI,,,,,,,,ENR,,,,,,,,,,,,,,,,,-10.8,41.0,3001,,,,040007FF N100 N100 *,480017FF N100 N100,0.4,0.3,2,2,,1200,ALT,29.8,0,2,109,14,0.0,0.2,5,124,124,13.1,-6,110,110,OIL PRESS / TRAFFIC FAIL,
2026-07-11,15:04:53,23:04:53,-08:00,+33.6362696,-116.1611851,23,3D,601511.1,0.0,,0,0,0.00,187.4,27,23,10,67,-73,8,10.7,11,2.56,0.56,-0.010,1.002,-0.462,,172,,,,29.77,123.000,121.500,116.200,GPS1,LOI,,,,,,,,ENR,,,,,,,,,,,,,,,,,-10.8,41.0,3002,,,,040007FF N100 N100 *,480017FF N100 N100,0.4,0.3,3,2,,1200,ALT,29.8,0,2,109,14,0.0,0.2,5,124,124,13.1,-6,110,110,OIL PRESS / TRAFFIC FAIL,
2026-07-11,15:04:54,23:04:54,-08:00,+33.6362717,-116.1611852,23,3D,601512.1,0.0,,0,0,-0.00,187.4,26,23,10,67,-73,7,10.7,11,2.54,0.57,-0.011,1.002,-0.466,,172,,,,29.77,123.000,121.500,116.200,GPS1,LOI,,,,,,,,ENR,,,,,,,,,,,,,,,,,-10.8,41.0,3002,,,,040007FF N100 N100 *,480017FF N100 N100,0.4,0.3,3,2,,1200,ALT,29.8,0,2,110,14,0.0,0.2,5,124,124,13.1,-6,110,110,OIL PRESS / TRAFFIC FAIL,
2026-07-11,15:04:55,23:04:55,-08:00,+33.6362751,-116.1611846,24,3D,601513.1,0.0,,0,0,0.00,187.4,26,23,10,67,-73,6,10.6,11,2.54,0.58,-0.012,1.001,-0.468,,172,,,,29.77,123.000,121.500,116.200,GPS1,LOI,,,,,,,,ENR,,,,,,,,,,,,,,,,,-10.8,41.0,3002,,,,040007FF N100 N100 *,480017FF N100 N100,0.4,0.3,2,2,,1200,ALT,29.8,0,2,110,14,0.0,0.2,5,124,124,13.1,-6,110,110,OIL PRESS / TRAFFIC FAIL,
2026-07-11,15:04:56,23:04:56,-08:00,+33.6362787,-116.1611836,24,3D,601514.1,0.0,,0,0,-0.00,187.4,26,23,10,68,-73,6,10.6,11,2.54,0.58,-0.010,1.004,-0.467,,172,,,,29.77,123.000,121.500,116.200,GPS1,LOI,,,,,,,,ENR,,,,,,,,,,,,,,,,,-10.8,41.0,3002,,,,040007FF N100 N100 *,480017FF N100 N100,0.4,0.3,3,2,,1200,ALT,29.8,0,2,110,14,0.0,0.2,5,124,124,13.1,-6,110,110,OIL PRESS / TRAFFIC FAIL,
2026-07-11,15:04:57,23:04:57,-08:00,+33.6362818,-116.1611825,25,3D,601515.1,0.0,,0,0,-0.00,187.4,26,23,10,68,-73,4,10.6,11,2.53,0.58,-0.009,1.003,-0.466,,172,,,,29.77,123.000,121.500,116.200,GPS1,LOI,,,,,,,,ENR,,,,,,,,,,,,,,,,,-10.8,41.0,3002,,,,040007FF N100 N100 *,480017FF N100 N100,0.5,0.3,3,3,,1200,ALT,29.8,0,2,110,14,0.0,0.2,5,124,124,13.1,-6,110,110,OIL PRESS / TRAFFIC FAIL,
2026-07-11,15:04:58,23:04:58,-08:00,+33.6362855,-116.1611815,26,3D,601516.1,0.0,,0,0,0.00,187.4,26,23,10,68,-73,4,10.6,11,2.54,0.58,-0.011,1.002,-0.467,,172,,,,29.77,123.000,121.500,116.200,GPS1,LOI,,,,,,,,ENR,,,,,,,,,,,,,,,,,-10.8,41.0,3002,,,,040007FF N100 N100 *,480017FF N100 N100,0.5,0.3,3,3,,1200,ALT,29.8,0,2,110,14,0.0,0.2,5,124,124,13.1,-6,110,110,OIL PRESS / TRAFFIC FAIL,
2026-07-11,15:04:59,23:04:59,-08:00,+33.6362882,-116.1611804,26,3D,601517.1,0.0,,0,0,0.00,187.4,26,23,10,68,-72,7,10.6,11,2.54,0.58,-0.010,1.001,-0.465,,172,,,,29.77,123.000,121.500,116.200,GPS1,LOI,,,,,,,,ENR,,,,,,,,,,,,,,,,,-10.8,41.0,3003,,,,040007FF N100 N100 *,480017FF N100 N100,0.4,0.3,2,2,,1200,ALT,29.8,0,2,110,14,0.0,0.2,5,124,124,13.1,-6,110,110,OIL PRESS / TRAFFIC FAIL,
2026-07-11,15:05:00,23:05:00,-08:00,+33.6362903,-116.1611796,27,3D-,601518.1,0.0,,0,0,0.00,187.4,26,23,10,68,-72,7,10.6,11,2.55,0.59,-0.010,1.001,-0.453,,172,,,,29.77,123.000,121.500,116.200,GPS1,LOI,,,,,,,,ENR,,,,,,,,,,,,,,,,,-10.8,41.0,3003,,,,040007FF N100 N100 *,480017FF N100 N100,0.4,0.3,3,2,,1200,ALT,29.8,0,2,110,14,0.0,0.2,5,124,124,13.1,-6,110,110,OIL PRESS / TRAFFIC FAIL,
2026-07-11,15:05:01,23:05:01,-08:00,+33.6362926,-116.1611779,28,3D-,601519.1,0.0,,0,0,0.00,187.4,26,23,10,68,-72,4,10.6,11,2.54,0.60,-0.010,1.002,-0.446,,172,,,,29.77,123.000,121.500,116.200,GPS1,LOI,,,,,,,,ENR,,,,,,,,,,,,,,,,,-10.8,41.0,3003,,,,020007FF N100 N100 *,480017FF N100 N100,0.4,0.3,2,2,,1200,ALT,29.8,0,2,110,14,0.0,0.2,5,124,124,13.1,-6,110,110,OIL PRESS / TRAFFIC FAIL,
2026-07-11,15:05:02,23:05:02,-08:00,+33.6362944,-116.1611762,28,3D-,601520.1,0.0,,0,0,0.00,187.4,26,23,10,68,-72,1,10.7,11,2.53,0.59,-0.010,1.002,-0.449,,172,,,,29.77,123.000,121.500,116.200,GPS1,LOI,,,,,,,,ENR,,,,,,,,,,,,,,,,,-10.8,41.0,3003,,,,020007FF N100 N100 *,480017FF N100 N100,0.5,0.3,2,2,,1200,ALT,29.8,0,2,110,14,0.0,0.2,5,124,124,13.1,-6,110,110,OIL PRESS / TRAFFIC FAIL,
2026-07-11,15:05:03,23:05:03,-08:00,+33.6362960,-116.1611745,29,3D,601521.1,0.0,,0,0,-0.00,187.4,25,23,10,68,-72,1,10.7,11,2.56,0.58,-0.009,1.002,-0.456,,172,,,,29.77,123.000,121.500,116.200,GPS1,LOI,,,,,,,,ENR,,,,,,,,,,,,,,,,,-10.8,41.0,3003,,,,040007FF N100 N100 *,480017FF N100 N100,0.4,0.3,3,2,,1200,ALT,29.8,0,2,110,14,0.0,0.2,5,124,124,13.1,-6,110,110,OIL PRESS / TRAFFIC FAIL,
2026-07-11,15:05:04,23:05:04,-08:00,+33.6362972,-116.1611724,30,3D-,601522.1,0.0,,0,0,0.00,187.4,25,23,10,68,-72,1,10.7,11,2.55,0.57,-0.010,1.002,-0.460,,172,,,,29.77,123.000,121.500,116.200,GPS1,LOI,,,,,,,,ENR,,,,,,,,,,,,,,,,,-10.8,41.0,3003,,,,040007FF N100 N100 *,480017FF N100 N100,0.4,0.3,2,2,,1200,ALT,29.8,0,2,110,14,0.0,0.2,5,124,124,13.1,-6,110,110,OIL PRESS / TRAFFIC FAIL,
2026-07-11,15:05:05,23:05:05,-08:00,+33.6362992,-116.1611700,31,3D-,601523.1,0.0,,0,0,-0.00,187.4,25,23,10,68,-72,-1,10.6,11,2.57,0.58,-0.010,1.001,-0.456,,172,,,,29.77,123.000,121.500,116.200,GPS1,LOI,,,,,,,,ENR,,,,,,,,,,,,,,,,,-10.8,41.0,3003,,,,020007FF N100 N100 *,480017FF N100 N100,0.4,0.3,3,2,,1200,ALT,29.8,0,2,110,14,0.0,0.2,5,124,124,13.1,-6,110,110,OIL PRESS / TRAFFIC FAIL,
2026-07-11,15:05:06,23:05:06,-08:00,+33.6363003,-116.1611671,31,3D-,601524.1,0.0,,0,0,0.00,187.4,25,23,10,68,-72,-1,10.6,11,2.56,0.58,-0.010,1.002,-0.452,,172,,,,29.77,123.000,121.500,116.200,GPS1,LOI,,,,,,,,ENR,,,,,,,,,,,,,,,,,-10.8,41.0,3003,,,,020007FF N100 N100 *,480017FF N100 N100,0.4,0.3,3,2,,1200,ALT,29.8,0,2,110,14,0.0,0.2,5,124,124,13.1,-6,110,110,OIL PRESS / TRAFFIC FAIL,
2026-07-11,15:05:07,23:05:07,-08:00,+33.6363012,-116.1611643,32,3D-,601525.1,0.0,,0,0,0.00,187.4,25,23,10,68,-72,-1,10.6,11,2.55,0.59,-0.010,1.001,-0.453,,172,,,,29.77,123.000,121.500,116.200,GPS1,LOI,,,,,,,,ENR,,,,,,,,,,,,,,,,,-10.8,41.0,3003,,,,040007FF N100 N100 *,480017FF N100 N100,0.4,0.3,3,3,,1200,ALT,29.8,0,2,110,14,0.0,0.2,5,124,124,13.1,-6,110,110,OIL PRESS / TRAFFIC FAIL,
2026-07-11,15:05:08,23:05:08,-08:00,+33.6363019,-116.1611607,33,3D-,601526.1,0.0,,0,0,-0.00,187.4,25,23,10,68,-72,-0,10.6,11,2.55,0.59,-0.009,1.001,-0.456,,172,,,,29.77,123.000,121.500,116.200,GPS1,LOI,,,,,,,,ENR,,,,,,,,,,,,,,,,,-10.8,41.0,3003,,,,020007FF N100 N100 *,480017FF N100 N100,0.4,0.3,2,2,,1200,ALT,29.8,0,2,109,14,0.0,0.2,5,124,124,13.1,-6,110,110,OIL PRESS / TRAFFIC FAIL,
2026-07-11,15:05:09,23:05:09,-08:00,+33.6363015,-116.1611570,33,3D-,601527.1,0.0,,0,0,-0.00,187.4,25,23,10,68,-72,3,10.6,11,2.56,0.59,-0.010,1.002,-0.465,,172,,,,29.77,123.000,121.500,116.200,GPS1,LOI,,,,,,,,ENR,,,,,,,,,,,,,,,,,-10.8,41.0,3003,,,,020007FF N100 N100 *,480017FF N100 N100,0.4,0.3,2,2,,1200,ALT,29.8,0,2,109,14,0.0,0.2,5,124,124,13.1,-6,110,110,OIL PRESS / TRAFFIC FAIL,
2026-07-11,15:05:10,23:05:10,-08:00,+33.6363016,-116.1611529,34,3D-,601528.1,0.0,,0,0,0.00,187.4,25,23,10,68,-72,3,10.5,11,2.56,0.59,-0.010,1.001,-0.463,,172,,,,29.77,123.000,121.500,116.200,GPS1,LOI,,,,,,,,ENR,,,,,,,,,,,,,,,,,-10.8,41.0,3003,,,,020007FF N100 N100 *,480017FF N100 N100,0.4,0.3,2,3,,1200,ALT,29.8,0,2,109,14,0.0,0.2,5,124,124,13.1,-6,110,110,OIL PRESS / TRAFFIC FAIL,
2026-07-11,15:05:11,23:05:11,-08:00,+33.6363008,-116.1611495,35,3D-,601529.1,0.0,,0,0,0.00,187.4,25,23,10,68,-72,1,10.5,11,2.56,0.60,-0.010,1.001,-0.458,,172,,,,29.77,123.000,121.500,116.200,GPS1,LOI,,,,,,,,ENR,,,,,,,,,,,,,,,,,-10.8,41.0,3003,,,,020007FF N100 N100 *,480017FF N100 N100,0.4,0.3,2,2,,1200,ALT,29.8,0,2,109,14,0.0,0.2,5,124,124,13.1,-6,110,110,OIL PRESS / TRAFFIC FAIL,
2026-07-11,15:05:12,23:05:12,-08:00,+33.6363003,-116.1611467,36,3D-,601530.1,0.0,,0,0,0.00,187.4,25,23,10,68,-72,4,10.5,11,2.53,0.60,-0.010,1.001,-0.460,,172,,,,29.77,123.000,121.500,116.200,GPS1,LOI,,,,,,,,ENR,,,,,,,,,,,,,,,,,-10.8,41.0,3004,,,,020007FF N100 N100 *,480117FF N100 N100,0.4,0.3,3,2,,1200,ALT,29.8,0,2,108,14,0.0,0.2,5,124,124,13.1,-6,110,110,OIL PRESS / TRAFFIC FAIL,
2026-07-11,15:05:13,23:05:13,-08:00,+33.6363003,-116.1611437,37,3D-,601531.1,0.0,,0,0,0.00,187.4,25,23,10,69,-72,7,10.6,11,2.53,0.60,-0.010,1.001,-0.459,,172,,,,29.77,123.000,121.500,116.200,GPS1,LOI,,,,,,,,ENR,,,,,,,,,,,,,,,,,-10.8,41.0,3004,,,,020007FF N100 N100 *,480117FF N100 N100,0.4,0.3,3,2,,1200,ALT,29.8,0,2,108,14,0.0,0.2,5,124,124,13.1,-6,110,110,OIL PRESS / TRAFFIC FAIL,
2026-07-11,15:05:14,23:05:14,-08:00,+33.6362993,-116.1611414,38,3D-,601532.1,0.0,,0,0,0.00,187.4,25,24,10,68,-72,8,10.6,11,2.54,0.59,-0.010,1.001,-0.458,,172,,,,29.77,123.000,121.500,116.200,GPS1,LOI,,,,,,,,ENR,,,,,,,,,,,,,,,,,-10.8,41.0,3004,,,,020007FF N100 N100 *,480117FF N100 N100,0.5,0.3,2,2,,1200,ALT,29.8,0,2,107,14,0.0,0.2,5,124,124,13.1,-6,110,110,OIL PRESS / TRAFFIC FAIL,
2026-07-11,15:05:15,23:05:15,-08:00,+33.6362979,-116.1611398,38,3D,601533.1,0.0,,0,0,0.00,187.4,25,24,10,68,-72,4,10.6,11,2.54,0.59,-0.010,1.001,-0.459,,172,,,,29.77,123.000,121.500,116.200,GPS1,LOI,,,,,,,,ENR,,,,,,,,,,,,,,,,,-10.8,41.0,3004,,,,040007FF N100 N100 *,480017FF N100 N100,0.5,0.3,3,2,,1200,ALT,29.8,0,2,107,14,0.0,0.2,5,124,124,13.1,-6,110,110,OIL PRESS / TRAFFIC FAIL,
2026-07-11,15:05:16,23:05:16,-08:00,+33.6362964,-116.1611386,39,3D,601534.1,0.0,,0,0,0.00,187.4,25,24,10,68,-72,-1,10.6,11,2.55,0.57,-0.010,1.002,-0.453,,172,,,,29.77,123.000,121.500,116.200,GPS1,LOI,,,,,,,,ENR,,,,,,,,,,,,,,,,,-10.8,41.0,3004,,,,040007FF N100 N100 *,480017FF N100 N100,0.4,0.3,2,2,,1200,ALT,29.8,0,2,107,14,0.0,0.2,5,124,124,13.1,-6,110,110,OIL PRESS / TRAFFIC FAIL,
2026-07-11,15:05:17,23:05:17,-08:00,+33.6362944,-116.1611377,40,3D,601535.1,0.0,,0,0,0.00,187.4,25,24,10,68,-72,-3,10.6,11,2.55,0.57,-0.010,1.002,-0.444,,172,,,,29.77,123.000,121.500,116.200,GPS1,LOI,,,,,,,,ENR,,,,,,,,,,,,,,,,,-10.8,41.0,3004,,,,040007FF N100 N100 *,480017FF N100 N100,0.4,0.3,3,2,,1200,ALT,29.8,0,2,107,14,0.0,0.2,5,124,124,13.1,-6,110,110,OIL PRESS / TRAFFIC FAIL,
2026-07-11,15:05:18,23:05:18,-08:00,+33.6362929,-116.1611368,41,3D-,601536.1,0.0,,0,0,0.00,187.4,25,24,10,68,-72,-6,10.6,11,2.54,0.57,-0.010,1.001,-0.436,,172,,,,29.77,123.000,121.500,116.200,GPS1,LOI,,,,,,,,ENR,,,,,,,,,,,,,,,,,-10.8,41.0,3004,,,,040007FF N100 N100 *,480017FF N100 N100,0.4,0.3,4,2,,1200,ALT,29.8,0,2,107,14,0.0,0.2,5,124,124,13.1,-6,110,110,OIL PRESS / TRAFFIC FAIL,
2026-07-11,15:05:19,23:05:19,-08:00,+33.6362914,-116.1611360,42,3D-,601537.1,0.0,,0,0,-0.00,187.4,25,24,10,68,-72,-7,10.6,11,2.54,0.57,-0.010,1.001,-0.430,,172,,,,29.77,123.000,121.500,116.200,GPS1,LOI,,,,,,,,ENR,,,,,,,,,,,,,,,,,-10.8,41.0,3004,,,,020007FF N100 N100 *,480017FF N100 N100,0.4,0.3,2,3,,1200,ALT,29.8,0,2,107,14,0.0,0.2,5,124,124,13.1,-6,110,110,OIL PRESS / TRAFFIC FAIL,
2026-07-11,15:05:20,23:05:20,-08:00,+33.6362877,-116.1611361,43,3D,601538.1,0.0,,0,0,0.00,187.4,25,24,10,68,-72,-6,10.7,11,2.56,0.57,-0.010,1.002,-0.435,,172,,,,29.77,123.000,121.500,116.200,GPS1,LOI,,,,,,,,ENR,,,,,,,,,,,,,,,,,-10.8,41.0,3004,,,,040007FF N100 N100 *,480017FF N100 N100,0.4,0.3,2,2,,1200,ALT,29.8,0,2,107,14,0.0,0.2,5,124,124,13.1,-6,110,110,OIL PRESS / TRAFFIC FAIL,
2026-07-11,15:05:21,23:05:21,-08:00,+33.6362841,-116.1611362,44,3D,601539.1,0.0,,0,0,0.00,187.4,25,24,10,67,-73,-11,10.6,11,2.54,0.57,-0.010,1.001,-0.440,,172,,,,29.77,123.000,121.500,116.200,GPS1,LOI,,,,,,,,ENR,,,,,,,,,,,,,,,,,-10.8,41.0,3003,,,,040007FF N100 N100 *,480017FF N100 N100,0.4,0.3,2,2,,1200,ALT,29.8,0,2,107,14,0.0,0.2,5,124,124,13.1,-6,110,110,OIL PRESS / TRAFFIC FAIL,
2026-07-11,15:05:22,23:05:22,-08:00,+33.6362798,-116.1611370,45,3D-,601540.1,0.0,,0,0,0.00,187.4,24,24,10,67,-73,-19,10.5,11,2.55,0.58,-0.010,1.002,-0.435,,172,,,,29.77,123.000,121.500,116.200,GPS1,LOI,,,,,,,,ENR,,,,,,,,,,,,,,,,,-10.8,41.0,3003,,,,040007FF N100 N100 *,480017FF N100 N100,0.4,0.3,2,2,,1200,ALT,29.8,0,2,107,14,0.0,0.2,5,124,124,13.1,-6,110,110,OIL PRESS / TRAFFIC FAIL,
2026-07-11,15:05:23,23:05:23,-08:00,+33.6362768,-116.1611372,46,3D-,601541.1,0.0,,0,0,-0.00,187.4,24,24,10,66,-74,-22,10.5,11,2.55,0.57,-0.009,1.001,-0.420,,172,,,,29.77,123.000,121.500,116.200,GPS1,LOI,,,,,,,,ENR,,,,,,,,,,,,,,,,,-10.8,41.0,3002,,,,020007FF N100 N100 *,480017FF N100 N100,0.4,0.3,3,2,,1200,ALT,29.8,0,2,107,14,0.0,0.2,5,124,124,13.1,-6,110,110,OIL PRESS / TRAFFIC FAIL,
2026-07-11,15:05:24,23:05:24,-08:00,+33.6362751,-116.1611364,47,3D-,601542.1,0.0,,0,0,-0.00,187.4,24,24,10,66,-74,-24,10.5,11,2.56,0.56,-0.010,1.002,-0.405,,172,,,,29.77,123.000,121.500,116.200,GPS1,LOI,,,,,,,,ENR,,,,,,,,,,,,,,,,,-10.8,41.0,3002,,,,020007FF N100 N100 *,480017FF N100 N100,0.4,0.3,3,2,,1200,ALT,29.8,0,2,107,14,0.0,0.2,5,124,124,13.1,-6,110,110,OIL PRESS / TRAFFIC FAIL,
2026-07-11,15:05:25,23:05:25,-08:00,+33.6362733,-116.1611358,48,3D,601543.1,0.0,,0,0,0.00,187.4,24,24,10,66,-74,-22,10.6,11,2.55,0.56,-0.010,1.001,-0.392,,172,,,,29.77,123.000,121.500,116.200,GPS1,LOI,,,,,,,,ENR,,,,,,,,,,,,,,,,,-10.8,41.0,3001,,,,040007FF N100 N100 *,480017FF N100 N100,0.4,0.3,4,2,,1200,ALT,29.8,0,2,107,14,0.0,0.2,5,124,124,13.1,-6,110,110,OIL PRESS / TRAFFIC FAIL,
2026-07-11,15:05:26,23:05:26,-08:00,+33.6362711,-116.1611351,48,3D,601544.1,0.0,,0,0,0.00,187.4,24,23,10,66,-74,-14,10.6,11,2.56,0.57,-0.011,1.001,-0.385,,172,,,,29.77,123.000,121.500,116.200,GPS1,LOI,,,,,,,,ENR,,,,,,,,,,,,,,,,,-10.8,41.0,3002,,,,040007FF N100 N100 *,480017FF N100 N100,0.4,0.3,3,2,,1200,ALT,29.8,0,2,107,14,0.0,0.2,5,124,124,13.1,-6,110,110,OIL PRESS / TRAFFIC FAIL,
2026-07-11,15:05:27,23:05:27,-08:00,+33.6362693,-116.1611344,48,3D-,601545.1,0.0,,0,0,-0.00,187.4,24,23,10,66,-74,-9,10.6,11,2.54,0.58,-0.010,1.002,-0.385,,172,,,,29.77,123.000,121.500,116.200,GPS1,LOI,,,,,,,,ENR,,,,,,,,,,,,,,,,,-10.8,41.0,3002,,,,040007FF N100 N100 *,480017FF N100 N100,0.4,0.3,2,2,,1200,ALT,29.8,0,2,107,14,0.0,0.2,5,124,124,13.1,-6,110,110,OIL PRESS / TRAFFIC FAIL,
2026-07-11,15:05:28,23:05:28,-08:00,+33.6362686,-116.1611330,49,3D-,601546.1,0.0,,0,0,0.00,187.4,24,23,10,66,-74,-4,10.6,11,2.53,0.57,-0.010,1.001,-0.390,,172,,,,29.77,123.000,121.500,116.200,GPS1,LOI,,,,,,,,ENR,,,,,,,,,,,,,,,,,-10.8,41.0,3002,,,,020007FF N100 N100 *,480017FF N100 N100,0.4,0.3,2,2,,1200,ALT,29.8,0,2,107,14,0.0,0.2,5,124,124,13.1,-6,110,110,OIL PRESS / TRAFFIC FAIL,
2026-07-11,15:05:29,23:05:29,-08:00,+33.6362680,-116.1611315,49,3D-,601547.1,0.0,,0,0,-0.00,187.4,24,23,10,66,-74,3,10.6,11,2.52,0.56,-0.010,1.002,-0.400,,172,,,,29.77,123.000,121.500,116.200,GPS1,LOI,,,,,,,,ENR,,,,,,,,,,,,,,,,,-10.8,41.0,3002,,,,020007FF N100 N100 *,480017FF N100 N100,0.4,0.3,3,2,,1200,ALT,29.8,0,2,107,14,0.0,0.2,5,124,124,13.1,-6,110,110,OIL PRESS / TRAFFIC FAIL,
2026-07-11,15:05:30,23:05:30,-08:00,+33.6362667,-116.1611306,49,3D-,601548.1,0.0,,0,0,0.00,187.4,23,23,10,66,-74,7,10.6,11,2.54,0.56,-0.011,1.002,-0.407,,172,,,,29.77,123.000,121.500,116.200,GPS1,LOI,,,,,,,,ENR,,,,,,,,,,,,,,,,,-10.8,41.0,3003,,,,020007FF N100 N100 *,480017FF N100 N100,0.4,0.3,3,2,,1200,ALT,29.8,0,2,107,14,0.0,0.2,5,124,124,13.1,-6,110,110,OIL PRESS / TRAFFIC FAIL,
2026-07-11,15:05:31,23:05:31,-08:00,+33.6362650,-116.1611303,49,3D-,601549.1,0.0,,0,0,-0.00,187.4,23,23,10,67,-74,12,10.6,11,2.54,0.56,-0.009,1.002,-0.402,,172,,,,29.77,123.000,121.500,116.200,GPS1,LOI,,,,,,,,ENR,,,,,,,,,,,,,,,,,-10.8,41.0,3003,,,,020007FF N100 N100 *,480017FF N100 N100,0.4,0.3,3,2,,1200,ALT,29.8,0,2,107,14,0.0,0.2,5,124,124,13.1,-6,110,110,OIL PRESS / TRAFFIC FAIL,
2026-07-11,15:05:32,23:05:32,-08:00,+33.6362649,-116.1611287,49,3D-,601550.1,0.0,,0,0,0.00,187.4,23,23,10,67,-73,13,10.6,11,2.56,0.57,-0.010,1.001,-0.392,,172,,,,29.77,123.000,121.500,116.200,GPS1,LOI,,,,,,,,ENR,,,,,,,,,,,,,,,,,-10.8,41.0,3003,,,,020007FF N100 N100 *,480117FF N100 N100,0.4,0.3,2,2,,1200,ALT,29.8,0,2,107,14,0.0,0.2,5,124,124,13.1,-6,110,110,OIL PRESS / TRAFFIC FAIL,
2026-07-11,15:05:33,23:05:33,-08:00,+33.6362648,-116.1611270,49,3D-,601551.1,0.0,,0,0,0.00,187.4,23,23,10,67,-73,12,10.6,11,2.54,0.58,-0.010,1.001,-0.386,,172,,,,29.77,123.000,121.500,116.200,GPS1,LOI,,,,,,,,ENR,,,,,,,,,,,,,,,,,-10.8,41.0,3004,,,,020007FF N100 N100 *,480117FF N100 N100,0.4,0.3,3,2,,1200,ALT,29.8,0,2,107,14,0.0,0.2,5,124,124,13.1,-6,110,110,OIL PRESS / TRAFFIC FAIL,
2026-07-11,15:05:34,23:05:34,-08:00,+33.6362645,-116.1611247,49,3D-,601552.1,0.0,,0,0,-0.00,187.4,23,23,10,67,-73,7,10.5,11,2.52,0.58,-0.010,1.002,-0.384,,172,,,,29.77,123.000,121.500,116.200,GPS1,LOI,,,,,,,,ENR,,,,,,,,,,,,,,,,,-10.8,41.0,3004,,,,020007FF N100 N100 *,480117FF N100 N100,0.4,0.3,2,2,,1200,ALT,29.8,0,2,107,14,0.0,0.2,5,124,124,13.1,-6,110,110,OIL PRESS / TRAFFIC FAIL,
2026-07-11,15:05:35,23:05:35,-08:00,+33.6362637,-116.1611224,49,3D-,601553.1,0.0,,0,0,-0.00,187.4,23,23,10,67,-73,4,10.5,11,2.52,0.57,-0.009,1.002,-0.383,,172,,,,29.77,123.000,121.500,116.200,GPS1,LOI,,,,,,,,ENR,,,,,,,,,,,,,,,,,-10.8,41.0,3004,,,,020007FF N100 N100 *,480117FF N100 N100,0.4,0.3,2,2,,1200,ALT,29.8,0,2,107,14,0.0,0.2,5,124,124,13.1,-6,110,110,OIL PRESS / TRAFFIC FAIL,
2026-07-11,15:05:36,23:05:36,-08:00,+33.6362624,-116.1611200,49,3D-,601554.1,0.0,,0,0,-0.00,187.4,23,23,10,67,-73,0,10.4,11,2.53,0.58,-0.010,1.002,-0.375,,172,,,,29.77,123.000,121.500,116.200,GPS1,LOI,,,,,,,,ENR,,,,,,,,,,,,,,,,,-10.8,41.0,3004,,,,020007FF N100 N100 *,480117FF N100 N100,0.4,0.3,3,2,,1200,ALT,29.8,0,2,107,14,0.0,0.2,5,124,124,13.1,-6,110,110,OIL PRESS / TRAFFIC FAIL,
2026-07-11,15:05:37,23:05:37,-08:00,+33.6362615,-116.1611173,49,3D-,601555.1,0.0,,0,0,0.00,187.4,23,23,10,67,-73,-2,10.4,11,2.53,0.59,-0.010,1.002,-0.370,,172,,,,29.77,123.000,121.500,116.200,GPS1,LOI,,,,,,,,ENR,,,,,,,,,,,,,,,,,-10.8,41.0,3004,,,,080107FF N100 N100 *,480117FF N100 N100,0.4,0.3,2,2,,1200,ALT,29.8,0,2,107,14,0.0,0.2,5,124,124,13.1,-6,110,110,OIL PRESS / TRAFFIC FAIL,
2026-07-11,15:05:38,23:05:38,-08:00,+33.6362606,-116.1611138,49,3D-,601556.1,0.0,,0,0,0.00,187.4,23,23,10,67,-73,-2,10.5,11,2.51,0.59,-0.010,1.002,-0.355,,172,,,,29.77,123.000,121.500,116.200,GPS1,LOI,,,,,,,,ENR,,,,,,,,,,,,,,,,,-10.8,41.0,3004,,,,080107FF N100 N100 *,480117FF N100 N100,0.4,0.3,3,2,,1200,ALT,29.8,0,2,107,14,0.0,0.2,5,124,124,13.1,-6,110,110,OIL PRESS / TRAFFIC FAIL,
2026-07-11,15:05:39,23:05:39,-08:00,+33.6362596,-116.1611103,49,3D-,601557.1,0.0,,0,0,0.00,187.4,23,24,10,66,-74,-5,10.5,11,2.51,0.58,-0.010,1.001,-0.351,,172,,,,29.77,123.000,121.500,116.200,GPS1,LOI,,,,,,,,ENR,,,,,,,,,,,,,,,,,-10.8,41.0,3004,,,,080107FF N100 N100 *,480117FF N100 N100,0.4,0.3,2,2,,1200,ALT,29.8,0,2,107,14,0.0,0.2,5,124,124,13.1,-6,110,110,OIL PRESS / TRAFFIC FAIL,
2026-07-11,15:05:40,23:05:40,-08:00,+33.6362585,-116.1611058,49,3D-,601558.1,0.0,,0,0,0.00,187.4,23,24,10,66,-74,-7,10.4,11,2.51,0.58,-0.010,1.001,-0.348,,172,,,,29.77,123.000,121.500,116.200,GPS1,LOI,,,,,,,,ENR,,,,,,,,,,,,,,,,,-10.8,41.0,3004,,,,080107FF N100 N100 *,480117FF N100 N100,0.4,0.3,2,2,,1200,ALT,29.8,0,2,108,14,0.0,0.2,5,124,124,13.1,-6,110,110,OIL PRESS / TRAFFIC FAIL,
2026-07-11,15:05:41,23:05:41,-08:00,+33.6362568,-116.1611037,49,3D-,601559.1,0.0,,0,0,0.00,187.4,23,24,10,66,-74,-8,10.4,11,2.52,0.58,-0.010,1.001,-0.346,,172,,,,29.77,123.000,121.500,116.200,GPS1,LOI,,,,,,,,ENR,,,,,,,,,,,,,,,,,-10.8,41.0,3004,,,,080107FF N100 N100 *,480117FF N100 N100,0.4,0.3,2,2,,1200,ALT,29.8,0,2,108,14,0.0,0.2,5,124,124,13.1,-6,110,110,OIL PRESS / TRAFFIC FAIL,
2026-07-11,15:05:42,23:05:42,-08:00,+33.6362547,-116.1611029,49,3D-,601560.1,0.0,,0,0,-0.00,187.4,23,24,10,66,-74,-12,10.4,11,2.53,0.58,-0.010,1.002,-0.345,,172,,,,29.77,123.000,121.500,116.200,GPS1,LOI,,,,,,,,ENR,,,,,,,,,,,,,,,,,-10.8,41.0,3003,,,,080107FF N100 N100 *,480117FF N100 N100,0.4,0.3,2,2,,1200,ALT,29.8,0,2,108,14,0.0,0.2,5,124,124,13.1,-6,110,110,OIL PRESS / TRAFFIC FAIL,
2026-07-11,15:05:43,23:05:43,-08:00,+33.6362527,-116.1611030,49,3D-,601561.1,0.0,,0,0,-0.00,187.4,23,24,10,65,-75,-15,10.4,11,2.51,0.58,-0.009,1.002,-0.346,,172,,,,29.77,123.000,121.500,116.200,GPS1,LOI,,,,,,,,ENR,,,,,,,,,,,,,,,,,-10.8,41.0,3003,,,,080107FF N100 N100 *,480117FF N100 N100,0.4,0.3,3,3,,1200,ALT,29.8,0,2,108,14,0.0,0.2,5,124,124,13.1,-6,110,110,OIL PRESS / TRAFFIC FAIL,
2026-07-11,15:05:44,23:05:44,-08:00,+33.6362506,-116.1611029,49,3D-,601562.1,0.0,,0,0,-0.00,187.4,23,24,10,66,-74,-9,10.5,11,2.49,0.58,-0.009,1.002,-0.340,,172,,,,29.77,123.000,121.500,116.200,GPS1,LOI,,,,,,,,ENR,,,,,,,,,,,,,,,,,-10.8,41.0,3003,,,,080107FF N100 N100 *,480117FF N100 N100,0.5,0.3,3,3,,1200,ALT,29.8,0,2,108,14,0.0,0.2,5,124,124,13.1,-6,110,110,OIL PRESS / TRAFFIC FAIL,
2026-07-11,15:05:45,23:05:45,-08:00,+33.6362485,-116.1611024,49,3D-,601563.1,0.0,,0,0,-0.00,187.4,23,24,10,67,-74,6,10.6,11,2.50,0.57,-0.010,1.001,-0.324,,172,,,,29.77,123.000,121.500,116.200,GPS1,LOI,,,,,,,,ENR,,,,,,,,,,,,,,,,,-10.8,41.0,3004,,,,080107FF N100 N100 *,480117FF N100 N100,0.5,0.3,2,3,,1200,ALT,29.8,0,2,108,14,0.0,0.2,5,124,124,13.1,-6,110,110,OIL PRESS / TRAFFIC FAIL,
2026-07-11,15:05:46,23:05:46,-08:00,+33.6362470,-116.1611021,49,3D-,601564.1,0.0,,0,0,0.00,187.4,23,24,10,67,-73,17,10.7,11,2.50,0.56,-0.010,1.001,-0.310,,172,,,,29.77,123.000,121.500,116.200,GPS1,LOI,,,,,,,,ENR,,,,,,,,,,,,,,,,,-10.8,41.0,3004,,,,080107FF N100 N100 *,480117FF N100 N100,0.4,0.3,3,2,,1200,ALT,29.8,0,2,108,14,0.0,0.2,5,124,124,13.1,-6,110,110,OIL PRESS / TRAFFIC FAIL,
2026-07-11,15:05:47,23:05:47,-08:00,+33.6362453,-116.1611017,50,3D-,601565.1,0.0,,0,0,-0.00,187.4,22,24,10,67,-73,20,10.6,11,2.52,0.57,-0.010,1.002,-0.300,,172,,,,29.77,123.000,121.500,116.200,GPS1,LOI,,,,,,,,ENR,,,,,,,,,,,,,,,,,-10.8,41.0,3005,,,,080107FF N100 N100 *,480117FF N100 N100,0.4,0.3,3,2,,1200,ALT,29.8,0,2,108,14,0.0,0.2,5,124,124,13.1,-6,110,110,OIL PRESS / TRAFFIC FAIL,
2026-07-11,15:05:48,23:05:48,-08:00,+33.6362436,-116.1611011,50,3D-,601566.1,0.0,,0,0,-0.00,187.4,22,24,10,67,-73,12,10.5,11,2.53,0.58,-0.010,1.002,-0.293,,172,,,,29.77,123.000,121.500,116.200,GPS1,LOI,,,,,,,,ENR,,,,,,,,,,,,,,,,,-10.8,41.0,3005,,,,080107FF N100 N100 *,480117FF N100 N100,0.4,0.3,2,2,,1200,ALT,29.8,0,2,108,14,0.0,0.2,5,124,124,13.1,-6,110,110,OIL PRESS / TRAFFIC FAIL,
2026-07-11,15:05:49,23:05:49,-08:00,+33.6362422,-116.1611006,50,3D-,601567.1,0.0,,0,0,0.00,187.4,22,24,10,66,-74,-1,10.3,11,2.52,0.58,-0.011,1.001,-0.297,,172,,,,29.77,123.000,121.500,116.200,GPS1,LOI,,,,,,,,ENR,,,,,,,,,,,,,,,,,-10.8,41.0,3004,,,,080107FF N100 N100 *,480117FF N100 N100,0.4,0.3,2,2,,1200,ALT,29.8,0,2,108,14,0.0,0.2,5,124,124,13.1,-6,110,110,OIL PRESS / TRAFFIC FAIL,
2026-07-11,15:05:50,23:05:50,-08:00,+33.6362420,-116.1611006,50,3D-,601568.1,0.0,,0,0,0.00,187.4,22,24,10,65,-74,-16,10.3,11,2.51,0.58,-0.012,1.002,-0.324,,172,,,,29.77,123.000,121.500,116.200,GPS1,LOI,,,,,,,,ENR,,,,,,,,,,,,,,,,,-10.8,41.0,3004,,,,080107FF N100 N100 *,480117FF N100 N100,0.4,0.3,3,2,,1200,ALT,29.8,0,2,108,14,0.0,0.2,5,124,124,13.1,-6,110,110,OIL PRESS / TRAFFIC FAIL,
2026-07-11,15:05:51,23:05:51,-08:00,+33.6362409,-116.1610996,50,3D-,601569.1,0.0,,0,0,-0.00,187.4,22,25,10,66,-74,-19,10.2,11,2.53,0.58,-0.010,1.003,-0.380,,172,,,,29.77,123.000,121.500,116.200,GPS1,LOI,,,,,,,,ENR,,,,,,,,,,,,,,,,,-10.8,41.0,3004,,,,080107FF N100 N100 *,480117FF N100 N100,0.4,0.3,3,2,,1200,ALT,29.8,0,2,108,14,0.0,0.2,5,124,124,13.1,-6,110,110,OIL PRESS / TRAFFIC FAIL,
2026-07-11,15:05:52,23:05:52,-08:00,+33.6362411,-116.1610989,50,3D-,601570.1,0.0,,0,0,-0.00,187.4,22,25,10,66,-74,-13,10.3,11,2.53,0.58,-0.010,1.001,-0.438,,172,,,,29.77,123.000,121.500,116.200,GPS1,LOI,,,,,,,,ENR,,,,,,,,,,,,,,,,,-10.8,41.0,3004,,,,080107FF N100 N100 *,480117FF N100 N100,0.4,0.4,3,2,,1200,ALT,29.8,0,2,108,14,0.0,0.2,5,124,124,13.1,-6,110,110,OIL PRESS / TRAFFIC FAIL,
2026-07-11,15:05:53,23:05:53,-08:00,+33.6362416,-116.1610986,50,3D-,601571.1,0.0,,0,0,-0.00,187.4,22,25,10,66,-74,-5,10.4,11,2.50,0.58,-0.010,1.002,-0.494,,172,,,,29.77,123.000,121.500,116.200,GPS1,LOI,,,,,,,,ENR,,,,,,,,,,,,,,,,,-10.8,41.0,3004,,,,080107FF N100 N100 *,480117FF N100 N100,0.4,0.4,2,3,,1200,ALT,29.8,0,2,108,14,0.0,0.2,5,124,124,13.1,-6,110,110,OIL PRESS / TRAFFIC FAIL,
2026-07-11,15:05:54,23:05:54,-08:00,+33.6362421,-116.1610980,50,3D-,601572.1,0.0,,0,0,0.00,187.4,22,25,10,65,-74,-4,10.4,11,2.50,0.58,-0.010,1.001,-0.536,,172,,,,29.77,123.000,121.500,116.200,GPS1,LOI,,,,,,,,ENR,,,,,,,,,,,,,,,,,-10.8,41.0,3004,,,,080107FF N100 N100 *,480117FF N100 N100,0.4,0.3,3,2,,1200,ALT,29.8,0,2,108,14,0.0,0.2,5,124,124,13.1,-6,110,110,OIL PRESS / TRAFFIC FAIL,
2026-07-11,15:05:55,23:05:55,-08:00,+33.6362427,-116.1610975,50,3D-,601573.1,0.0,,0,0,0.00,187.4,22,25,10,65,-75,-7,10.4,11,2.51,0.58,-0.010,1.002,-0.575,,172,,,,29.77,123.000,121.500,116.200,GPS1,LOI,,,,,,,,ENR,,,,,,,,,,,,,,,,,-10.8,41.0,3004,,,,080107FF N100 N100 *,480117FF N100 N100,0.4,0.3,2,2,,1200,ALT,29.8,0,2,108,14,0.0,0.2,5,124,124,13.1,-6,110,110,OIL PRESS / TRAFFIC FAIL,
2026-07-11,15:05:56,23:05:56,-08:00,+33.6362421,-116.1610973,49,3D-,601574.1,0.0,,0,0,0.00,187.4,23,25,10,65,-75,-9,10.5,11,2.51,0.57,-0.010,1.002,-0.596,,172,,,,29.77,123.000,121.500,116.200,GPS1,LOI,,,,,,,,ENR,,,,,,,,,,,,,,,,,-10.8,41.0,3003,,,,080107FF N100 N100 *,480117FF N100 N100,0.4,0.3,2,2,,1200,ALT,29.8,0,2,108,14,0.0,0.2,5,124,124,13.1,-6,110,110,OIL PRESS / TRAFFIC FAIL,
2026-07-11,15:05:57,23:05:57,-08:00,+33.6362418,-116.1610968,49,3D-,601575.1,0.0,,0,0,-0.00,187.4,23,25,10,66,-75,-5,10.5,11,2.52,0.57,-0.010,1.002,-0.612,,172,,,,29.77,123.000,121.500,116.200,GPS1,LOI,,,,,,,,ENR,,,,,,,,,,,,,,,,,-10.8,41.0,3003,,,,080107FF N100 N100 *,480117FF N100 N100,0.4,0.3,2,2,,1200,ALT,29.8,0,2,108,14,0.0,0.2,5,124,124,13.1,-6,110,110,OIL PRESS / TRAFFIC FAIL,
2026-07-11,15:05:58,23:05:58,-08:00,+33.6362413,-116.1610964,49,3D-,601576.1,0.0,,0,0,-0.00,187.4,23,25,10,66,-75,2,10.5,11,2.52,0.56,-0.010,1.001,-0.621,,172,,,,29.77,123.000,121.500,116.200,GPS1,LOI,,,,,,,,ENR,,,,,,,,,,,,,,,,,-10.8,41.0,3004,,,,080107FF N100 N100 *,480117FF N100 N100,0.4,0.3,2,2,,1200,ALT,29.8,0,2,108,14,0.0,0.2,5,124,124,13.1,-6,110,110,OIL PRESS / TRAFFIC FAIL,
2026-07-11,15:05:59,23:05:59,-08:00,+33.6362408,-116.1610960,48,3D-,601577.1,0.0,,0,0,0.00,187.4,23,25,10,66,-75,4,10.4,11,2.50,0.57,-0.010,1.002,-0.634,,172,,,,29.77,123.000,121.500,116.200,GPS1,LOI,,,,,,,,ENR,,,,,,,,,,,,,,,,,-10.8,41.0,3004,,,,080107FF N100 N100 *,480117FF N100 N100,0.4,0.3,2,2,,1200,ALT,29.8,0,2,108,14,0.0,0.2,5,124,124,13.1,-6,110,110,OIL PRESS / TRAFFIC FAIL,
2026-07-11,15:06:00,23:06:00,-08:00,+33.6362402,-116.1610955,48,3D-,601578.1,0.0,,0,0,0.00,187.4,23,25,10,65,-75,1,10.5,11,2.50,0.57,-0.010,1.002,-0.634,,172,,,,29.77,123.000,121.500,116.200,GPS1,LOI,,,,,,,,ENR,,,,,,,,,,,,,,,,,-10.8,41.0,3004,,,,080107FF N100 N100 *,480117FF N100 N100,0.4,0.3,2,2,,1200,ALT,29.8,0,2,108,14,0.0,0.2,5,124,124,13.1,-6,110,110,OIL PRESS / TRAFFIC FAIL,
2026-07-11,15:06:01,23:06:01,-08:00,+33.6362398,-116.1610949,47,3D-,601579.1,0.0,,0,0,0.00,187.4,23,25,10,65,-75,-2,10.6,11,2.51,0.57,-0.010,1.001,-0.625,,172,,,,29.77,123.000,121.500,116.200,GPS1,LOI,,,,,,,,ENR,,,,,,,,,,,,,,,,,-10.8,41.0,3004,,,,080107FF N100 N100 *,480117FF N100 N100,0.4,0.3,2,2,,1200,ALT,29.8,0,2,108,14,0.0,0.2,5,124,124,13.1,-6,110,110,OIL PRESS / TRAFFIC FAIL,
2026-07-11,15:06:02,23:06:02,-08:00,+33.6362394,-116.1610938,47,3D-,601580.1,0.0,,0,0,0.00,187.4,23,25,10,66,-75,-2,10.8,11,2.51,0.57,-0.010,1.002,-0.613,,172,,,,29.77,123.000,121.500,116.200,GPS1,LOI,,,,,,,,ENR,,,,,,,,,,,,,,,,,-10.8,41.0,3004,,,,080107FF N100 N100 *,480117FF N100 N100,0.4,0.3,2,2,,1200,ALT,29.8,0,2,108,14,0.0,0.2,5,124,124,13.1,-6,110,110,OIL PRESS / TRAFFIC FAIL,
2026-07-11,15:06:03,23:06:03,-08:00,+33.6362387,-116.1610925,47,3D-,601581.1,0.0,,0,0,-0.00,187.4,23,26,10,66,-74,4,10.9,11,2.51,0.56,-0.010,1.001,-0.600,,172,,,,29.77,123.000,121.500,116.200,GPS1,LOI,,,,,,,,ENR,,,,,,,,,,,,,,,,,-10.8,41.0,3003,,,,080107FF N100 N100 *,480117FF N100 N100,0.4,0.3,2,2,,1200,ALT,29.8,0,2,108,14,0.0,0.2,5,124,124,13.1,-6,110,110,OIL PRESS / TRAFFIC FAIL,
2026-07-11,15:06:04,23:06:04,-08:00,+33.6362380,-116.1610910,46,3D-,601582.1,0.0,,0,0,0.00,187.4,23,26,10,66,-74,12,11.1,12,2.51,0.57,-0.010,1.002,-0.584,,172,,,,29.77,123.000,121.500,116.200,GPS1,LOI,,,,,,,,ENR,,,,,,,,,,,,,,,,,-10.8,41.0,3004,,,,080107FF N100 N100 *,480117FF N100 N100,0.4,0.3,2,2,,1200,ALT,29.8,0,2,108,14,0.0,0.2,5,124,124,13.1,-6,110,110,OIL PRESS / TRAFFIC FAIL,
2026-07-11,15:06:05,23:06:05,-08:00,+33.6362377,-116.1610887,46,3D-,601583.1,0.0,,0,0,0.00,187.4,23,26,10,67,-74,14,11.1,12,2.49,0.57,-0.010,1.001,-0.575,,172,,,,29.77,123.000,121.500,116.200,GPS1,LOI,,,,,,,,ENR,,,,,,,,,,,,,,,,,-10.8,41.0,3005,,,,080107FF N100 N100 *,480117FF N100 N100,0.4,0.3,3,2,,1200,ALT,29.8,0,2,108,14,0.0,0.2,5,124,124,13.1,-6,110,110,OIL PRESS / TRAFFIC FAIL,
2026-07-11,15:06:06,23:06:06,-08:00,+33.6362374,-116.1610866,45,3D,601584.1,0.0,,0,0,-0.00,187.4,23,26,10,67,-74,16,11.0,11,2.50,0.57,-0.010,1.001,-0.575,,172,,,,29.77,123.000,121.500,116.200,GPS1,LOI,,,,,,,,ENR,,,,,,,,,,,,,,,,,-10.8,41.0,3005,,,,040007FF N100 N100 *,480017FF N100 N100,0.4,0.3,2,2,,1200,ALT,29.8,0,2,108,14,0.0,0.2,5,124,124,13.1,-6,110,110,OIL PRESS / TRAFFIC FAIL,
2026-07-11,15:06:07,23:06:07,-08:00,+33.6362368,-116.1610845,45,3D-,601585.1,0.0,,0,0,-0.00,187.3,23,26,10,67,-73,17,10.8,11,2.52,0.57,-0.010,1.002,-0.585,,172,,,,29.77,123.000,121.500,116.200,GPS1,LOI,,,,,,,,ENR,,,,,,,,,,,,,,,,,-10.8,41.0,3005,,,,020007FF N100 N100 *,480017FF N100 N100,0.4,0.3,2,2,,1200,ALT,29.8,0,2,108,14,0.0,0.2,5,124,124,13.1,-6,110,110,OIL PRESS / TRAFFIC FAIL,
2026-07-11,15:06:08,23:06:08,-08:00,+33.6362365,-116.1610821,44,3D-,601586.1,0.0,,0,0,0.00,187.3,23,26,10,68,-73,20,10.6,11,2.52,0.58,-0.010,1.002,-0.587,,172,,,,29.77,123.000,121.500,116.200,GPS1,LOI,,,,,,,,ENR,,,,,,,,,,,,,,,,,-10.8,41.0,3006,,,,020007FF N100 N100 *,480017FF N100 N100,0.4,0.3,3,2,,1200,ALT,29.8,0,2,108,14,0.0,0.2,5,124,124,13.1,-6,110,110,OIL PRESS / TRAFFIC FAIL,
2026-07-11,15:06:09,23:06:09,-08:00,+33.6362371,-116.1610799,44,3D,601587.1,0.0,,0,0,-0.00,187.4,23,26,10,68,-72,22,10.5,11,2.51,0.58,-0.010,1.002,-0.593,,172,,,,29.77,123.000,121.500,116.200,GPS1,LOI,,,,,,,,ENR,,,,,,,,,,,,,,,,,-10.8,41.0,3007,,,,020007FF N100 N100 *,480017FF N100 N100,0.4,0.3,2,2,,1200,ALT,29.8,0,2,108,14,0.0,0.2,5,124,124,13.1,-6,110,110,OIL PRESS / TRAFFIC FAIL,
2026-07-11,15:06:10,23:06:10,-08:00,+33.6362369,-116.1610781,43,3D,601588.1,0.0,,0,0,-0.00,187.4,23,26,10,68,-72,19,10.3,11,2.50,0.58,-0.010,1.001,-0.599,,172,,,,29.77,123.000,121.500,116.200,GPS1,LOI,,,,,,,,ENR,,,,,,,,,,,,,,,,,-10.8,41.0,3007,,,,040007FF N100 N100 *,480017FF N100 N100,0.4,0.3,2,2,,1200,ALT,29.8,0,2,107,14,0.0,0.2,5,124,124,13.1,-6,110,110,OIL PRESS / TRAFFIC FAIL,
2026-07-11,15:06:11,23:06:11,-08:00,+33.6362373,-116.1610758,43,3D,601589.1,0.0,,0,0,0.00,187.4,23,26,10,68,-72,10,10.2,11,2.51,0.58,-0.010,1.001,-0.603,,172,,,,29.77,123.000,121.500,116.200,GPS1,LOI,,,,,,,,ENR,,,,,,,,,,,,,,,,,-10.8,41.0,3007,,,,040007FF N100 N100 *,480017FF N100 N100,0.4,0.3,3,2,,1200,ALT,29.8,0,2,107,14,0.0,0.2,5,124,124,13.1,-6,110,110,OIL PRESS / TRAFFIC FAIL,
2026-07-11,15:06:12,23:06:12,-08:00,+33.6362378,-116.1610730,43,3D,601590.1,0.0,,0,0,0.00,187.4,23,26,10,67,-73,-6,10.1,11,2.52,0.58,-0.010,1.002,-0.608,,172,,,,29.77,123.000,121.500,116.200,GPS1,LOI,,,,,,,,ENR,,,,,,,,,,,,,,,,,-10.8,41.0,3006,,,,040007FF N100 N100 *,480017FF N100 N100,0.4,0.3,2,2,,1200,ALT,29.8,0,2,107,14,0.0,0.2,5,124,124,13.1,-6,110,110,OIL PRESS / TRAFFIC FAIL,
2026-07-11,15:06:13,23:06:13,-08:00,+33.6362384,-116.1610695,43,3D,601591.1,0.0,,0,0,0.00,187.4,23,27,10,66,-74,-22,10.1,11,2.55,0.58,-0.010,1.001,-0.604,,172,,,,29.77,123.000,121.500,116.200,GPS1,LOI,,,,,,,,ENR,,,,,,,,,,,,,,,,,-10.8,41.0,3005,,,,040007FF N100 N100 *,480017FF N100 N100,0.4,0.3,3,2,,1200,ALT,29.8,0,2,107,14,0.0,0.2,5,124,124,13.1,-6,110,110,OIL PRESS / TRAFFIC FAIL,
2026-07-11,15:06:14,23:06:14,-08:00,+33.6362388,-116.1610664,43,3D,601592.1,0.0,,0,0,-0.00,187.4,23,27,10,65,-74,-31,10.1,11,2.54,0.58,-0.010,1.002,-0.601,,172,,,,29.77,123.000,121.500,116.200,GPS1,LOI,,,,,,,,ENR,,,,,,,,,,,,,,,,,-10.8,41.0,3005,,,,040007FF N100 N100 *,480017FF N100 N100,0.4,0.3,2,2,,1200,ALT,29.8,0,2,107,14,0.0,0.2,5,124,124,13.1,-6,110,110,OIL PRESS / TRAFFIC FAIL,
2026-07-11,15:06:15,23:06:15,-08:00,+33.6362388,-116.1610622,43,3D,601593.1,0.0,,0,0,0.00,187.4,23,27,10,65,-75,-30,10.1,10,2.53,0.58,-0.010,1.002,-0.613,,172,,,,29.77,123.000,121.500,116.200,GPS1,LOI,,,,,,,,ENR,,,,,,,,,,,,,,,,,-10.8,41.0,3005,,,,040007FF N100 N100 *,480017FF N100 N100,0.4,0.3,2,2,,1200,ALT,29.8,0,2,108,14,0.0,0.2,5,124,124,13.1,-6,110,110,OIL PRESS / TRAFFIC FAIL,
2026-07-11,15:06:16,23:06:16,-08:00,+33.6362394,-116.1610571,43,3D,601594.1,0.0,,0,0,0.00,187.4,23,27,10,66,-75,-20,10.0,11,2.52,0.57,-0.010,1.001,-0.618,,172,,,,29.77,123.000,121.500,116.200,GPS1,LOI,,,,,,,,ENR,,,,,,,,,,,,,,,,,-10.8,41.0,3005,,,,040007FF N100 N100 *,480017FF N100 N100,0.4,0.3,2,2,,1200,ALT,29.8,0,2,110,14,0.0,0.2,5,124,124,13.1,-6,110,110,OIL PRESS / TRAFFIC FAIL,
2026-07-11,15:06:17,23:06:17,-08:00,+33.6362399,-116.1610524,44,3D,601595.1,0.0,,0,0,0.00,187.4,23,27,10,66,-74,-8,10.1,11,2.52,0.56,-0.010,1.001,-0.610,,172,,,,29.77,123.000,121.500,116.200,GPS1,LOI,,,,,,,,ENR,,,,,,,,,,,,,,,,,-10.8,41.0,3005,,,,040007FF N100 N100 *,480017FF N100 N100,0.4,0.3,2,2,,1200,ALT,29.8,0,2,113,14,0.0,0.2,5,124,124,13.1,-6,110,110,OIL PRESS / TRAFFIC FAIL,
2026-07-11,15:06:18,23:06:18,-08:00,+33.6362402,-116.1610489,44,3D,601596.1,0.0,,0,0,-0.00,187.4,23,27,10,66,-74,2,10.2,11,2.54,0.56,-0.010,1.001,-0.604,,172,,,,29.77,123.000,121.500,116.200,GPS1,LOI,,,,,,,,ENR,,,,,,,,,,,,,,,,,-10.8,41.0,3005,,,,040007FF N100 N100 *,480017FF N100 N100,0.4,0.3,2,2,,1200,ALT,29.8,0,2,115,14,0.0,0.2,5,124,124,13.1,-6,110,110,OIL PRESS / TRAFFIC FAIL,
2026-07-11,15:06:19,23:06:19,-08:00,+33.6362401,-116.1610465,44,3D,601597.1,0.0,,0,0,0.00,187.4,23,27,10,67,-74,11,10.5,11,2.55,0.57,-0.010,1.002,-0.590,,172,,,,29.77,123.000,121.500,116.200,GPS1,LOI,,,,,,,,ENR,,,,,,,,,,,,,,,,,-10.8,41.0,3005,,,,040007FF N100 N100 *,480017FF N100 N100,0.4,0.3,3,2,,1200,ALT,29.8,0,2,116,14,0.0,0.2,5,124,124,13.1,-6,110,110,OIL PRESS / TRAFFIC FAIL,
2026-07-11,15:06:20,23:06:20,-08:00,+33.6362397,-116.1610442,43,3D,601598.1,0.0,,0,0,-0.00,187.4,23,27,10,67,-73,17,10.6,11,2.50,0.57,-0.010,1.001,-0.589,,172,,,,29.77,123.000,121.500,116.200,GPS1,LOI,,,,,,,,ENR,,,,,,,,,,,,,,,,,-10.8,41.0,3006,,,,040007FF N100 N100 *,480017FF N100 N100,0.4,0.3,2,2,,1200,ALT,29.8,0,2,117,14,0.0,0.2,5,124,124,13.1,-6,110,110,OIL PRESS / TRAFFIC FAIL,
2026-07-11,15:06:21,23:06:21,-08:00,+33.6362396,-116.1610426,43,3D,601599.1,0.0,,0,0,0.00,187.4,23,27,10,67,-73,21,10.4,11,2.51,0.58,-0.010,1.002,-0.589,,172,,,,29.77,123.000,121.500,116.200,GPS1,LOI,,,,,,,,ENR,,,,,,,,,,,,,,,,,-10.8,41.0,3006,,,,040007FF N100 N100 *,480017FF N100 N100,0.4,0.3,3,2,,1200,ALT,29.8,0,2,118,14,0.0,0.2,5,124,124,13.1,-6,110,110,OIL PRESS / TRAFFIC FAIL,
2026-07-11,15:06:22,23:06:22,-08:00,+33.6362392,-116.1610416,43,3D,601600.1,0.0,,0,0,0.00,187.3,23,27,10,68,-73,23,10.4,11,2.51,0.57,-0.010,1.002,-0.580,,172,,,,29.77,123.000,121.500,116.200,GPS1,LOI,,,,,,,,ENR,,,,,,,,,,,,,,,,,-10.8,41.0,3007,,,,040007FF N100 N100 *,480017FF N100 N100,0.4,0.3,2,2,,1200,ALT,29.8,0,2,118,14,0.0,0.2,5,124,124,13.1,-6,110,110,OIL PRESS / TRAFFIC FAIL,
2026-07-11,15:06:23,23:06:23,-08:00,+33.6362385,-116.1610409,43,3D,601601.1,0.0,,0,0,0.00,187.3,22,27,10,68,-72,20,10.5,11,2.56,0.59,-0.010,1.002,-0.568,,172,,,,29.77,123.000,121.500,116.200,GPS1,LOI,,,,,,,,ENR,,,,,,,,,,,,,,,,,-10.8,41.0,3007,,,,040007FF N100 N100 *,480017FF N100 N100,0.4,0.3,3,3,,1200,ALT,29.8,0,2,119,14,0.0,0.2,5,124,124,13.1,-6,110,110,OIL PRESS / TRAFFIC FAIL,
2026-07-11,15:06:24,23:06:24,-08:00,+33.6362376,-116.1610410,42,3D,601602.1,0.0,,0,0,0.00,187.4,22,27,10,68,-72,14,10.4,11,2.56,0.59,-0.010,1.001,-0.561,,172,,,,29.77,123.000,121.500,116.200,GPS1,LOI,,,,,,,,ENR,,,,,,,,,,,,,,,,,-10.8,41.0,3007,,,,040007FF N100 N100 *,480017FF N100 N100,0.3,0.3,4,3,,1200,ALT,29.8,0,2,119,14,0.0,0.2,5,124,124,13.1,-6,110,110,OIL PRESS / TRAFFIC FAIL,
2026-07-11,15:06:25,23:06:25,-08:00,+33.6362369,-116.1610414,42,3D,601603.1,0.0,,0,0,-0.00,187.4,22,27,10,68,-72,7,10.4,11,2.54,0.58,-0.010,1.001,-0.555,,172,,,,29.77,123.000,121.500,116.200,GPS1,LOI,,,,,,,,ENR,,,,,,,,,,,,,,,,,-10.8,41.0,3007,,,,040007FF N100 N100 *,480017FF N100 N100,0.3,0.3,2,2,,1200,ALT,29.8,0,2,119,14,0.0,0.2,5,124,124,13.1,-6,110,110,OIL PRESS / TRAFFIC FAIL,
2026-07-11,15:06:26,23:06:26,-08:00,+33.6362359,-116.1610421,41,3D,601604.1,0.0,,0,0,-0.00,187.4,22,27,10,68,-72,6,10.3,11,2.52,0.58,-0.010,1.001,-0.551,,172,,,,29.77,123.000,121.500,116.200,GPS1,LOI,,,,,,,,ENR,,,,,,,,,,,,,,,,,-10.8,41.0,3007,,,,040007FF N100 N100 *,480017FF N100 N100,0.4,0.3,3,2,,1200,ALT,29.8,0,2,119,14,0.0,0.2,5,124,124,13.1,-6,110,110,OIL PRESS / TRAFFIC FAIL,
2026-07-11,15:06:27,23:06:27,-08:00,+33.6362353,-116.1610436,40,3D-,601605.1,0.0,,0,0,-0.00,187.4,22,27,10,68,-72,5,10.2,11,2.51,0.57,-0.010,1.001,-0.555,,172,,,,29.77,123.000,121.500,116.200,GPS1,LOI,,,,,,,,ENR,,,,,,,,,,,,,,,,,-10.8,41.0,3007,,,,040007FF N100 N100 *,480017FF N100 N100,0.4,0.3,3,2,,1200,ALT,29.8,0,2,119,14,0.0,0.2,5,124,124,13.1,-6,110,110,OIL PRESS / TRAFFIC FAIL,
2026-07-11,15:06:28,23:06:28,-08:00,+33.6362344,-116.1610459,39,3D-,601606.1,0.0,,0,0,-0.00,187.4,22,27,10,68,-72,2,10.1,11,2.51,0.57,-0.011,1.001,-0.562,,172,,,,29.77,123.000,121.500,116.200,GPS1,LOI,,,,,,,,ENR,,,,,,,,,,,,,,,,,-10.8,41.0,3007,,,,020007FF N100 N100 *,480017FF N100 N100,0.4,0.3,3,2,,1200,ALT,29.8,0,2,119,14,0.0,0.2,5,124,124,13.1,-6,110,110,OIL PRESS / TRAFFIC FAIL,
2026-07-11,15:06:29,23:06:29,-08:00,+33.6362346,-116.1610482,38,3D-,601607.1,0.0,,0,0,-0.00,187.4,22,27,10,67,-72,-2,10.1,10,2.51,0.57,-0.009,1.001,-0.568,,172,,,,29.77,123.000,121.500,116.200,GPS1,LOI,,,,,,,,ENR,,,,,,,,,,,,,,,,,-10.8,41.0,3007,,,,020007FF N100 N100 *,480017FF N100 N100,0.4,0.3,3,2,,1200,ALT,29.8,0,2,119,14,0.0,0.2,5,124,124,13.1,-6,110,110,OIL PRESS / TRAFFIC FAIL,
2026-07-11,15:06:30,23:06:30,-08:00,+33.6362344,-116.1610503,37,3D,601608.1,0.0,,0,0,-0.00,187.4,22,27,10,67,-73,-11,10.0,10,2.50,0.58,-0.010,1.002,-0.574,,172,,,,29.77,123.000,121.500,116.200,GPS1,LOI,,,,,,,,ENR,,,,,,,,,,,,,,,,,-10.8,41.0,3007,,,,040007FF N100 N100 *,480017FF N100 N100,0.4,0.3,3,2,,1200,ALT,29.8,0,2,119,14,0.0,0.2,5,124,124,13.1,-6,110,110,OIL PRESS / TRAFFIC FAIL,
2026-07-11,15:06:31,23:06:31,-08:00,+33.6362349,-116.1610529,36,3D-,601609.1,0.0,,0,0,-0.00,187.4,22,27,10,66,-73,-19,10.1,11,2.50,0.58,-0.011,1.002,-0.577,,172,,,,29.77,123.000,121.500,116.200,GPS1,LOI,,,,,,,,ENR,,,,,,,,,,,,,,,,,-10.8,41.0,3006,,,,040007FF N100 N100 *,480017FF N100 N100,0.4,0.3,2,2,,1200,ALT,29.8,0,2,119,14,0.0,0.2,5,124,124,13.1,-6,110,110,OIL PRESS / TRAFFIC FAIL,
2026-07-11,15:06:32,23:06:32,-08:00,+33.6362353,-116.1610565,34,3D-,601610.1,0.0,,0,0,-0.00,187.4,22,27,10,66,-74,-24,10.2,11,2.50,0.58,-0.010,1.001,-0.573,,172,,,,29.77,123.000,121.500,116.200,GPS1,LOI,,,,,,,,ENR,,,,,,,,,,,,,,,,,-10.8,41.0,3006,,,,020007FF N100 N100 *,480017FF N100 N100,0.4,0.3,3,2,,1200,ALT,29.8,0,2,119,14,0.0,0.2,5,124,124,13.1,-6,110,110,OIL PRESS / TRAFFIC FAIL,
2026-07-11,15:06:33,23:06:33,-08:00,+33.6362364,-116.1610603,33,3D,601611.1,0.0,,0,0,-0.00,187.4,22,27,10,66,-74,-21,10.3,11,2.49,0.58,-0.011,1.001,-0.564,,172,,,,29.77,123.000,121.500,116.200,GPS1,LOI,,,,,,,,ENR,,,,,,,,,,,,,,,,,-10.8,41.0,3005,,,,020007FF N100 N100 *,480017FF N100 N100,0.4,0.3,3,2,,1200,ALT,29.8,0,2,119,14,0.0,0.2,5,124,124,13.1,-6,110,110,OIL PRESS / TRAFFIC FAIL,
2026-07-11,15:06:34,23:06:34,-08:00,+33.6362379,-116.1610643,31,3D,601612.1,0.0,,0,0,0.00,187.4,22,27,10,67,-74,-11,10.4,11,2.51,0.57,-0.010,1.001,-0.561,,172,,,,29.77,123.000,121.500,116.200,GPS1,LOI,,,,,,,,ENR,,,,,,,,,,,,,,,,,-10.8,41.0,3006,,,,040007FF N100 N100 *,480017FF N100 N100,0.4,0.3,2,2,,1200,ALT,29.8,0,2,118,14,0.0,0.2,5,124,124,13.1,-6,110,110,OIL PRESS / TRAFFIC FAIL,
2026-07-11,15:06:35,23:06:35,-08:00,+33.6362403,-116.1610680,30,3D,601613.1,0.0,,0,0,-0.00,187.4,22,27,10,66,-74,-3,10.4,11,2.53,0.57,-0.010,1.002,-0.559,,172,,,,29.77,123.000,121.500,116.200,GPS1,LOI,,,,,,,,ENR,,,,,,,,,,,,,,,,,-10.8,41.0,3006,,,,040007FF N100 N100 *,480017FF N100 N100,0.4,0.3,3,3,,1200,ALT,29.8,0,2,118,14,0.0,0.2,5,124,124,13.1,-6,110,110,OIL PRESS / TRAFFIC FAIL,
2026-07-11,15:06:36,23:06:36,-08:00,+33.6362425,-116.1610711,28,3D,601614.1,0.0,,0,0,-0.00,187.4,22,27,10,66,-74,-0,10.5,11,2.53,0.58,-0.010,1.001,-0.553,,172,,,,29.77,123.000,121.500,116.200,GPS1,LOI,,,,,,,,ENR,,,,,,,,,,,,,,,,,-10.8,41.0,3005,,,,040007FF N100 N100 *,480017FF N100 N100,0.4,0.3,2,2,,1200,ALT,29.8,0,2,117,14,0.0,0.2,5,124,124,13.1,-6,110,110,OIL PRESS / TRAFFIC FAIL,
2026-07-11,15:06:37,23:06:37,-08:00,+33.6362452,-116.1610743,27,3D,601615.1,0.0,,0,0,-0.00,187.4,22,27,10,66,-74,0,10.4,11,2.52,0.58,-0.010,1.002,-0.548,,172,,,,29.77,123.000,121.500,116.200,GPS1,LOI,,,,,,,,ENR,,,,,,,,,,,,,,,,,-10.8,41.0,3006,,,,040007FF N100 N100 *,480017FF N100 N100,0.4,0.3,2,2,,1200,ALT,29.8,0,2,117,14,0.0,0.2,5,124,124,13.1,-6,110,110,OIL PRESS / TRAFFIC FAIL,
2026-07-11,15:06:38,23:06:38,-08:00,+33.6362487,-116.1610778,25,3D,601616.1,0.0,,0,0,-0.00,187.4,22,26,10,67,-74,4,10.5,11,2.53,0.57,-0.010,1.001,-0.545,,172,,,,29.77,123.000,121.500,116.200,GPS1,LOI,,,,,,,,ENR,,,,,,,,,,,,,,,,,-10.8,41.0,3006,,,,040007FF N100 N100 *,480017FF N100 N100,0.4,0.3,2,2,,1200,ALT,29.8,0,2,116,14,0.0,0.2,5,124,124,13.1,-6,110,110,OIL PRESS / TRAFFIC FAIL,
2026-07-11,15:06:39,23:06:39,-08:00,+33.6362520,-116.1610813,24,3D,601617.1,0.0,,0,0,-0.00,187.4,22,26,10,67,-73,10,10.5,11,2.55,0.58,-0.010,1.001,-0.538,,172,,,,29.77,123.000,121.500,116.200,GPS1,LOI,,,,,,,,ENR,,,,,,,,,,,,,,,,,-10.8,41.0,3007,,,,040007FF N100 N100 *,480017FF N100 N100,0.4,0.3,2,2,,1200,ALT,29.8,0,2,115,14,0.0,0.2,5,124,124,13.1,-6,110,110,OIL PRESS / TRAFFIC FAIL,
2026-07-11,15:06:40,23:06:40,-08:00,+33.6362561,-116.1610844,23,3D,601618.1,0.0,,0,0,-0.00,187.4,22,26,10,68,-73,14,10.4,11,2.55,0.58,-0.010,1.001,-0.537,,172,,,,29.77,123.000,121.500,116.200,GPS1,LOI,,,,,,,,ENR,,,,,,,,,,,,,,,,,-10.8,41.0,3007,,,,040007FF N100 N100 *,480017FF N100 N100,0.4,0.3,3,2,,1200,ALT,29.8,0,2,114,14,0.0,0.2,5,124,124,13.1,-6,110,110,OIL PRESS / TRAFFIC FAIL,
2026-07-11,15:06:41,23:06:41,-08:00,+33.6362606,-116.1610869,21,3D,601619.1,0.0,,0,0,0.00,187.4,22,26,10,68,-73,16,10.3,11,2.55,0.60,-0.010,1.001,-0.539,,172,,,,29.77,123.000,121.500,116.200,GPS1,LOI,,,,,,,,ENR,,,,,,,,,,,,,,,,,-10.8,41.0,3007,,,,040007FF N100 N100 *,480017FF N100 N100,0.4,0.3,3,2,,1200,ALT,29.8,0,2,112,14,0.0,0.2,5,124,124,13.1,-6,110,110,OIL PRESS / TRAFFIC FAIL,
2026-07-11,15:06:42,23:06:42,-08:00,+33.6362652,-116.1610900,20,3D,601620.1,0.0,,0,0,0.00,187.4,22,26,10,68,-73,13,10.2,11,2.54,0.59,-0.011,1.001,-0.546,,172,,,,29.77,123.000,121.500,116.200,GPS1,LOI,,,,,,,,ENR,,,,,,,,,,,,,,,,,-10.8,41.0,3007,,,,040007FF N100 N100 *,480017FF N100 N100,0.4,0.3,4,2,,1200,ALT,29.8,0,2,112,14,0.0,0.2,5,124,124,13.1,-6,110,110,OIL PRESS / TRAFFIC FAIL,
2026-07-11,15:06:43,23:06:43,-08:00,+33.6362703,-116.1610932,19,3D,601621.1,0.0,,0,0,-0.00,187.4,22,26,10,67,-73,6,10.1,11,2.51,0.58,-0.012,1.002,-0.549,,172,,,,29.77,123.000,121.500,116.200,GPS1,LOI,,,,,,,,ENR,,,,,,,,,,,,,,,,,-10.8,41.0,3007,,,,040007FF N100 N100 *,480017FF N100 N100,0.4,0.3,3,3,,1200,ALT,29.8,0,2,112,14,0.0,0.2,5,124,124,13.1,-6,110,110,OIL PRESS / TRAFFIC FAIL,
2026-07-11,15:06:44,23:06:44,-08:00,+33.6362752,-116.1610956,18,3D,601622.1,0.0,,0,0,0.00,187.4,22,26,10,67,-73,-5,10.1,11,2.53,0.59,-0.010,1.002,-0.547,,172,,,,29.77,123.000,121.500,116.200,GPS1,LOI,,,,,,,,ENR,,,,,,,,,,,,,,,,,-10.8,41.0,3007,,,,040007FF N100 N100 *,480017FF N100 N100,0.4,0.3,2,2,,1200,ALT,29.8,0,2,112,14,0.0,0.2,5,124,124,13.1,-6,110,110,OIL PRESS / TRAFFIC FAIL,
2026-07-11,15:06:45,23:06:45,-08:00,+33.6362802,-116.1610975,17,3D,601623.1,0.0,,0,0,0.00,187.4,22,26,10,67,-73,-13,10.2,11,2.55,0.59,-0.009,1.002,-0.539,,172,,,,29.77,123.000,121.500,116.200,GPS1,LOI,,,,,,,,ENR,,,,,,,,,,,,,,,,,-10.8,41.0,3006,,,,040007FF N100 N100 *,480017FF N100 N100,0.4,0.3,3,2,,1200,ALT,29.8,0,2,114,14,0.0,0.2,5,124,124,13.1,-6,110,110,OIL PRESS / TRAFFIC FAIL,
2026-07-11,15:06:46,23:06:46,-08:00,+33.6362857,-116.1610997,16,3D,601624.1,0.0,,0,0,0.00,187.4,22,25,10,67,-73,-10,10.4,11,2.55,0.59,-0.012,1.000,-0.532,,172,,,,29.77,123.000,121.500,116.200,GPS1,LOI,,,,,,,,ENR,,,,,,,,,,,,,,,,,-10.8,41.0,3006,,,,040007FF N100 N100 *,480017FF N100 N100,0.3,0.3,3,2,,1200,ALT,29.8,0,2,115,14,0.0,0.2,5,124,124,13.1,-6,110,110,OIL PRESS / TRAFFIC FAIL,
2026-07-11,15:06:47,23:06:47,-08:00,+33.6362910,-116.1611021,14,3D,601625.1,0.0,,0,0,-0.00,187.4,22,25,10,67,-73,-5,10.6,11,2.53,0.59,-0.011,1.001,-0.528,,172,,,,29.77,123.000,121.500,116.200,GPS1,LOI,,,,,,,,ENR,,,,,,,,,,,,,,,,,-10.8,41.0,3006,,,,040007FF N100 N100 *,480017FF N100 N100,0.4,0.3,3,3,,1200,ALT,29.8,0,2,116,14,0.0,0.2,5,124,124,13.1,-6,110,110,OIL PRESS / TRAFFIC FAIL,
2026-07-11,15:06:48,23:06:48,-08:00,+33.6362965,-116.1611045,13,3D,601626.1,0.0,,0,0,-0.00,187.4,22,25,10,67,-73,-0,10.6,11,2.51,0.59,-0.013,1.002,-0.520,,172,,,,29.77,123.000,121.500,116.200,GPS1,LOI,,,,,,,,ENR,,,,,,,,,,,,,,,,,-10.8,41.0,3007,,,,040007FF N100 N100 *,480017FF N100 N100,0.4,0.3,3,2,,1200,ALT,29.8,0,2,117,14,0.0,0.2,5,124,124,13.1,-6,110,110,OIL PRESS / TRAFFIC FAIL,
2026-07-11,15:06:49,23:06:49,-08:00,+33.6363012,-116.1611080,11,3D,601627.1,0.0,,0,0,-0.00,187.4,22,25,10,67,-73,5,10.4,11,2.54,0.58,-0.007,1.001,-0.518,,172,,,,29.77,123.000,121.500,116.200,GPS1,LOI,,,,,,,,ENR,,,,,,,,,,,,,,,,,-10.8,41.0,3007,,,,040007FF N100 N100 *,480017FF N100 N100,0.4,0.2,4,4,,1200,ALT,29.8,0,2,118,14,0.0,0.2,5,124,124,13.1,-6,110,110,OIL PRESS / TRAFFIC FAIL,
2026-07-11,15:06:50,23:06:50,-08:00,+33.6363065,-116.1611109,10,3D,601628.1,0.0,,0,0,-0.00,187.4,22,25,10,68,-73,11,10.3,11,2.55,0.57,-0.012,1.003,-0.527,,172,,,,29.77,123.000,121.500,116.200,GPS1,LOI,,,,,,,,ENR,,,,,,,,,,,,,,,,,-10.8,41.0,3008,,,,040007FF N100 N100 *,480017FF N100 N100,0.4,0.3,6,6,,1200,ALT,29.8,0,2,118,14,0.0,0.2,5,124,124,13.1,-6,110,110,OIL PRESS / TRAFFIC FAIL,
2026-07-11,15:06:51,23:06:51,-08:00,+33.6363111,-116.1611138,8,3D,601629.1,0.0,,0,0,0.00,187.4,22,25,10,68,-72,14,10.2,11,2.58,0.61,-0.007,1.000,-0.537,,172,,,,29.77,123.000,121.500,116.200,GPS1,LOI,,,,,,,,ENR,,,,,,,,,,,,,,,,,-10.8,41.0,3008,,,,040007FF N100 N100 *,480017FF N100 N100,0.4,0.3,6,6,,1200,ALT,29.8,0,2,118,14,0.0,0.2,5,124,124,13.1,-6,110,110,OIL PRESS / TRAFFIC FAIL,
2026-07-11,15:06:52,23:06:52,-08:00,+33.6363152,-116.1611165,7,3D,601630.1,0.0,,0,0,-0.00,187.4,22,25,10,68,-72,17,10.2,11,2.53,0.59,-0.010,1.004,-0.539,,172,,,,29.77,123.000,121.500,116.200,GPS1,LOI,,,,,,,,ENR,,,,,,,,,,,,,,,,,-10.8,41.0,3008,,,,040007FF N100 N100 *,480017FF N100 N100,0.4,0.3,5,4,,1200,ALT,29.8,0,2,119,14,0.0,0.2,5,124,124,13.1,-6,110,110,OIL PRESS / TRAFFIC FAIL,
2026-07-11,15:06:53,23:06:53,-08:00,+33.6363199,-116.1611195,5,3D,601631.1,0.0,,0,0,-0.00,187.4,22,25,10,68,-72,16,10.3,11,2.53,0.61,-0.009,1.001,-0.539,,172,,,,29.77,123.000,121.500,116.200,GPS1,LOI,,,,,,,,ENR,,,,,,,,,,,,,,,,,-10.8,41.0,3008,,,,040007FF N100 N100 *,480017FF N100 N100,0.4,0.3,3,5,,1200,ALT,29.8,0,2,119,14,0.0,0.2,5,124,124,13.1,-6,110,110,OIL PRESS / TRAFFIC FAIL,
2026-07-11,15:06:54,23:06:54,-08:00,+33.6363240,-116.1611223,4,3D,601632.1,0.0,,0,0,0.00,187.4,22,24,10,68,-72,10,10.4,11,2.54,0.61,-0.011,1.000,-0.534,,172,,,,29.77,123.000,121.500,116.200,GPS1,LOI,,,,,,,,ENR,,,,,,,,,,,,,,,,,-10.8,41.0,3008,,,,040007FF N100 N100 *,480017FF N100 N100,0.4,0.3,2,2,,1200,ALT,29.8,0,2,119,14,0.0,0.2,5,124,124,13.1,-6,110,110,OIL PRESS / TRAFFIC FAIL,
2026-07-11,15:06:55,23:06:55,-08:00,+33.6363278,-116.1611249,2,3D,601633.1,0.0,,0,0,-0.00,187.4,22,24,10,68,-72,4,10.4,11,2.56,0.60,-0.009,1.002,-0.531,,172,,,,29.77,123.000,121.500,116.200,GPS1,LOI,,,,,,,,ENR,,,,,,,,,,,,,,,,,-10.8,41.0,3008,,,,040007FF N100 N100 *,480017FF N100 N100,0.4,0.3,3,2,,1200,ALT,29.8,0,2,119,14,0.0,0.2,5,124,124,13.1,-6,110,110,OIL PRESS / TRAFFIC FAIL,
2026-07-11,15:06:56,23:06:56,-08:00,+33.6363305,-116.1611274,1,3D,601634.1,0.0,,0,0,-0.00,187.4,22,24,10,68,-72,-1,10.5,11,2.54,0.60,-0.010,1.001,-0.534,,172,,,,29.77,123.000,121.500,116.200,GPS1,LOI,,,,,,,,ENR,,,,,,,,,,,,,,,,,-10.8,41.0,3008,,,,040007FF N100 N100 *,480017FF N100 N100,0.4,0.3,2,2,,1200,ALT,29.8,0,2,119,14,0.0,0.2,5,124,124,13.1,-6,110,110,OIL PRESS / TRAFFIC FAIL,
2026-07-11,15:06:57,23:06:57,-08:00,+33.6363331,-116.1611296,-1,3D,601635.1,0.0,,0,0,0.00,187.4,22,24,10,68,-72,-7,10.5,11,2.53,0.60,-0.011,1.002,-0.536,,172,,,,29.77,123.000,121.500,116.200,GPS1,LOI,,,,,,,,ENR,,,,,,,,,,,,,,,,,-10.8,41.0,3007,,,,040007FF N100 N100 *,480017FF N100 N100,0.4,0.3,3,2,,1200,ALT,29.8,0,2,119,14,0.0,0.2,5,124,124,13.1,-6,110,110,OIL PRESS / TRAFFIC FAIL,
2026-07-11,15:06:58,23:06:58,-08:00,+33.6363353,-116.1611320,-3,3D,601636.1,0.0,,0,0,-0.00,187.4,22,24,10,67,-73,-15,10.5,11,2.52,0.60,-0.010,1.002,-0.536,,172,,,,29.77,123.000,121.500,116.200,GPS1,LOI,,,,,,,,ENR,,,,,,,,,,,,,,,,,-10.8,41.0,3007,,,,040007FF N100 N100 *,480017FF N100 N100,0.4,0.3,2,2,,1200,ALT,29.8,0,2,118,14,0.0,0.2,5,124,124,13.1,-6,110,110,OIL PRESS / TRAFFIC FAIL,
2026-07-11,15:06:59,23:06:59,-08:00,+33.6363368,-116.1611343,-5,3D,601637.1,0.0,,0,0,-0.00,187.4,22,24,9,67,-73,-21,10.6,11,2.52,0.59,-0.012,1.002,-0.537,,172,,,,29.77,123.000,121.500,116.200,GPS1,LOI,,,,,,,,ENR,,,,,,,,,,,,,,,,,-10.8,41.0,3006,,,,040007FF N100 N100 *,480017FF N100 N100,0.4,0.3,3,2,,1200,ALT,29.8,0,2,117,14,0.0,0.2,5,124,124,13.1,-6,110,110,OIL PRESS / TRAFFIC FAIL,
2026-07-11,15:07:00,23:07:00,-08:00,+33.6363381,-116.1611369,-7,3D,601638.1,0.0,,0,0,-0.01,187.4,22,24,9,66,-74,-22,10.6,11,2.53,0.59,-0.011,1.001,-0.528,,172,,,,29.77,123.000,121.500,116.200,GPS1,LOI,,,,,,,,ENR,,,,,,,,,,,,,,,,,-10.8,41.0,3006,,,,040007FF N100 N100 *,480017FF N100 N100,0.4,0.3,3,2,,1200,ALT,29.8,0,2,116,14,0.0,0.2,5,124,124,13.1,-6,110,110,OIL PRESS / TRAFFIC FAIL,
2026-07-11,15:07:01,23:07:01,-08:00,+33.6363384,-116.1611392,-9,3D,601639.1,0.0,,0,0,-0.01,187.4,22,23,9,66,-74,-18,10.6,11,2.53,0.60,-0.010,1.002,-0.513,,172,,,,29.77,123.000,121.500,116.200,GPS1,LOI,,,,,,,,ENR,,,,,,,,,,,,,,,,,-10.8,41.0,3006,,,,040007FF N100 N100 *,480017FF N100 N100,0.4,0.3,2,2,,1200,ALT,29.8,0,2,116,14,0.0,0.2,5,124,124,13.1,-6,110,110,OIL PRESS / TRAFFIC FAIL,
2026-07-11,15:07:02,23:07:02,-08:00,+33.6363395,-116.1611415,-11,3D,601640.1,0.0,,0,0,-0.01,187.4,22,23,9,66,-74,-16,10.5,11,2.53,0.61,-0.010,1.002,-0.511,,172,,,,29.77,123.000,121.500,116.200,GPS1,LOI,,,,,,,,ENR,,,,,,,,,,,,,,,,,-10.8,41.0,3005,,,,040007FF N100 N100 *,480017FF N100 N100,0.4,0.3,2,2,,1200,ALT,29.8,0,2,116,14,0.0,0.2,5,124,124,13.1,-6,110,110,OIL PRESS / TRAFFIC FAIL,
2026-07-11,15:07:03,23:07:03,-08:00,+33.6363405,-116.1611434,-13,3D,601641.1,0.0,,0,0,-0.01,187.4,22,23,9,66,-74,-14,10.4,11,2.52,0.60,-0.010,1.002,-0.501,,172,,,,29.77,123.000,121.500,116.200,GPS1,LOI,,,,,,,,ENR,,,,,,,,,,,,,,,,,-10.8,41.0,3005,,,,040007FF N100 N100 *,480017FF N100 N100,0.4,0.3,2,2,,1200,ALT,29.8,0,2,117,14,0.0,0.2,5,124,124,13.1,-6,110,110,OIL PRESS / TRAFFIC FAIL,
2026-07-11,15:07:04,23:07:04,-08:00,+33.6363419,-116.1611456,-15,3D,601642.1,0.0,,0,0,-0.01,187.4,22,23,9,66,-74,-9,10.4,11,2.51,0.59,-0.011,1.001,-0.488,,172,,,,29.77,123.000,121.500,116.200,GPS1,LOI,,,,,,,,ENR,,,,,,,,,,,,,,,,,-10.8,41.0,3006,,,,040007FF N100 N100 *,480017FF N100 N100,0.4,0.3,4,2,,1200,ALT,29.8,0,2,118,14,0.0,0.2,5,124,124,13.1,-6,110,110,OIL PRESS / TRAFFIC FAIL,
2026-07-11,15:07:05,23:07:05,-08:00,+33.6363429,-116.1611473,-16,3D,601643.1,0.0,,0,0,-0.01,187.4,22,23,10,67,-74,1,10.4,11,2.53,0.59,-0.010,1.002,-0.477,,172,,,,29.77,123.000,121.500,116.200,GPS1,LOI,,,,,,,,ENR,,,,,,,,,,,,,,,,,-10.8,41.0,3006,,,,040007FF N100 N100 *,480017FF N100 N100,0.4,0.3,3,2,,1200,ALT,29.8,0,2,118,14,0.0,0.2,5,124,124,13.1,-6,110,110,OIL PRESS / TRAFFIC FAIL,
2026-07-11,15:07:06,23:07:06,-08:00,+33.6363438,-116.1611488,-18,3D-,601644.1,0.0,,0,0,-0.01,187.4,22,23,9,67,-74,9,10.3,11,2.55,0.60,-0.010,1.002,-0.489,,172,,,,29.77,123.000,121.500,116.200,GPS1,LOI,,,,,,,,ENR,,,,,,,,,,,,,,,,,-10.8,41.0,3006,,,,040007FF N100 N100 *,480017FF N100 N100,0.4,0.3,3,2,,1200,ALT,29.8,0,2,119,14,0.0,0.2,5,124,124,13.1,-6,110,110,OIL PRESS / TRAFFIC FAIL,
2026-07-11,15:07:07,23:07:07,-08:00,+33.6363451,-116.1611503,-19,3D-,601645.1,0.0,,0,0,-0.01,187.4,22,23,10,67,-73,13,10.2,11,2.55,0.60,-0.010,1.001,-0.500,,172,,,,29.77,123.000,121.500,116.200,GPS1,LOI,,,,,,,,ENR,,,,,,,,,,,,,,,,,-10.8,41.0,3006,,,,020007FF N100 N100 *,480017FF N100 N100,0.4,0.3,2,3,,1200,ALT,29.8,0,2,119,14,0.0,0.2,5,124,124,13.1,-6,110,110,OIL PRESS / TRAFFIC FAIL,
2026-07-11,15:07:08,23:07:08,-08:00,+33.6363457,-116.1611514,-20,3D,601646.1,0.0,,0,0,-0.01,187.4,22,23,10,67,-73,10,10.1,11,2.54,0.61,-0.012,1.001,-0.509,,172,,,,29.77,123.000,121.500,116.200,GPS1,LOI,,,,,,,,ENR,,,,,,,,,,,,,,,,,-10.8,41.0,3006,,,,020007FF N100 N100 *,480017FF N100 N100,0.4,0.3,3,2,,1200,ALT,29.8,0,2,119,14,0.0,0.2,5,124,124,13.1,-6,110,110,OIL PRESS / TRAFFIC FAIL,
2026-07-11,15:07:09,23:07:09,-08:00,+33.6363467,-116.1611525,-22,3D,601647.1,0.0,,0,0,-0.01,187.4,22,23,10,67,-73,5,10.1,11,2.53,0.62,-0.011,1.001,-0.511,,172,,,,29.77,123.000,121.500,116.200,GPS1,LOI,,,,,,,,ENR,,,,,,,,,,,,,,,,,-10.8,41.0,3006,,,,040007FF N100 N100 *,480017FF N100 N100,0.4,0.3,2,2,,1200,ALT,29.8,0,2,118,14,0.0,0.2,5,124,124,13.1,-6,110,110,OIL PRESS / TRAFFIC FAIL,
2026-07-11,15:07:10,23:07:10,-08:00,+33.6363478,-116.1611537,-23,3D,601648.1,0.0,,0,0,-0.01,187.4,22,23,10,67,-73,7,10.1,11,2.53,0.61,-0.011,1.001,-0.519,,172,,,,29.77,123.000,121.500,116.200,GPS1,LOI,,,,,,,,ENR,,,,,,,,,,,,,,,,,-10.8,41.0,3006,,,,040007FF N100 N100 *,480017FF N100 N100,0.4,0.3,2,2,,1200,ALT,29.8,0,2,117,14,0.0,0.2,5,124,124,13.1,-6,110,110,OIL PRESS / TRAFFIC FAIL,
2026-07-11,15:07:11,23:07:11,-08:00,+33.6363489,-116.1611552,-24,3D,601649.1,0.0,,0,0,-0.01,187.4,22,23,10,67,-73,7,10.2,11,2.52,0.60,-0.011,1.002,-0.523,,172,,,,29.77,123.000,121.500,116.200,GPS1,LOI,,,,,,,,ENR,,,,,,,,,,,,,,,,,-10.8,41.0,3007,,,,040007FF N100 N100 *,480017FF N100 N100,0.4,0.3,2,2,,1200,ALT,29.8,0,2,116,14,0.0,0.2,5,124,124,13.1,-6,110,110,OIL PRESS / TRAFFIC FAIL,
2026-07-11,15:07:12,23:07:12,-08:00,+33.6363500,-116.1611567,-25,3D,601650.1,0.0,,0,0,-0.01,187.4,22,23,9,67,-73,1,10.1,11,2.54,0.60,-0.010,1.002,-0.517,,172,,,,29.77,123.000,121.500,116.200,GPS1,LOI,,,,,,,,ENR,,,,,,,,,,,,,,,,,-10.8,41.0,3006,,,,040007FF N100 N100 *,480017FF N100 N100,0.4,0.3,2,3,,1200,ALT,29.8,0,2,114,14,0.0,0.2,5,124,124,13.1,-6,110,110,OIL PRESS / TRAFFIC FAIL,
2026-07-11,15:07:13,23:07:13,-08:00,+33.6363516,-116.1611576,-26,3D,601651.1,0.0,,0,0,-0.01,187.4,22,23,10,67,-73,-3,10.1,11,2.54,0.60,-0.010,1.001,-0.496,,172,,,,29.77,123.000,121.500,116.200,GPS1,LOI,,,,,,,,ENR,,,,,,,,,,,,,,,,,-10.8,41.0,3006,,,,040007FF N100 N100 *,480017FF N100 N100,0.4,0.3,3,2,,1200,ALT,29.8,0,2,112,14,0.0,0.2,5,124,124,13.1,-6,110,110,OIL PRESS / TRAFFIC FAIL,
2026-07-11,15:07:14,23:07:14,-08:00,+33.6363530,-116.1611582,-27,3D-,601652.1,0.0,,0,0,-0.01,187.4,22,23,10,67,-73,2,10.3,11,2.51,0.58,-0.011,1.001,-0.475,,172,,,,29.77,123.000,121.500,116.200,GPS1,LOI,,,,,,,,ENR,,,,,,,,,,,,,,,,,-10.8,41.0,3007,,,,040007FF N100 N100 *,480017FF N100 N100,0.4,0.3,5,3,,1200,ALT,29.8,0,2,109,14,0.0,0.2,5,124,124,13.1,-6,110,110,OIL PRESS / TRAFFIC FAIL,
2026-07-11,15:07:15,23:07:15,-08:00,+33.6363541,-116.1611586,-27,3D-,601653.1,0.0,,0,0,-0.01,187.4,22,23,10,67,-73,6,10.5,11,2.50,0.58,-0.011,1.001,-0.450,,172,,,,29.77,123.000,121.500,116.200,GPS1,LOI,,,,,,,,ENR,,,,,,,,,,,,,,,,,-10.8,41.0,3007,,,,020007FF N100 N100 *,480017FF N100 N100,0.4,0.3,5,4,,1200,ALT,29.8,0,2,107,14,0.0,0.2,5,124,124,13.1,-6,110,110,OIL PRESS / TRAFFIC FAIL,
2026-07-11,15:07:16,23:07:16,-08:00,+33.6363548,-116.1611591,-28,3D-,601654.1,0.0,,0,0,-0.01,187.4,22,23,10,66,-73,-2,10.6,11,2.51,0.58,-0.010,1.002,-0.419,,172,,,,29.77,123.000,121.500,116.200,GPS1,LOI,,,,,,,,ENR,,,,,,,,,,,,,,,,,-10.8,41.0,3007,,,,020007FF N100 N100 *,480017FF N100 N100,0.4,0.3,4,3,,1200,ALT,29.8,0,2,106,14,0.0,0.2,5,124,124,13.1,-6,110,110,OIL PRESS / TRAFFIC FAIL,
2026-07-11,15:07:17,23:07:17,-08:00,+33.6363546,-116.1611600,-29,3D,601655.1,0.0,,0,0,-0.01,187.4,22,22,10,66,-74,-16,10.5,11,2.54,0.59,-0.010,1.002,-0.412,,172,,,,29.77,123.000,121.500,116.200,GPS1,LOI,,,,,,,,ENR,,,,,,,,,,,,,,,,,-10.8,41.0,3006,,,,040007FF N100 N100 *,480017FF N100 N100,0.4,0.3,3,2,,1200,ALT,29.8,0,2,106,14,0.0,0.2,5,124,124,13.1,-6,110,110,OIL PRESS / TRAFFIC FAIL,
2026-07-11,15:07:18,23:07:18,-08:00,+33.6363535,-116.1611608,-30,3D,601656.1,0.0,,0,0,-0.01,187.4,22,22,10,65,-74,-26,10.3,11,2.53,0.59,-0.010,1.001,-0.438,,172,,,,29.77,123.000,121.500,116.200,GPS1,LOI,,,,,,,,ENR,,,,,,,,,,,,,,,,,-10.8,41.0,3005,,,,020007FF N100 N100 *,480017FF N100 N100,0.4,0.3,2,2,,1200,ALT,29.8,0,2,105,14,0.0,0.2,5,124,124,13.1,-6,110,110,OIL PRESS / TRAFFIC FAIL,
2026-07-11,15:07:19,23:07:19,-08:00,+33.6363503,-116.1611626,-30,3D,601657.1,0.0,,0,0,-0.01,187.4,22,22,10,65,-75,-27,10.2,11,2.52,0.59,-0.010,1.002,-0.456,,172,,,,29.77,123.000,121.500,116.200,GPS1,LOI,,,,,,,,ENR,,,,,,,,,,,,,,,,,-10.8,41.0,3004,,,,040007FF N100 N100 *,480017FF N100 N100,0.4,0.3,3,2,,1200,ALT,29.8,0,2,105,14,0.0,0.2,5,124,124,13.1,-6,110,110,OIL PRESS / TRAFFIC FAIL,
2026-07-11,15:07:20,23:07:20,-08:00,+33.6363470,-116.1611644,-30,3D-,601658.1,0.0,,0,0,-0.01,187.4,22,22,10,65,-75,-27,10.2,11,2.51,0.58,-0.011,1.002,-0.471,,172,,,,29.77,123.000,121.500,116.200,GPS1,LOI,,,,,,,,ENR,,,,,,,,,,,,,,,,,-10.8,41.0,3004,,,,040007FF N100 N100 *,480017FF N100 N100,0.4,0.3,2,3,,1200,ALT,29.8,0,2,105,14,0.0,0.2,5,124,124,13.1,-6,110,110,OIL PRESS / TRAFFIC FAIL,
2026-07-11,15:07:21,23:07:21,-08:00,+33.6363434,-116.1611657,-31,3D-,601659.1,0.0,,0,0,-0.01,187.4,22,22,10,64,-76,-25,10.3,11,2.53,0.57,-0.011,1.002,-0.479,,172,,,,29.77,123.000,121.500,116.200,GPS1,LOI,,,,,,,,ENR,,,,,,,,,,,,,,,,,-10.8,41.0,3004,,,,020007FF N100 N100 *,480017FF N100 N100,0.4,0.3,3,3,,1200,ALT,29.8,0,2,105,14,0.0,0.2,5,124,124,13.1,-6,110,110,OIL PRESS / TRAFFIC FAIL,
2026-07-11,15:07:22,23:07:22,-08:00,+33.6363390,-116.1611675,-31,3D,601660.1,0.0,,0,0,-0.01,187.4,22,22,10,64,-76,-19,10.4,11,2.54,0.57,-0.010,1.001,-0.482,,172,,,,29.77,123.000,121.500,116.200,GPS1,LOI,,,,,,,,ENR,,,,,,,,,,,,,,,,,-10.8,41.0,3004,,,,040007FF N100 N100 *,480017FF N100 N100,0.4,0.3,2,2,,1200,ALT,29.8,0,2,105,14,0.0,0.2,5,124,124,13.1,-6,110,110,OIL PRESS / TRAFFIC FAIL,
2026-07-11,15:07:23,23:07:23,-08:00,+33.6363343,-116.1611695,-31,3D,601661.1,0.0,,0,0,-0.01,187.4,21,22,10,65,-76,-8,10.4,11,2.55,0.60,-0.010,1.001,-0.473,,172,,,,29.77,123.000,121.500,116.200,GPS1,LOI,,,,,,,,ENR,,,,,,,,,,,,,,,,,-10.8,41.0,3004,,,,040007FF N100 N100 *,480017FF N100 N100,0.4,0.3,3,2,,1200,ALT,29.8,0,2,105,14,0.0,0.2,5,124,124,13.1,-6,110,110,OIL PRESS / TRAFFIC FAIL,
2026-07-11,15:07:24,23:07:24,-08:00,+33.6363291,-116.1611713,-32,3D-,601662.1,0.0,,0,0,-0.01,187.4,21,22,10,65,-75,5,10.5,11,2.53,0.60,-0.010,1.001,-0.448,,172,,,,29.77,123.000,121.500,116.200,GPS1,LOI,,,,,,,,ENR,,,,,,,,,,,,,,,,,-10.8,41.0,3005,,,,040007FF N100 N100 *,480017FF N100 N100,0.4,0.3,2,2,,1200,ALT,29.8,0,2,105,14,0.0,0.2,5,124,124,13.1,-6,110,110,OIL PRESS / TRAFFIC FAIL,
2026-07-11,15:07:25,23:07:25,-08:00,+33.6363236,-116.1611731,-32,3D,601663.1,0.0,,0,0,-0.01,187.4,21,22,10,66,-75,15,10.6,11,2.53,0.60,-0.009,1.001,-0.413,,172,,,,29.77,123.000,121.500,116.200,GPS1,LOI,,,,,,,,ENR,,,,,,,,,,,,,,,,,-10.8,41.0,3005,,,,020007FF N100 N100 *,480017FF N100 N100,0.4,0.3,2,2,,1200,ALT,29.8,0,2,105,14,0.0,0.2,5,124,124,13.1,-6,110,110,OIL PRESS / TRAFFIC FAIL,
2026-07-11,15:07:26,23:07:26,-08:00,+33.6363182,-116.1611752,-32,3D-,601664.1,0.0,,0,0,0.00,187.4,21,22,10,66,-74,20,10.7,11,2.54,0.59,-0.010,1.002,-0.386,,172,,,,29.77,123.000,121.500,116.200,GPS1,LOI,,,,,,,,ENR,,,,,,,,,,,,,,,,,-10.8,41.0,3005,,,,040007FF N100 N100 *,480017FF N100 N100,0.4,0.3,2,2,,1200,ALT,29.8,0,2,105,14,0.0,0.2,5,124,124,13.1,-6,110,110,OIL PRESS / TRAFFIC FAIL,
2026-07-11,15:07:27,23:07:27,-08:00,+33.6363126,-116.1611772,-33,3D-,601665.1,0.0,,0,0,0.00,187.4,21,22,10,66,-74,20,10.7,11,2.55,0.58,-0.010,1.001,-0.371,,172,,,,29.77,123.000,121.500,116.200,GPS1,LOI,,,,,,,,ENR,,,,,,,,,,,,,,,,,-10.8,41.0,3006,,,,020007FF N100 N100 *,480017FF N100 N100,0.4,0.3,3,2,,1200,ALT,29.8,0,2,105,14,0.0,0.2,5,124,124,13.1,-6,110,110,OIL PRESS / TRAFFIC FAIL,
2026-07-11,15:07:28,23:07:28,-08:00,+33.6363081,-116.1611781,-33,3D-,601666.1,0.0,,0,0,0.00,187.4,21,21,10,66,-74,18,10.8,11,2.54,0.58,-0.010,1.002,-0.363,,172,,,,29.77,123.000,121.500,116.200,GPS1,LOI,,,,,,,,ENR,,,,,,,,,,,,,,,,,-10.8,41.0,3006,,,,040007FF N100 N100 *,480017FF N100 N100,0.4,0.3,3,2,,1200,ALT,29.8,0,2,105,14,0.0,0.2,5,124,124,13.1,-6,110,110,OIL PRESS / TRAFFIC FAIL,
2026-07-11,15:07:29,23:07:29,-08:00,+33.6363025,-116.1611796,-34,3D-,601667.1,0.0,,0,0,0.00,187.4,21,21,10,66,-74,13,10.7,11,2.54,0.58,-0.010,1.001,-0.352,,172,,,,29.77,123.000,121.500,116.200,GPS1,LOI,,,,,,,,ENR,,,,,,,,,,,,,,,,,-10.8,41.0,3006,,,,020007FF N100 N100 *,480017FF N100 N100,0.4,0.3,2,2,,1200,ALT,29.8,0,2,105,14,0.0,0.2,5,124,124,13.1,-6,110,110,OIL PRESS / TRAFFIC FAIL,
2026-07-11,15:07:30,23:07:30,-08:00,+33.6362992,-116.1611812,-34,3D,601668.1,0.0,,0,0,-0.00,187.5,20,21,10,67,-74,12,10.6,11,2.53,0.59,-0.010,1.001,-0.363,,172,,,,29.77,123.000,121.500,116.200,GPS1,LOI,,,,,,,,ENR,,,,,,,,,,,,,,,,,-10.8,41.0,3007,,,,020007FF N100 N100 *,480017FF N100 N100,0.4,0.3,3,2,,1200,ALT,29.8,0,2,105,14,0.0,0.2,5,124,124,13.1,-6,110,110,OIL PRESS / TRAFFIC FAIL,
2026-07-11,15:07:31,23:07:31,-08:00,+33.6362991,-116.1611812,-34,3D-,601669.1,0.0,,0,0,-0.00,187.4,20,21,10,68,-73,19,10.4,11,2.49,0.57,-0.010,1.001,-0.379,,172,,,,29.77,123.000,121.500,116.200,GPS1,LOI,,,,,,,,ENR,,,,,,,,,,,,,,,,,-10.8,41.0,3008,,,,040007FF N100 N100 *,480017FF N100 N100,0.5,0.3,2,2,,1200,ALT,29.8,0,2,105,14,0.0,0.2,5,124,124,13.1,-6,110,110,OIL PRESS / TRAFFIC FAIL,
2026-07-11,15:07:32,23:07:32,-08:00,+33.6362991,-116.1611812,-34,3D-,601670.1,0.0,,0,0,-0.00,187.4,20,21,10,68,-73,24,10.3,11,2.50,0.57,-0.008,1.001,-0.402,,172,,,,29.77,123.000,121.500,116.200,GPS1,LOI,,,,,,,,ENR,,,,,,,,,,,,,,,,,-10.8,41.0,3008,,,,020007FF N100 N100 *,480017FF N100 N100,0.5,0.3,3,2,,1200,ALT,29.8,0,2,105,14,0.0,0.2,5,124,124,13.1,-6,110,110,OIL PRESS / TRAFFIC FAIL,
2026-07-11,15:07:33,23:07:33,-08:00,+33.6362989,-116.1611812,-34,3D-,601671.1,0.0,,0,0,0.00,187.4,20,21,10,68,-72,20,10.3,11,2.49,0.57,-0.011,1.001,-0.414,,172,,,,29.77,123.000,121.500,116.200,GPS1,LOI,,,,,,,,ENR,,,,,,,,,,,,,,,,,-10.8,41.0,3008,,,,040007FF N100 N100 *,480017FF N100 N100,0.5,0.3,3,2,,1200,ALT,29.8,0,2,105,14,0.0,0.2,5,124,124,13.1,-6,110,110,OIL PRESS / TRAFFIC FAIL,
2026-07-11,15:07:34,23:07:34,-08:00,+33.6362989,-116.1611812,-34,3D-,601672.1,0.0,,0,0,-0.00,187.4,20,21,10,67,-73,9,10.3,11,2.49,0.57,-0.009,1.002,-0.417,,172,,,,29.77,123.000,121.500,116.200,GPS1,LOI,,,,,,,,ENR,,,,,,,,,,,,,,,,,-10.8,41.0,3008,,,,020007FF N100 N100 *,480017FF N100 N100,0.5,0.3,3,2,,1200,ALT,29.8,0,2,105,14,0.0,0.2,5,124,124,13.1,-6,110,110,OIL PRESS / TRAFFIC FAIL,
2026-07-11,15:07:35,23:07:35,-08:00,+33.6362976,-116.1611817,-34,3D-,601673.1,0.0,,0,0,0.00,187.5,20,21,10,67,-73,0,10.3,11,2.47,0.57,-0.010,1.001,-0.417,,172,,,,29.77,123.000,121.500,116.200,GPS1,LOI,,,,,,,,ENR,,,,,,,,,,,,,,,,,-10.8,41.0,3008,,,,020007FF N100 N100 *,480017FF N100 N100,0.5,0.3,2,3,,1200,ALT,29.8,0,2,105,14,0.0,0.2,5,124,124,13.1,-6,110,110,OIL PRESS / TRAFFIC FAIL,
2026-07-11,15:07:36,23:07:36,-08:00,+33.6362919,-116.1611826,-35,3D,601674.1,0.0,,0,0,-0.00,187.4,20,21,10,67,-73,-4,10.4,11,2.47,0.57,-0.010,1.001,-0.414,,172,,,,29.77,123.000,121.500,116.200,GPS1,LOI,,,,,,,,ENR,,,,,,,,,,,,,,,,,-10.8,41.0,3008,,,,040007FF N100 N100 *,480017FF N100 N100,0.5,0.3,2,2,,1200,ALT,29.8,0,2,105,14,0.0,0.2,5,124,124,13.1,-6,110,110,OIL PRESS / TRAFFIC FAIL,
2026-07-11,15:07:37,23:07:37,-08:00,+33.6362878,-116.1611832,-36,3D,601675.1,0.0,,0,0,-0.00,187.4,20,21,10,67,-73,-3,10.4,11,2.52,0.57,-0.010,1.001,-0.405,,172,,,,29.77,123.000,121.500,116.200,GPS1,LOI,,,,,,,,ENR,,,,,,,,,,,,,,,,,-10.8,41.0,3008,,,,040007FF N100 N100 *,480017FF N100 N100,0.4,0.3,3,2,,1200,ALT,29.8,0,2,105,14,0.0,0.2,5,124,124,13.1,-6,110,110,OIL PRESS / TRAFFIC FAIL,
2026-07-11,15:07:38,23:07:38,-08:00,+33.6362826,-116.1611840,-36,3D,601676.1,0.0,,0,0,0.00,187.4,20,21,10,67,-73,-2,10.4,11,2.53,0.58,-0.010,1.001,-0.398,,172,,,,29.77,123.000,121.500,116.200,GPS1,LOI,,,,,,,,ENR,,,,,,,,,,,,,,,,,-10.8,41.0,3008,,,,040007FF N100 N100 *,480017FF N100 N100,0.4,0.3,3,2,,1200,ALT,29.8,0,2,105,14,0.0,0.2,5,124,124,13.1,-6,110,110,OIL PRESS / TRAFFIC FAIL,
2026-07-11,15:07:39,23:07:39,-08:00,+33.6362773,-116.1611847,-37,3D,601677.1,0.0,,0,0,-0.00,187.4,20,21,10,67,-73,-0,10.4,11,2.54,0.59,-0.010,1.001,-0.402,,172,,,,29.77,123.000,121.500,116.200,GPS1,LOI,,,,,,,,ENR,,,,,,,,,,,,,,,,,-10.8,41.0,3008,,,,040007FF N100 N100 *,480017FF N100 N100,0.4,0.3,2,2,,1200,ALT,29.8,0,2,105,14,0.0,0.2,5,124,124,13.1,-6,110,110,OIL PRESS / TRAFFIC FAIL,
2026-07-11,15:07:40,23:07:40,-08:00,+33.6362727,-116.1611852,-38,3D,601678.1,0.0,,0,0,-0.00,187.4,20,21,10,68,-73,2,10.4,11,2.54,0.60,-0.010,1.001,-0.414,,172,,,,29.77,123.000,121.500,116.200,GPS1,LOI,,,,,,,,ENR,,,,,,,,,,,,,,,,,-10.8,41.0,3008,,,,040007FF N100 N100 *,480017FF N100 N100,0.4,0.3,2,2,,1200,ALT,29.8,0,2,105,14,0.0,0.2,5,124,124,13.1,-6,110,110,OIL PRESS / TRAFFIC FAIL,
2026-07-11,15:07:41,23:07:41,-08:00,+33.6362677,-116.1611860,-39,3D,601679.1,0.0,,0,0,0.00,187.4,20,21,10,68,-73,2,10.4,11,2.54,0.60,-0.011,1.001,-0.421,,172,,,,29.77,123.000,121.500,116.200,GPS1,LOI,,,,,,,,ENR,,,,,,,,,,,,,,,,,-10.8,41.0,3008,,,,040007FF N100 N100 *,480017FF N100 N100,0.4,0.3,3,2,,1200,ALT,29.8,0,2,105,14,0.0,0.2,5,124,124,13.1,-6,110,110,OIL PRESS / TRAFFIC FAIL,
2026-07-11,15:07:42,23:07:42,-08:00,+33.6362637,-116.1611867,-40,3D-,601680.1,0.0,,0,0,-0.00,187.4,20,21,10,68,-72,6,10.4,11,2.53,0.60,-0.012,1.001,-0.409,,172,,,,29.77,123.000,121.500,116.200,GPS1,LOI,,,,,,,,ENR,,,,,,,,,,,,,,,,,-10.8,41.0,3008,,,,020007FF N100 N100 *,480017FF N100 N100,0.4,0.3,5,4,,1200,ALT,29.8,0,2,105,14,0.0,0.2,5,124,124,13.1,-6,110,110,OIL PRESS / TRAFFIC FAIL,
2026-07-11,15:07:43,23:07:43,-08:00,+33.6362589,-116.1611876,-41,3D-,601681.1,0.0,,0,0,-0.00,187.4,20,21,10,68,-72,11,10.4,11,2.55,0.59,-0.011,1.002,-0.392,,172,,,,29.77,123.000,121.500,116.200,GPS1,LOI,,,,,,,,ENR,,,,,,,,,,,,,,,,,-10.8,41.0,3009,,,,020007FF N100 N100 *,480017FF N100 N100,0.4,0.3,3,3,,1200,ALT,29.8,0,2,105,14,0.0,0.2,5,124,124,13.1,-6,110,110,OIL PRESS / TRAFFIC FAIL,
2026-07-11,15:07:44,23:07:44,-08:00,+33.6362553,-116.1611871,-42,3D,601682.1,0.0,,0,0,0.00,187.4,20,21,10,68,-72,8,10.4,11,2.57,0.59,-0.010,1.001,-0.376,,172,,,,29.77,123.000,121.500,116.200,GPS1,LOI,,,,,,,,ENR,,,,,,,,,,,,,,,,,-10.8,41.0,3008,,,,040007FF N100 N100 *,480017FF N100 N100,0.4,0.3,3,3,,1200,ALT,29.8,0,2,105,14,0.0,0.2,5,124,124,13.1,-6,110,110,OIL PRESS / TRAFFIC FAIL,
2026-07-11,15:07:45,23:07:45,-08:00,+33.6362506,-116.1611875,-43,3D,601683.1,0.0,,0,0,0.00,187.4,20,21,10,68,-72,3,10.5,11,2.53,0.60,-0.010,1.001,-0.357,,172,,,,29.77,123.000,121.500,116.200,GPS1,LOI,,,,,,,,ENR,,,,,,,,,,,,,,,,,-10.8,41.0,3009,,,,040007FF N100 N100 *,480017FF N100 N100,0.4,0.3,2,2,,1200,ALT,29.8,0,2,105,14,0.0,0.2,5,124,124,13.1,-6,110,110,OIL PRESS / TRAFFIC FAIL,
2026-07-11,15:07:46,23:07:46,-08:00,+33.6362467,-116.1611877,-44,3D-,601684.1,0.0,,0,0,-0.00,187.4,20,21,10,68,-72,2,10.6,11,2.52,0.59,-0.010,1.001,-0.339,,172,,,,29.77,123.000,121.500,116.200,GPS1,LOI,,,,,,,,ENR,,,,,,,,,,,,,,,,,-10.8,41.0,3009,,,,040007FF N100 N100 *,480017FF N100 N100,0.4,0.3,3,2,,1200,ALT,29.8,0,2,105,14,0.0,0.2,5,124,124,13.1,-6,110,110,OIL PRESS / TRAFFIC FAIL,
2026-07-11,15:07:47,23:07:47,-08:00,+33.6362416,-116.1611881,-44,3D-,601685.1,0.0,,0,0,0.00,187.4,20,21,10,68,-72,2,10.6,11,2.51,0.58,-0.011,1.002,-0.330,,172,,,,29.77,123.000,121.500,116.200,GPS1,LOI,,,,,,,,ENR,,,,,,,,,,,,,,,,,-10.8,41.0,3009,,,,020007FF N100 N100 *,480017FF N100 N100,0.4,0.3,2,2,,1200,ALT,29.8,0,2,105,14,0.0,0.2,5,124,124,13.1,-6,110,110,OIL PRESS / TRAFFIC FAIL,
2026-07-11,15:07:48,23:07:48,-08:00,+33.6362381,-116.1611876,-45,3D-,601686.1,0.0,,0,0,0.00,187.4,20,21,10,68,-72,5,10.5,11,2.53,0.58,-0.012,1.002,-0.328,,172,,,,29.77,123.000,121.500,116.200,GPS1,LOI,,,,,,,,ENR,,,,,,,,,,,,,,,,,-10.8,41.0,3009,,,,020007FF N100 N100 *,480017FF N100 N100,0.4,0.3,2,2,,1200,ALT,29.8,0,2,105,14,0.0,0.2,5,124,124,13.1,-6,110,110,OIL PRESS / TRAFFIC FAIL,
2026-07-11,15:07:49,23:07:49,-08:00,+33.6362345,-116.1611875,-46,3D-,601687.1,0.0,,0,0,-0.00,187.4,20,21,10,68,-72,6,10.4,11,2.54,0.59,-0.010,1.001,-0.338,,172,,,,29.77,123.000,121.500,116.200,GPS1,LOI,,,,,,,,ENR,,,,,,,,,,,,,,,,,-10.8,41.0,3009,,,,020007FF N100 N100 *,480017FF N100 N100,0.4,0.3,3,2,,1200,ALT,29.8,0,2,104,14,0.0,0.2,5,124,124,13.1,-6,110,110,OIL PRESS / TRAFFIC FAIL,
2026-07-11,15:07:50,23:07:50,-08:00,+33.6362311,-116.1611870,-47,3D,601688.1,0.0,,0,0,0.00,187.4,20,21,10,68,-72,1,10.3,11,2.55,0.60,-0.011,1.002,-0.353,,172,,,,29.77,123.000,121.500,116.200,GPS1,LOI,,,,,,,,ENR,,,,,,,,,,,,,,,,,-10.8,41.0,3009,,,,040007FF N100 N100 *,480017FF N100 N100,0.3,0.3,2,2,,1200,ALT,29.8,0,2,104,14,0.0,0.2,5,124,124,13.1,-6,110,110,OIL PRESS / TRAFFIC FAIL,
2026-07-11,15:07:51,23:07:51,-08:00,+33.6362269,-116.1611864,-47,3D,601689.1,0.0,,0,0,-0.00,187.4,20,22,10,68,-72,-4,10.2,11,2.52,0.58,-0.006,1.002,-0.364,,172,,,,29.77,123.000,121.500,116.200,GPS1,LOI,,,,,,,,ENR,,,,,,,,,,,,,,,,,-10.8,41.0,3009,,,,040007FF N100 N100 *,480017FF N100 N100,0.4,0.3,5,4,,1200,ALT,29.8,0,2,104,14,0.0,0.2,5,124,124,13.1,-6,110,110,OIL PRESS / TRAFFIC FAIL,
2026-07-11,15:07:52,23:07:52,-08:00,+33.6362236,-116.1611854,-48,3D,601690.1,0.0,,0,0,-0.00,187.4,20,22,10,68,-72,-1,10.2,11,2.52,0.58,-0.011,1.002,-0.377,,172,,,,29.77,123.000,121.500,116.200,GPS1,LOI,,,,,,,,ENR,,,,,,,,,,,,,,,,,-10.8,41.0,3009,,,,040007FF N100 N100 *,480017FF N100 N100,0.4,0.3,3,3,,1200,ALT,29.8,0,2,104,14,0.0,0.2,5,124,124,13.1,-6,110,110,OIL PRESS / TRAFFIC FAIL,
2026-07-11,15:07:53,23:07:53,-08:00,+33.6362199,-116.1611844,-48,3D-,601691.1,0.0,,0,0,-0.00,187.4,20,22,10,68,-72,3,10.2,11,2.54,0.58,-0.013,1.002,-0.384,,172,,,,29.77,123.000,121.500,116.200,GPS1,LOI,,,,,,,,ENR,,,,,,,,,,,,,,,,,-10.8,41.0,3009,,,,020007FF N100 N100 *,480017FF N100 N100,0.3,0.3,3,3,,1200,ALT,29.8,0,2,104,14,0.0,0.2,5,124,124,13.1,-6,110,110,OIL PRESS / TRAFFIC FAIL,
2026-07-11,15:07:54,23:07:54,-08:00,+33.6362161,-116.1611831,-49,3D-,601692.1,0.0,,0,0,0.00,187.4,20,22,10,68,-72,7,10.2,11,2.56,0.58,-0.011,1.001,-0.384,,172,,,,29.77,123.000,121.500,116.200,GPS1,LOI,,,,,,,,ENR,,,,,,,,,,,,,,,,,-10.8,41.0,3010,,,,020007FF N100 N100 *,480017FF N100 N100,0.3,0.3,3,2,,1200,ALT,29.8,0,2,104,14,0.0,0.2,5,124,124,13.1,-6,110,110,OIL PRESS / TRAFFIC FAIL,
2026-07-11,15:07:55,23:07:55,-08:00,+33.6362130,-116.1611820,-49,3D,601693.1,0.0,,0,0,-0.00,187.4,20,22,10,68,-72,2,10.2,11,2.55,0.58,-0.010,1.001,-0.383,,172,,,,29.77,123.000,121.500,116.200,GPS1,LOI,,,,,,,,ENR,,,,,,,,,,,,,,,,,-10.8,41.0,3009,,,,040007FF N100 N100 *,480017FF N100 N100,0.3,0.3,2,2,,1200,ALT,29.8,0,2,104,14,0.0,0.2,5,124,124,13.1,-6,110,110,OIL PRESS / TRAFFIC FAIL,
2026-07-11,15:07:56,23:07:56,-08:00,+33.6362096,-116.1611806,-50,3D-,601694.1,0.0,,0,0,-0.00,187.4,20,22,10,68,-72,-6,10.2,11,2.54,0.59,-0.010,1.001,-0.386,,172,,,,29.77,123.000,121.500,116.200,GPS1,LOI,,,,,,,,ENR,,,,,,,,,,,,,,,,,-10.8,41.0,3009,,,,040007FF N100 N100 *,480017FF N100 N100,0.3,0.3,2,2,,1200,ALT,29.8,0,2,104,14,0.0,0.2,5,124,124,13.1,-6,110,110,OIL PRESS / TRAFFIC FAIL,
2026-07-11,15:07:57,23:07:57,-08:00,+33.6362059,-116.1611793,-50,3D-,601695.1,0.0,,0,0,-0.00,187.4,20,22,10,67,-73,-13,10.1,11,2.53,0.59,-0.011,1.001,-0.391,,172,,,,29.77,123.000,121.500,116.200,GPS1,LOI,,,,,,,,ENR,,,,,,,,,,,,,,,,,-10.8,41.0,3008,,,,020007FF N100 N100 *,480017FF N100 N100,0.3,0.3,3,2,,1200,ALT,29.8,0,2,104,14,0.0,0.2,5,124,124,13.1,-6,110,110,OIL PRESS / TRAFFIC FAIL,
2026-07-11,15:07:58,23:07:58,-08:00,+33.6362017,-116.1611783,-51,3D-,601696.1,0.0,,0,0,-0.00,187.4,20,22,10,67,-73,-15,10.2,11,2.53,0.59,-0.010,1.001,-0.376,,172,,,,29.77,123.000,121.500,116.200,GPS1,LOI,,,,,,,,ENR,,,,,,,,,,,,,,,,,-10.8,41.0,3008,,,,020007FF N100 N100 *,480017FF N100 N100,0.3,0.3,3,2,,1200,ALT,29.8,0,2,104,14,0.0,0.2,5,124,124,13.1,-6,110,110,OIL PRESS / TRAFFIC FAIL,
2026-07-11,15:07:59,23:07:59,-08:00,+33.6361977,-116.1611774,-51,3D-,601697.1,0.0,,0,0,-0.00,187.4,20,22,10,67,-73,-14,10.2,11,2.55,0.59,-0.010,1.005,-0.362,,172,,,,29.77,123.000,121.500,116.200,GPS1,LOI,,,,,,,,ENR,,,,,,,,,,,,,,,,,-10.8,41.0,3008,,,,020007FF N100 N100 *,480017FF N100 N100,0.3,0.3,2,2,,1200,ALT,29.8,0,2,104,14,0.0,0.2,5,124,124,13.1,-6,110,110,OIL PRESS / TRAFFIC FAIL,
2026-07-11,15:08:00,23:08:00,-08:00,+33.6361935,-116.1611768,-52,3D-,601698.1,0.0,,0,0,0.00,187.4,20,22,10,67,-73,-9,10.3,11,2.55,0.58,-0.011,1.001,-0.355,,172,,,,29.77,123.000,121.500,116.200,GPS1,LOI,,,,,,,,ENR,,,,,,,,,,,,,,,,,-10.8,41.0,3008,,,,020007FF N100 N100 *,480017FF N100 N100,0.3,0.3,3,3,,1200,ALT,29.8,0,2,104,14,0.0,0.2,5,124,124,13.1,-6,110,110,OIL PRESS / TRAFFIC FAIL,
2026-07-11,15:08:01,23:08:01,-08:00,+33.6361889,-116.1611764,-52,3D-,601699.1,0.0,,0,0,0.00,187.4,20,22,10,67,-73,-6,10.4,11,2.54,0.59,-0.011,1.001,-0.342,,172,,,,29.77,123.000,121.500,116.200,GPS1,LOI,,,,,,,,ENR,,,,,,,,,,,,,,,,,-10.8,41.0,3008,,,,020007FF N100 N100 *,480117FF N100 N100,0.3,0.3,3,2,,1200,ALT,29.8,0,2,104,14,0.0,0.2,5,124,124,13.1,-6,110,110,OIL PRESS / TRAFFIC FAIL,
2026-07-11,15:08:02,23:08:02,-08:00,+33.6361842,-116.1611758,-53,3D-,601700.1,0.0,,0,0,-0.00,187.5,21,22,10,67,-73,-4,10.5,11,2.52,0.58,-0.011,1.002,-0.349,,172,,,,29.77,123.000,121.500,116.200,GPS1,LOI,,,,,,,,ENR,,,,,,,,,,,,,,,,,-10.8,41.0,3008,,,,020007FF N100 N100 *,480117FF N100 N100,0.3,0.3,2,2,,1200,ALT,29.8,0,2,104,14,0.0,0.2,5,124,124,13.1,-6,110,110,OIL PRESS / TRAFFIC FAIL,
2026-07-11,15:08:03,23:08:03,-08:00,+33.6361795,-116.1611752,-54,3D-,601701.1,0.0,,0,0,-0.00,187.4,21,22,10,68,-73,2,10.5,11,2.54,0.58,-0.010,1.001,-0.386,,172,,,,29.77,123.000,121.500,116.200,GPS1,LOI,,,,,,,,ENR,,,,,,,,,,,,,,,,,-10.8,41.0,3008,,,,040007FF N100 N100 *,480017FF N100 N100,0.4,0.3,3,2,,1200,ALT,29.8,0,2,104,14,0.0,0.2,5,124,124,13.1,-6,110,110,OIL PRESS / TRAFFIC FAIL,
2026-07-11,15:08:04,23:08:04,-08:00,+33.6361739,-116.1611746,-54,3D-,601702.1,0.0,,0,0,-0.00,187.4,21,23,10,68,-73,9,10.5,11,2.55,0.57,-0.010,1.001,-0.434,,172,,,,29.77,123.000,121.500,116.200,GPS1,LOI,,,,,,,,ENR,,,,,,,,,,,,,,,,,-10.8,41.0,3009,,,,020007FF N100 N100 *,480017FF N100 N100,0.3,0.3,3,2,,1200,ALT,29.8,0,2,104,14,0.0,0.2,5,124,124,13.1,-6,110,110,OIL PRESS / TRAFFIC FAIL,
2026-07-11,15:08:05,23:08:05,-08:00,+33.6361689,-116.1611746,-54,3D-,601703.1,0.0,,0,0,-0.00,187.5,21,23,10,68,-72,16,10.4,11,2.56,0.58,-0.010,1.001,-0.495,,172,,,,29.77,123.000,121.500,116.200,GPS1,LOI,,,,,,,,ENR,,,,,,,,,,,,,,,,,-10.8,41.0,3009,,,,020007FF N100 N100 *,480017FF N100 N100,0.3,0.3,3,2,,1200,ALT,29.8,0,2,104,14,0.0,0.2,5,124,124,13.1,-6,110,110,OIL PRESS / TRAFFIC FAIL,
2026-07-11,15:08:06,23:08:06,-08:00,+33.6361640,-116.1611749,-55,3D-,601704.1,0.0,,0,0,0.00,187.5,21,23,10,69,-72,19,10.3,11,2.57,0.59,-0.010,1.001,-0.544,,172,,,,29.77,123.000,121.500,116.200,GPS1,LOI,,,,,,,,ENR,,,,,,,,,,,,,,,,,-10.8,41.0,3010,,,,020007FF N100 N100 *,480017FF N100 N100,0.3,0.3,3,2,,1200,ALT,29.8,0,2,104,14,0.0,0.2,5,124,124,13.1,-6,110,110,OIL PRESS / TRAFFIC FAIL,
2026-07-11,15:08:07,23:08:07,-08:00,+33.6361579,-116.1611758,-55,3D-,601705.1,0.0,,0,0,0.00,187.5,21,23,10,69,-72,18,10.3,11,2.56,0.59,-0.010,1.001,-0.575,,172,,,,29.77,123.000,121.500,116.200,GPS1,LOI,,,,,,,,ENR,,,,,,,,,,,,,,,,,-10.8,41.0,3010,,,,020007FF N100 N100 *,480017FF N100 N100,0.3,0.3,3,2,,1200,ALT,29.8,0,2,104,14,0.0,0.2,5,124,124,13.1,-6,110,110,OIL PRESS / TRAFFIC FAIL,
2026-07-11,15:08:08,23:08:08,-08:00,+33.6361540,-116.1611766,-55,3D,601706.1,0.0,,0,0,0.00,187.5,21,23,10,69,-72,11,10.3,11,2.54,0.59,-0.010,1.002,-0.596,,172,,,,29.77,123.000,121.500,116.200,GPS1,LOI,,,,,,,,ENR,,,,,,,,,,,,,,,,,-10.8,41.0,3010,,,,020007FF N100 N100 *,480117FF N100 N100,0.3,0.3,3,2,,1200,ALT,29.8,0,2,105,14,0.0,0.2,5,124,124,13.1,-6,110,110,OIL PRESS / TRAFFIC FAIL,
2026-07-11,15:08:09,23:08:09,-08:00,+33.6361489,-116.1611778,-55,3D,601707.1,0.0,,0,0,0.00,187.4,21,23,10,69,-72,6,10.3,11,2.55,0.59,-0.011,1.001,-0.608,,172,,,,29.77,123.000,121.500,116.200,GPS1,LOI,,,,,,,,ENR,,,,,,,,,,,,,,,,,-10.8,41.0,3010,,,,040007FF N100 N100 *,480017FF N100 N100,0.3,0.3,2,2,,1200,ALT,29.8,0,2,107,14,0.0,0.2,5,124,124,13.1,-6,110,110,OIL PRESS / TRAFFIC FAIL,
2026-07-11,15:08:10,23:08:10,-08:00,+33.6361440,-116.1611794,-55,3D-,601708.1,0.0,,0,0,-0.00,187.4,21,23,10,69,-72,3,10.3,11,2.57,0.59,-0.012,1.002,-0.615,,172,,,,29.77,123.000,121.500,116.200,GPS1,LOI,,,,,,,,ENR,,,,,,,,,,,,,,,,,-10.8,41.0,3010,,,,040007FF N100 N100 *,480017FF N100 N100,0.3,0.3,3,2,,1200,ALT,29.8,0,2,109,14,0.0,0.2,5,124,124,13.1,-6,110,110,OIL PRESS / TRAFFIC FAIL,
2026-07-11,15:08:11,23:08:11,-08:00,+33.6361390,-116.1611813,-55,3D-,601709.1,0.0,,0,0,0.00,187.5,21,23,10,68,-72,-6,10.3,11,2.58,0.58,-0.011,1.001,-0.628,,172,,,,29.77,123.000,121.500,116.200,GPS1,LOI,,,,,,,,ENR,,,,,,,,,,,,,,,,,-10.8,41.0,3009,,,,020007FF N100 N100 *,480017FF N100 N100,0.3,0.3,3,3,,1200,ALT,29.8,0,2,110,14,0.0,0.2,5,124,124,13.1,-6,110,110,OIL PRESS / TRAFFIC FAIL,
2026-07-11,15:08:12,23:08:12,-08:00,+33.6361340,-116.1611833,-55,3D-,601710.1,0.0,,0,0,0.00,187.5,21,23,10,67,-73,-17,10.3,11,2.57,0.59,-0.010,1.001,-0.639,,172,,,,29.77,123.000,121.500,116.200,GPS1,LOI,,,,,,,,ENR,,,,,,,,,,,,,,,,,-10.8,41.0,3009,,,,020007FF N100 N100 *,480017FF N100 N100,0.3,0.3,2,2,,1200,ALT,29.8,0,2,112,14,0.0,0.2,5,124,124,13.1,-6,110,110,OIL PRESS / TRAFFIC FAIL,
2026-07-11,15:08:13,23:08:13,-08:00,+33.6361301,-116.1611854,-55,3D-,601711.1,0.0,,0,0,-0.00,187.5,21,23,10,67,-73,-23,10.3,11,2.55,0.58,-0.011,1.002,-0.635,,172,,,,29.77,123.000,121.500,116.200,GPS1,LOI,,,,,,,,ENR,,,,,,,,,,,,,,,,,-10.8,41.0,3008,,,,020007FF N100 N100 *,480017FF N100 N100,0.3,0.3,3,2,,1200,ALT,29.8,0,2,113,14,0.0,0.2,5,124,124,13.1,-6,110,110,OIL PRESS / TRAFFIC FAIL,
2026-07-11,15:08:14,23:08:14,-08:00,+33.6361259,-116.1611874,-55,3D-,601712.1,0.0,,0,0,0.00,187.5,21,23,10,67,-73,-18,10.3,11,2.55,0.57,-0.010,1.001,-0.635,,172,,,,29.77,123.000,121.500,116.200,GPS1,LOI,,,,,,,,ENR,,,,,,,,,,,,,,,,,-10.8,41.0,3009,,,,020007FF N100 N100 *,480017FF N100 N100,0.4,0.3,2,2,,1200,ALT,29.8,0,2,114,14,0.0,0.2,5,124,124,13.1,-6,110,110,OIL PRESS / TRAFFIC FAIL,
2026-07-11,15:08:15,23:08:15,-08:00,+33.6361221,-116.1611891,-55,3D-,601713.1,0.0,,0,0,-0.00,187.5,21,24,10,67,-73,-11,10.4,11,2.55,0.57,-0.010,1.001,-0.630,,172,,,,29.77,123.000,121.500,116.200,GPS1,LOI,,,,,,,,ENR,,,,,,,,,,,,,,,,,-10.8,41.0,3009,,,,020007FF N100 N100 *,480117FF N100 N100,0.4,0.3,3,2,,1200,ALT,29.8,0,2,115,14,0.0,0.2,5,124,124,13.1,-6,110,110,OIL PRESS / TRAFFIC FAIL,
2026-07-11,15:08:16,23:08:16,-08:00,+33.6361172,-116.1611913,-55,3D-,601714.1,0.0,,0,0,0.00,187.5,21,24,10,68,-73,-2,10.4,11,2.55,0.58,-0.010,1.001,-0.634,,172,,,,29.77,123.000,121.500,116.200,GPS1,LOI,,,,,,,,ENR,,,,,,,,,,,,,,,,,-10.8,41.0,3009,,,,020007FF N100 N100 *,480117FF N100 N100,0.4,0.3,3,2,,1200,ALT,29.8,0,2,116,14,0.0,0.2,5,123,124,13.1,-6,110,110,OIL PRESS / TRAFFIC FAIL,
2026-07-11,15:08:17,23:08:17,-08:00,+33.6361137,-116.1611937,-55,3D,601715.1,0.0,,0,0,-0.00,187.4,21,24,10,68,-73,7,10.3,11,2.54,0.58,-0.010,1.001,-0.643,,172,,,,29.77,123.000,121.500,116.200,GPS1,LOI,,,,,,,,ENR,,,,,,,,,,,,,,,,,-10.8,41.0,3009,,,,040007FF N100 N100 *,480017FF N100 N100,0.4,0.3,2,2,,1200,ALT,29.8,0,2,117,14,0.0,0.2,5,123,124,13.1,-6,110,110,OIL PRESS / TRAFFIC FAIL,
2026-07-11,15:08:18,23:08:18,-08:00,+33.6361098,-116.1611961,-54,3D-,601716.1,0.0,,0,0,-0.00,187.4,22,24,10,68,-72,13,10.3,11,2.55,0.59,-0.011,1.001,-0.663,,172,,,,29.77,123.000,121.500,116.200,GPS1,LOI,,,,,,,,ENR,,,,,,,,,,,,,,,,,-10.8,41.0,3010,,,,040007FF N100 N100 *,480017FF N100 N100,0.4,0.3,2,3,,1200,ALT,29.8,0,2,117,14,0.0,0.2,5,123,124,13.1,-6,110,110,OIL PRESS / TRAFFIC FAIL,
2026-07-11,15:08:19,23:08:19,-08:00,+33.6361053,-116.1611993,-54,3D-,601717.1,0.0,,0,0,0.00,187.4,22,24,10,68,-72,12,10.3,11,2.55,0.58,-0.011,1.002,-0.678,,172,,,,29.77,123.000,121.500,116.200,GPS1,LOI,,,,,,,,ENR,,,,,,,,,,,,,,,,,-10.8,41.0,3010,,,,020007FF N100 N100 *,480017FF N100 N100,0.4,0.3,3,3,,1200,ALT,29.8,0,2,117,14,0.0,0.2,5,123,124,13.1,-6,110,110,OIL PRESS / TRAFFIC FAIL,
2026-07-11,15:08:20,23:08:20,-08:00,+33.6361008,-116.1612016,-54,3D,601718.1,0.0,,0,0,-0.00,187.4,22,24,10,68,-72,8,10.3,11,2.56,0.59,-0.010,1.002,-0.674,,172,,,,29.77,123.000,121.500,116.200,GPS1,LOI,,,,,,,,ENR,,,,,,,,,,,,,,,,,-10.8,41.0,3010,,,,020007FF N100 N100 *,480017FF N100 N100,0.4,0.3,3,2,,1200,ALT,29.8,0,2,118,14,0.0,0.2,5,123,124,13.1,-6,110,110,OIL PRESS / TRAFFIC FAIL,
2026-07-11,15:08:21,23:08:21,-08:00,+33.6360974,-116.1612040,-54,3D-,601719.1,0.0,,0,0,0.00,187.4,22,24,10,68,-72,5,10.3,11,2.55,0.59,-0.009,1.001,-0.676,,172,,,,29.77,123.000,121.500,116.200,GPS1,LOI,,,,,,,,ENR,,,,,,,,,,,,,,,,,-10.8,41.0,3010,,,,040007FF N100 N100 *,480017FF N100 N100,0.4,0.3,2,2,,1200,ALT,29.8,0,2,118,14,0.0,0.2,5,123,124,13.1,-6,110,110,OIL PRESS / TRAFFIC FAIL,
2026-07-11,15:08:22,23:08:22,-08:00,+33.6360938,-116.1612070,-54,3D-,601720.1,0.0,,0,0,0.00,187.5,22,24,10,68,-72,4,10.2,11,2.55,0.60,-0.010,1.002,-0.672,,172,,,,29.77,123.000,121.500,116.200,GPS1,LOI,,,,,,,,ENR,,,,,,,,,,,,,,,,,-10.8,41.0,3010,,,,020007FF N100 N100 *,480017FF N100 N100,0.4,0.3,2,2,,1200,ALT,29.8,0,2,118,14,0.0,0.2,5,123,124,13.1,-6,110,110,OIL PRESS / TRAFFIC FAIL,
2026-07-11,15:08:23,23:08:23,-08:00,+33.6360908,-116.1612102,-54,3D-,601721.1,0.0,,0,0,-0.00,187.4,22,24,10,69,-72,5,10.3,11,2.54,0.60,-0.010,1.001,-0.666,,172,,,,29.77,123.000,121.500,116.200,GPS1,LOI,,,,,,,,ENR,,,,,,,,,,,,,,,,,-10.8,41.0,3011,,,,020007FF N100 N100 *,480017FF N100 N100,0.4,0.3,2,2,,1200,ALT,29.8,0,2,118,14,0.0,0.2,5,123,124,13.1,-6,110,110,OIL PRESS / TRAFFIC FAIL,
2026-07-11,15:08:24,23:08:24,-08:00,+33.6360877,-116.1612133,-54,3D,601722.1,0.0,,0,0,0.00,187.4,22,24,10,68,-72,6,10.4,11,2.54,0.59,-0.010,1.002,-0.650,,172,,,,29.77,123.000,121.500,116.200,GPS1,LOI,,,,,,,,ENR,,,,,,,,,,,,,,,,,-10.8,41.0,3011,,,,040007FF N100 N100 *,480017FF N100 N100,0.4,0.3,3,2,,1200,ALT,29.8,0,2,119,14,0.0,0.2,5,123,124,13.1,-6,110,110,OIL PRESS / TRAFFIC FAIL,
2026-07-11,15:08:25,23:08:25,-08:00,+33.6360838,-116.1612164,-54,3D-,601723.1,0.0,,0,0,0.00,187.4,22,24,10,68,-72,3,10.4,11,2.55,0.59,-0.011,1.002,-0.626,,172,,,,29.77,123.000,121.500,116.200,GPS1,LOI,,,,,,,,ENR,,,,,,,,,,,,,,,,,-10.8,41.0,3011,,,,040007FF N100 N100 *,480017FF N100 N100,0.4,0.3,2,2,,1200,ALT,29.8,0,2,119,14,0.0,0.2,5,123,124,13.1,-6,110,110,OIL PRESS / TRAFFIC FAIL,
2026-07-11,15:08:26,23:08:26,-08:00,+33.6360817,-116.1612192,-54,3D-,601724.1,0.0,,0,0,0.00,187.4,22,24,10,68,-72,-1,10.4,11,2.56,0.58,-0.010,1.001,-0.602,,172,,,,29.77,123.000,121.500,116.200,GPS1,LOI,,,,,,,,ENR,,,,,,,,,,,,,,,,,-10.8,41.0,3010,,,,020007FF N100 N100 *,480017FF N100 N100,0.4,0.3,4,1,,1200,ALT,29.8,0,2,119,14,0.0,0.2,5,123,124,13.1,-6,110,110,OIL PRESS / TRAFFIC FAIL,
2026-07-11,15:08:27,23:08:27,-08:00,+33.6360810,-116.1612218,-54,3D-,601725.1,0.0,,0,0,-0.00,187.4,22,24,9,68,-72,-8,10.3,11,2.55,0.58,-0.010,1.001,-0.600,,172,,,,29.77,123.000,121.500,116.200,GPS1,LOI,,,,,,,,ENR,,,,,,,,,,,,,,,,,-10.8,41.0,3010,,,,020007FF N100 N100 *,480017FF N100 N100,0.4,0.3,2,2,,1200,ALT,29.8,0,2,119,14,0.0,0.2,5,123,124,13.1,-6,110,110,OIL PRESS / TRAFFIC FAIL,
2026-07-11,15:08:28,23:08:28,-08:00,+33.6360805,-116.1612247,-54,3D-,601726.1,0.0,,0,0,0.00,187.4,22,25,10,68,-72,-10,10.2,11,2.53,0.58,-0.011,1.002,-0.609,,172,,,,29.77,123.000,121.500,116.200,GPS1,LOI,,,,,,,,ENR,,,,,,,,,,,,,,,,,-10.8,41.0,3010,,,,020007FF N100 N100 *,480017FF N100 N100,0.4,0.3,2,2,,1200,ALT,29.8,0,2,119,14,0.0,0.2,5,123,124,13.1,-6,110,110,OIL PRESS / TRAFFIC FAIL,
2026-07-11,15:08:29,23:08:29,-08:00,+33.6360793,-116.1612280,-54,3D-,601727.1,0.0,,0,0,-0.00,187.4,22,25,10,68,-72,-6,10.2,11,2.53,0.58,-0.010,1.001,-0.615,,172,,,,29.77,123.000,121.500,116.200,GPS1,LOI,,,,,,,,ENR,,,,,,,,,,,,,,,,,-10.8,41.1,3010,,,,020007FF N100 N100 *,480017FF N100 N100,0.4,0.3,3,2,,1200,ALT,29.8,0,2,119,14,0.0,0.2,5,123,124,13.1,-6,110,110,OIL PRESS / TRAFFIC FAIL,
2026-07-11,15:08:30,23:08:30,-08:00,+33.6360795,-116.1612317,-54,3D-,601728.1,0.0,,0,0,0.00,187.4,22,25,9,68,-72,-5,10.2,11,2.54,0.58,-0.010,1.001,-0.607,,172,,,,29.77,123.000,121.500,116.200,GPS1,LOI,,,,,,,,ENR,,,,,,,,,,,,,,,,,-10.8,41.1,3010,,,,020007FF N100 N100 *,480117FF N100 N100,0.4,0.3,2,2,,1200,ALT,29.8,0,2,119,14,0.0,0.2,5,123,124,13.1,-6,110,110,OIL PRESS / TRAFFIC FAIL,
2026-07-11,15:08:31,23:08:31,-08:00,+33.6360782,-116.1612357,-54,3D-,601729.1,0.0,,0,0,0.00,187.4,22,25,9,67,-73,-6,10.3,11,2.55,0.58,-0.010,1.001,-0.598,,172,,,,29.77,123.000,121.500,116.200,GPS1,LOI,,,,,,,,ENR,,,,,,,,,,,,,,,,,-10.8,41.1,3010,,,,020007FF N100 N100 *,480117FF N100 N100,0.4,0.3,4,2,,1200,ALT,29.8,0,2,119,14,0.0,0.2,5,123,124,13.1,-6,110,110,OIL PRESS / TRAFFIC FAIL,
2026-07-11,15:08:32,23:08:32,-08:00,+33.6360756,-116.1612386,-54,3D-,601730.1,0.0,,0,0,-0.00,187.4,22,25,9,67,-73,-8,10.3,11,2.54,0.59,-0.011,1.002,-0.589,,172,,,,29.77,123.000,121.500,116.200,GPS1,LOI,,,,,,,,ENR,,,,,,,,,,,,,,,,,-10.8,41.1,3010,,,,020007FF N100 N100 *,480117FF N100 N100,0.4,0.3,3,2,,1200,ALT,29.8,0,2,119,14,0.0,0.2,5,123,124,13.1,-6,110,110,OIL PRESS / TRAFFIC FAIL,
2026-07-11,15:08:33,23:08:33,-08:00,+33.6360729,-116.1612419,-54,3D-,601731.1,0.0,,0,0,0.00,187.5,23,26,10,67,-73,-7,10.3,11,2.53,0.59,-0.010,1.001,-0.582,,172,,,,29.77,123.000,121.500,116.200,GPS1,LOI,,,,,,,,ENR,,,,,,,,,,,,,,,,,-10.8,41.1,3010,,,,020007FF N100 N100 *,480117FF N100 N100,0.4,0.3,2,2,,1200,ALT,29.8,0,2,119,14,0.0,0.2,5,123,124,13.1,-6,110,110,OIL PRESS / TRAFFIC FAIL,
2026-07-11,15:08:34,23:08:34,-08:00,+33.6360706,-116.1612444,-54,3D-,601732.1,0.0,,0,0,0.00,187.5,23,26,10,68,-73,-2,10.3,11,2.52,0.58,-0.010,1.001,-0.595,,172,,,,29.77,123.000,121.500,116.200,GPS1,LOI,,,,,,,,ENR,,,,,,,,,,,,,,,,,-10.8,41.1,3010,,,,080007FF N100 N100 *,480117FF N100 N100,0.4,0.3,2,2,,1200,ALT,29.8,0,2,119,14,0.0,0.2,5,123,124,13.1,-6,110,110,OIL PRESS / TRAFFIC FAIL,
2026-07-11,15:08:35,23:08:35,-08:00,+33.6360676,-116.1612476,-54,3D-,601733.1,0.0,,0,0,0.00,187.4,23,26,10,68,-72,5,10.3,11,2.52,0.59,-0.010,1.001,-0.601,,172,,,,29.77,123.000,121.500,116.200,GPS1,LOI,,,,,,,,ENR,,,,,,,,,,,,,,,,,-10.8,41.1,3010,,,,080107FF N100 N100 *,480117FF N100 N100,0.4,0.3,2,2,,1200,ALT,29.8,0,2,119,14,0.0,0.2,5,123,124,13.1,-6,110,110,OIL PRESS / TRAFFIC FAIL,
2026-07-11,15:08:36,23:08:36,-08:00,+33.6360654,-116.1612503,-54,3D-,601734.1,0.0,,0,0,-0.00,187.4,23,26,10,68,-72,5,10.3,11,2.52,0.59,-0.010,1.002,-0.593,,172,,,,29.77,123.000,121.500,116.200,GPS1,LOI,,,,,,,,ENR,,,,,,,,,,,,,,,,,-10.8,41.1,3010,,,,080107FF N100 N100 *,480117FF N100 N100,0.4,0.3,2,2,,1200,ALT,29.8,0,2,119,14,0.0,0.2,5,123,124,13.1,-6,110,110,OIL PRESS / TRAFFIC FAIL,
2026-07-11,15:08:37,23:08:37,-08:00,+33.6360636,-116.1612523,-54,3D-,601735.1,0.0,,0,0,-0.00,187.4,23,26,10,67,-73,-0,10.3,11,2.53,0.59,-0.010,1.001,-0.575,,172,,,,29.77,123.000,121.500,116.200,GPS1,LOI,,,,,,,,ENR,,,,,,,,,,,,,,,,,-10.8,41.1,3010,,,,080107FF N100 N100 *,480117FF N100 N100,0.4,0.3,3,2,,1200,ALT,29.8,0,2,119,14,0.0,0.2,5,123,124,13.1,-6,110,110,OIL PRESS / TRAFFIC FAIL,
2026-07-11,15:08:38,23:08:38,-08:00,+33.6360605,-116.1612543,-54,3D-,601736.1,0.0,,0,0,0.00,187.4,23,26,10,67,-73,-11,10.4,11,2.51,0.59,-0.010,1.001,-0.559,,172,,,,29.77,123.000,121.500,116.200,GPS1,LOI,,,,,,,,ENR,,,,,,,,,,,,,,,,,-10.8,41.1,3010,,,,080107FF N100 N100 *,480117FF N100 N100,0.4,0.3,2,2,,1200,ALT,29.8,0,2,119,14,0.0,0.2,5,123,124,13.1,-6,110,110,OIL PRESS / TRAFFIC FAIL,
2026-07-11,15:08:39,23:08:39,-08:00,+33.6360577,-116.1612559,-54,3D-,601737.1,0.0,,0,0,0.00,187.4,23,27,10,67,-74,-17,10.4,11,2.51,0.59,-0.010,1.002,-0.556,,172,,,,29.77,123.000,121.500,116.200,GPS1,LOI,,,,,,,,ENR,,,,,,,,,,,,,,,,,-10.8,41.1,3010,,,,080107FF N100 N100 *,480117FF N100 N100,0.4,0.3,2,2,,1200,ALT,29.8,0,2,119,14,0.0,0.2,5,123,124,13.1,-6,110,110,OIL PRESS / TRAFFIC FAIL,
2026-07-11,15:08:40,23:08:40,-08:00,+33.6360538,-116.1612576,-54,3D-,601738.1,0.0,,0,0,0.00,187.4,23,27,10,67,-73,-10,10.4,11,2.51,0.60,-0.009,1.002,-0.559,,172,,,,29.77,123.000,121.500,116.200,GPS1,LOI,,,,,,,,ENR,,,,,,,,,,,,,,,,,-10.8,41.1,3010,,,,080107FF N100 N100 *,480117FF N100 N100,0.4,0.3,2,2,,1200,ALT,29.8,0,2,119,14,0.0,0.2,5,123,124,13.1,-6,110,110,OIL PRESS / TRAFFIC FAIL,
2026-07-11,15:08:41,23:08:41,-08:00,+33.6360505,-116.1612589,-55,3D-,601739.1,0.0,,0,0,-0.00,187.4,23,27,10,67,-73,-0,10.4,11,2.53,0.59,-0.010,1.002,-0.566,,172,,,,29.77,123.000,121.500,116.200,GPS1,LOI,,,,,,,,ENR,,,,,,,,,,,,,,,,,-10.8,41.1,3010,,,,080107FF N100 N100 *,480117FF N100 N100,0.4,0.3,2,2,,1200,ALT,29.8,0,2,119,14,0.0,0.2,5,123,124,13.1,-6,110,110,OIL PRESS / TRAFFIC FAIL,
2026-07-11,15:08:42,23:08:42,-08:00,+33.6360481,-116.1612607,-55,3D-,601740.1,0.0,,0,0,-0.00,187.4,23,27,10,68,-73,11,10.4,11,2.52,0.59,-0.010,1.001,-0.568,,172,,,,29.77,123.000,121.500,116.200,GPS1,LOI,,,,,,,,ENR,,,,,,,,,,,,,,,,,-10.8,41.1,3010,,,,080107FF N100 N100 *,480117FF N100 N100,0.4,0.3,3,3,,1200,ALT,29.8,0,2,119,14,0.0,0.2,5,123,124,13.1,-6,110,110,OIL PRESS / TRAFFIC FAIL,
2026-07-11,15:08:43,23:08:43,-08:00,+33.6360453,-116.1612622,-55,3D-,601741.1,0.0,,0,0,0.00,187.4,23,28,10,68,-72,16,10.3,11,2.53,0.59,-0.010,1.001,-0.571,,172,,,,29.77,123.000,121.500,116.200,GPS1,LOI,,,,,,,,ENR,,,,,,,,,,,,,,,,,-10.8,41.1,3010,,,,080107FF N100 N100 *,480117FF N100 N100,0.4,0.3,2,2,,1200,ALT,29.8,0,2,119,14,0.0,0.2,5,123,124,13.1,-6,110,110,OIL PRESS / TRAFFIC FAIL,
2026-07-11,15:08:44,23:08:44,-08:00,+33.6360436,-116.1612627,-56,3D-,601742.1,0.0,,0,0,-0.00,187.4,23,28,10,68,-72,12,10.3,11,2.52,0.60,-0.009,1.001,-0.574,,172,,,,29.77,123.000,121.500,116.200,GPS1,LOI,,,,,,,,ENR,,,,,,,,,,,,,,,,,-10.8,41.1,3010,,,,080107FF N100 N100 *,480117FF N100 N100,0.4,0.3,3,2,,1200,ALT,29.8,0,2,119,14,0.0,0.2,5,123,124,13.1,-6,110,110,OIL PRESS / TRAFFIC FAIL,
2026-07-11,15:08:45,23:08:45,-08:00,+33.6360426,-116.1612632,-56,3D-,601743.1,0.0,,0,0,0.00,187.4,23,28,10,67,-73,3,10.2,11,2.50,0.59,-0.010,1.002,-0.581,,172,,,,29.77,123.000,121.500,116.200,GPS1,LOI,,,,,,,,ENR,,,,,,,,,,,,,,,,,-10.8,41.1,3010,,,,080107FF N100 N100 *,480117FF N100 N100,0.4,0.3,3,2,,1200,ALT,29.8,0,2,119,14,0.0,0.2,5,123,124,13.1,-6,110,110,OIL PRESS / TRAFFIC FAIL,
2026-07-11,15:08:46,23:08:46,-08:00,+33.6360408,-116.1612639,-56,3D-,601744.1,0.0,,0,0,-0.00,187.4,23,28,10,67,-73,-4,10.2,11,2.51,0.59,-0.011,1.001,-0.594,,172,,,,29.77,123.000,121.500,116.200,GPS1,LOI,,,,,,,,ENR,,,,,,,,,,,,,,,,,-10.8,41.1,3010,,,,080107FF N100 N100 *,480117FF N100 N100,0.4,0.3,3,3,,1200,ALT,29.8,0,2,119,14,0.0,0.2,5,123,124,13.1,-6,110,110,OIL PRESS / TRAFFIC FAIL,
2026-07-11,15:08:47,23:08:47,-08:00,+33.6360387,-116.1612647,-56,3D-,601745.1,0.0,,0,0,-0.00,187.4,23,28,10,67,-73,-4,10.1,11,2.52,0.59,-0.011,1.001,-0.610,,172,,,,29.77,123.000,121.500,116.200,GPS1,LOI,,,,,,,,ENR,,,,,,,,,,,,,,,,,-10.8,41.1,3010,,,,080107FF N100 N100 *,480117FF N100 N100,0.4,0.3,3,2,,1200,ALT,29.8,0,2,119,14,0.0,0.2,5,123,124,13.1,-6,110,110,OIL PRESS / TRAFFIC FAIL,
2026-07-11,15:08:48,23:08:48,-08:00,+33.6360372,-116.1612660,-56,3D-,601746.1,0.0,,0,0,0.00,187.4,23,29,10,67,-73,-5,10.1,11,2.52,0.60,-0.011,1.002,-0.615,,172,,,,29.77,123.000,121.500,116.200,GPS1,LOI,,,,,,,,ENR,,,,,,,,,,,,,,,,,-10.8,41.1,3010,,,,080107FF N100 N100 *,480117FF N100 N100,0.4,0.3,3,2,,1200,ALT,29.8,0,2,119,14,0.0,0.2,5,123,124,13.1,-6,110,110,OIL PRESS / TRAFFIC FAIL,
2026-07-11,15:08:49,23:08:49,-08:00,+33.6360353,-116.1612670,-57,3D-,601747.1,0.0,,0,0,0.00,187.4,23,29,10,67,-73,-6,10.1,11,2.51,0.61,-0.010,1.001,-0.620,,172,,,,29.77,123.000,121.500,116.200,GPS1,LOI,,,,,,,,ENR,,,,,,,,,,,,,,,,,-10.8,41.1,3010,,,,080107FF N100 N100 *,480117FF N100 N100,0.4,0.3,2,2,,1200,ALT,29.8,0,2,119,14,0.0,0.2,5,123,124,13.1,-6,110,110,OIL PRESS / TRAFFIC FAIL,
2026-07-11,15:08:50,23:08:50,-08:00,+33.6360328,-116.1612681,-57,3D-,601748.1,0.0,,0,0,-0.00,187.4,23,29,10,66,-73,-13,10.0,10,2.51,0.61,-0.010,1.001,-0.633,,172,,,,29.77,123.000,121.500,116.200,GPS1,LOI,,,,,,,,ENR,,,,,,,,,,,,,,,,,-10.8,41.1,3009,,,,080107FF N100 N100 *,480117FF N100 N100,0.4,0.3,3,2,,1200,ALT,29.8,0,2,119,14,0.0,0.2,5,123,124,13.1,-6,110,110,OIL PRESS / TRAFFIC FAIL,
2026-07-11,15:08:51,23:08:51,-08:00,+33.6360305,-116.1612694,-57,3D-,601749.1,0.0,,0,0,-0.00,187.4,23,29,10,66,-74,-15,10.0,11,2.51,0.59,-0.010,1.001,-0.642,,172,,,,29.77,123.000,121.500,116.200,GPS1,LOI,,,,,,,,ENR,,,,,,,,,,,,,,,,,-10.8,41.1,3009,,,,080107FF N100 N100 *,480117FF N100 N100,0.4,0.3,2,2,,1200,ALT,29.8,0,2,119,14,0.0,0.2,5,123,124,13.1,-6,110,110,OIL PRESS / TRAFFIC FAIL,
2026-07-11,15:08:52,23:08:52,-08:00,+33.6360291,-116.1612700,-57,3D-,601750.1,0.0,,0,0,0.00,187.4,23,30,10,67,-74,-11,10.2,11,2.52,0.60,-0.011,1.001,-0.644,,172,,,,29.77,123.000,121.500,116.200,GPS1,LOI,,,,,,,,ENR,,,,,,,,,,,,,,,,,-10.8,41.1,3009,,,,080107FF N100 N100 *,480117FF N100 N100,0.4,0.3,2,2,,1200,ALT,29.8,0,2,119,14,0.0,0.2,5,123,124,13.1,-6,110,110,OIL PRESS / TRAFFIC FAIL,
2026-07-11,15:08:53,23:08:53,-08:00,+33.6360277,-116.1612708,-57,3D-,601751.1,0.0,,0,0,-0.00,187.4,23,30,10,67,-73,-2,10.3,11,2.52,0.61,-0.010,1.002,-0.635,,172,,,,29.77,123.000,121.500,116.200,GPS1,LOI,,,,,,,,ENR,,,,,,,,,,,,,,,,,-10.8,41.1,3009,,,,080107FF N100 N100 *,480117FF N100 N100,0.4,0.3,3,2,,1200,ALT,29.8,0,2,119,14,0.0,0.2,5,123,123,13.1,-6,110,110,OIL PRESS / TRAFFIC FAIL,
2026-07-11,15:08:54,23:08:54,-08:00,+33.6360264,-116.1612717,-57,3D-,601752.1,0.0,,0,0,-0.00,187.4,23,30,10,67,-73,7,10.4,11,2.51,0.61,-0.010,1.002,-0.635,,172,,,,29.77,123.000,121.500,116.200,GPS1,LOI,,,,,,,,ENR,,,,,,,,,,,,,,,,,-10.8,41.1,3010,,,,080107FF N100 N100 *,480117FF N100 N100,0.4,0.3,2,2,,1200,ALT,29.8,0,2,119,14,0.0,0.2,5,123,123,13.1,-6,110,110,OIL PRESS / TRAFFIC FAIL,
2026-07-11,15:08:55,23:08:55,-08:00,+33.6360251,-116.1612724,-57,3D-,601753.1,0.0,,0,0,-0.00,187.4,23,30,10,68,-73,14,10.3,11,2.49,0.60,-0.010,1.001,-0.644,,172,,,,29.77,123.000,121.500,116.200,GPS1,LOI,,,,,,,,ENR,,,,,,,,,,,,,,,,,-10.8,41.1,3010,,,,080107FF N100 N100 *,480117FF N100 N100,0.4,0.3,3,2,,1200,ALT,29.8,0,2,119,14,0.0,0.2,5,123,123,13.1,-6,110,110,OIL PRESS / TRAFFIC FAIL,
2026-07-11,15:08:56,23:08:56,-08:00,+33.6360246,-116.1612728,-57,3D-,601754.1,0.0,,0,0,-0.00,187.4,23,31,10,68,-73,15,10.1,10,2.48,0.60,-0.010,1.002,-0.663,,172,,,,29.77,123.000,121.500,116.200,GPS1,LOI,,,,,,,,ENR,,,,,,,,,,,,,,,,,-10.8,41.1,3011,,,,080107FF N100 N100 *,480117FF N100 N100,0.4,0.3,2,2,,1200,ALT,29.8,0,2,119,14,0.0,0.2,5,123,123,13.1,-6,110,110,OIL PRESS / TRAFFIC FAIL,
2026-07-11,15:08:57,23:08:57,-08:00,+33.6360237,-116.1612734,-57,3D-,601755.1,0.0,,0,0,-0.00,187.4,23,31,10,68,-73,12,9.9,10,2.50,0.59,-0.011,1.002,-0.685,,172,,,,29.77,123.000,121.500,116.200,GPS1,LOI,,,,,,,,ENR,,,,,,,,,,,,,,,,,-10.8,41.1,3011,,,,080107FF N100 N100 *,480117FF N100 N100,0.4,0.3,2,2,,1200,ALT,29.8,0,2,119,14,0.0,0.2,5,123,123,13.1,-6,110,110,OIL PRESS / TRAFFIC FAIL,
2026-07-11,15:08:58,23:08:58,-08:00,+33.6360207,-116.1612744,-58,3D-,601756.1,0.0,,0,0,-0.00,187.4,23,31,10,68,-73,8,9.8,10,2.51,0.59,-0.011,1.002,-0.698,,172,,,,29.77,123.000,121.500,116.200,GPS1,LOI,,,,,,,,ENR,,,,,,,,,,,,,,,,,-10.8,41.1,3011,,,,080107FF N100 N100 *,480117FF N100 N100,0.4,0.3,2,2,,1200,ALT,29.8,0,2,119,14,0.0,0.2,5,123,123,13.1,-6,110,110,OIL PRESS / TRAFFIC FAIL,
2026-07-11,15:08:59,23:08:59,-08:00,+33.6360209,-116.1612746,-57,3D-,601757.1,0.0,,0,0,0.00,187.4,24,31,10,68,-72,6,9.8,10,2.51,0.60,-0.010,1.002,-0.705,,172,,,,29.77,123.000,121.500,116.200,GPS1,LOI,,,,,,,,ENR,,,,,,,,,,,,,,,,,-10.8,41.1,3011,,,,080107FF N100 N100 *,480117FF N100 N100,0.4,0.3,2,2,,1200,ALT,29.8,0,2,119,14,0.0,0.2,5,123,123,13.1,-6,110,110,OIL PRESS / TRAFFIC FAIL,
2026-07-11,15:09:00,23:09:00,-08:00,+33.6360208,-116.1612753,-57,3D-,601758.1,0.0,,0,0,0.00,187.4,24,32,10,68,-72,7,9.9,10,2.51,0.61,-0.010,1.002,-0.706,,172,,,,29.77,123.000,121.500,116.200,GPS1,LOI,,,,,,,,ENR,,,,,,,,,,,,,,,,,-10.8,41.1,3011,,,,080107FF N100 N100 *,480117FF N100 N100,0.4,0.3,3,2,,1200,ALT,29.8,0,2,119,14,0.0,0.2,5,123,123,13.1,-6,110,110,OIL PRESS / TRAFFIC FAIL,
2026-07-11,15:09:01,23:09:01,-08:00,+33.6360214,-116.1612757,-57,3D-,601759.1,0.0,,0,0,0.00,187.4,24,32,10,69,-72,13,9.9,10,2.50,0.60,-0.010,1.001,-0.701,,172,,,,29.77,123.000,121.500,116.200,GPS1,LOI,,,,,,,,ENR,,,,,,,,,,,,,,,,,-10.8,41.1,3011,,,,080107FF N100 N100 *,480117FF N100 N100,0.4,0.3,3,2,,1200,ALT,29.8,0,2,119,14,0.0,0.2,5,123,123,13.1,-6,110,110,OIL PRESS / TRAFFIC FAIL,
2026-07-11,15:09:02,23:09:02,-08:00,+33.6360216,-116.1612769,-56,3D-,601760.1,0.0,,0,0,0.00,187.4,24,32,10,69,-72,16,10.0,11,2.52,0.59,-0.012,1.002,-0.686,,172,,,,29.77,123.000,121.500,116.200,GPS1,LOI,,,,,,,,ENR,,,,,,,,,,,,,,,,,-10.8,41.1,3012,,,,080107FF N100 N100 *,480117FF N100 N100,0.4,0.3,3,2,,1200,ALT,29.8,0,2,119,14,0.0,0.2,5,123,123,13.1,-6,110,110,OIL PRESS / TRAFFIC FAIL,
2026-07-11,15:09:03,23:09:03,-08:00,+33.6360224,-116.1612775,-56,3D-,601761.1,0.0,,0,0,0.00,187.4,24,33,10,69,-72,13,10.1,11,2.51,0.60,-0.011,1.002,-0.674,,172,,,,29.77,123.000,121.500,116.200,GPS1,LOI,,,,,,,,ENR,,,,,,,,,,,,,,,,,-10.8,41.1,3012,,,,080107FF N100 N100 *,480117FF N100 N100,0.4,0.3,3,2,,1200,ALT,29.8,0,2,119,14,0.0,0.2,5,123,123,13.1,-6,110,110,OIL PRESS / TRAFFIC FAIL,
2026-07-11,15:09:04,23:09:04,-08:00,+33.6360230,-116.1612783,-55,3D-,601762.1,0.0,,0,0,0.00,187.4,24,33,10,69,-72,5,10.1,11,2.52,0.61,-0.011,1.002,-0.664,,172,,,,29.77,123.000,121.500,116.200,GPS1,LOI,,,,,,,,ENR,,,,,,,,,,,,,,,,,-10.8,41.1,3012,,,,080107FF N100 N100 *,480117FF N100 N100,0.4,0.3,3,2,,1200,ALT,29.8,0,2,119,14,0.0,0.2,5,123,123,13.1,-6,110,110,OIL PRESS / TRAFFIC FAIL,
2026-07-11,15:09:05,23:09:05,-08:00,+33.6360241,-116.1612784,-55,3D-,601763.1,0.0,,0,0,0.00,187.4,24,33,10,69,-72,1,10.2,11,2.50,0.61,-0.010,1.001,-0.649,,172,,,,29.77,123.000,121.500,116.200,GPS1,LOI,,,,,,,,ENR,,,,,,,,,,,,,,,,,-10.8,41.1,3011,,,,080107FF N100 N100 *,480117FF N100 N100,0.4,0.4,2,2,,1200,ALT,29.8,0,2,119,14,0.0,0.2,5,123,123,13.1,-6,110,110,OIL PRESS / TRAFFIC FAIL,
2026-07-11,15:09:06,23:09:06,-08:00,+33.6360259,-116.1612790,-54,3D-,601764.1,0.0,,0,0,0.00,187.4,24,34,10,69,-72,2,10.2,11,2.49,0.60,-0.011,1.002,-0.625,,172,,,,29.77,123.000,121.500,116.200,GPS1,LOI,,,,,,,,ENR,,,,,,,,,,,,,,,,,-10.8,41.1,3012,,,,080107FF N100 N100 *,480117FF N100 N100,0.4,0.3,3,2,,1200,ALT,29.8,0,2,119,14,0.0,0.2,5,123,123,13.1,-6,110,110,OIL PRESS / TRAFFIC FAIL,
2026-07-11,15:09:07,23:09:07,-08:00,+33.6360286,-116.1612787,-54,3D-,601765.1,0.0,,0,0,0.00,187.4,24,34,10,69,-71,7,10.3,11,2.49,0.59,-0.012,1.003,-0.601,,172,,,,29.77,123.000,121.500,116.200,GPS1,LOI,,,,,,,,ENR,,,,,,,,,,,,,,,,,-10.8,41.1,3012,,,,080107FF N100 N100 *,480117FF N100 N100,0.5,0.3,2,2,,1200,ALT,29.8,0,2,119,14,0.0,0.2,5,123,123,13.1,-6,110,110,OIL PRESS / TRAFFIC FAIL,
2026-07-11,15:09:08,23:09:08,-08:00,+33.6360324,-116.1612783,-53,3D-,601766.1,0.0,,0,0,0.00,187.4,24,35,10,70,-71,14,10.3,11,2.51,0.59,-0.011,1.002,-0.581,,172,,,,29.77,123.000,121.500,116.200,GPS1,LOI,,,,,,,,ENR,,,,,,,,,,,,,,,,,-10.8,41.1,3013,,,,080107FF N100 N100 *,480117FF N100 N100,0.4,0.3,3,2,,1200,ALT,29.8,0,2,119,14,0.0,0.2,5,123,123,13.1,-6,110,110,OIL PRESS / TRAFFIC FAIL,
2026-07-11,15:09:09,23:09:09,-08:00,+33.6360360,-116.1612770,-53,3D-,601767.1,0.0,,0,0,0.00,187.4,24,35,10,70,-71,14,10.4,11,2.53,0.58,-0.010,1.000,-0.569,,172,,,,29.77,123.000,121.500,116.200,GPS1,LOI,,,,,,,,ENR,,,,,,,,,,,,,,,,,-10.8,41.1,3013,,,,080107FF N100 N100 *,480117FF N100 N100,0.4,0.3,3,2,,1200,ALT,29.8,0,2,119,14,0.0,0.2,5,123,123,13.1,-6,110,110,OIL PRESS / TRAFFIC FAIL,
2026-07-11,15:09:10,23:09:10,-08:00,+33.6360417,-116.1612753,-52,3D-,601768.1,0.0,,0,0,0.00,187.4,24,35,10,69,-71,9,10.3,11,2.51,0.59,-0.010,1.001,-0.565,,172,,,,29.77,123.000,121.500,116.200,GPS1,LOI,,,,,,,,ENR,,,,,,,,,,,,,,,,,-10.8,41.1,3013,,,,080107FF N100 N100 *,480117FF N100 N100,0.4,0.3,2,2,,1200,ALT,29.8,0,2,119,14,0.0,0.2,5,123,123,13.1,-6,110,110,OIL PRESS / TRAFFIC FAIL,
2026-07-11,15:09:11,23:09:11,-08:00,+33.6360495,-116.1612726,-51,3D-,601769.1,0.0,,0,0,0.00,187.4,24,36,10,69,-71,4,10.4,11,2.49,0.59,-0.010,1.002,-0.556,,172,,,,29.77,123.000,121.500,116.200,GPS1,LOI,,,,,,,,ENR,,,,,,,,,,,,,,,,,-10.8,41.1,3013,,,,080107FF N100 N100 *,480117FF N100 N100,0.4,0.3,2,2,,1200,ALT,29.8,0,2,119,14,0.0,0.2,5,123,123,13.1,-6,110,110,OIL PRESS / TRAFFIC FAIL,
2026-07-11,15:09:12,23:09:12,-08:00,+33.6360567,-116.1612698,-51,3D-,601770.1,0.0,,0,0,0.00,187.4,24,36,10,69,-71,1,10.4,11,2.49,0.58,-0.011,1.001,-0.548,,172,,,,29.77,123.000,121.500,116.200,GPS1,LOI,,,,,,,,ENR,,,,,,,,,,,,,,,,,-10.8,41.1,3013,,,,080107FF N100 N100 *,480117FF N100 N100,0.4,0.3,2,2,,1200,ALT,29.8,0,2,118,14,0.0,0.2,5,123,123,13.1,-6,110,110,OIL PRESS / TRAFFIC FAIL,
2026-07-11,15:09:13,23:09:13,-08:00,+33.6360667,-116.1612653,-50,3D-,601771.1,0.0,,0,0,0.00,187.4,24,36,10,70,-71,2,10.3,11,2.50,0.58,-0.010,1.001,-0.540,,172,,,,29.77,123.000,121.500,116.200,GPS1,LOI,,,,,,,,ENR,,,,,,,,,,,,,,,,,-10.8,41.1,3013,,,,080107FF N100 N100 *,480117FF N100 N100,0.4,0.3,2,2,,1200,ALT,29.8,0,2,118,14,0.0,0.2,5,123,123,13.1,-6,110,110,OIL PRESS / TRAFFIC FAIL,
2026-07-11,15:09:14,23:09:14,-08:00,+33.6360764,-116.1612599,-49,3D-,601772.1,0.0,,0,0,0.00,187.4,24,37,10,70,-71,1,10.2,11,2.51,0.58,-0.010,1.001,-0.535,,172,,,,29.77,123.000,121.500,116.200,GPS1,LOI,,,,,,,,ENR,,,,,,,,,,,,,,,,,-10.8,41.1,3013,,,,080107FF N100 N100 *,480117FF N100 N100,0.4,0.3,3,2,,1200,ALT,29.8,0,2,118,14,0.0,0.2,5,123,123,13.1,-6,110,110,OIL PRESS / TRAFFIC FAIL,
2026-07-11,15:09:15,23:09:15,-08:00,+33.6360844,-116.1612546,-49,3D-,601773.1,0.0,,0,0,0.00,187.4,23,37,10,70,-71,4,10.2,11,2.50,0.59,-0.011,1.002,-0.537,,172,,,,29.77,123.000,121.500,116.200,GPS1,LOI,,,,,,,,ENR,,,,,,,,,,,,,,,,,-10.8,41.1,3014,,,,080107FF N100 N100 *,480117FF N100 N100,0.4,0.3,3,2,,1200,ALT,29.8,0,2,118,14,0.0,0.2,5,123,123,13.1,-6,110,110,OIL PRESS / TRAFFIC FAIL,
2026-07-11,15:09:16,23:09:16,-08:00,+33.6360925,-116.1612500,-48,3D-,601774.1,0.0,,0,0,0.00,187.4,23,38,10,69,-71,3,10.2,11,2.49,0.59,-0.011,1.001,-0.540,,172,,,,29.77,123.000,121.500,116.200,GPS1,LOI,,,,,,,,ENR,,,,,,,,,,,,,,,,,-10.8,41.1,3014,,,,080107FF N100 N100 *,480117FF N100 N100,0.5,0.3,2,2,,1200,ALT,29.8,0,2,118,14,0.0,0.2,5,123,123,13.1,-6,110,110,OIL PRESS / TRAFFIC FAIL,
2026-07-11,15:09:17,23:09:17,-08:00,+33.6361015,-116.1612441,-47,3D-,601775.1,0.0,,0,0,0.00,187.4,23,38,10,69,-71,-3,10.1,11,2.49,0.59,-0.010,1.001,-0.547,,172,,,,29.77,123.000,121.500,116.200,GPS1,LOI,,,,,,,,ENR,,,,,,,,,,,,,,,,,-10.8,41.1,3013,,,,080107FF N100 N100 *,480117FF N100 N100,0.5,0.3,3,2,,1200,ALT,29.8,0,2,118,14,0.0,0.2,5,123,123,13.1,-6,110,110,OIL PRESS / TRAFFIC FAIL,
2026-07-11,15:09:18,23:09:18,-08:00,+33.6361083,-116.1612389,-47,3D-,601776.1,0.0,,0,0,0.00,187.4,23,39,10,69,-71,-8,10.1,11,2.50,0.59,-0.010,1.002,-0.564,,172,,,,29.77,123.000,121.500,116.200,GPS1,LOI,,,,,,,,ENR,,,,,,,,,,,,,,,,,-10.8,41.1,3013,,,,080107FF N100 N100 *,480117FF N100 N100,0.4,0.4,3,2,,1200,ALT,29.8,0,2,118,14,0.0,0.2,5,123,123,13.1,-6,110,110,OIL PRESS / TRAFFIC FAIL,
2026-07-11,15:09:19,23:09:19,-08:00,+33.6361127,-116.1612351,-46,3D-,601777.1,0.0,,0,0,0.00,187.4,23,39,10,69,-71,-8,10.1,11,2.51,0.59,-0.010,1.001,-0.577,,172,,,,29.77,123.000,121.500,116.200,GPS1,LOI,,,,,,,,ENR,,,,,,,,,,,,,,,,,-10.8,41.1,3013,,,,080107FF N100 N100 *,480117FF N100 N100,0.4,0.4,2,2,,1200,ALT,29.8,0,2,118,14,0.0,0.2,5,123,123,13.1,-6,110,110,OIL PRESS / TRAFFIC FAIL,
2026-07-11,15:09:20,23:09:20,-08:00,+33.6361150,-116.1612324,-46,3D-,601778.1,0.0,,0,0,0.01,187.4,23,40,10,69,-71,-5,10.1,11,2.52,0.59,-0.010,1.001,-0.583,,172,,,,29.77,123.000,121.500,116.200,GPS1,LOI,,,,,,,,ENR,,,,,,,,,,,,,,,,,-10.8,41.1,3013,,,,080107FF N100 N100 *,480117FF N100 N100,0.4,0.4,2,2,,1200,ALT,29.8,0,2,118,14,0.0,0.2,5,123,123,13.1,-6,110,110,OIL PRESS / TRAFFIC FAIL,
2026-07-11,15:09:21,23:09:21,-08:00,+33.6361169,-116.1612300,-45,3D-,601779.1,0.0,,0,0,0.01,187.4,23,41,10,69,-71,-2,10.3,11,2.51,0.58,-0.010,1.002,-0.568,,172,,,,29.77,123.000,121.500,116.200,GPS1,LOI,,,,,,,,ENR,,,,,,,,,,,,,,,,,-10.8,41.1,3013,,,,080107FF N100 N100 *,480117FF N100 N100,0.4,0.3,2,2,,1200,ALT,29.8,0,2,118,14,0.0,0.2,5,123,123,13.1,-6,110,110,OIL PRESS / TRAFFIC FAIL,
2026-07-11,15:09:22,23:09:22,-08:00,+33.6361204,-116.1612272,-45,3D-,601780.1,0.0,,0,0,0.01,187.4,23,41,10,70,-71,3,10.4,11,2.50,0.59,-0.011,1.002,-0.548,,172,,,,29.77,123.000,121.500,116.200,GPS1,LOI,,,,,,,,ENR,,,,,,,,,,,,,,,,,-10.8,41.1,3013,,,,080107FF N100 N100 *,480117FF N100 N100,0.5,0.3,3,3,,1200,ALT,29.8,0,2,118,14,0.0,0.2,5,123,123,13.1,-6,110,110,OIL PRESS / TRAFFIC FAIL,
2026-07-11,15:09:23,23:09:23,-08:00,+33.6361202,-116.1612259,-43,3D-,601781.1,0.0,,0,0,0.01,187.4,23,42,10,69,-71,6,10.6,11,2.50,0.58,-0.011,1.001,-0.520,,172,,,,29.77,123.000,121.500,116.200,GPS1,LOI,,,,,,,,ENR,,,,,,,,,,,,,,,,,-10.8,41.1,3013,,,,080107FF N100 N100 *,480117FF N100 N100,0.5,0.3,2,2,,1200,ALT,29.8,0,2,118,14,0.0,0.2,5,123,123,13.1,-6,110,110,OIL PRESS / TRAFFIC FAIL,
2026-07-11,15:09:24,23:09:24,-08:00,+33.6361223,-116.1612237,-42,3D-,601782.1,0.0,,0,0,0.01,187.4,23,43,10,70,-71,5,10.6,11,2.50,0.59,-0.010,1.001,-0.490,,172,,,,29.77,123.000,121.500,116.200,GPS1,LOI,,,,,,,,ENR,,,,,,,,,,,,,,,,,-10.8,41.1,3013,,,,080107FF N100 N100 *,480117FF N100 N100,0.5,0.3,3,2,,1200,ALT,29.8,0,2,118,14,0.0,0.2,5,123,123,13.1,-6,110,110,OIL PRESS / TRAFFIC FAIL,
2026-07-11,15:09:25,23:09:25,-08:00,+33.6361202,-116.1612258,-42,3D-,601783.1,0.0,,0,0,0.02,187.4,22,43,10,69,-71,3,10.6,11,2.50,0.60,-0.010,1.002,-0.474,,172,,,,29.77,123.000,121.500,116.200,GPS1,LOI,,,,,,,,ENR,,,,,,,,,,,,,,,,,-10.8,41.1,3013,,,,080107FF N100 N100 *,480117FF N100 N100,0.4,0.3,3,2,,1200,ALT,29.8,0,2,118,14,0.0,0.2,5,123,123,13.1,-6,110,110,OIL PRESS / TRAFFIC FAIL,
2026-07-11,15:09:26,23:09:26,-08:00,+33.6361189,-116.1612281,-42,3D-,601784.1,0.0,,0,0,0.02,187.4,22,44,10,69,-71,0,10.4,11,2.51,0.60,-0.010,1.002,-0.468,,172,,,,29.77,123.000,121.500,116.200,GPS1,LOI,,,,,,,,ENR,,,,,,,,,,,,,,,,,-10.8,41.1,3014,,,,080107FF N100 N100 *,480117FF N100 N100,0.4,0.3,3,2,,1200,ALT,29.8,0,2,117,14,0.0,0.2,5,123,123,13.1,-6,110,110,OIL PRESS / TRAFFIC FAIL,
2026-07-11,15:09:27,23:09:27,-08:00,+33.6361215,-116.1612268,-42,3D-,601785.1,0.0,,0,0,0.02,187.4,22,45,10,69,-71,-3,10.3,11,2.50,0.60,-0.010,1.001,-0.468,,172,,,,29.77,123.000,121.500,116.200,GPS1,LOI,,,,,,,,ENR,,,,,,,,,,,,,,,,,-10.8,41.1,3014,,,,080107FF N100 N100 *,480117FF N100 N100,0.4,0.3,2,2,,1200,ALT,29.8,0,2,117,14,0.0,0.2,5,123,123,13.1,-6,110,110,OIL PRESS / TRAFFIC FAIL,
2026-07-11,15:09:28,23:09:28,-08:00,+33.6361230,-116.1612270,-42,3D-,601786.1,0.0,,0,0,0.02,187.4,22,45,10,69,-71,-4,10.3,11,2.50,0.59,-0.010,1.001,-0.478,,172,,,,29.77,123.000,121.500,116.200,GPS1,LOI,,,,,,,,ENR,,,,,,,,,,,,,,,,,-10.8,41.1,3013,,,,080107FF N100 N100 *,480117FF N100 N100,0.4,0.3,3,3,,1200,ALT,29.8,0,2,117,14,0.0,0.2,5,123,123,13.1,-6,110,110,OIL PRESS / TRAFFIC FAIL,
2026-07-11,15:09:29,23:09:29,-08:00,+33.6361237,-116.1612278,-42,3D-,601787.1,0.0,,0,0,0.02,187.4,22,46,10,69,-71,-2,10.3,11,2.51,0.60,-0.011,1.002,-0.464,,172,,,,29.77,123.000,121.500,116.200,GPS1,LOI,,,,,,,,ENR,,,,,,,,,,,,,,,,,-10.8,41.1,3014,,,,080107FF N100 N100 *,480117FF N100 N100,0.4,0.3,2,2,,1200,ALT,29.8,0,2,117,14,0.0,0.2,5,123,123,13.1,-6,110,110,OIL PRESS / TRAFFIC FAIL,
2026-07-11,15:09:30,23:09:30,-08:00,+33.6361251,-116.1612271,-42,3D-,601788.1,0.0,,0,0,0.02,187.4,23,47,10,69,-71,-1,10.4,11,2.51,0.61,-0.011,1.002,-0.449,,172,,,,29.77,123.000,121.500,116.200,GPS1,LOI,,,,,,,,ENR,,,,,,,,,,,,,,,,,-10.8,41.1,3014,,,,080107FF N100 N100 *,480117FF N100 N100,0.4,0.4,3,2,,1200,ALT,29.8,0,2,117,14,0.0,0.2,5,123,123,13.1,-6,110,110,OIL PRESS / TRAFFIC FAIL,
2026-07-11,15:09:31,23:09:31,-08:00,+33.6361257,-116.1612270,-42,3D-,601789.1,0.0,,0,0,0.02,187.4,23,47,10,69,-71,1,10.4,11,2.50,0.61,-0.011,1.002,-0.436,,172,,,,29.77,123.000,121.500,116.200,GPS1,LOI,,,,,,,,ENR,,,,,,,,,,,,,,,,,-10.8,41.1,3014,,,,080107FF N100 N100 *,480117FF N100 N100,0.4,0.4,3,2,,1200,ALT,29.8,0,2,117,14,0.0,0.2,5,123,123,13.1,-6,110,110,OIL PRESS / TRAFFIC FAIL,
2026-07-11,15:09:32,23:09:32,-08:00,+33.6361267,-116.1612269,-42,3D-,601790.1,0.0,,0,0,0.02,187.4,23,48,10,69,-71,-0,10.4,11,2.49,0.60,-0.010,1.002,-0.424,,172,,,,29.77,123.000,121.500,116.200,GPS1,LOI,,,,,,,,ENR,,,,,,,,,,,,,,,,,-10.8,41.1,3013,,,,080107FF N100 N100 *,480117FF N100 N100,0.4,0.3,3,2,,1200,ALT,29.8,0,2,117,14,0.0,0.2,5,123,123,13.1,-6,110,110,OIL PRESS / TRAFFIC FAIL,
2026-07-11,15:09:33,23:09:33,-08:00,+33.6361270,-116.1612264,-42,3D-,601791.1,0.0,,0,0,0.02,187.3,23,49,10,70,-71,2,10.3,11,2.48,0.59,-0.010,1.002,-0.432,,172,,,,29.77,123.000,121.500,116.200,GPS1,LOI,,,,,,,,ENR,,,,,,,,,,,,,,,,,-10.8,41.1,3014,,,,080107FF N100 N100 *,480117FF N100 N100,0.5,0.3,2,2,,1200,ALT,29.8,0,2,117,14,0.0,0.2,5,123,123,13.1,-6,110,110,OIL PRESS / TRAFFIC FAIL,
2026-07-11,15:09:34,23:09:34,-08:00,+33.6361277,-116.1612258,-42,3D-,601792.1,0.0,,0,0,0.02,187.3,23,50,10,70,-71,7,10.2,11,2.50,0.59,-0.010,1.001,-0.441,,172,,,,29.77,123.000,121.500,116.200,GPS1,LOI,,,,,,,,ENR,,,,,,,,,,,,,,,,,-10.8,41.1,3014,,,,080107FF N100 N100 *,480117FF N100 N100,0.4,0.3,2,2,,1200,ALT,29.8,0,2,117,14,0.0,0.2,5,123,123,13.1,-6,110,110,OIL PRESS / TRAFFIC FAIL,
2026-07-11,15:09:35,23:09:35,-08:00,+33.6361261,-116.1612249,-42,3D-,601793.1,0.0,,0,0,0.02,187.4,23,51,10,70,-70,11,10.2,11,2.51,0.60,-0.009,1.001,-0.457,,172,,,,29.77,123.000,121.500,116.200,GPS1,LOI,,,,,,,,ENR,,,,,,,,,,,,,,,,,-10.8,41.1,3014,,,,080107FF N100 N100 *,480117FF N100 N100,0.4,0.3,3,2,,1200,ALT,29.8,0,2,117,14,0.0,0.2,5,123,123,13.1,-6,110,110,OIL PRESS / TRAFFIC FAIL,
2026-07-11,15:09:36,23:09:36,-08:00,+33.6361244,-116.1612237,-42,3D-,601794.1,0.0,,0,0,0.02,187.4,23,52,10,70,-70,13,10.3,11,2.51,0.61,-0.012,1.002,-0.460,,172,,,,29.77,123.000,121.500,116.200,GPS1,LOI,,,,,,,,ENR,,,,,,,,,,,,,,,,,-10.8,41.1,3014,,,,080107FF N100 N100 *,480117FF N100 N100,0.4,0.3,3,3,,1200,ALT,29.8,0,2,117,14,0.0,0.2,5,123,123,13.1,-6,110,110,OIL PRESS / TRAFFIC FAIL,
2026-07-11,15:09:37,23:09:37,-08:00,+33.6361233,-116.1612228,-42,3D-,601795.1,0.0,,0,0,0.02,187.4,23,53,10,70,-70,10,10.3,11,2.50,0.60,-0.011,1.002,-0.456,,172,,,,29.77,123.000,121.500,116.200,GPS1,LOI,,,,,,,,ENR,,,,,,,,,,,,,,,,,-10.8,41.1,3015,,,,080107FF N100 N100 *,480117FF N100 N100,0.4,0.3,3,2,,1200,ALT,29.8,0,2,117,14,0.0,0.2,5,123,123,13.1,-6,110,110,OIL PRESS / TRAFFIC FAIL,
